record_id,report_number,crash_id,idot_crash_number,date,time,occurred_at,record_added_at,location,street_number,street_name,cross_street,at_intersection,intersection_related,private_property,hit_and_run,crash_severity,crash_injury_severity,crash_mode,crash_type_code,crash_type,total_units,num_motor_vehicles,dooring_pedalcyclist,damage_code,damage,no_injury_drive_away,injury_or_towed,fatalities,a_injuries,b_injuries,c_injuries,total_injured,cause1_code,cause1,cause2_code,cause2,traffic_control_code,traffic_control,device_condition_code,device_condition,weather_code,weather,lighting_code,lighting,trafficway_code,trafficway,road_surface_code,road_surface,flow_condition_code,flow_condition,road_defects_code,road_defects,beat_zone,post_district,latitude,longitude,latitude_geocoded,longitude_geocoded,state_plane_x,state_plane_y
29251,24 00390,2400390,X003299341,2024-01-21,18:07:00,2024-01-21 18:07:00,2024-01-22 09:42:32,N Austin Blvd/Lemoyne,,N AUSTIN BLVD,LEMOYNE,0,0,0,1,Property Damage,No Injuries,Car,12,Sideswipe - Same Direction,2,2,0,4,"$501 to $1,500",1,0,0,0,0,0,0,18,Unable To Determine,99,Not Applicable,1,No Controls,1,No Controls,1,Clear,3,Dusk,1,Not Divided,1,Dry,3,Free Flow,1,No Defects,,,41.9074402,-87.7755203,41.9074860,-87.7756500,1136093.75,1909352.88
29250,24 00388,2400388,X003298754,2024-01-21,18:08:00,2024-01-21 18:08:00,2024-01-22 09:42:31,S Austin Blvd/I290 Expy W,,S AUSTIN BLVD,I290 EXPY W,0,0,0,0,Property Damage,No Injuries,Car,13,Sideswipe - Opposite Direction,4,4,0,5,"Over $1,500",0,1,0,0,0,0,0,20,Improper Lane Usage,99,Not Applicable,3,Traffic Signal,4,Functioning Properly,1,Clear,5,"Darkness, Lighted Road",2,"Divided, No Median Barrier",1,Dry,2,Stopped,1,No Defects,O80,O13,41.8712502,-87.7743759,41.8712502,-87.7743378,1136490.13,1896166.00
29272,24 00415,2400415,X003301221,2024-01-22,08:14:00,2024-01-22 08:14:00,2024-01-24 09:01:35,Thomas St/N Harlem Ave,,THOMAS ST,N HARLEM AVE,1,1,0,0,Property Damage,No Injuries,Car,9,Parked Motor Vehicle,2,2,0,5,"Over $1,500",1,0,0,0,0,0,0,11,Weather,28,Failing To Reduce Speed To Avoid Crash,1,No Controls,1,No Controls,10,Freezing Rain/Drizzle,1,Daylight,14,Four-Way Intersection,4,Ice,1,Slow,1,No Defects,R81,RFPD,41.8997269,-87.8054657,41.8997536,-87.8054504,1127958.25,1906490.00
29264,24 00399,2400399,X003300795,2024-01-22,10:55:00,2024-01-22 10:55:00,2024-01-23 10:33:11,7025 North Ave,7025,NORTH AVE,,0,0,0,1,Property Damage,No Injuries,Car,9,Parked Motor Vehicle,2,2,0,4,"$501 to $1,500",1,0,0,0,0,0,0,28,Failing To Reduce Speed To Avoid Crash,99,Not Applicable,1,No Controls,1,No Controls,1,Clear,4,Darkness,7,Parking Lot,1,Dry,1,Slow,1,No Defects,O20,O3,41.9089165,-87.8011856,41.9087715,-87.8024902,1129103.25,1909845.50
29265,24 00407,2400407,X003300796,2024-01-22,19:20:00,2024-01-22 19:20:00,2024-01-23 10:39:09,Westgate St/N Maple Ave,,WESTGATE ST,N MAPLE AVE,0,0,0,0,Property Damage,No Injuries,Car,9,Parked Motor Vehicle,2,2,0,5,"Over $1,500",1,0,0,0,0,0,0,28,Failing To Reduce Speed To Avoid Crash,99,Not Applicable,2,Stop Sign,4,Functioning Properly,10,Freezing Rain/Drizzle,5,"Darkness, Lighted Road",1,Not Divided,4,Ice,3,Free Flow,1,No Defects,O40,O9,41.8878555,-87.8039322,41.8878822,-87.8040237,1128403.50,1902166.88
29267,24 00409,2400409,X003300798,2024-01-22,21:53:00,2024-01-22 21:53:00,2024-01-23 10:33:10,Thomas St/N Harlem Ave,,THOMAS ST,N HARLEM AVE,1,0,0,1,Property Damage,No Injuries,Car,10,Turning (At Least One Vehicle),2,2,0,4,"$501 to $1,500",1,0,0,0,0,0,0,06,Improper Turning/No Signal,99,Not Applicable,1,No Controls,1,No Controls,5,Sleet/Hail,5,"Darkness, Lighted Road",2,"Divided, No Median Barrier",3,Snow or Slush,1,Slow,1,No Defects,R81,RFPD,41.8997269,-87.8054657,41.8997536,-87.8054504,1127958.25,1906490.00
29269,24 00411,2400411,X003301209,2024-01-22,22:39:00,2024-01-22 22:39:00,2024-01-23 10:45:09,399 Adams,399,ADAMS,,0,0,0,0,Property Damage,No Injuries,Car,9,Parked Motor Vehicle,2,2,0,4,"$501 to $1,500",1,0,0,0,0,0,0,28,Failing To Reduce Speed To Avoid Crash,11,Weather,1,No Controls,1,No Controls,10,Freezing Rain/Drizzle,5,"Darkness, Lighted Road",1,Not Divided,4,Ice,3,Free Flow,1,No Defects,O80,O13,41.8780556,-87.7844009,41.8780212,-87.7843247,1133743.00,1898628.75
29270,24 00412,2400412,X003300800,2024-01-22,23:52:00,2024-01-22 23:52:00,2024-01-23 10:45:10,Randolph St/S East Ave,,RANDOLPH ST,S EAST AVE,0,0,0,0,Property Damage,No Injuries,Car,9,Parked Motor Vehicle,2,2,0,3,$500 or less,1,0,0,0,0,0,0,11,Weather,99,Not Applicable,1,No Controls,1,No Controls,10,Freezing Rain/Drizzle,5,"Darkness, Lighted Road",2,"Divided, No Median Barrier",4,Ice,3,Free Flow,1,No Defects,O60,O11,41.8833237,-87.7894592,41.8833542,-87.7894592,1132353.88,1900540.00
29268,24 00413,2400413,X003300799,2024-01-23,07:38:00,2024-01-23 07:38:00,2024-01-23 10:33:10,Chicago Ave/N Euclid Ave,,CHICAGO AVE,N EUCLID AVE,1,0,0,0,Property Damage,No Injuries,Car,7,Other Object,1,1,0,5,"Over $1,500",0,1,0,0,0,0,0,28,Failing To Reduce Speed To Avoid Crash,11,Weather,1,No Controls,1,No Controls,2,Rain,1,Daylight,2,"Divided, No Median Barrier",4,Ice,1,Slow,1,No Defects,O30,O8,41.8944130,-87.7928543,41.8944435,-87.7928543,1131404.75,1904574.38
29280,24 00437,2400437,X003306600,2024-01-23,11:02:00,2024-01-23 11:02:00,2024-01-25 09:43:31,S Harlem Ave/Jackson Blvd,,S HARLEM AVE,JACKSON BLVD,0,0,0,0,Property Damage,No Injuries,Car,12,Sideswipe - Same Direction,2,2,0,4,"$501 to $1,500",1,0,0,0,0,0,0,20,Improper Lane Usage,99,Not Applicable,1,No Controls,1,No Controls,7,Other,1,Daylight,2,"Divided, No Median Barrier",2,Wet,3,Free Flow,1,No Defects,O60,O15,41.8759766,-87.8045654,41.8759842,-87.8046036,1128256.50,1897837.00
29273,24 00419,2400419,X003301251,2024-01-23,13:59:00,2024-01-23 13:59:00,2024-01-24 09:01:35,N Maple Ave/Lake St,,N MAPLE AVE,LAKE ST,1,0,0,0,Injury,C Injury Crash,Pedestrian,1,Pedestrian,2,1,0,3,$500 or less,0,1,0,0,0,1,1,02,Failing To Yield Right-Of-Way,28,Failing To Reduce Speed To Avoid Crash,1,No Controls,1,No Controls,2,Rain,1,Daylight,2,"Divided, No Median Barrier",3,Snow or Slush,1,Slow,1,No Defects,O40,O9,41.8885956,-87.8040848,41.8885994,-87.8040466,1128358.38,1902436.63
29274,24 00421,2400421,X003301254,2024-01-23,16:17:00,2024-01-23 16:17:00,2024-01-24 09:01:36,Roosevelt/Wesley,,ROOSEVELT,WESLEY,0,0,0,0,Property Damage,No Injuries,Car,12,Sideswipe - Same Direction,2,2,0,4,"$501 to $1,500",1,0,0,0,0,0,0,02,Failing To Yield Right-Of-Way,99,Not Applicable,1,No Controls,1,No Controls,2,Rain,3,Dusk,1,Not Divided,2,Wet,3,Free Flow,1,No Defects,O90,O17,41.8652344,-87.7913208,41.8652115,-87.7913208,1131889.13,1893944.50
29306,24 00561,2400561,X003309669,2024-01-23,18:17:00,2024-01-23 18:17:00,2024-01-30 21:15:40,1120 Thomas St,,1120 THOMAS ST,HARLEM AVE,0,0,0,1,Property Damage,No Injuries,Car,9,Parked Motor Vehicle,2,2,0,5,"Over $1,500",1,0,0,0,0,0,0,18,Unable To Determine,99,Not Applicable,1,No Controls,1,No Controls,10,Freezing Rain/Drizzle,9,Unknown,1,Not Divided,9,Unknown,,,1,No Defects,R81,RFPD,41.8997269,-87.8054657,41.8999405,-87.8052521,1127958.25,1906490.00
29276,24 00429,2400429,X003306588,2024-01-24,06:54:00,2024-01-24 06:54:00,2024-01-25 09:43:30,Washington Blvd/S Ridgeland Ave,,WASHINGTON BLVD,S RIDGELAND AVE,1,1,0,1,Property Damage,No Injuries,Car,10,Turning (At Least One Vehicle),2,2,0,4,"$501 to $1,500",1,0,0,0,0,0,0,06,Improper Turning/No Signal,18,Unable To Determine,3,Traffic Signal,4,Functioning Properly,10,Freezing Rain/Drizzle,2,Dawn,14,Four-Way Intersection,2,Wet,3,Free Flow,1,No Defects,O50,O10,41.8816948,-87.7845154,41.8817253,-87.7845154,1133704.88,1899954.38
29278,24 00432,2400432,X003306593,2024-01-24,08:55:00,2024-01-24 08:55:00,2024-01-25 09:43:31,Lexington St/Wesley Ave,,LEXINGTON ST,WESLEY AVE,0,0,0,0,Property Damage,No Injuries,Car,11,Front To Rear,2,2,0,4,"$501 to $1,500",1,0,0,0,0,0,0,03,Following Too Closely,28,Failing To Reduce Speed To Avoid Crash,2,Stop Sign,4,Functioning Properly,10,Freezing Rain/Drizzle,1,Daylight,1,Not Divided,4,Ice,3,Free Flow,1,No Defects,O90,O17,41.8706551,-87.7914963,41.8706818,-87.7915039,1131827.13,1895919.25
29277,24 00431,2400431,X003306591,2024-01-24,09:19:00,2024-01-24 09:19:00,2024-01-25 09:43:30,Grove Ave/Ontario,,GROVE AVE,ONTARIO,0,0,0,1,Property Damage,No Injuries,Car,9,Parked Motor Vehicle,2,2,0,5,"Over $1,500",1,0,0,0,0,0,0,18,Unable To Determine,18,Unable To Determine,1,No Controls,1,No Controls,10,Freezing Rain/Drizzle,1,Daylight,1,Not Divided,3,Snow or Slush,3,Free Flow,1,No Defects,O40,O9,41.8901901,-87.7961044,41.8901939,-87.7960587,1130529.38,1903030.13
29279,24 00436,2400436,X003306599,2024-01-24,10:59:00,2024-01-24 10:59:00,2024-01-25 09:49:24,Roosevelt Rd/Home Ave,,ROOSEVELT RD,HOME AVE,0,0,0,1,Property Damage,No Injuries,Car,9,Parked Motor Vehicle,2,2,0,4,"$501 to $1,500",1,0,0,0,0,0,0,18,Unable To Determine,11,Weather,1,No Controls,1,No Controls,2,Rain,1,Daylight,1,Not Divided,2,Wet,3,Free Flow,1,No Defects,O90,O18,41.8650971,-87.7989807,41.8650742,-87.7989807,1129802.63,1893882.25
29294,24 00496,2400496,X003306647,2024-01-24,10:59:00,2024-01-24 10:59:00,2024-01-29 09:54:19,North Ave/N Austin Ave,,NORTH AVE,N AUSTIN AVE,1,1,0,0,Injury,C Injury Crash,Car,11,Front To Rear,2,2,0,4,"$501 to $1,500",0,1,0,0,0,1,1,03,Following Too Closely,28,Failing To Reduce Speed To Avoid Crash,3,Traffic Signal,4,Functioning Properly,8,Cloudy/Overcast,4,Darkness,1,Not Divided,2,Wet,3,Free Flow,1,No Defects,,,41.9092293,-87.7755966,41.9092560,-87.7755890,1136068.00,1910004.63
29282,24 00442,2400442,X003306610,2024-01-24,13:05:00,2024-01-24 13:05:00,2024-01-25 09:43:32,Garfield St/Lyman Ave,,GARFIELD ST,LYMAN AVE,1,1,0,1,Property Damage,No Injuries,Car,11,Front To Rear,2,2,0,5,"Over $1,500",1,0,0,0,0,0,0,03,Following Too Closely,28,Failing To Reduce Speed To Avoid Crash,1,No Controls,1,No Controls,8,Cloudy/Overcast,1,Daylight,1,Not Divided,2,Wet,3,Free Flow,1,No Defects,O90,O16,41.8705521,-87.7767716,41.8705826,-87.7767639,1135839.50,1895908.25
29283,24 00441,2400441,X003306609,2024-01-24,13:08:00,2024-01-24 13:08:00,2024-01-25 09:49:25,N Austin Blvd/Washington Blvd,,N AUSTIN BLVD,WASHINGTON BLVD,0,0,0,0,Property Damage,No Injuries,Car,12,Sideswipe - Same Direction,2,2,0,4,"$501 to $1,500",1,0,0,0,0,0,0,20,Improper Lane Usage,02,Failing To Yield Right-Of-Way,1,No Controls,1,No Controls,8,Cloudy/Overcast,1,Daylight,2,"Divided, No Median Barrier",2,Wet,3,Free Flow,1,No Defects,,,41.8821068,-87.7746887,41.8821106,-87.7747269,1136378.00,1900122.38
29284,24 00445,2400445,X003306611,2024-01-24,15:20:00,2024-01-24 15:20:00,2024-01-25 09:49:25,Roosevelt Rd/Clarence Ave,,ROOSEVELT RD,CLARENCE AVE,0,0,0,0,Property Damage,No Injuries,Car,11,Front To Rear,2,2,0,5,"Over $1,500",1,0,0,0,0,0,0,28,Failing To Reduce Speed To Avoid Crash,11,Weather,1,No Controls,1,No Controls,2,Rain,1,Daylight,1,Not Divided,2,Wet,2,Stopped,1,No Defects,O90,O17,41.8652534,-87.7900925,41.8652267,-87.7900925,1132223.25,1893954.50
29286,24 00450,2400450,X003304492,2024-01-25,07:53:00,2024-01-25 07:53:00,2024-01-26 09:31:19,Washington Blvd/S Cuyler Ave,,WASHINGTON BLVD,S CUYLER AVE,1,1,0,1,Injury,C Injury Crash,Car,11,Front To Rear,2,2,0,4,"$501 to $1,500",0,1,0,0,0,1,1,28,Failing To Reduce Speed To Avoid Crash,18,Unable To Determine,1,No Controls,1,No Controls,10,Freezing Rain/Drizzle,1,Daylight,2,"Divided, No Median Barrier",2,Wet,1,Slow,1,No Defects,O50,O10,41.8817177,-87.7828751,41.8817444,-87.7828751,1134151.00,1899966.38
29297,24 00479,2400479,X003306644,2024-01-26,13:37:00,2024-01-26 13:37:00,2024-01-29 10:00:11,N Cuyler Ave/Superior St,,N CUYLER AVE,SUPERIOR ST,1,1,0,0,Property Damage,No Injuries,Car,15,Angle,2,2,0,5,"Over $1,500",0,1,0,0,0,0,0,02,Failing To Yield Right-Of-Way,99,Not Applicable,2,Stop Sign,4,Functioning Properly,2,Rain,1,Daylight,14,Four-Way Intersection,2,Wet,3,Free Flow,1,No Defects,O30,O7,41.8931160,-87.7832489,41.8931198,-87.7832107,1134022.38,1904119.25
29293,24 00480,2400480,X003306645,2024-01-26,14:15:00,2024-01-26 14:15:00,2024-01-29 09:54:18,Augusta St/N Grove Ave,,AUGUSTA ST,N GROVE AVE,1,1,0,0,Property Damage,No Injuries,Car,15,Angle,2,2,0,5,"Over $1,500",1,0,0,0,0,0,0,02,Failing To Yield Right-Of-Way,28,Failing To Reduce Speed To Avoid Crash,2,Stop Sign,4,Functioning Properly,8,Cloudy/Overcast,1,Daylight,14,Four-Way Intersection,2,Wet,1,Slow,1,No Defects,O20,O6,41.8980141,-87.7962646,41.8980408,-87.7962723,1130466.75,1905881.38
29301,24 00503,2400503,X003306648,2024-01-26,16:22:00,2024-01-26 16:22:00,2024-01-29 10:00:12,Lake St/N Marion St,,LAKE ST,N MARION ST,1,1,0,1,Property Damage,No Injuries,Car,11,Front To Rear,2,2,0,3,$500 or less,1,0,0,0,0,0,0,28,Failing To Reduce Speed To Avoid Crash,18,Unable To Determine,3,Traffic Signal,4,Functioning Properly,2,Rain,5,"Darkness, Lighted Road",1,Not Divided,2,Wet,1,Slow,1,No Defects,O40,O9,41.8886185,-87.8026276,41.8886452,-87.8026276,1128756.38,1902446.75
29318,24 00483,2400483,X003309647,2024-01-26,16:32:00,2024-01-26 16:32:00,2024-02-01 08:44:49,Division St/N Kenilworth Ave,,DIVISION ST,N KENILWORTH AVE,1,1,0,0,Property Damage,No Injuries,Car,10,Turning (At Least One Vehicle),2,2,0,5,"Over $1,500",1,0,0,0,0,0,0,02,Failing To Yield Right-Of-Way,99,Not Applicable,2,Stop Sign,4,Functioning Properly,2,Rain,3,Dusk,14,Four-Way Intersection,2,Wet,3,Free Flow,1,No Defects,O20,O6,41.9016228,-87.7980194,41.9016495,-87.7980270,1129980.25,1907193.75
29299,24 00506,2400506,X003306655,2024-01-27,20:56:00,2024-01-27 20:56:00,2024-01-29 10:00:11,N Harlem Ave/Lake St,,N HARLEM AVE,LAKE ST,1,1,0,0,Property Damage,No Injuries,Car,11,Front To Rear,2,2,0,5,"Over $1,500",1,0,0,0,0,0,0,04,Improper Overtaking/Passing,03,Following Too Closely,3,Traffic Signal,4,Functioning Properly,10,Freezing Rain/Drizzle,5,"Darkness, Lighted Road",2,"Divided, No Median Barrier",2,Wet,3,Free Flow,1,No Defects,R83,RFPD,41.8885765,-87.8050919,41.8885841,-87.8050537,1128084.88,1902427.75
29295,24 00515,2400515,X003306657,2024-01-28,09:24:00,2024-01-28 09:24:00,2024-01-29 09:54:20,Marion St/South Blvd,,MARION ST,SOUTH BLVD,0,1,0,0,Property Damage,No Injuries,Car,6,Fixed Object,3,1,0,5,"Over $1,500",1,0,0,0,0,0,0,28,Failing To Reduce Speed To Avoid Crash,15,Driving Skills/Knowledge/Experience,1,No Controls,1,No Controls,1,Clear,1,Daylight,1,Not Divided,2,Wet,3,Free Flow,1,No Defects,O70,O12,41.8867378,-87.8024979,41.8867378,-87.8025360,1128796.25,1901762.25
29302,24 00516,2400516,X003306660,2024-01-28,09:34:00,2024-01-28 09:34:00,2024-01-29 09:54:19,1106 Madison St,1106,MADISON ST,,0,0,0,1,Property Damage,No Injuries,Car,9,Parked Motor Vehicle,2,2,0,4,"$501 to $1,500",0,1,0,0,0,0,0,20,Improper Lane Usage,28,Failing To Reduce Speed To Avoid Crash,1,No Controls,1,No Controls,1,Clear,1,Daylight,2,"Divided, No Median Barrier",1,Dry,3,Free Flow,1,No Defects,O70,O12,41.8796577,-87.8026352,41.8797264,-87.8027573,1128773.13,1899181.50
29296,24 00529,2400529,X003306665,2024-01-28,19:01:00,2024-01-28 19:01:00,2024-01-29 10:00:10,S Harlem Ave/Lexington St,,S HARLEM AVE,LEXINGTON ST,1,1,0,0,Property Damage,No Injuries,Car,10,Turning (At Least One Vehicle),2,2,0,5,"Over $1,500",0,1,0,0,0,0,0,02,Failing To Yield Right-Of-Way,18,Unable To Determine,1,No Controls,1,No Controls,1,Clear,5,"Darkness, Lighted Road",1,Not Divided,1,Dry,3,Free Flow,1,No Defects,O90,O18,41.8704796,-87.8043671,41.8704834,-87.8043976,1128323.00,1895834.00
29309,24 00531,2400531,X003309277,2024-01-29,06:05:00,2024-01-29 06:05:00,2024-01-31 09:03:06,S Harlem Ave/I290 E,,S HARLEM AVE,I290 E,1,1,0,0,Property Damage,No Injuries,Car,10,Turning (At Least One Vehicle),2,2,0,5,"Over $1,500",1,0,0,0,0,0,0,06,Improper Turning/No Signal,99,Not Applicable,3,Traffic Signal,4,Functioning Properly,1,Clear,5,"Darkness, Lighted Road",1,Not Divided,1,Dry,,,1,No Defects,O90,O18,41.8735123,-87.8044891,41.8736153,-87.8045197,1128283.25,1896939.50
29314,24 00578,2400578,X003309696,2024-01-29,13:21:00,2024-01-29 13:21:00,2024-02-01 08:21:56,N Harlem Ave/Madison St,,N HARLEM AVE,MADISON ST,0,0,0,1,Property Damage,No Injuries,Car,18,Rear To Front,2,2,0,4,"$501 to $1,500",1,0,0,0,0,0,0,03,Following Too Closely,99,Not Applicable,1,No Controls,1,No Controls,9,Unknown,1,Daylight,1,Not Divided,9,Unknown,3,Free Flow,1,No Defects,F2,FPPD,41.8796730,-87.8047714,41.8796654,-87.8047333,1128192.88,1899183.13
29304,24 00536,2400536,X003307824,2024-01-29,13:55:00,2024-01-29 13:55:00,2024-01-30 09:29:32,Roosevelt Rd/Home Ave,,ROOSEVELT RD,HOME AVE,0,0,0,0,Property Damage,No Injuries,Car,11,Front To Rear,2,2,0,4,"$501 to $1,500",1,0,0,0,0,0,0,03,Following Too Closely,28,Failing To Reduce Speed To Avoid Crash,1,No Controls,1,No Controls,1,Clear,1,Daylight,4,Two-Way Continuous Left-Turn Lane,1,Dry,2,Stopped,1,No Defects,O90,O18,41.8650971,-87.7989807,41.8650742,-87.7989807,1129802.63,1893882.25
29303,24 00540,2400540,X003307175,2024-01-29,18:40:00,2024-01-29 18:40:00,2024-01-29 21:35:46,25 Chicago Ave,25,CHICAGO AVE,,0,1,0,1,Injury,B Injury Crash,Car,11,Front To Rear,3,3,0,5,"Over $1,500",0,1,0,0,1,0,1,28,Failing To Reduce Speed To Avoid Crash,41,Distraction - From Inside Vehicle,3,Traffic Signal,4,Functioning Properly,1,Clear,5,"Darkness, Lighted Road",2,"Divided, No Median Barrier",1,Dry,2,Stopped,1,No Defects,O10,O4,41.8947144,-87.7767563,41.8945694,-87.7761688,1135785.50,1904712.25
29310,24 00551,2400551,X003309278,2024-01-30,11:06:00,2024-01-30 11:06:00,2024-01-31 09:08:52,Madison/Maple,,MADISON,MAPLE,1,1,0,0,Property Damage,No Injuries,Car,10,Turning (At Least One Vehicle),2,2,0,5,"Over $1,500",1,0,0,0,0,0,0,02,Failing To Yield Right-Of-Way,28,Failing To Reduce Speed To Avoid Crash,1,No Controls,1,No Controls,1,Clear,1,Daylight,1,Not Divided,2,Wet,3,Free Flow,1,No Defects,O60,O15,41.8795929,-87.8038635,41.8796196,-87.8038635,1128439.38,1899156.50
29307,24 00556,2400556,X003309275,2024-01-30,15:08:00,2024-01-30 15:08:00,2024-01-31 08:51:40,834 Lake St,834,LAKE ST,,0,0,0,0,Property Damage,No Injuries,Car,17,Rear To Rear,2,2,0,4,"$501 to $1,500",1,0,0,0,0,0,0,30,Improper Backing,30,Improper Backing,1,No Controls,1,No Controls,1,Clear,5,"Darkness, Lighted Road",7,Parking Lot,1,Dry,3,Free Flow,1,No Defects,O40,O9,41.8886719,-87.7971573,41.8889351,-87.7961197,1130245.50,1902475.38
29342,24 00635,2400635,X003314062,2024-01-30,16:36:00,2024-01-30 16:36:00,2024-02-05 10:39:33,Chicago Ave/N Oak Park Ave,,CHICAGO AVE,N OAK PARK AVE,1,1,0,0,Property Damage,No Injuries,Car,11,Front To Rear,2,2,0,5,"Over $1,500",1,0,0,0,0,0,0,03,Following Too Closely,28,Failing To Reduce Speed To Avoid Crash,3,Traffic Signal,4,Functioning Properly,9,Unknown,1,Daylight,4,Two-Way Continuous Left-Turn Lane,9,Unknown,1,Slow,1,No Defects,O30,O8,41.8943825,-87.7946701,41.8944054,-87.7946777,1130909.25,1904560.00
29308,24 00558,2400558,X003309276,2024-01-30,16:43:00,2024-01-30 16:43:00,2024-01-31 08:51:40,Linden Ave/Chicago Ave,,LINDEN AVE,CHICAGO AVE,1,1,0,0,Property Damage,No Injuries,Car,15,Angle,2,2,0,5,"Over $1,500",1,0,0,0,0,0,0,02,Failing To Yield Right-Of-Way,15,Driving Skills/Knowledge/Experience,2,Stop Sign,4,Functioning Properly,8,Cloudy/Overcast,3,Dusk,1,Not Divided,1,Dry,3,Free Flow,1,No Defects,O30,O8,41.8944588,-87.7913666,41.8944702,-87.7913284,1131809.38,1904594.88
29311,24 00559,2400559,X003309279,2024-01-30,16:49:00,2024-01-30 16:49:00,2024-01-31 09:08:53,S Ridgeland Ave/Randolph St,,S RIDGELAND AVE,RANDOLPH ST,1,1,0,0,Injury,C Injury Crash,Car,15,Angle,2,2,0,5,"Over $1,500",0,1,0,0,0,1,1,02,Failing To Yield Right-Of-Way,14,"Vision Obscured (Signs, Tree Limbs, Buildings",1,No Controls,1,No Controls,1,Clear,3,Dusk,1,Not Divided,1,Dry,1,Slow,1,No Defects,O50,O10,41.8834534,-87.7845306,41.8834534,-87.7845612,1133696.75,1900596.25
29320,24 00563,2400563,X003309672,2024-01-30,21:08:00,2024-01-30 21:08:00,2024-02-01 08:50:35,S Oak Park Ave/Van Buren St,,S OAK PARK AVE,VAN BUREN ST,0,0,0,0,Property Damage,No Injuries,Car,9,Parked Motor Vehicle,2,2,0,5,"Over $1,500",1,0,0,0,0,0,0,04,Improper Overtaking/Passing,15,Driving Skills/Knowledge/Experience,1,No Controls,1,No Controls,1,Clear,5,"Darkness, Lighted Road",2,"Divided, No Median Barrier",1,Dry,3,Free Flow,1,No Defects,O60,O14,41.8742905,-87.7940292,41.8742905,-87.7940674,1131129.38,1897240.63
29315,24 00568,2400568,X003309674,2024-01-31,07:57:00,2024-01-31 07:57:00,2024-02-01 08:21:57,1000 N Ridgeland Ave,1000,N RIDGELAND AVE,,0,0,0,0,Property Damage,No Injuries,Car,12,Sideswipe - Same Direction,2,2,0,5,"Over $1,500",1,0,0,0,0,0,0,99,Not Applicable,28,Failing To Reduce Speed To Avoid Crash,3,Traffic Signal,4,Functioning Properly,8,Cloudy/Overcast,1,Daylight,1,Not Divided,1,Dry,3,Free Flow,1,No Defects,O20,O2,41.9047623,-87.7839050,41.9053230,-87.7832718,1133815.50,1908362.75
29317,24 00570,2400570,X003309681,2024-01-31,09:44:00,2024-01-31 09:44:00,2024-02-01 08:44:49,1125 Ontario Ct,1125,ONTARIO CT,MARION CT,0,0,0,0,Property Damage,No Injuries,Car,9,Parked Motor Vehicle,2,2,0,5,"Over $1,500",1,0,0,0,0,0,0,28,Failing To Reduce Speed To Avoid Crash,02,Failing To Yield Right-Of-Way,1,No Controls,1,No Controls,8,Cloudy/Overcast,1,Daylight,7,Parking Lot,1,Dry,3,Free Flow,1,No Defects,O40,O9,41.8912163,-87.8019791,41.8897705,-87.8039246,1128926.50,1903394.25
29328,24 00574,2400574,X003311428,2024-01-31,13:01:00,2024-01-31 13:01:00,2024-02-02 10:52:43,Chicago Ave/Belleforte Ave,,CHICAGO AVE,BELLEFORTE AVE,1,1,0,0,Property Damage,No Injuries,Car,10,Turning (At Least One Vehicle),2,2,0,4,"$501 to $1,500",0,1,0,0,0,0,0,04,Improper Overtaking/Passing,28,Failing To Reduce Speed To Avoid Crash,1,No Controls,1,No Controls,8,Cloudy/Overcast,1,Daylight,15,T-Intersection,1,Dry,1,Slow,1,No Defects,O40,O9,41.8942490,-87.8019180,41.8942795,-87.8019180,1128936.00,1904500.63
29312,24 00575,2400575,X003309280,2024-01-31,13:15:00,2024-01-31 13:15:00,2024-01-31 14:35:07,S Kenilworth Ave/Washington Blvd,,S KENILWORTH AVE,WASHINGTON BLVD,1,1,0,0,Property Damage,No Injuries,Car,11,Front To Rear,2,2,0,5,"Over $1,500",1,0,0,0,0,0,0,28,Failing To Reduce Speed To Avoid Crash,15,Driving Skills/Knowledge/Experience,2,Stop Sign,4,Functioning Properly,1,Clear,1,Daylight,1,Not Divided,1,Dry,2,Stopped,1,No Defects,O70,O12,41.8815575,-87.7969437,41.8815537,-87.7969742,1130320.38,1899883.00
29313,24 00576,2400576,X003309281,2024-01-31,13:22:00,2024-01-31 13:22:00,2024-01-31 14:57:58,Jackson Blvd/S Euclid Ave,,JACKSON BLVD,S EUCLID AVE,0,0,0,0,Property Damage,No Injuries,Car,7,Other Object,1,1,0,5,"Over $1,500",1,0,0,0,0,0,0,18,Unable To Determine,18,Unable To Determine,1,No Controls,1,No Controls,1,Clear,1,Daylight,1,Not Divided,1,Dry,,,1,No Defects,O60,O14,41.8761063,-87.7929077,41.8761368,-87.7929077,1131432.13,1897904.00
29316,24 00581,2400581,X003309697,2024-01-31,14:58:00,2024-01-31 14:58:00,2024-02-01 08:44:48,1100 N Austin Blvd,1100,N AUSTIN BLVD,,0,0,0,0,Property Damage,No Injuries,Car,15,Angle,2,2,0,4,"$501 to $1,500",1,0,0,0,0,0,0,30,Improper Backing,28,Failing To Reduce Speed To Avoid Crash,1,No Controls,1,No Controls,8,Cloudy/Overcast,1,Daylight,10,One-Way,1,Dry,3,Free Flow,1,No Defects,,,41.9001770,-87.7752686,41.9003372,-87.7754669,1136177.00,1906705.88