record_id,report_number,crash_id,idot_crash_number,date,time,occurred_at,record_added_at,location,street_number,street_name,cross_street,at_intersection,intersection_related,private_property,hit_and_run,crash_severity,crash_injury_severity,crash_mode,crash_type_code,crash_type,total_units,num_motor_vehicles,dooring_pedalcyclist,damage_code,damage,no_injury_drive_away,injury_or_towed,fatalities,a_injuries,b_injuries,c_injuries,total_injured,cause1_code,cause1,cause2_code,cause2,traffic_control_code,traffic_control,device_condition_code,device_condition,weather_code,weather,lighting_code,lighting,trafficway_code,trafficway,road_surface_code,road_surface,flow_condition_code,flow_condition,road_defects_code,road_defects,beat_zone,post_district,latitude,longitude,latitude_geocoded,longitude_geocoded,state_plane_x,state_plane_y
29329,24 00591,2400591,X003310854,2024-02-01,07:57:00,2024-02-01 07:57:00,2024-02-02 10:58:33,N Harlem Ave/Superior St,,N HARLEM AVE,SUPERIOR ST,1,0,0,0,Property Damage,No Injuries,Car,12,Sideswipe - Same Direction,2,2,0,5,"Over $1,500",1,0,0,0,0,0,0,20,Improper Lane Usage,28,Failing To Reduce Speed To Avoid Crash,1,No Controls,1,No Controls,1,Clear,1,Daylight,1,Not Divided,1,Dry,3,Free Flow,1,No Defects,R82,RFPD,41.8930359,-87.8052368,41.8930397,-87.8051987,1128035.38,1904052.50
29425,24 00756,2400756,X003329673,2024-02-01,12:37:00,2024-02-01 12:37:00,2024-02-22 10:11:18,East/Lake,,EAST,LAKE,0,0,0,0,Property Damage,No Injuries,Car,9,Parked Motor Vehicle,2,2,0,5,"Over $1,500",1,0,0,0,0,0,0,28,Failing To Reduce Speed To Avoid Crash,18,Unable To Determine,1,No Controls,1,No Controls,1,Clear,1,Daylight,1,Not Divided,1,Dry,2,Stopped,1,No Defects,O30,O8,41.8884811,-87.7896271,41.8884849,-87.7895889,1132295.75,1902419.13
29372,24 00598,2400598,X003318589,2024-02-01,13:43:00,2024-02-01 13:43:00,2024-02-12 13:26:42,11 Madison St,11,MADISON ST,N AUSTIN BLVD,0,0,0,0,Property Damage,No Injuries,Car,10,Turning (At Least One Vehicle),2,2,0,5,"Over $1,500",1,0,0,0,0,0,0,02,Failing To Yield Right-Of-Way,18,Unable To Determine,1,No Controls,1,No Controls,1,Clear,1,Daylight,12,Alley,1,Dry,3,Free Flow,7,"Rut, Holes",O80,O13,41.8800621,-87.7746582,41.8799171,-87.7751694,1136391.38,1899377.50
29325,24 00602,2400602,X003310866,2024-02-01,15:20:00,2024-02-01 15:20:00,2024-02-02 10:52:41,Garfield St/S East Ave,,GARFIELD ST,S EAST AVE,1,1,0,0,Property Damage,No Injuries,Car,15,Angle,2,2,0,5,"Over $1,500",0,1,0,0,0,0,0,23,Disregarding Stop Sign,02,Failing To Yield Right-Of-Way,2,Stop Sign,4,Functioning Properly,1,Clear,1,Daylight,1,Not Divided,1,Dry,3,Free Flow,1,No Defects,O90,O17,41.8715859,-87.7890854,41.8716087,-87.7890854,1132482.75,1896263.00
29326,24 00603,2400603,X003310867,2024-02-01,15:28:00,2024-02-01 15:28:00,2024-02-02 10:52:42,Chicago Ave/N Euclid Ave,,CHICAGO AVE,N EUCLID AVE,0,0,0,0,Property Damage,No Injuries,Car,11,Front To Rear,3,3,0,5,"Over $1,500",0,1,0,0,0,0,0,28,Failing To Reduce Speed To Avoid Crash,03,Following Too Closely,1,No Controls,1,No Controls,1,Clear,1,Daylight,2,"Divided, No Median Barrier",1,Dry,1,Slow,1,No Defects,O30,O8,41.8944130,-87.7928543,41.8944435,-87.7928543,1131404.75,1904574.38
29396,24 00608,2400608,X003327494,2024-02-01,16:42:00,2024-02-01 16:42:00,2024-02-20 08:44:37,6638 Roosevelt Rd,,6638 ROOSEVELT RD,EAST,0,0,0,1,Property Damage,No Injuries,Car,9,Parked Motor Vehicle,2,2,0,4,"$501 to $1,500",1,0,0,0,0,0,0,18,Unable To Determine,30,Improper Backing,1,No Controls,1,No Controls,1,Clear,1,Daylight,8,Other,1,Dry,2,Stopped,1,No Defects,O90,O17,41.8652763,-87.7888641,41.8653107,-87.7908096,1132558.38,1893964.75
29327,24 00614,2400614,X003310881,2024-02-01,18:56:00,2024-02-01 18:56:00,2024-02-02 10:52:42,Garfield St/S Lombard Ave,,GARFIELD ST,S LOMBARD AVE,1,0,0,0,Property Damage,No Injuries,Car,15,Angle,2,2,0,5,"Over $1,500",1,0,0,0,0,0,0,28,Failing To Reduce Speed To Avoid Crash,18,Unable To Determine,2,Stop Sign,4,Functioning Properly,1,Clear,5,"Darkness, Lighted Road",2,"Divided, No Median Barrier",1,Dry,3,Free Flow,1,No Defects,O90,O16,41.8707581,-87.7792358,41.8707886,-87.7792358,1135166.13,1895978.38
29324,24 00618,2400618,X003310886,2024-02-02,06:06:00,2024-02-02 06:06:00,2024-02-02 08:18:03,Chicago Ave/Oak Park Ave,,CHICAGO AVE,OAK PARK AVE,0,0,0,0,Property Damage,No Injuries,Car,11,Front To Rear,2,2,0,3,$500 or less,1,0,0,0,0,0,0,03,Following Too Closely,03,Following Too Closely,1,No Controls,1,No Controls,1,Clear,1,Daylight,1,Not Divided,1,Dry,1,Slow,1,No Defects,O30,O8,41.8943825,-87.7946701,41.8944054,-87.7946777,1130909.25,1904560.00
29333,24 00619,2400619,X003313564,2024-02-02,06:49:00,2024-02-02 06:49:00,2024-02-05 10:27:48,N Austin Blvd/Madison St,,N AUSTIN BLVD,MADISON ST,1,1,0,0,Property Damage,No Injuries,Car,10,Turning (At Least One Vehicle),2,2,0,5,"Over $1,500",1,0,0,0,0,0,0,25,Disregarding Traffic Signals,99,Not Applicable,3,Traffic Signal,4,Functioning Properly,8,Cloudy/Overcast,1,Daylight,14,Four-Way Intersection,1,Dry,2,Stopped,1,No Defects,,,41.8800926,-87.7746201,41.8800888,-87.7746582,1136401.50,1899388.00
29343,24 00634,2400634,X003314063,2024-02-02,15:58:00,2024-02-02 15:58:00,2024-02-05 10:39:33,Lake/Scoville,,LAKE,SCOVILLE,0,0,0,0,Property Damage,No Injuries,Car,11,Front To Rear,2,2,0,3,$500 or less,1,0,0,0,0,0,0,28,Failing To Reduce Speed To Avoid Crash,03,Following Too Closely,2,Stop Sign,4,Functioning Properly,1,Clear,1,Daylight,2,"Divided, No Median Barrier",1,Dry,2,Stopped,1,No Defects,O30,O8,41.8884010,-87.7879639,41.8884315,-87.7879639,1132749.63,1902393.50
29334,24 00637,2400637,X003314055,2024-02-02,17:30:00,2024-02-02 17:30:00,2024-02-05 10:27:48,Humphrey/Lake,,HUMPHREY,LAKE,0,0,0,0,Property Damage,No Injuries,Car,11,Front To Rear,2,2,0,4,"$501 to $1,500",1,0,0,0,0,0,0,03,Following Too Closely,28,Failing To Reduce Speed To Avoid Crash,2,Stop Sign,4,Functioning Properly,1,Clear,5,"Darkness, Lighted Road",1,Not Divided,1,Dry,1,Slow,1,No Defects,O30,O7,41.8880768,-87.7765961,41.8880806,-87.7765579,1135846.75,1902294.00
29344,24 00642,2400642,X003314263,2024-02-03,01:28:00,2024-02-03 01:28:00,2024-02-05 10:45:28,Chicago Ave/N Austin Blvd,,CHICAGO AVE,N AUSTIN BLVD,1,0,0,1,Property Damage,No Injuries,Car,18,Rear To Front,2,2,0,4,"$501 to $1,500",1,0,0,0,0,0,0,30,Improper Backing,99,Not Applicable,3,Traffic Signal,4,Functioning Properly,1,Clear,5,"Darkness, Lighted Road",1,Not Divided,1,Dry,3,Free Flow,1,No Defects,O30,O7,41.8946877,-87.7751465,41.8947105,-87.7751389,1136225.63,1904705.00
29330,24 00644,2400644,X003312170,2024-02-03,08:09:00,2024-02-03 08:09:00,2024-02-03 11:00:25,111 S Harvey Ave,111,S HARVEY AVE,,0,0,0,0,Property Damage,No Injuries,Car,9,Parked Motor Vehicle,2,2,0,4,"$501 to $1,500",1,0,0,0,0,0,0,28,Failing To Reduce Speed To Avoid Crash,18,Unable To Determine,1,No Controls,1,No Controls,1,Clear,1,Daylight,1,Not Divided,1,Dry,3,Free Flow,1,No Defects,O50,O10,41.8864594,-87.7813263,41.8865852,-87.7816696,1134560.50,1901696.88
29341,24 00646,2400646,X003314061,2024-02-03,11:31:00,2024-02-03 11:31:00,2024-02-05 10:39:33,N Kenilworth Ave/Lake St,,N KENILWORTH AVE,LAKE ST,0,0,0,1,Property Damage,No Injuries,Car,12,Sideswipe - Same Direction,2,2,0,3,$500 or less,1,0,0,0,0,0,0,04,Improper Overtaking/Passing,20,Improper Lane Usage,1,No Controls,1,No Controls,1,Clear,1,Daylight,1,Not Divided,1,Dry,2,Stopped,1,No Defects,O40,O9,41.8886948,-87.7971268,41.8886986,-87.7975082,1130254.25,1902484.38
29340,24 00648,2400648,X003314060,2024-02-03,16:13:00,2024-02-03 16:13:00,2024-02-05 10:39:32,Roosevelt Rd/Home Ave,,ROOSEVELT RD,HOME AVE,0,0,0,0,Injury,B Injury Crash,Car,11,Front To Rear,2,2,0,5,"Over $1,500",0,1,0,0,2,0,2,28,Failing To Reduce Speed To Avoid Crash,99,Not Applicable,1,No Controls,1,No Controls,1,Clear,1,Daylight,1,Not Divided,1,Dry,2,Stopped,1,No Defects,O90,O18,41.8650971,-87.7989807,41.8650742,-87.7989807,1129802.63,1893882.25
29335,24 00654,2400654,X003314056,2024-02-04,07:50:00,2024-02-04 07:50:00,2024-02-05 10:27:49,S Austin Blvd/I290 Expy W,,S AUSTIN BLVD,I290 EXPY W,1,1,0,0,Property Damage,No Injuries,Car,10,Turning (At Least One Vehicle),2,2,0,5,"Over $1,500",1,0,0,0,0,0,0,15,Driving Skills/Knowledge/Experience,99,Not Applicable,3,Traffic Signal,4,Functioning Properly,1,Clear,1,Daylight,14,Four-Way Intersection,2,Wet,2,Stopped,1,No Defects,O80,O13,41.8712502,-87.7743759,41.8712502,-87.7743378,1136490.13,1896166.00
29338,24 00660,2400660,X003314058,2024-02-04,13:57:00,2024-02-04 13:57:00,2024-02-05 10:33:40,Lake St/N Maple Ave,,LAKE ST,N MAPLE AVE,0,0,0,0,Property Damage,No Injuries,Car,13,Sideswipe - Opposite Direction,2,2,0,3,$500 or less,1,0,0,0,0,0,0,28,Failing To Reduce Speed To Avoid Crash,99,Not Applicable,2,Stop Sign,4,Functioning Properly,1,Clear,1,Daylight,4,Two-Way Continuous Left-Turn Lane,1,Dry,1,Slow,1,No Defects,O40,O9,41.8885727,-87.8040466,41.8885994,-87.8040466,1128369.50,1902427.75
29331,24 00669,2400669,X003312877,2024-02-04,20:12:00,2024-02-04 20:12:00,2024-02-04 21:55:35,1000 Lake St,1000,LAKE ST,,0,0,0,1,Property Damage,No Injuries,Car,9,Parked Motor Vehicle,2,2,0,5,"Over $1,500",1,0,0,0,0,0,0,15,Driving Skills/Knowledge/Experience,18,Unable To Determine,1,No Controls,1,No Controls,9,Unknown,9,Unknown,7,Parking Lot,1,Dry,3,Free Flow,1,No Defects,O40,O9,41.8886337,-87.8007965,41.8887711,-87.8004150,1129255.38,1902455.88
29345,24 00683,2400683,X003314307,2024-02-05,12:25:00,2024-02-05 12:25:00,2024-02-06 09:43:18,10 Chicago Ave,10,CHICAGO AVE,,0,0,0,0,Injury,C Injury Crash,Pedestrian,1,Pedestrian,2,1,0,4,"$501 to $1,500",0,1,0,0,0,1,1,30,Improper Backing,28,Failing To Reduce Speed To Avoid Crash,1,No Controls,1,No Controls,1,Clear,1,Daylight,1,Not Divided,1,Dry,3,Free Flow,1,No Defects,O10,O4,41.8947144,-87.7767563,41.8948212,-87.7756424,1135785.50,1904712.25
29346,24 00695,2400695,X003314747,2024-02-05,13:14:00,2024-02-05 13:14:00,2024-02-06 14:28:31,S Harvey Ave/Roosevelt Rd,,S HARVEY AVE,ROOSEVELT RD,0,0,0,0,Property Damage,No Injuries,Car,11,Front To Rear,2,2,0,5,"Over $1,500",1,0,0,0,0,0,0,02,Failing To Yield Right-Of-Way,28,Failing To Reduce Speed To Avoid Crash,1,No Controls,1,No Controls,1,Clear,1,Daylight,1,Not Divided,1,Dry,,,1,No Defects,O90,O16,41.8653870,-87.7802429,41.8653908,-87.7802734,1134906.13,1894020.63
29350,24 00694,2400694,X003315488,2024-02-06,12:51:00,2024-02-06 12:51:00,2024-02-07 09:06:01,S Ridgeland Ave/Jackson Blvd,,S RIDGELAND AVE,JACKSON BLVD,0,0,0,0,Injury,B Injury Crash,Car,11,Front To Rear,3,3,0,5,"Over $1,500",0,1,0,0,1,0,1,17,Physical Condition Of Driver,99,Not Applicable,3,Traffic Signal,4,Functioning Properly,1,Clear,1,Daylight,2,"Divided, No Median Barrier",1,Dry,2,Stopped,1,No Defects,O80,O13,41.8762855,-87.7843094,41.8762817,-87.7843475,1133773.38,1897984.50
29351,24 00700,2400700,X003315489,2024-02-06,17:15:00,2024-02-06 17:15:00,2024-02-07 09:17:29,Lake St/N Oak Park Ave,,LAKE ST,N OAK PARK AVE,1,1,0,0,Property Damage,No Injuries,Car,12,Sideswipe - Same Direction,2,2,0,4,"$501 to $1,500",1,0,0,0,0,0,0,28,Failing To Reduce Speed To Avoid Crash,18,Unable To Determine,3,Traffic Signal,4,Functioning Properly,1,Clear,5,"Darkness, Lighted Road",1,Not Divided,1,Dry,1,Slow,1,No Defects,O40,O9,41.8886185,-87.7945175,41.8886452,-87.7945251,1130963.00,1902460.13
29348,24 00702,2400702,X003315185,2024-02-06,18:59:00,2024-02-06 18:59:00,2024-02-06 19:59:35,Randoplh/Marion St,,RANDOPLH,MARION ST,0,0,0,1,Property Damage,No Injuries,Car,9,Parked Motor Vehicle,2,2,0,4,"$501 to $1,500",1,0,0,0,0,0,0,28,Failing To Reduce Speed To Avoid Crash,18,Unable To Determine,1,No Controls,1,No Controls,1,Clear,5,"Darkness, Lighted Road",1,Not Divided,1,Dry,3,Free Flow,1,No Defects,O50,O10,41.8839874,-87.7812958,41.8832626,-87.8024368,1134575.63,1900796.50
29354,24 00710,2400710,X003316336,2024-02-07,06:39:00,2024-02-07 06:39:00,2024-02-08 10:11:04,S Austin Blvd/Jackson Blvd,,S AUSTIN BLVD,JACKSON BLVD,1,1,0,0,Property Damage,No Injuries,Car,10,Turning (At Least One Vehicle),2,2,0,5,"Over $1,500",1,0,0,0,0,0,0,02,Failing To Yield Right-Of-Way,28,Failing To Reduce Speed To Avoid Crash,3,Traffic Signal,4,Functioning Properly,1,Clear,2,Dawn,14,Four-Way Intersection,1,Dry,3,Free Flow,1,No Defects,O80,O13,41.8764229,-87.7745743,41.8764229,-87.7745361,1136424.63,1898051.75
29353,24 00712,2400712,X003316341,2024-02-07,07:35:00,2024-02-07 07:35:00,2024-02-08 10:11:03,Chicago Ave/N Lombard Ave,,CHICAGO AVE,N LOMBARD AVE,1,1,0,0,Injury,C Injury Crash,Car,15,Angle,2,2,0,5,"Over $1,500",0,1,0,0,0,2,2,02,Failing To Yield Right-Of-Way,28,Failing To Reduce Speed To Avoid Crash,2,Stop Sign,4,Functioning Properly,1,Clear,1,Daylight,2,"Divided, No Median Barrier",1,Dry,1,Slow,1,No Defects,O30,O7,41.8946152,-87.7799988,41.8946495,-87.7800064,1134903.13,1904671.63
29357,24 00715,2400715,X003316389,2024-02-07,10:09:00,2024-02-07 10:09:00,2024-02-08 10:16:52,North Ave/Ridgeland,,NORTH AVE,RIDGELAND,0,0,0,0,Injury,C Injury Crash,Car,11,Front To Rear,2,2,0,3,$500 or less,0,1,0,0,0,1,1,03,Following Too Closely,28,Failing To Reduce Speed To Avoid Crash,3,Traffic Signal,4,Functioning Properly,1,Clear,1,Daylight,2,"Divided, No Median Barrier",1,Dry,1,Slow,1,No Defects,O10,O1,41.9091339,-87.7833710,41.9091644,-87.7833710,1133952.25,1909956.38
29356,24 00728,2400728,X003316391,2024-02-07,17:40:00,2024-02-07 17:40:00,2024-02-08 10:11:04,1116 Randolph St,1116,RANDOLPH ST,,0,0,0,0,Property Damage,No Injuries,Car,9,Parked Motor Vehicle,2,2,0,3,$500 or less,1,0,0,0,0,0,0,28,Failing To Reduce Speed To Avoid Crash,99,Not Applicable,1,No Controls,1,No Controls,1,Clear,5,"Darkness, Lighted Road",15,T-Intersection,1,Dry,3,Free Flow,1,No Defects,O50,O10,41.8839874,-87.7812958,41.8833542,-87.8033218,1134575.63,1900796.50
29360,24 00739,2400739,X003317201,2024-02-08,11:01:00,2024-02-08 11:01:00,2024-02-09 09:17:18,N Ridgeland Ave/Chicago Ave,,N RIDGELAND AVE,CHICAGO AVE,0,0,0,1,Property Damage,No Injuries,Car,10,Turning (At Least One Vehicle),2,2,0,3,$500 or less,1,0,0,0,0,0,0,02,Failing To Yield Right-Of-Way,06,Improper Turning/No Signal,1,No Controls,1,No Controls,1,Clear,1,Daylight,1,Not Divided,1,Dry,3,Free Flow,1,No Defects,O30,O8,41.8945694,-87.7849121,41.8945770,-87.7848740,1133565.38,1904645.88
29427,24 00746,2400746,X003329658,2024-02-08,14:55:00,2024-02-08 14:55:00,2024-02-22 10:11:19,North Ave/N Grove Ave,,NORTH AVE,N GROVE AVE,0,0,0,0,Property Damage,No Injuries,Car,11,Front To Rear,2,2,0,5,"Over $1,500",1,0,0,0,0,0,0,28,Failing To Reduce Speed To Avoid Crash,18,Unable To Determine,1,No Controls,1,No Controls,1,Clear,1,Daylight,1,Not Divided,1,Dry,1,Slow,1,No Defects,O20,O3,41.9089737,-87.7965546,41.9090042,-87.7965546,1130363.63,1909874.38
29362,24 00751,2400751,X003317233,2024-02-08,19:23:00,2024-02-08 19:23:00,2024-02-09 09:34:52,North Blvd/N Euclid Ave,,NORTH BLVD,N EUCLID AVE,1,1,0,0,Injury,C Injury Crash,Car,15,Angle,2,2,0,5,"Over $1,500",0,1,0,0,0,1,1,25,Disregarding Traffic Signals,99,Not Applicable,2,Stop Sign,4,Functioning Properly,2,Rain,4,Darkness,14,Four-Way Intersection,2,Wet,3,Free Flow,1,No Defects,O30,O8,41.8873024,-87.7926788,41.8873329,-87.7926788,1131467.38,1901984.25
29364,24 00759,2400759,X003318593,2024-02-09,13:08:00,2024-02-09 13:08:00,2024-02-12 10:06:01,S Ridgeland Ave/Randolph,,S RIDGELAND AVE,RANDOLPH,0,0,0,0,Property Damage,No Injuries,Car,18,Rear To Front,2,2,0,5,"Over $1,500",1,0,0,0,0,0,0,03,Following Too Closely,99,Not Applicable,1,No Controls,1,No Controls,1,Clear,1,Daylight,1,Not Divided,1,Dry,3,Free Flow,1,No Defects,O50,O10,41.8834534,-87.7845306,41.8834534,-87.7845612,1133696.75,1900596.25
29367,24 00792,2400792,X003319168,2024-02-10,07:51:00,2024-02-10 07:51:00,2024-02-12 13:20:49,301 Wisconsin Ave,301,WISCONSIN AVE,,0,0,0,1,Property Damage,No Injuries,Car,9,Parked Motor Vehicle,4,4,0,5,"Over $1,500",1,0,0,0,0,0,0,28,Failing To Reduce Speed To Avoid Crash,99,Not Applicable,1,No Controls,1,No Controls,9,Unknown,9,Unknown,1,Not Divided,9,Unknown,,,1,No Defects,O70,O12,41.8832283,-87.8024063,41.8831024,-87.8026199,1128829.63,1900483.25
29449,24 00795,2400795,X003333117,2024-02-10,10:52:00,2024-02-10 10:52:00,2024-02-26 09:50:29,S Ridgeland Ave/Washington Blvd,,S RIDGELAND AVE,WASHINGTON BLVD,0,0,0,0,Property Damage,No Injuries,Car,10,Turning (At Least One Vehicle),2,2,0,5,"Over $1,500",1,0,0,0,0,0,0,18,Unable To Determine,99,Not Applicable,1,No Controls,1,No Controls,1,Clear,5,"Darkness, Lighted Road",1,Not Divided,1,Dry,3,Free Flow,1,No Defects,O50,O10,41.8817215,-87.7844772,41.8817253,-87.7845154,1133714.00,1899965.25
29371,24 00781,2400781,X003318605,2024-02-10,12:32:00,2024-02-10 12:32:00,2024-02-12 13:26:42,Madison St/Wesley,,MADISON ST,WESLEY,0,0,0,0,Property Damage,No Injuries,Car,12,Sideswipe - Same Direction,2,2,0,5,"Over $1,500",1,0,0,0,0,0,0,20,Improper Lane Usage,50,"Oper. Veh. In Erratic,Reckless,Careless Manne",1,No Controls,1,No Controls,1,Clear,1,Daylight,1,Not Divided,1,Dry,3,Free Flow,1,No Defects,O60,O14,41.8797798,-87.7918091,41.8798065,-87.7918091,1131722.38,1899244.13
29370,24 00782,2400782,X003318609,2024-02-10,13:25:00,2024-02-10 13:25:00,2024-02-12 13:26:42,Austin Blvd/Harrison,,AUSTIN BLVD,HARRISON,0,0,0,0,Injury,B Injury Crash,Car,12,Sideswipe - Same Direction,2,2,0,5,"Over $1,500",0,1,0,0,2,0,2,02,Failing To Yield Right-Of-Way,06,Improper Turning/No Signal,1,No Controls,1,No Controls,1,Clear,1,Daylight,1,Not Divided,1,Dry,3,Free Flow,1,No Defects,O80,O13,41.8727799,-87.7744522,41.8727799,-87.7744141,1136465.25,1896723.75
30566,24 00790,2400790,,2024-02-11,02:39:00,2024-02-11 02:39:00,2024-08-26 10:33:04,1000 N Elmwood Ave,,1000 N ELMWOOD AVE,BERKSHIRE,0,0,0,0,Injury,B Injury Crash,Car,7,Other Object,2,1,0,5,"Over $1,500",0,1,0,0,1,0,1,08,Under The Influence Of Alc/Drugs-Use For Dui,28,Failing To Reduce Speed To Avoid Crash,2,Stop Sign,4,Functioning Properly,1,Clear,5,"Darkness, Lighted Road",8,Other,1,Dry,3,Free Flow,1,No Defects,O20,O2,41.9037590,-87.7868500,41.9039803,-87.7869186,1133016.38,1907990.13
29373,24 00791,2400791,X003318651,2024-02-11,07:19:00,2024-02-11 07:19:00,2024-02-12 13:26:43,1022 N Austin Blvd,1022,N AUSTIN BLVD,,0,0,0,0,Property Damage,No Injuries,Car,9,Parked Motor Vehicle,2,2,0,5,"Over $1,500",0,1,0,0,0,0,0,08,Under The Influence Of Alc/Drugs-Use For Dui,20,Improper Lane Usage,1,No Controls,1,No Controls,1,Clear,1,Daylight,2,"Divided, No Median Barrier",1,Dry,3,Free Flow,1,No Defects,,,41.8983650,-87.7752228,41.8992195,-87.7754593,1136195.75,1906045.00
29365,24 00794,2400794,X003319190,2024-02-11,11:06:00,2024-02-11 11:06:00,2024-02-12 10:06:01,S Ridgeland Ave/Madison St,,S RIDGELAND AVE,MADISON ST,0,0,0,0,Property Damage,No Injuries,Car,11,Front To Rear,2,2,0,5,"Over $1,500",1,0,0,0,0,0,0,03,Following Too Closely,28,Failing To Reduce Speed To Avoid Crash,1,No Controls,1,No Controls,1,Clear,1,Daylight,2,"Divided, No Median Barrier",1,Dry,2,Stopped,1,No Defects,O80,O13,41.8799324,-87.7844238,41.8799324,-87.7844620,1133732.63,1899313.88
29374,24 00797,2400797,X003319198,2024-02-11,11:46:00,2024-02-11 11:46:00,2024-02-12 13:26:43,Le Moyne Pkwy/Edmer Ave,,LE MOYNE PKWY,EDMER AVE,1,1,0,0,Property Damage,No Injuries,Car,10,Turning (At Least One Vehicle),2,2,0,5,"Over $1,500",1,0,0,0,0,0,0,28,Failing To Reduce Speed To Avoid Crash,18,Unable To Determine,2,Stop Sign,4,Functioning Properly,1,Clear,1,Daylight,14,Four-Way Intersection,1,Dry,3,Free Flow,1,No Defects,O20,O2,41.9072914,-87.7846909,41.9073219,-87.7846909,1133597.75,1909282.13
29368,24 00801,2400801,X003319228,2024-02-11,16:47:00,2024-02-11 16:47:00,2024-02-12 13:20:50,Fillmore St/S Oak Park Ave,,FILLMORE ST,S OAK PARK AVE,0,0,0,1,Property Damage,No Injuries,Car,9,Parked Motor Vehicle,2,2,0,5,"Over $1,500",1,0,0,0,0,0,0,20,Improper Lane Usage,28,Failing To Reduce Speed To Avoid Crash,1,No Controls,1,No Controls,9,Unknown,9,Unknown,1,Not Divided,1,Dry,,,1,No Defects,O90,O17,41.8669586,-87.7938080,41.8669815,-87.7938156,1131206.63,1894569.00
29377,24 00808,2400808,X003319313,2024-02-12,07:41:00,2024-02-12 07:41:00,2024-02-13 09:21:34,N Grove Ave/Berkshire St,,N GROVE AVE,BERKSHIRE ST,1,1,0,0,Injury,A Injury Crash,Pedestrian,1,Pedestrian,2,1,0,4,"$501 to $1,500",0,1,0,1,0,0,1,14,"Vision Obscured (Signs, Tree Limbs, Buildings",02,Failing To Yield Right-Of-Way,2,Stop Sign,4,Functioning Properly,1,Clear,1,Daylight,1,Not Divided,1,Dry,3,Free Flow,1,No Defects,O20,O3,41.9035072,-87.7964477,41.9035149,-87.7964096,1130405.00,1907883.13
29376,24 00809,2400809,X003319435,2024-02-12,08:14:00,2024-02-12 08:14:00,2024-02-13 09:21:34,S Austin Blvd/Garfield,,S AUSTIN BLVD,GARFIELD,0,0,0,0,Property Damage,No Injuries,Car,11,Front To Rear,2,2,0,5,"Over $1,500",0,1,0,0,0,0,0,03,Following Too Closely,28,Failing To Reduce Speed To Avoid Crash,1,No Controls,1,No Controls,1,Clear,1,Daylight,1,Not Divided,1,Dry,1,Slow,1,No Defects,O90,O16,41.8704185,-87.7743530,41.8704224,-87.7743149,1136497.13,1895864.88
29378,24 00813,2400813,X003319502,2024-02-12,11:46:00,2024-02-12 11:46:00,2024-02-13 09:27:31,N Marion St/North Ave,,N MARION ST,NORTH AVE,0,0,0,0,Property Damage,No Injuries,Car,15,Angle,2,2,0,5,"Over $1,500",1,0,0,0,0,0,0,30,Improper Backing,28,Failing To Reduce Speed To Avoid Crash,2,Stop Sign,4,Functioning Properly,1,Clear,1,Daylight,1,Not Divided,1,Dry,1,Slow,1,No Defects,O20,O3,41.9088707,-87.8042526,41.9088783,-87.8042145,1128268.00,1909824.38
29379,24 00816,2400816,X003319522,2024-02-12,12:32:00,2024-02-12 12:32:00,2024-02-13 09:27:32,Randolph St/Pennsylvania Way,,RANDOLPH ST,PENNSYLVANIA WAY,0,0,0,1,Property Damage,No Injuries,Car,9,Parked Motor Vehicle,2,2,0,4,"$501 to $1,500",0,1,0,0,0,0,0,28,Failing To Reduce Speed To Avoid Crash,20,Improper Lane Usage,1,No Controls,1,No Controls,1,Clear,1,Daylight,1,Not Divided,1,Dry,3,Free Flow,1,No Defects,O70,O12,41.8833122,-87.8016205,41.8832893,-87.8016205,1129042.50,1900515.75
29381,24 00819,2400819,X003319579,2024-02-12,15:15:00,2024-02-12 15:15:00,2024-02-13 09:27:32,Highland/S Madison St Alley,,HIGHLAND,S MADISON ST ALLEY,1,0,0,1,Property Damage,No Injuries,Car,15,Angle,2,2,0,5,"Over $1,500",1,0,0,0,0,0,0,02,Failing To Yield Right-Of-Way,28,Failing To Reduce Speed To Avoid Crash,1,No Controls,1,No Controls,1,Clear,1,Daylight,1,Not Divided,1,Dry,3,Free Flow,1,No Defects,O80,O13,41.8799706,-87.7820435,41.8799706,-87.7820053,1134380.13,1899330.88
29375,24 00821,2400821,X003319644,2024-02-12,17:20:00,2024-02-12 17:20:00,2024-02-13 08:24:17,Lake St/N Ridgeland Ave,,LAKE ST,N RIDGELAND AVE,0,0,0,1,Property Damage,No Injuries,Car,12,Sideswipe - Same Direction,2,2,0,3,$500 or less,1,0,0,0,0,0,0,04,Improper Overtaking/Passing,20,Improper Lane Usage,3,Traffic Signal,4,Functioning Properly,1,Clear,3,Dusk,1,Not Divided,1,Dry,1,Slow,1,No Defects,O30,O7,41.8882980,-87.7846985,41.8883209,-87.7846985,1133638.38,1902360.50
29380,24 00827,2400827,X003319675,2024-02-13,06:52:00,2024-02-13 06:52:00,2024-02-13 09:27:32,S Harlem Ave/Garfield St,,S HARLEM AVE,GARFIELD ST,0,0,0,0,Property Damage,No Injuries,Car,11,Front To Rear,2,2,0,3,$500 or less,1,0,0,0,0,0,0,03,Following Too Closely,28,Failing To Reduce Speed To Avoid Crash,3,Traffic Signal,4,Functioning Properly,1,Clear,1,Daylight,2,"Divided, No Median Barrier",1,Dry,2,Stopped,1,No Defects,O90,O18,41.8723068,-87.8044357,41.8723183,-87.8044663,1128300.88,1896500.75