record_id,report_number,crash_id,idot_crash_number,date,time,occurred_at,record_added_at,location,street_number,street_name,cross_street,at_intersection,intersection_related,private_property,hit_and_run,crash_severity,crash_injury_severity,crash_mode,crash_type_code,crash_type,total_units,num_motor_vehicles,dooring_pedalcyclist,damage_code,damage,no_injury_drive_away,injury_or_towed,fatalities,a_injuries,b_injuries,c_injuries,total_injured,cause1_code,cause1,cause2_code,cause2,traffic_control_code,traffic_control,device_condition_code,device_condition,weather_code,weather,lighting_code,lighting,trafficway_code,trafficway,road_surface_code,road_surface,flow_condition_code,flow_condition,road_defects_code,road_defects,beat_zone,post_district,latitude,longitude,latitude_geocoded,longitude_geocoded,state_plane_x,state_plane_y
29384,24 00838,2400838,X003321582,2024-02-13,14:02:00,2024-02-13 14:02:00,2024-02-14 09:22:13,Garfield/S Austin Blvd,,GARFIELD,S AUSTIN BLVD,1,1,0,0,Injury,B Injury Crash,Car,12,Sideswipe - Same Direction,2,2,0,3,$500 or less,0,1,0,0,1,0,1,02,Failing To Yield Right-Of-Way,04,Improper Overtaking/Passing,1,No Controls,1,No Controls,1,Clear,1,Daylight,2,"Divided, No Median Barrier",1,Dry,3,Free Flow,1,No Defects,O90,O16,41.8703918,-87.7743225,41.8704224,-87.7743149,1136506.38,1895854.13
29383,24 00839,2400839,X003321587,2024-02-13,15:35:00,2024-02-13 15:35:00,2024-02-14 09:22:13,S Oak Park Ave/Fillmore St,,S OAK PARK AVE,FILLMORE ST,0,0,0,1,Property Damage,No Injuries,Car,9,Parked Motor Vehicle,2,2,0,5,"Over $1,500",1,0,0,0,0,0,0,28,Failing To Reduce Speed To Avoid Crash,18,Unable To Determine,1,No Controls,1,No Controls,1,Clear,1,Daylight,1,Not Divided,1,Dry,3,Free Flow,1,No Defects,O90,O17,41.8669891,-87.7937775,41.8669815,-87.7938156,1131215.00,1894580.88
29400,24 00841,2400841,X003327495,2024-02-13,15:46:00,2024-02-13 15:46:00,2024-02-20 09:43:17,245 Chicago Ave,245,CHICAGO AVE,,0,0,0,0,Property Damage,No Injuries,Car,11,Front To Rear,2,2,0,4,"$501 to $1,500",0,1,0,0,0,0,0,28,Failing To Reduce Speed To Avoid Crash,99,Not Applicable,1,No Controls,1,No Controls,1,Clear,1,Daylight,2,"Divided, No Median Barrier",1,Dry,2,Stopped,1,No Defects,O30,O7,41.8945847,-87.7822037,41.8945541,-87.7821960,1134303.75,1904655.75
29392,24 00857,2400857,X003324352,2024-02-14,13:22:00,2024-02-14 13:22:00,2024-02-16 10:15:56,Harrison St/Elmwood Ave,,HARRISON ST,ELMWOOD AVE,0,0,0,0,Injury,B Injury Crash,Car,10,Turning (At Least One Vehicle),2,2,0,5,"Over $1,500",0,1,0,0,1,0,1,02,Failing To Yield Right-Of-Way,99,Not Applicable,1,No Controls,1,No Controls,1,Clear,1,Daylight,1,Not Divided,1,Dry,3,Free Flow,1,No Defects,O60,O14,41.8725853,-87.7854385,41.8726082,-87.7854385,1133473.50,1896633.25
29390,24 00858,2400858,X003322613,2024-02-14,13:33:00,2024-02-14 13:33:00,2024-02-15 09:56:34,S Oak Park Ave/Pleasant St,,S OAK PARK AVE,PLEASANT ST,0,0,0,0,Property Damage,No Injuries,Car,6,Fixed Object,2,1,0,5,"Over $1,500",1,0,0,0,0,0,0,20,Improper Lane Usage,28,Failing To Reduce Speed To Avoid Crash,1,No Controls,1,No Controls,1,Clear,1,Daylight,1,Not Divided,1,Dry,,,1,No Defects,O60,O11,41.8850441,-87.7943802,41.8851891,-87.7944183,1131010.00,1901158.75
29387,24 00859,2400859,X003322623,2024-02-14,14:45:00,2024-02-14 14:45:00,2024-02-15 10:02:24,Madison St/Oak Park Ave,,MADISON ST,OAK PARK AVE,1,1,0,0,Property Damage,No Injuries,Car,11,Front To Rear,2,2,0,4,"$501 to $1,500",1,0,0,0,0,0,0,03,Following Too Closely,99,Not Applicable,3,Traffic Signal,4,Functioning Properly,1,Clear,1,Daylight,14,Four-Way Intersection,1,Dry,1,Slow,1,No Defects,O60,O14,41.8797417,-87.7942505,41.8797722,-87.7942581,1131056.50,1899226.38
29405,24 00897,2400897,X003327513,2024-02-14,14:58:00,2024-02-14 14:58:00,2024-02-20 09:43:17,S Ridgeland Ave/Harrison,,S RIDGELAND AVE,HARRISON,0,0,0,0,Property Damage,No Injuries,Car,4,Animal,2,1,0,3,$500 or less,1,0,0,0,0,0,0,21,Animal,99,Not Applicable,3,Traffic Signal,4,Functioning Properly,1,Clear,1,Daylight,1,Not Divided,1,Dry,3,Free Flow,1,No Defects,O80,O13,41.8726311,-87.7841797,41.8726349,-87.7842178,1133816.00,1896653.38
29388,24 00863,2400863,X003322627,2024-02-14,15:02:00,2024-02-14 15:02:00,2024-02-15 10:02:25,Harrison St/S East Ave,,HARRISON ST,S EAST AVE,1,1,0,0,Property Damage,No Injuries,Car,18,Rear To Front,2,2,0,4,"$501 to $1,500",1,0,0,0,0,0,0,28,Failing To Reduce Speed To Avoid Crash,99,Not Applicable,2,Stop Sign,4,Functioning Properly,1,Clear,1,Daylight,1,Not Divided,1,Dry,2,Stopped,1,No Defects,O60,O14,41.8725319,-87.7891159,41.8725624,-87.7891159,1132472.63,1896608.50
29437,24 01015,2401015,X003330265,2024-02-15,10:21:00,2024-02-15 10:21:00,2024-02-22 14:57:13,Chicago Ave/N Taylor Ave,,CHICAGO AVE,N TAYLOR AVE,1,1,0,0,Property Damage,No Injuries,Car,15,Angle,2,2,0,5,"Over $1,500",1,0,0,0,0,0,0,02,Failing To Yield Right-Of-Way,28,Failing To Reduce Speed To Avoid Crash,2,Stop Sign,4,Functioning Properly,9,Unknown,1,Daylight,1,Not Divided,1,Dry,3,Free Flow,1,No Defects,O30,O7,41.8946419,-87.7783737,41.8946686,-87.7783814,1135345.25,1904683.38
29410,24 00883,2400883,X003327499,2024-02-15,15:57:00,2024-02-15 15:57:00,2024-02-20 10:00:51,1023 S East Ave,1023,S EAST AVE,,0,0,0,0,Property Damage,No Injuries,Car,9,Parked Motor Vehicle,2,2,0,3,$500 or less,1,0,0,0,0,0,0,20,Improper Lane Usage,99,Not Applicable,1,No Controls,1,No Controls,1,Clear,1,Daylight,1,Not Divided,1,Dry,3,Free Flow,1,No Defects,O90,O17,41.8707275,-87.7890167,41.8697891,-87.7891998,1132503.25,1895950.25
29393,24 00888,2400888,X003324353,2024-02-15,16:29:00,2024-02-15 16:29:00,2024-02-16 10:21:43,N Harlem Ave/Lake St,,N HARLEM AVE,LAKE ST,0,0,0,0,Property Damage,No Injuries,Car,12,Sideswipe - Same Direction,3,3,0,4,"$501 to $1,500",1,0,0,0,0,0,0,02,Failing To Yield Right-Of-Way,99,Not Applicable,1,No Controls,1,No Controls,1,Clear,1,Daylight,1,Not Divided,1,Dry,3,Free Flow,1,No Defects,R83,RFPD,41.8885765,-87.8050919,41.8885841,-87.8050537,1128084.88,1902427.75
29399,24 00899,2400899,X003327514,2024-02-16,15:14:00,2024-02-16 15:14:00,2024-02-20 09:37:24,Ontario/Harlem,,ONTARIO,HARLEM,0,0,0,0,Property Damage,No Injuries,Car,10,Turning (At Least One Vehicle),2,2,0,4,"$501 to $1,500",1,0,0,0,0,0,0,03,Following Too Closely,28,Failing To Reduce Speed To Avoid Crash,1,No Controls,1,No Controls,1,Clear,1,Daylight,1,Not Divided,1,Dry,3,Free Flow,1,No Defects,O40,O9,41.8905830,-87.8042679,41.8905525,-87.8042679,1128304.13,1903160.63
29411,24 00900,2400900,X003327518,2024-02-16,15:22:00,2024-02-16 15:22:00,2024-02-20 10:06:48,S Ridgeland Ave/Adams St,,S RIDGELAND AVE,ADAMS ST,1,1,0,0,Property Damage,No Injuries,Car,15,Angle,2,2,0,5,"Over $1,500",0,1,0,0,0,0,0,02,Failing To Yield Right-Of-Way,28,Failing To Reduce Speed To Avoid Crash,2,Stop Sign,4,Functioning Properly,1,Clear,1,Daylight,2,"Divided, No Median Barrier",1,Dry,1,Slow,1,No Defects,O80,O13,41.8780823,-87.7843704,41.8780785,-87.7844009,1133752.38,1898639.50
29409,24 00904,2400904,X003327525,2024-02-16,18:57:00,2024-02-16 18:57:00,2024-02-20 09:54:57,S Ridgeland Ave/Washington Blvd,,S RIDGELAND AVE,WASHINGTON BLVD,1,1,0,1,Property Damage,No Injuries,Car,12,Sideswipe - Same Direction,2,2,0,4,"$501 to $1,500",1,0,0,0,0,0,0,04,Improper Overtaking/Passing,99,Not Applicable,3,Traffic Signal,4,Functioning Properly,1,Clear,5,"Darkness, Lighted Road",14,Four-Way Intersection,1,Dry,1,Slow,1,No Defects,O50,O10,41.8817215,-87.7844772,41.8817253,-87.7845154,1133714.00,1899965.25
29401,24 00908,2400908,X003327528,2024-02-16,22:48:00,2024-02-16 22:48:00,2024-02-20 09:49:08,Division St/Linden,,DIVISION ST,LINDEN,1,1,0,0,Injury,C Injury Crash,Car,15,Angle,2,2,0,5,"Over $1,500",0,1,0,0,0,1,1,02,Failing To Yield Right-Of-Way,99,Not Applicable,2,Stop Sign,4,Functioning Properly,1,Clear,5,"Darkness, Lighted Road",1,Not Divided,1,Dry,,,1,No Defects,O20,O5,41.9017181,-87.7924347,41.9017487,-87.7924347,1131502.00,1907237.88
29423,24 00992,2400992,X003329749,2024-02-17,10:30:00,2024-02-17 10:30:00,2024-02-21 12:31:36,508 S Austin Blvd,508,S AUSTIN BLVD,,0,0,0,1,Property Damage,No Injuries,Car,9,Parked Motor Vehicle,2,2,0,3,$500 or less,1,0,0,0,0,0,0,18,Unable To Determine,99,Not Applicable,1,No Controls,1,No Controls,9,Unknown,9,Unknown,7,Parking Lot,9,Unknown,2,Stopped,1,No Defects,O80,O13,41.8727799,-87.7744522,41.8734283,-87.7748032,1136465.25,1896723.75
29421,24 00912,2400912,X003328896,2024-02-17,15:02:00,2024-02-17 15:02:00,2024-02-21 09:34:45,North Ave/Rossell Ave,,NORTH AVE,ROSSELL AVE,1,1,0,0,Injury,A Injury Crash,Car,10,Turning (At Least One Vehicle),2,2,0,5,"Over $1,500",0,1,0,1,2,1,4,02,Failing To Yield Right-Of-Way,28,Failing To Reduce Speed To Avoid Crash,2,Stop Sign,4,Functioning Properly,1,Clear,1,Daylight,1,Not Divided,1,Dry,1,Slow,1,No Defects,O20,O2,41.9091034,-87.7860489,41.9091301,-87.7860565,1133222.13,1909939.63
29412,24 00914,2400914,X003327545,2024-02-17,15:24:00,2024-02-17 15:24:00,2024-02-20 10:18:40,S Ridgeland/Fillmore,,S RIDGELAND,FILLMORE,1,1,0,0,Injury,C Injury Crash,Car,15,Angle,2,2,0,5,"Over $1,500",0,1,0,0,0,1,1,02,Failing To Yield Right-Of-Way,28,Failing To Reduce Speed To Avoid Crash,2,Stop Sign,4,Functioning Properly,1,Clear,1,Daylight,1,Not Divided,1,Dry,1,Slow,1,No Defects,O90,O16,41.8671608,-87.7839889,41.8671532,-87.7840271,1133880.25,1894659.13
29413,24 00913,2400913,X003327541,2024-02-17,15:25:00,2024-02-17 15:25:00,2024-02-20 10:18:41,10 N Austin Blvd,10,N AUSTIN BLVD,,0,0,0,1,Property Damage,No Injuries,Car,15,Angle,2,2,0,5,"Over $1,500",1,0,0,0,0,0,0,28,Failing To Reduce Speed To Avoid Crash,15,Driving Skills/Knowledge/Experience,1,No Controls,1,No Controls,1,Clear,1,Daylight,2,"Divided, No Median Barrier",1,Dry,2,Stopped,1,No Defects,,,41.8804588,-87.7746353,41.8805275,-87.7748337,1136396.63,1899521.63
29397,24 00916,2400916,X003327547,2024-02-17,15:59:00,2024-02-17 15:59:00,2024-02-20 09:43:16,North Blvd/Forest Ave,,NORTH BLVD,FOREST AVE,0,0,0,0,Property Damage,No Injuries,Car,15,Angle,2,2,0,4,"$501 to $1,500",1,0,0,0,0,0,0,30,Improper Backing,28,Failing To Reduce Speed To Avoid Crash,2,Stop Sign,4,Functioning Properly,1,Clear,1,Daylight,7,Parking Lot,1,Dry,1,Slow,1,No Defects,O40,O9,41.8871422,-87.8006134,41.8872528,-87.8007050,1129307.00,1901912.50
29407,24 00920,2400920,X003327549,2024-02-18,00:46:00,2024-02-18 00:46:00,2024-02-20 09:49:08,1135 S Oak Park Ave,1135,S OAK PARK AVE,,0,0,0,0,Property Damage,No Injuries,Car,9,Parked Motor Vehicle,2,2,0,5,"Over $1,500",0,1,0,0,0,0,0,45,Cell Phone Use Other Than Texting,15,Driving Skills/Knowledge/Experience,1,No Controls,1,No Controls,1,Clear,5,"Darkness, Lighted Road",1,Not Divided,1,Dry,1,Slow,1,No Defects,O90,O17,41.8669891,-87.7937775,41.8675232,-87.7939987,1131215.00,1894580.88
29402,24 00925,2400925,X003327550,2024-02-18,10:50:00,2024-02-18 10:50:00,2024-02-20 09:49:09,S Ridgeland Ave/Madison St,,S RIDGELAND AVE,MADISON ST,0,0,0,0,Property Damage,No Injuries,Car,11,Front To Rear,2,2,0,4,"$501 to $1,500",1,0,0,0,0,0,0,28,Failing To Reduce Speed To Avoid Crash,18,Unable To Determine,1,No Controls,1,No Controls,1,Clear,1,Daylight,1,Not Divided,1,Dry,3,Free Flow,1,No Defects,O80,O13,41.8799324,-87.7844238,41.8799324,-87.7844620,1133732.63,1899313.88
29398,24 00927,2400927,X003327554,2024-02-18,13:59:00,2024-02-18 13:59:00,2024-02-20 09:43:16,Roosevelt Rd/S Harvey Ave,,ROOSEVELT RD,S HARVEY AVE,1,1,0,1,Property Damage,No Injuries,Car,15,Angle,2,2,0,5,"Over $1,500",1,0,0,0,0,0,0,02,Failing To Yield Right-Of-Way,28,Failing To Reduce Speed To Avoid Crash,2,Stop Sign,4,Functioning Properly,1,Clear,1,Daylight,1,Not Divided,1,Dry,3,Free Flow,1,No Defects,O90,O16,41.8654137,-87.7802734,41.8653908,-87.7802734,1134897.00,1894029.13
29431,24 00932,2400932,X003329739,2024-02-18,15:57:00,2024-02-18 15:57:00,2024-02-22 10:17:14,Chicago Ave/N Humphrey Ave,,CHICAGO AVE,N HUMPHREY AVE,1,1,0,0,Property Damage,No Injuries,Car,15,Angle,2,2,0,5,"Over $1,500",0,1,0,0,0,0,0,02,Failing To Yield Right-Of-Way,99,Not Applicable,2,Stop Sign,4,Functioning Properly,1,Clear,1,Daylight,14,Four-Way Intersection,1,Dry,3,Free Flow,1,No Defects,O10,O4,41.8947144,-87.7767563,41.8946838,-87.7767563,1135785.50,1904712.25
29426,24 00931,2400931,X003329737,2024-02-18,15:59:00,2024-02-18 15:59:00,2024-02-22 10:11:19,Berkshire St/N Harvey Ave,,BERKSHIRE ST,N HARVEY AVE,1,1,0,0,Injury,B Injury Crash,Pedalcyclist,2,Pedalcyclist,2,1,0,3,$500 or less,0,1,0,0,1,0,1,28,Failing To Reduce Speed To Avoid Crash,99,Not Applicable,2,Stop Sign,4,Functioning Properly,1,Clear,1,Daylight,14,Four-Way Intersection,1,Dry,3,Free Flow,1,No Defects,O10,O1,41.9037857,-87.7827454,41.9038124,-87.7828751,1134134.13,1908008.75
29414,24 00940,2400940,X003327565,2024-02-18,19:07:00,2024-02-18 19:07:00,2024-02-20 10:18:41,1023 S East Ave,1023,S EAST AVE,,0,0,0,0,Property Damage,No Injuries,Car,12,Sideswipe - Same Direction,2,2,0,3,$500 or less,1,0,0,0,0,0,0,15,Driving Skills/Knowledge/Experience,99,Not Applicable,1,No Controls,1,No Controls,1,Clear,4,Darkness,1,Not Divided,1,Dry,3,Free Flow,1,No Defects,O90,O17,41.8698921,-87.7889938,41.8697891,-87.7891998,1132512.50,1895646.00
29408,24 00943,2400943,X003327569,2024-02-18,21:14:00,2024-02-18 21:14:00,2024-02-20 09:54:57,S Scoville Ave/Randolph St,,S SCOVILLE AVE,RANDOLPH ST,1,0,0,1,Property Damage,No Injuries,Car,11,Front To Rear,2,2,0,4,"$501 to $1,500",1,0,0,0,0,0,0,03,Following Too Closely,99,Not Applicable,2,Stop Sign,4,Functioning Properly,1,Clear,4,Darkness,1,Not Divided,1,Dry,3,Free Flow,1,No Defects,O60,O11,41.8833847,-87.7877808,41.8833809,-87.7878189,1132810.00,1900565.50
29415,24 00946,2400946,X003327574,2024-02-18,22:39:00,2024-02-18 22:39:00,2024-02-20 10:18:42,N Oak Park Ave/Ontario St,,N OAK PARK AVE,ONTARIO ST,1,1,0,0,Injury,C Injury Crash,Car,15,Angle,2,2,0,4,"$501 to $1,500",0,1,0,0,0,1,1,02,Failing To Yield Right-Of-Way,18,Unable To Determine,1,No Controls,1,No Controls,1,Clear,4,Darkness,2,"Divided, No Median Barrier",1,Dry,1,Slow,1,No Defects,O40,O9,41.8902016,-87.7946014,41.8902016,-87.7945557,1130938.75,1903037.00
29406,24 00951,2400951,X003327576,2024-02-19,11:16:00,2024-02-19 11:16:00,2024-02-20 09:49:10,N Oak Park Ave/Erie St,,N OAK PARK AVE,ERIE ST,0,0,0,0,Property Damage,No Injuries,Car,9,Parked Motor Vehicle,2,2,0,5,"Over $1,500",1,0,0,0,0,0,0,28,Failing To Reduce Speed To Avoid Crash,18,Unable To Determine,1,No Controls,1,No Controls,9,Unknown,9,Unknown,2,"Divided, No Median Barrier",9,Unknown,1,Slow,99,Unknown,O40,O9,41.8915558,-87.7946396,41.8915520,-87.7946014,1130925.00,1903530.00
29404,24 00959,2400959,X003327578,2024-02-19,15:12:00,2024-02-19 15:12:00,2024-02-20 09:49:10,345 Madison,345,MADISON,,0,0,0,0,Injury,C Injury Crash,Pedalcyclist,2,Pedalcyclist,2,1,0,5,"Over $1,500",0,1,0,0,0,1,1,28,Failing To Reduce Speed To Avoid Crash,20,Improper Lane Usage,3,Traffic Signal,4,Functioning Properly,1,Clear,1,Daylight,1,Not Divided,1,Dry,3,Free Flow,1,No Defects,O80,O13,41.8799095,-87.7842789,41.8797722,-87.7835999,1133773.38,1899304.50
29469,24 00960,2400960,X003338116,2024-02-19,15:15:00,2024-02-19 15:15:00,2024-03-01 14:14:07,1109 Lake St,1109,LAKE ST,,0,0,0,0,Property Damage,No Injuries,Car,9,Parked Motor Vehicle,2,2,0,5,"Over $1,500",0,1,0,0,0,0,0,20,Improper Lane Usage,99,Not Applicable,1,No Controls,1,No Controls,1,Clear,1,Daylight,2,"Divided, No Median Barrier",1,Dry,2,Stopped,1,No Defects,O40,O9,41.8886147,-87.8030395,41.8885193,-87.8029633,1128643.13,1902444.38
29454,24 00965,2400965,X003333142,2024-02-20,09:09:00,2024-02-20 09:09:00,2024-02-26 09:44:34,North Ave/Rossell Ave,,NORTH AVE,ROSSELL AVE,0,0,0,0,Fatal,Fatal Crash,Pedestrian,1,Pedestrian,2,1,0,3,$500 or less,0,1,1,0,0,0,0,28,Failing To Reduce Speed To Avoid Crash,18,Unable To Determine,3,Traffic Signal,4,Functioning Properly,1,Clear,1,Daylight,2,"Divided, No Median Barrier",1,Dry,1,Slow,1,No Defects,O20,O2,41.9091034,-87.7860489,41.9091301,-87.7860565,1133222.13,1909939.63
29416,24 00968,2400968,X003328414,2024-02-20,11:30:00,2024-02-20 11:30:00,2024-02-21 09:23:13,416 N Lombard Ave,416,N LOMBARD AVE,,0,0,0,0,Property Damage,No Injuries,Car,9,Parked Motor Vehicle,2,2,0,4,"$501 to $1,500",1,0,0,0,0,0,0,18,Unable To Determine,18,Unable To Determine,1,No Controls,1,No Controls,1,Clear,1,Daylight,1,Not Divided,1,Dry,3,Free Flow,1,No Defects,O30,O7,41.8931618,-87.7799988,41.8938026,-87.7797546,1134906.88,1904141.63
29486,24 00966,2400966,X003340354,2024-02-20,12:01:00,2024-02-20 12:01:00,2024-03-04 10:06:42,1000 N Ridgeland,1000,N RIDGELAND,,0,0,0,0,Property Damage,No Injuries,Car,11,Front To Rear,2,2,0,4,"$501 to $1,500",1,0,0,0,0,0,0,28,Failing To Reduce Speed To Avoid Crash,40,Distraction - From Outside Vehicle,1,No Controls,1,No Controls,1,Clear,1,Daylight,1,Not Divided,1,Dry,1,Slow,1,No Defects,O10,O1,41.9037933,-87.7841492,41.9053230,-87.7832718,1133751.88,1908008.13
29417,24 00969,2400969,X003328435,2024-02-20,12:38:00,2024-02-20 12:38:00,2024-02-21 09:23:13,1125 Ontario St,1125,ONTARIO ST,,0,0,0,1,Property Damage,No Injuries,Car,9,Parked Motor Vehicle,2,2,0,5,"Over $1,500",1,0,0,0,0,0,0,18,Unable To Determine,99,Not Applicable,1,No Controls,1,No Controls,1,Clear,9,Unknown,7,Parking Lot,1,Dry,3,Free Flow,1,No Defects,O40,O9,41.8905830,-87.8042679,41.8897705,-87.8039246,1128304.13,1903160.63
29419,24 00975,2400975,X003328444,2024-02-20,17:12:00,2024-02-20 17:12:00,2024-02-21 09:29:00,N Ridgeland Ave/North Ave,,N RIDGELAND AVE,NORTH AVE,1,1,0,0,Property Damage,No Injuries,Car,11,Front To Rear,2,2,0,5,"Over $1,500",1,0,0,0,0,0,0,28,Failing To Reduce Speed To Avoid Crash,18,Unable To Determine,3,Traffic Signal,4,Functioning Properly,1,Clear,5,"Darkness, Lighted Road",1,Not Divided,1,Dry,1,Slow,1,No Defects,,,41.9091606,-87.7834091,41.9091644,-87.7833710,1133941.38,1909965.38
29428,24 00988,2400988,X003329743,2024-02-21,08:40:00,2024-02-21 08:40:00,2024-02-22 10:11:20,N Harlem Ave/Pleasant St,,N HARLEM AVE,PLEASANT ST,0,0,0,0,Property Damage,No Injuries,Car,12,Sideswipe - Same Direction,2,2,0,5,"Over $1,500",1,0,0,0,0,0,0,04,Improper Overtaking/Passing,02,Failing To Yield Right-Of-Way,1,No Controls,1,No Controls,1,Clear,1,Daylight,1,Not Divided,1,Dry,1,Slow,1,No Defects,F1,FPPD,41.8853912,-87.8049774,41.8854065,-87.8049393,1128124.38,1901267.88
29432,24 00990,2400990,X003329745,2024-02-21,09:22:00,2024-02-21 09:22:00,2024-02-22 10:11:21,1105 Pleasant St,1105,PLEASANT ST,,0,0,0,0,Injury,C Injury Crash,Car,15,Angle,2,2,0,3,$500 or less,0,1,0,0,0,1,1,02,Failing To Yield Right-Of-Way,99,Not Applicable,1,No Controls,1,No Controls,1,Clear,1,Daylight,12,Alley,1,Dry,3,Free Flow,1,No Defects,O70,O12,41.8853912,-87.8040619,41.8853416,-87.8028412,1128372.13,1901268.63
29429,24 00995,2400995,X003329750,2024-02-21,11:10:00,2024-02-21 11:10:00,2024-02-22 10:11:20,S Cuyler Ave/Madison St,,S CUYLER AVE,MADISON ST,0,0,0,1,Property Damage,No Injuries,Car,15,Angle,2,2,0,3,$500 or less,1,0,0,0,0,0,0,30,Improper Backing,28,Failing To Reduce Speed To Avoid Crash,1,No Controls,1,No Controls,1,Clear,1,Daylight,1,Not Divided,1,Dry,3,Free Flow,1,No Defects,O80,O13,41.8799667,-87.7827835,41.8799591,-87.7832336,1134179.50,1899328.13
29433,24 01003,2401003,X003329756,2024-02-21,18:16:00,2024-02-21 18:16:00,2024-02-22 10:17:14,S Oak Park Ave/Van Buren,,S OAK PARK AVE,VAN BUREN,0,0,0,0,Property Damage,No Injuries,Car,9,Parked Motor Vehicle,2,2,0,5,"Over $1,500",0,1,0,0,0,0,0,28,Failing To Reduce Speed To Avoid Crash,99,Not Applicable,1,No Controls,1,No Controls,1,Clear,5,"Darkness, Lighted Road",2,"Divided, No Median Barrier",1,Dry,1,Slow,1,No Defects,O60,O14,41.8742905,-87.7940292,41.8742905,-87.7940674,1131129.38,1897240.63
29438,24 01017,2401017,X003330267,2024-02-22,11:14:00,2024-02-22 11:14:00,2024-02-22 14:57:13,N Harlem Ave/Erie St,,N HARLEM AVE,ERIE ST,0,0,0,0,Property Damage,No Injuries,Car,10,Turning (At Least One Vehicle),2,2,0,4,"$501 to $1,500",1,0,0,0,0,0,0,06,Improper Turning/No Signal,28,Failing To Reduce Speed To Avoid Crash,1,No Controls,1,No Controls,1,Clear,1,Daylight,2,"Divided, No Median Barrier",1,Dry,3,Free Flow,1,No Defects,R82,RFPD,41.8918190,-87.8051910,41.8918228,-87.8051529,1128050.25,1903609.13
29435,24 01020,2401020,X003330261,2024-02-22,11:17:00,2024-02-22 11:17:00,2024-02-22 14:51:28,7005 North Ave,7005,NORTH AVE,,0,0,0,0,Property Damage,No Injuries,Car,9,Parked Motor Vehicle,2,2,0,4,"$501 to $1,500",1,0,0,0,0,0,0,30,Improper Backing,28,Failing To Reduce Speed To Avoid Crash,1,No Controls,1,No Controls,1,Clear,1,Daylight,7,Parking Lot,1,Dry,1,Slow,1,No Defects,O20,O3,41.9088974,-87.8022308,41.9087868,-87.8015594,1128819.38,1909837.38
29436,24 01019,2401019,X003330263,2024-02-22,11:27:00,2024-02-22 11:27:00,2024-02-22 14:57:12,N Lombard Ave/Division St,,N LOMBARD AVE,DIVISION ST,1,1,0,0,Injury,B Injury Crash,Car,15,Angle,2,2,0,5,"Over $1,500",0,1,0,0,1,0,1,02,Failing To Yield Right-Of-Way,15,Driving Skills/Knowledge/Experience,2,Stop Sign,4,Functioning Properly,1,Clear,1,Daylight,1,Not Divided,1,Dry,3,Free Flow,1,No Defects,O10,O4,41.9019318,-87.7802811,41.9019394,-87.7802429,1134810.38,1907336.50
29441,24 01027,2401027,X003330650,2024-02-22,15:30:00,2024-02-22 15:30:00,2024-02-23 12:17:17,Oak Park/Madison,,OAK PARK,MADISON,0,0,0,0,Property Damage,No Injuries,Car,10,Turning (At Least One Vehicle),2,2,0,5,"Over $1,500",1,0,0,0,0,0,0,18,Unable To Determine,99,Not Applicable,3,Traffic Signal,4,Functioning Properly,1,Clear,1,Daylight,2,"Divided, No Median Barrier",1,Dry,,,1,No Defects,O60,O11,41.8797722,-87.7942200,41.8797722,-87.7942581,1131065.38,1899237.25
29442,24 01032,2401032,X003330652,2024-02-22,19:09:00,2024-02-22 19:09:00,2024-02-23 12:17:17,21 Harrison St,21,HARRISON ST,,0,0,0,0,Property Damage,No Injuries,Car,9,Parked Motor Vehicle,2,2,0,4,"$501 to $1,500",1,0,0,0,0,0,0,30,Improper Backing,99,Not Applicable,1,No Controls,1,No Controls,1,Clear,5,"Darkness, Lighted Road",1,Not Divided,1,Dry,1,Slow,1,No Defects,O80,O13,41.8727913,-87.7756271,41.8726692,-87.7753906,1136146.00,1896726.88
29439,24 01035,2401035,X003330269,2024-02-22,20:46:00,2024-02-22 20:46:00,2024-02-23 02:25:13,612 N Taylor Ave,612,N TAYLOR AVE,,0,0,0,1,Property Damage,No Injuries,Car,9,Parked Motor Vehicle,2,2,0,4,"$501 to $1,500",0,1,0,0,0,0,0,28,Failing To Reduce Speed To Avoid Crash,99,Not Applicable,1,No Controls,1,No Controls,1,Clear,5,"Darkness, Lighted Road",1,Not Divided,1,Dry,3,Free Flow,1,No Defects,O10,O4,41.8964844,-87.7784805,41.8969345,-87.7781982,1135312.50,1905355.50
29443,24 01036,2401036,X003330675,2024-02-22,22:55:00,2024-02-22 22:55:00,2024-02-23 12:17:18,N Lombard Ave/Lake St,,N LOMBARD AVE,LAKE ST,1,1,0,0,Injury,C Injury Crash,Car,10,Turning (At Least One Vehicle),3,2,0,5,"Over $1,500",0,1,0,0,0,3,3,28,Failing To Reduce Speed To Avoid Crash,99,Not Applicable,1,No Controls,1,No Controls,1,Clear,4,Darkness,14,Four-Way Intersection,1,Dry,3,Free Flow,1,No Defects,O30,O7,41.8881760,-87.7798462,41.8881798,-87.7798080,1134959.88,1902324.25
29440,24 01039,2401039,X003330686,2024-02-23,08:00:00,2024-02-23 08:00:00,2024-02-23 11:48:40,Euclid Ave/North Blvd,,EUCLID AVE,NORTH BLVD,0,1,0,0,Property Damage,No Injuries,Car,11,Front To Rear,3,3,0,4,"$501 to $1,500",1,0,0,0,0,0,0,28,Failing To Reduce Speed To Avoid Crash,99,Not Applicable,2,Stop Sign,4,Functioning Properly,1,Clear,1,Daylight,1,Not Divided,1,Dry,2,Stopped,1,No Defects,O30,O8,41.8873329,-87.7927246,41.8873329,-87.7926788,1131456.25,1901995.38