record_id,report_number,crash_id,idot_crash_number,date,time,occurred_at,record_added_at,location,street_number,street_name,cross_street,at_intersection,intersection_related,private_property,hit_and_run,crash_severity,crash_injury_severity,crash_mode,crash_type_code,crash_type,total_units,num_motor_vehicles,dooring_pedalcyclist,damage_code,damage,no_injury_drive_away,injury_or_towed,fatalities,a_injuries,b_injuries,c_injuries,total_injured,cause1_code,cause1,cause2_code,cause2,traffic_control_code,traffic_control,device_condition_code,device_condition,weather_code,weather,lighting_code,lighting,trafficway_code,trafficway,road_surface_code,road_surface,flow_condition_code,flow_condition,road_defects_code,road_defects,beat_zone,post_district,latitude,longitude,latitude_geocoded,longitude_geocoded,state_plane_x,state_plane_y
29448,24 01047,2401047,X003333147,2024-02-23,14:33:00,2024-02-23 14:33:00,2024-02-26 09:50:28,Madison St/S Scoville Ave,,MADISON ST,S SCOVILLE AVE,0,0,0,0,Property Damage,No Injuries,Car,11,Front To Rear,2,2,0,5,"Over $1,500",0,1,0,0,0,0,0,03,Following Too Closely,28,Failing To Reduce Speed To Avoid Crash,1,No Controls,1,No Controls,1,Clear,1,Daylight,2,"Divided, No Median Barrier",1,Dry,2,Stopped,1,No Defects,O60,O14,41.8798523,-87.7877274,41.8798714,-87.7881393,1132834.25,1899277.13
29450,24 01048,2401048,X003333150,2024-02-23,15:25:00,2024-02-23 15:25:00,2024-02-26 09:50:29,N Ridgeland Ave/Ontario St,,N RIDGELAND AVE,ONTARIO ST,1,1,0,0,Property Damage,No Injuries,Car,15,Angle,2,2,0,5,"Over $1,500",1,0,0,0,0,0,0,02,Failing To Yield Right-Of-Way,28,Failing To Reduce Speed To Avoid Crash,2,Stop Sign,4,Functioning Properly,8,Cloudy/Overcast,1,Daylight,14,Four-Way Intersection,1,Dry,1,Slow,1,No Defects,O30,O8,41.8903580,-87.7847900,41.8903656,-87.7847519,1133608.00,1903111.25
29451,24 01054,2401054,X003333153,2024-02-24,07:28:00,2024-02-24 07:28:00,2024-02-26 09:50:29,S Harlem Ave/Lexington,,S HARLEM AVE,LEXINGTON,0,0,0,0,Property Damage,No Injuries,Car,12,Sideswipe - Same Direction,2,2,0,5,"Over $1,500",0,1,0,0,0,0,0,15,Driving Skills/Knowledge/Experience,99,Not Applicable,1,No Controls,1,No Controls,1,Clear,1,Daylight,1,Not Divided,1,Dry,3,Free Flow,1,No Defects,O90,O18,41.8704796,-87.8043671,41.8704834,-87.8043976,1128323.00,1895834.00
29446,24 01057,2401057,X003333164,2024-02-24,12:23:00,2024-02-24 12:23:00,2024-02-26 09:50:27,1145 Lake St,1145,LAKE ST,,0,0,0,1,Property Damage,No Injuries,Car,9,Parked Motor Vehicle,2,2,0,5,"Over $1,500",1,0,0,0,0,0,0,18,Unable To Determine,99,Not Applicable,1,No Controls,1,No Controls,1,Clear,1,Daylight,7,Parking Lot,1,Dry,3,Free Flow,1,No Defects,O40,O9,41.8885536,-87.8050537,41.8882866,-87.8044128,1128096.13,1902419.63
29466,24 01060,2401060,X003338115,2024-02-24,16:34:00,2024-02-24 16:34:00,2024-03-01 14:16:19,Randolph St/Maple Ave,,RANDOLPH ST,MAPLE AVE,0,0,0,1,Property Damage,No Injuries,Car,9,Parked Motor Vehicle,3,3,0,5,"Over $1,500",1,0,0,0,0,0,0,18,Unable To Determine,99,Not Applicable,1,No Controls,1,No Controls,9,Unknown,9,Unknown,2,"Divided, No Median Barrier",9,Unknown,1,Slow,1,No Defects,O70,O12,41.8832130,-87.8039932,41.8832359,-87.8039932,1128397.38,1900474.13
29444,24 01073,2401073,X003332729,2024-02-25,08:43:00,2024-02-25 08:43:00,2024-02-25 14:00:03,S Austin Blvd/Harrison St,,S AUSTIN BLVD,HARRISON ST,0,0,0,0,Property Damage,No Injuries,Car,10,Turning (At Least One Vehicle),2,2,0,5,"Over $1,500",1,0,0,0,0,0,0,20,Improper Lane Usage,28,Failing To Reduce Speed To Avoid Crash,13,Other,4,Functioning Properly,1,Clear,1,Daylight,2,"Divided, No Median Barrier",9,Unknown,3,Free Flow,1,No Defects,O80,O13,41.8727799,-87.7744522,41.8727799,-87.7744141,1136465.25,1896723.75
29447,24 01078,2401078,X003333170,2024-02-25,15:47:00,2024-02-25 15:47:00,2024-02-26 09:50:28,S Austin Blvd/Garfield St,,S AUSTIN BLVD,GARFIELD ST,1,1,0,0,Property Damage,No Injuries,Car,15,Angle,2,2,0,5,"Over $1,500",1,0,0,0,0,0,0,02,Failing To Yield Right-Of-Way,28,Failing To Reduce Speed To Avoid Crash,2,Stop Sign,4,Functioning Properly,1,Clear,1,Daylight,14,Four-Way Intersection,1,Dry,3,Free Flow,1,No Defects,O90,O16,41.8704185,-87.7743530,41.8704224,-87.7743149,1136497.13,1895864.88
29445,24 01067,2401067,X003333168,2024-02-25,19:47:00,2024-02-25 19:47:00,2024-02-26 09:44:33,Oak Park/Madison,,OAK PARK,MADISON,1,1,0,0,Property Damage,No Injuries,Car,15,Angle,2,2,0,5,"Over $1,500",0,1,0,0,0,0,0,25,Disregarding Traffic Signals,99,Not Applicable,3,Traffic Signal,4,Functioning Properly,1,Clear,5,"Darkness, Lighted Road",14,Four-Way Intersection,1,Dry,3,Free Flow,1,No Defects,O60,O11,41.8797722,-87.7942200,41.8797722,-87.7942581,1131065.38,1899237.25
29453,24 01071,2401071,X003333169,2024-02-25,19:47:00,2024-02-25 19:47:00,2024-02-26 09:50:30,I290 Harlem Ave,I290,HARLEM AVE,,0,0,0,0,Property Damage,No Injuries,Car,10,Turning (At Least One Vehicle),2,2,0,5,"Over $1,500",0,1,0,0,0,0,0,25,Disregarding Traffic Signals,99,Not Applicable,3,Traffic Signal,4,Functioning Properly,1,Clear,5,"Darkness, Lighted Road",4,Two-Way Continuous Left-Turn Lane,1,Dry,3,Free Flow,1,No Defects,O70,O12,41.8818130,-87.8047943,41.8916893,-87.8042297,1128180.38,1899963.25
29455,24 01084,2401084,X003333184,2024-02-26,08:05:00,2024-02-26 08:05:00,2024-02-26 09:56:15,N Marion St/Lake St,,N MARION ST,LAKE ST,0,0,0,0,Property Damage,No Injuries,Car,12,Sideswipe - Same Direction,2,2,0,3,$500 or less,1,0,0,0,0,0,0,28,Failing To Reduce Speed To Avoid Crash,99,Not Applicable,1,No Controls,1,No Controls,1,Clear,1,Daylight,1,Not Divided,1,Dry,3,Free Flow,1,No Defects,O40,O9,41.8886414,-87.8025055,41.8886452,-87.8026276,1128789.13,1902455.00
29460,24 01093,2401093,X003334909,2024-02-26,12:33:00,2024-02-26 12:33:00,2024-02-27 10:04:27,Lake St/N East Ave,,LAKE ST,N EAST AVE,0,0,0,0,Property Damage,No Injuries,Car,11,Front To Rear,2,2,0,5,"Over $1,500",1,0,0,0,0,0,0,28,Failing To Reduce Speed To Avoid Crash,03,Following Too Closely,1,No Controls,1,No Controls,1,Clear,1,Daylight,1,Not Divided,1,Dry,2,Stopped,1,No Defects,O30,O8,41.8884582,-87.7895889,41.8884849,-87.7895889,1132306.13,1902410.38
29458,24 01094,2401094,X003333788,2024-02-26,12:41:00,2024-02-26 12:41:00,2024-02-26 19:32:29,S Lombard Ave/Harrison St,,S LOMBARD AVE,HARRISON ST,0,0,0,0,Property Damage,No Injuries,Car,9,Parked Motor Vehicle,2,2,0,5,"Over $1,500",1,0,0,0,0,0,0,18,Unable To Determine,28,Failing To Reduce Speed To Avoid Crash,2,Stop Sign,4,Functioning Properly,1,Clear,1,Daylight,1,Not Divided,1,Dry,3,Free Flow,1,No Defects,O80,O13,41.8727150,-87.7792740,41.8727150,-87.7793121,1135153.13,1896691.25
29461,24 01101,2401101,X003334910,2024-02-26,17:42:00,2024-02-26 17:42:00,2024-02-27 10:10:17,1034 Randolph St,1034,RANDOLPH ST,,0,0,0,0,Property Damage,No Injuries,Car,15,Angle,2,2,0,5,"Over $1,500",1,0,0,0,0,0,0,02,Failing To Yield Right-Of-Way,15,Driving Skills/Knowledge/Experience,1,No Controls,1,No Controls,1,Clear,5,"Darkness, Lighted Road",2,"Divided, No Median Barrier",1,Dry,3,Free Flow,1,No Defects,O70,O12,41.8833122,-87.8016892,41.8834343,-87.8016052,1129024.50,1900515.13
29462,24 01104,2401104,X003334911,2024-02-26,20:42:00,2024-02-26 20:42:00,2024-02-27 10:10:18,S Harlem Ave/Roosevelt Rd,,S HARLEM AVE,ROOSEVELT RD,1,1,0,0,Injury,B Injury Crash,Car,10,Turning (At Least One Vehicle),2,2,0,5,"Over $1,500",0,1,0,0,1,0,1,06,Improper Turning/No Signal,99,Not Applicable,1,No Controls,1,No Controls,1,Clear,4,Darkness,2,"Divided, No Median Barrier",1,Dry,1,Slow,1,No Defects,,,41.8649864,-87.8041687,41.8649864,-87.8042068,1128389.25,1893832.00
29464,24 01112,2401112,X003334912,2024-02-27,13:27:00,2024-02-27 13:27:00,2024-02-27 16:26:00,S East Ave/Madison St,,S EAST AVE,MADISON ST,0,0,0,0,Property Damage,No Injuries,Car,15,Angle,2,2,0,4,"$501 to $1,500",1,0,0,0,0,0,0,02,Failing To Yield Right-Of-Way,28,Failing To Reduce Speed To Avoid Crash,3,Traffic Signal,4,Functioning Properly,1,Clear,1,Daylight,1,Not Divided,1,Dry,3,Free Flow,1,No Defects,O60,O11,41.8798485,-87.7893219,41.8798523,-87.7893600,1132398.25,1899274.88
29468,24 01119,2401119,X003340359,2024-02-27,18:02:00,2024-02-27 18:02:00,2024-03-01 14:16:20,N Euclide Ave/Lake St,,N EUCLIDE AVE,LAKE ST,0,0,0,1,Property Damage,No Injuries,Car,9,Parked Motor Vehicle,2,2,0,3,$500 or less,1,0,0,0,0,0,0,18,Unable To Determine,99,Not Applicable,1,No Controls,1,No Controls,9,Unknown,1,Daylight,1,Not Divided,9,Unknown,,,1,No Defects,O30,O8,41.8885803,-87.7927322,41.8885841,-87.7926941,1131450.13,1902449.88
29465,24 01122,2401122,X003335472,2024-02-27,20:12:00,2024-02-27 20:12:00,2024-02-28 01:55:07,6415 North Ave,6415,NORTH AVE,,0,0,0,1,Property Damage,No Injuries,Car,9,Parked Motor Vehicle,3,3,0,4,"$501 to $1,500",1,0,0,0,0,0,0,15,Driving Skills/Knowledge/Experience,99,Not Applicable,1,No Controls,1,No Controls,2,Rain,5,"Darkness, Lighted Road",7,Parking Lot,2,Wet,,,1,No Defects,O20,O2,41.9090958,-87.7866363,41.9088325,-87.7853622,1133062.50,1909936.00
29470,24 01124,2401124,X003340367,2024-02-27,21:26:00,2024-02-27 21:26:00,2024-03-01 14:16:20,Erie St/N Kenilworth Ave,,ERIE ST,N KENILWORTH AVE,1,0,0,1,Property Damage,No Injuries,Car,9,Parked Motor Vehicle,2,2,0,3,$500 or less,1,0,0,0,0,0,0,99,Not Applicable,99,Not Applicable,1,No Controls,1,No Controls,9,Unknown,9,Unknown,1,Not Divided,9,Unknown,3,Free Flow,1,No Defects,O40,O9,41.8912468,-87.7975769,41.8912735,-87.7975845,1130124.38,1903413.63
29471,24 01125,2401125,X003338117,2024-02-27,22:13:00,2024-02-27 22:13:00,2024-03-01 14:16:20,Pleasant St/S Oak Park Ave,,PLEASANT ST,S OAK PARK AVE,0,0,0,1,Property Damage,No Injuries,Car,9,Parked Motor Vehicle,2,2,0,3,$500 or less,1,0,0,0,0,0,0,18,Unable To Determine,18,Unable To Determine,1,No Controls,1,No Controls,9,Unknown,9,Unknown,2,"Divided, No Median Barrier",9,Unknown,1,Slow,1,No Defects,O60,O11,41.8850136,-87.7944107,41.8851891,-87.7944183,1131001.38,1901147.25
29473,24 01128,2401128,X003338118,2024-02-28,07:54:00,2024-02-28 07:54:00,2024-03-01 14:16:21,Chicago Ave/Belleforte Ave,,CHICAGO AVE,BELLEFORTE AVE,1,1,0,0,Property Damage,No Injuries,Car,10,Turning (At Least One Vehicle),2,2,0,5,"Over $1,500",1,0,0,0,0,0,0,04,Improper Overtaking/Passing,99,Not Applicable,1,No Controls,1,No Controls,1,Clear,1,Daylight,1,Not Divided,1,Dry,3,Free Flow,1,No Defects,O40,O9,41.8942490,-87.8019180,41.8942795,-87.8019180,1128936.00,1904500.63
29474,24 01131,2401131,X003338119,2024-02-28,11:56:00,2024-02-28 11:56:00,2024-03-01 14:16:21,Garfield St/Humphrey,,GARFIELD ST,HUMPHREY,0,0,0,1,Property Damage,No Injuries,Car,15,Angle,2,2,0,4,"$501 to $1,500",1,0,0,0,0,0,0,06,Improper Turning/No Signal,28,Failing To Reduce Speed To Avoid Crash,1,No Controls,1,No Controls,1,Clear,1,Daylight,1,Not Divided,1,Dry,3,Free Flow,1,No Defects,O90,O16,41.8704758,-87.7755432,41.8705025,-87.7755432,1136173.00,1895882.75
29525,24 01135,2401135,X003346830,2024-02-28,14:22:00,2024-02-28 14:22:00,2024-03-11 09:15:56,N Oak Park Ave/Division St,,N OAK PARK AVE,DIVISION ST,0,0,0,0,Property Damage,No Injuries,Car,12,Sideswipe - Same Direction,2,2,0,4,"$501 to $1,500",1,0,0,0,0,0,0,04,Improper Overtaking/Passing,99,Not Applicable,1,No Controls,1,No Controls,1,Clear,1,Daylight,1,Not Divided,1,Dry,3,Free Flow,1,No Defects,O20,O6,41.9017029,-87.7949066,41.9017067,-87.7948685,1130829.63,1907227.50
29475,24 01136,2401136,X003338120,2024-02-28,14:50:00,2024-02-28 14:50:00,2024-03-01 14:16:21,Harlem Ave/Jackson,,HARLEM AVE,JACKSON,1,1,0,0,Property Damage,No Injuries,Car,11,Front To Rear,2,2,0,5,"Over $1,500",1,0,0,0,0,0,0,03,Following Too Closely,28,Failing To Reduce Speed To Avoid Crash,3,Traffic Signal,4,Functioning Properly,1,Clear,1,Daylight,1,Not Divided,1,Dry,3,Free Flow,1,No Defects,O60,O15,41.8759766,-87.8045654,41.8759842,-87.8046036,1128256.50,1897837.00
29478,24 01153,2401153,X003338123,2024-02-29,08:24:00,2024-02-29 08:24:00,2024-03-01 14:16:22,S Maple Ave/Washington Blvd,,S MAPLE AVE,WASHINGTON BLVD,1,1,0,0,Injury,C Injury Crash,Car,15,Angle,2,2,0,5,"Over $1,500",0,1,0,0,0,2,2,02,Failing To Yield Right-Of-Way,28,Failing To Reduce Speed To Avoid Crash,2,Stop Sign,4,Functioning Properly,1,Clear,1,Daylight,1,Not Divided,1,Dry,3,Free Flow,1,No Defects,O70,O12,41.8814201,-87.8038940,41.8814201,-87.8039246,1128428.25,1899821.25
29480,24 01154,2401154,X003338126,2024-02-29,09:00:00,2024-02-29 09:00:00,2024-03-01 14:16:22,S Euclid Ave/South Blvd,,S EUCLID AVE,SOUTH BLVD,0,0,0,0,Property Damage,No Injuries,Car,12,Sideswipe - Same Direction,2,2,0,4,"$501 to $1,500",1,0,0,0,0,0,0,18,Unable To Determine,99,Not Applicable,1,No Controls,1,No Controls,1,Clear,1,Daylight,1,Not Divided,1,Dry,3,Free Flow,1,No Defects,O60,O11,41.8869019,-87.7927551,41.8869095,-87.7927933,1131447.13,1901838.88
29482,24 01156,2401156,X003338128,2024-02-29,11:28:00,2024-02-29 11:28:00,2024-03-01 14:16:23,809 South Blvd,809,SOUTH BLVD,,0,0,0,0,Property Damage,No Injuries,Car,9,Parked Motor Vehicle,2,2,0,4,"$501 to $1,500",1,0,0,0,0,0,0,30,Improper Backing,28,Failing To Reduce Speed To Avoid Crash,1,No Controls,1,No Controls,1,Clear,1,Daylight,10,One-Way,1,Dry,3,Free Flow,1,No Defects,O60,O11,41.8868675,-87.7944641,41.8868027,-87.7950058,1130982.38,1901822.25
29530,24 01162,2401162,X003346833,2024-02-29,16:38:00,2024-02-29 16:38:00,2024-03-11 09:21:25,S Harlem Ave/Lexington St,,S HARLEM AVE,LEXINGTON ST,1,1,0,0,Property Damage,No Injuries,Car,15,Angle,2,2,0,5,"Over $1,500",0,1,0,0,0,0,0,02,Failing To Yield Right-Of-Way,14,"Vision Obscured (Signs, Tree Limbs, Buildings",2,Stop Sign,4,Functioning Properly,1,Clear,1,Daylight,2,"Divided, No Median Barrier",1,Dry,3,Free Flow,1,No Defects,O90,O18,41.8704796,-87.8043671,41.8704834,-87.8043976,1128323.00,1895834.00
29493,24 01181,2401181,X003340419,2024-03-01,17:04:00,2024-03-01 17:04:00,2024-03-04 10:23:01,S Austin Blvd/Harvard St,,S AUSTIN BLVD,HARVARD ST,0,0,0,1,Property Damage,No Injuries,Car,11,Front To Rear,2,2,0,5,"Over $1,500",1,0,0,0,0,0,0,28,Failing To Reduce Speed To Avoid Crash,18,Unable To Determine,1,No Controls,1,No Controls,1,Clear,1,Daylight,1,Not Divided,1,Dry,3,Free Flow,1,No Defects,O90,O16,41.8690949,-87.7743073,41.8690987,-87.7742691,1136514.25,1895381.25
29489,24 01185,2401185,X003340421,2024-03-01,20:59:00,2024-03-01 20:59:00,2024-03-04 10:17:35,Washington Blvd/Clinton Ave,,WASHINGTON BLVD,CLINTON AVE,1,1,0,0,Property Damage,No Injuries,Car,11,Front To Rear,2,2,0,4,"$501 to $1,500",1,0,0,0,0,0,0,03,Following Too Closely,99,Not Applicable,1,No Controls,1,No Controls,1,Clear,4,Darkness,1,Not Divided,1,Dry,3,Free Flow,1,No Defects,O70,O12,41.8814812,-87.7984543,41.8815079,-87.7984543,1129908.88,1899853.63
29488,24 01206,2401206,X003340436,2024-03-02,08:12:00,2024-03-02 08:12:00,2024-03-04 10:12:07,N Harlem Ave/Madison St,,N HARLEM AVE,MADISON ST,0,0,0,0,Property Damage,No Injuries,Car,11,Front To Rear,2,2,0,4,"$501 to $1,500",1,0,0,0,0,0,0,03,Following Too Closely,28,Failing To Reduce Speed To Avoid Crash,3,Traffic Signal,4,Functioning Properly,1,Clear,1,Daylight,4,Two-Way Continuous Left-Turn Lane,1,Dry,2,Stopped,1,No Defects,F2,FPPD,41.8796730,-87.8047714,41.8796654,-87.8047333,1128192.88,1899183.13
29487,24 01190,2401190,X003340423,2024-03-02,10:09:00,2024-03-02 10:09:00,2024-03-04 10:12:07,N Austin Blvd/Madison St,,N AUSTIN BLVD,MADISON ST,0,0,0,1,Property Damage,No Injuries,Car,11,Front To Rear,3,3,0,4,"$501 to $1,500",1,0,0,0,0,0,0,28,Failing To Reduce Speed To Avoid Crash,99,Not Applicable,3,Traffic Signal,4,Functioning Properly,1,Clear,1,Daylight,2,"Divided, No Median Barrier",1,Dry,2,Stopped,1,No Defects,,,41.8800926,-87.7746201,41.8800888,-87.7746582,1136401.50,1899388.00
29484,24 01193,2401193,X003340426,2024-03-02,13:39:00,2024-03-02 13:39:00,2024-03-04 10:06:41,S Harlem Ave/Jackson,,S HARLEM AVE,JACKSON,0,0,0,0,Property Damage,No Injuries,Car,11,Front To Rear,2,2,0,4,"$501 to $1,500",1,0,0,0,0,0,0,28,Failing To Reduce Speed To Avoid Crash,15,Driving Skills/Knowledge/Experience,1,No Controls,1,No Controls,1,Clear,1,Daylight,1,Not Divided,1,Dry,1,Slow,1,No Defects,O60,O15,41.8759766,-87.8045654,41.8759842,-87.8046036,1128256.50,1897837.00
29485,24 01194,2401194,X003340428,2024-03-02,13:55:00,2024-03-02 13:55:00,2024-03-04 10:06:41,N Elmwood Ave/Chicago Ave,,N ELMWOOD AVE,CHICAGO AVE,1,1,0,0,Property Damage,No Injuries,Car,15,Angle,2,2,0,5,"Over $1,500",0,1,0,0,0,0,0,02,Failing To Yield Right-Of-Way,14,"Vision Obscured (Signs, Tree Limbs, Buildings",2,Stop Sign,4,Functioning Properly,1,Clear,1,Daylight,14,Four-Way Intersection,1,Dry,1,Slow,1,No Defects,O30,O8,41.8945389,-87.7865448,41.8945503,-87.7865067,1133121.50,1904632.38
29495,24 01195,2401195,X003340429,2024-03-02,14:05:00,2024-03-02 14:05:00,2024-03-04 10:23:01,Randolph/Oak Park,,RANDOLPH,OAK PARK,0,0,0,0,Property Damage,No Injuries,Car,10,Turning (At Least One Vehicle),2,2,0,3,$500 or less,1,0,0,0,0,0,0,03,Following Too Closely,28,Failing To Reduce Speed To Avoid Crash,2,Stop Sign,4,Functioning Properly,1,Clear,1,Daylight,3,Divided With Median Barrier,1,Dry,2,Stopped,1,No Defects,O60,O11,41.8832703,-87.7943573,41.8834534,-87.7943649,1131020.00,1900511.75
29491,24 01202,2401202,X003340431,2024-03-03,03:58:00,2024-03-03 03:58:00,2024-03-04 10:17:36,808 N Elmwood Ave,808,N ELMWOOD AVE,,0,0,0,0,Property Damage,No Injuries,Car,6,Fixed Object,1,1,0,5,"Over $1,500",0,1,0,0,0,0,0,08,Under The Influence Of Alc/Drugs-Use For Dui,99,Not Applicable,1,No Controls,1,No Controls,1,Clear,5,"Darkness, Lighted Road",1,Not Divided,1,Dry,3,Free Flow,1,No Defects,O20,O5,41.8998604,-87.7867203,41.9001923,-87.7864456,1133060.50,1906570.75
29496,24 01203,2401203,X003340434,2024-03-03,04:25:00,2024-03-03 04:25:00,2024-03-04 10:17:36,202 Washington Blvd,202,WASHINGTON BLVD,,0,1,0,1,Injury,B Injury Crash,Car,6,Fixed Object,3,1,0,5,"Over $1,500",0,1,0,0,1,0,1,18,Unable To Determine,08,Under The Influence Of Alc/Drugs-Use For Dui,3,Traffic Signal,4,Functioning Properly,1,Clear,4,Darkness,14,Four-Way Intersection,1,Dry,3,Free Flow,1,No Defects,O50,O10,41.8818893,-87.7797241,41.8819847,-87.7798004,1135007.88,1900034.00
29500,24 01247,2401247,X003342400,2024-03-03,10:22:00,2024-03-03 10:22:00,2024-03-06 09:49:01,1124 N Humphrey Ave,1124,N HUMPHREY AVE,GREENFIELD ST,0,0,0,1,Property Damage,No Injuries,Car,9,Parked Motor Vehicle,2,2,0,3,$500 or less,1,0,0,0,0,0,0,28,Failing To Reduce Speed To Avoid Crash,99,Not Applicable,1,No Controls,1,No Controls,9,Unknown,9,Unknown,1,Not Divided,9,Unknown,3,Free Flow,1,No Defects,O10,O1,41.9058609,-87.7767868,41.9068337,-87.7766113,1135751.13,1908774.00
29492,24 01210,2401210,X003340440,2024-03-03,11:53:00,2024-03-03 11:53:00,2024-03-04 10:17:36,509 N Oak Park Ave,509,N OAK PARK AVE,,0,0,0,0,Property Damage,No Injuries,Car,11,Front To Rear,2,2,0,5,"Over $1,500",0,1,0,0,0,0,0,40,Distraction - From Outside Vehicle,28,Failing To Reduce Speed To Avoid Crash,3,Traffic Signal,4,Functioning Properly,1,Clear,1,Daylight,1,Not Divided,1,Dry,3,Free Flow,1,No Defects,O20,O6,41.8998756,-87.7948608,41.8948937,-87.7951736,1130845.88,1906562.25
29494,24 01213,2401213,X003340441,2024-03-03,15:34:00,2024-03-03 15:34:00,2024-03-04 10:23:01,N Austin Blvd/Washington Blvd,,N AUSTIN BLVD,WASHINGTON BLVD,1,1,0,0,Property Damage,No Injuries,Car,11,Front To Rear,2,2,0,4,"$501 to $1,500",1,0,0,0,0,0,0,28,Failing To Reduce Speed To Avoid Crash,03,Following Too Closely,3,Traffic Signal,4,Functioning Properly,1,Clear,1,Daylight,2,"Divided, No Median Barrier",1,Dry,2,Stopped,1,No Defects,,,41.8821068,-87.7746887,41.8821106,-87.7747269,1136378.00,1900122.38
29822,24 02344,2402344,X003397590,2024-03-03,16:30:00,2024-03-03 16:30:00,2024-04-30 09:46:46,S Maple Ave/Pleasant St,,S MAPLE AVE,PLEASANT ST,0,0,0,0,Property Damage,No Injuries,Car,9,Parked Motor Vehicle,2,2,0,4,"$501 to $1,500",1,0,0,0,0,0,0,28,Failing To Reduce Speed To Avoid Crash,18,Unable To Determine,1,No Controls,1,No Controls,9,Unknown,9,Unknown,7,Parking Lot,9,Unknown,1,Slow,99,Unknown,O70,O12,41.8854256,-87.8040314,41.8854256,-87.8040695,1128380.75,1901280.00
29517,24 01215,2401215,X003345047,2024-03-03,18:19:00,2024-03-03 18:19:00,2024-03-08 08:10:15,Madison St/S Ridgeland Ave,,MADISON ST,S RIDGELAND AVE,0,0,0,0,Property Damage,No Injuries,Car,15,Angle,2,2,0,3,$500 or less,1,0,0,0,0,0,0,18,Unable To Determine,18,Unable To Determine,1,No Controls,1,No Controls,1,Clear,1,Daylight,2,"Divided, No Median Barrier",1,Dry,1,Slow,1,No Defects,O80,O13,41.8799019,-87.7844620,41.8799324,-87.7844620,1133723.63,1899302.88
29526,24 01216,2401216,X003346835,2024-03-03,19:20:00,2024-03-03 19:20:00,2024-03-11 09:21:24,Division St/N Oak Park Ave,,DIVISION ST,N OAK PARK AVE,1,1,0,0,Injury,B Injury Crash,Car,15,Angle,2,2,0,5,"Over $1,500",0,1,0,0,1,1,2,25,Disregarding Traffic Signals,02,Failing To Yield Right-Of-Way,3,Traffic Signal,4,Functioning Properly,1,Clear,5,"Darkness, Lighted Road",1,Not Divided,1,Dry,,,1,No Defects,O20,O5,41.9016762,-87.7948608,41.9017067,-87.7948685,1130840.88,1907218.25
29483,24 01224,2401224,X003340448,2024-03-04,03:26:00,2024-03-04 03:26:00,2024-03-04 05:21:12,Austin Bl/Division St,,AUSTIN BL,DIVISION ST,0,0,0,1,Injury,B Injury Crash,Car,9,Parked Motor Vehicle,2,2,0,5,"Over $1,500",0,1,0,0,1,0,1,18,Unable To Determine,99,Not Applicable,1,No Controls,1,No Controls,1,Clear,5,"Darkness, Lighted Road",1,Not Divided,1,Dry,,,1,No Defects,,,41.9019966,-87.7753296,41.9020004,-87.7753677,1136156.75,1907368.88
29499,24 01236,2401236,X003342382,2024-03-04,16:36:00,2024-03-04 16:36:00,2024-03-06 09:54:30,Maple Ave/Adams St,,MAPLE AVE,ADAMS ST,0,0,0,1,Property Damage,No Injuries,Car,9,Parked Motor Vehicle,2,2,0,5,"Over $1,500",1,0,0,0,0,0,0,28,Failing To Reduce Speed To Avoid Crash,18,Unable To Determine,1,No Controls,1,No Controls,1,Clear,1,Daylight,7,Parking Lot,1,Dry,1,Slow,1,No Defects,O60,O15,41.8767738,-87.8038025,41.8767738,-87.8037643,1128462.00,1898128.38
29498,24 01244,2401244,X003341888,2024-03-04,23:22:00,2024-03-04 23:22:00,2024-03-05 10:38:17,Harrison St/S Oak Park Ave,,HARRISON ST,S OAK PARK AVE,1,0,0,1,Property Damage,No Injuries,Car,11,Front To Rear,2,2,0,4,"$501 to $1,500",1,0,0,0,0,0,0,28,Failing To Reduce Speed To Avoid Crash,99,Not Applicable,3,Traffic Signal,3,Functioning Improperly,8,Cloudy/Overcast,5,"Darkness, Lighted Road",1,Not Divided,2,Wet,3,Free Flow,1,No Defects,O60,O15,41.8727799,-87.7940292,41.8728065,-87.7940140,1131133.75,1896689.63
29504,24 01245,2401245,X003342397,2024-03-05,06:11:00,2024-03-05 06:11:00,2024-03-06 09:59:58,Division St/N Austin Blvd,,DIVISION ST,N AUSTIN BLVD,1,1,0,0,Injury,A Injury Crash,Pedestrian,1,Pedestrian,2,1,0,4,"$501 to $1,500",0,1,0,1,0,0,1,02,Failing To Yield Right-Of-Way,99,Not Applicable,1,No Controls,1,No Controls,2,Rain,5,"Darkness, Lighted Road",1,Not Divided,2,Wet,3,Free Flow,1,No Defects,O10,O4,41.9019699,-87.7753677,41.9020004,-87.7753677,1136146.63,1907359.88