record_id,report_number,crash_id,idot_crash_number,date,time,occurred_at,record_added_at,location,street_number,street_name,cross_street,at_intersection,intersection_related,private_property,hit_and_run,crash_severity,crash_injury_severity,crash_mode,crash_type_code,crash_type,total_units,num_motor_vehicles,dooring_pedalcyclist,damage_code,damage,no_injury_drive_away,injury_or_towed,fatalities,a_injuries,b_injuries,c_injuries,total_injured,cause1_code,cause1,cause2_code,cause2,traffic_control_code,traffic_control,device_condition_code,device_condition,weather_code,weather,lighting_code,lighting,trafficway_code,trafficway,road_surface_code,road_surface,flow_condition_code,flow_condition,road_defects_code,road_defects,beat_zone,post_district,latitude,longitude,latitude_geocoded,longitude_geocoded,state_plane_x,state_plane_y
29501,24 01250,2401250,X003342466,2024-03-05,11:30:00,2024-03-05 11:30:00,2024-03-06 09:49:01,617 N Taylor Ave,617,N TAYLOR AVE,,0,0,0,1,Property Damage,No Injuries,Car,9,Parked Motor Vehicle,2,2,0,4,"$501 to $1,500",1,0,0,0,0,0,0,18,Unable To Determine,18,Unable To Determine,1,No Controls,1,No Controls,8,Cloudy/Overcast,1,Daylight,1,Not Divided,1,Dry,3,Free Flow,1,No Defects,O10,O4,41.8964844,-87.7784805,41.8971787,-87.7786942,1135312.50,1905355.50
29505,24 01251,2401251,X003342468,2024-03-05,12:06:00,2024-03-05 12:06:00,2024-03-06 09:54:30,6533 North Ave,6533,NORTH AVE,,0,0,0,0,Property Damage,No Injuries,Car,9,Parked Motor Vehicle,2,2,0,4,"$501 to $1,500",1,0,0,0,0,0,0,04,Improper Overtaking/Passing,99,Not Applicable,1,No Controls,1,No Controls,1,Clear,1,Daylight,2,"Divided, No Median Barrier",1,Dry,3,Free Flow,1,No Defects,O20,O2,41.9090767,-87.7882614,41.9089584,-87.7889328,1132621.63,1909926.00
29502,24 01257,2401257,X003342478,2024-03-05,14:43:00,2024-03-05 14:43:00,2024-03-06 09:54:30,Pleasant St/S Harvey Ave,,PLEASANT ST,S HARVEY AVE,1,1,0,0,Property Damage,No Injuries,Car,10,Turning (At Least One Vehicle),2,2,0,5,"Over $1,500",1,0,0,0,0,0,0,02,Failing To Yield Right-Of-Way,28,Failing To Reduce Speed To Avoid Crash,2,Stop Sign,4,Functioning Properly,8,Cloudy/Overcast,1,Daylight,1,Not Divided,1,Dry,3,Free Flow,1,No Defects,O50,O10,41.8852386,-87.7813339,41.8852615,-87.7813339,1134562.50,1901251.63
29521,24 01260,2401260,X003345049,2024-03-05,17:16:00,2024-03-05 17:16:00,2024-03-08 13:38:02,Harrison St/S Ridgeland Ave,,HARRISON ST,S RIDGELAND AVE,1,0,0,0,Property Damage,No Injuries,Car,10,Turning (At Least One Vehicle),2,2,0,5,"Over $1,500",1,0,0,0,0,0,0,20,Improper Lane Usage,28,Failing To Reduce Speed To Avoid Crash,3,Traffic Signal,4,Functioning Properly,1,Clear,3,Dusk,1,Not Divided,1,Dry,1,Slow,1,No Defects,O80,O13,41.8726044,-87.7842178,41.8726349,-87.7842178,1133806.88,1896642.25
29510,24 01282,2401282,X003343382,2024-03-06,15:27:00,2024-03-06 15:27:00,2024-03-07 09:21:15,1137 S Ridgeland Ave,,1137 S RIDGELAND AVE,FILLMORE,0,0,0,0,Property Damage,No Injuries,Car,9,Parked Motor Vehicle,2,2,0,5,"Over $1,500",0,1,0,0,0,0,0,20,Improper Lane Usage,15,Driving Skills/Knowledge/Experience,1,No Controls,1,No Controls,1,Clear,1,Daylight,1,Not Divided,1,Dry,3,Free Flow,1,No Defects,O90,O16,41.8671608,-87.7839889,41.8676300,-87.7842102,1133880.25,1894659.13
29509,24 01283,2401283,X003343387,2024-03-06,15:50:00,2024-03-06 15:50:00,2024-03-07 09:15:51,North Ave/N Grove Ave,,NORTH AVE,N GROVE AVE,0,0,0,1,Property Damage,No Injuries,Car,11,Front To Rear,2,2,0,4,"$501 to $1,500",1,0,0,0,0,0,0,03,Following Too Closely,28,Failing To Reduce Speed To Avoid Crash,1,No Controls,1,No Controls,1,Clear,1,Daylight,3,Divided With Median Barrier,1,Dry,1,Slow,1,No Defects,O20,O3,41.9089737,-87.7965546,41.9090042,-87.7965546,1130363.63,1909874.38
29511,24 01288,2401288,X003343394,2024-03-06,18:37:00,2024-03-06 18:37:00,2024-03-07 09:21:15,Lake St/Ridgeland,,LAKE ST,RIDGELAND,0,0,0,0,Property Damage,No Injuries,Car,9,Parked Motor Vehicle,2,2,0,4,"$501 to $1,500",1,0,0,0,0,0,0,02,Failing To Yield Right-Of-Way,18,Unable To Determine,1,No Controls,1,No Controls,1,Clear,1,Daylight,1,Not Divided,1,Dry,3,Free Flow,1,No Defects,O30,O7,41.8882980,-87.7846985,41.8883209,-87.7846985,1133638.38,1902360.50
29548,24 01291,2401291,X003349003,2024-03-07,07:48:00,2024-03-07 07:48:00,2024-03-13 09:20:51,426 S Lombard Ave,426,S LOMBARD AVE,,0,0,0,0,Injury,B Injury Crash,Pedalcyclist,2,Pedalcyclist,2,1,1,3,$500 or less,0,1,0,0,1,0,1,02,Failing To Yield Right-Of-Way,15,Driving Skills/Knowledge/Experience,1,No Controls,1,No Controls,1,Clear,1,Daylight,1,Not Divided,1,Dry,3,Free Flow,1,No Defects,O50,O10,41.8809051,-87.7796249,41.8808594,-87.7793732,1135038.00,1899675.38
29514,24 01292,2401292,X003343967,2024-03-07,08:17:00,2024-03-07 08:17:00,2024-03-07 16:36:22,Chicago Ave/N Lombard Ave,,CHICAGO AVE,N LOMBARD AVE,0,0,0,1,Property Damage,No Injuries,Car,9,Parked Motor Vehicle,3,3,0,5,"Over $1,500",1,0,0,0,0,0,0,28,Failing To Reduce Speed To Avoid Crash,18,Unable To Determine,1,No Controls,1,No Controls,1,Clear,9,Unknown,1,Not Divided,1,Dry,3,Free Flow,1,No Defects,O30,O7,41.8946152,-87.7799988,41.8946495,-87.7800064,1134903.13,1904671.63
29513,24 01293,2401293,X003343966,2024-03-07,08:27:00,2024-03-07 08:27:00,2024-03-07 16:36:21,Madison/Wisconsin,,MADISON,WISCONSIN,0,0,0,0,Property Damage,No Injuries,Car,12,Sideswipe - Same Direction,2,2,0,3,$500 or less,1,0,0,0,0,0,0,20,Improper Lane Usage,99,Not Applicable,1,No Controls,1,No Controls,1,Clear,1,Daylight,1,Not Divided,1,Dry,3,Free Flow,1,No Defects,O60,O15,41.8796082,-87.8023148,41.8796387,-87.8023148,1128861.88,1899164.00
29515,24 01296,2401296,X003343968,2024-03-07,10:08:00,2024-03-07 10:08:00,2024-03-07 16:36:22,S Austin Blvd/Garfield St,,S AUSTIN BLVD,GARFIELD ST,1,1,0,0,Property Damage,No Injuries,Car,11,Front To Rear,3,3,0,5,"Over $1,500",1,0,0,0,0,0,0,18,Unable To Determine,99,Not Applicable,1,No Controls,1,No Controls,1,Clear,1,Daylight,14,Four-Way Intersection,1,Dry,1,Slow,1,No Defects,O90,O16,41.8704185,-87.7743530,41.8704224,-87.7743149,1136497.13,1895864.88
29516,24 01297,2401297,X003343969,2024-03-07,12:32:00,2024-03-07 12:32:00,2024-03-07 16:30:58,Washington Blvd/S Kenilworth Ave,,WASHINGTON BLVD,S KENILWORTH AVE,0,0,0,1,Property Damage,No Injuries,Car,9,Parked Motor Vehicle,2,2,0,3,$500 or less,1,0,0,0,0,0,0,18,Unable To Determine,18,Unable To Determine,1,No Controls,1,No Controls,1,Clear,1,Daylight,1,Not Divided,1,Dry,3,Free Flow,1,No Defects,O70,O12,41.8815270,-87.7969742,41.8815537,-87.7969742,1130311.88,1899872.13
29537,24 01322,2401322,X003346904,2024-03-08,06:53:00,2024-03-08 06:53:00,2024-03-11 09:27:02,Harlem Ave/Greenfield St,,HARLEM AVE,GREENFIELD ST,0,0,0,1,Injury,B Injury Crash,Car,18,Rear To Front,3,3,0,5,"Over $1,500",0,1,0,0,2,0,2,28,Failing To Reduce Speed To Avoid Crash,99,Not Applicable,1,No Controls,1,No Controls,2,Rain,1,Daylight,2,"Divided, No Median Barrier",2,Wet,1,Slow,1,No Defects,R81,RFPD,41.9052124,-87.8056869,41.9052162,-87.8056488,1127886.25,1908488.50
29522,24 01314,2401314,X003345050,2024-03-08,08:14:00,2024-03-08 08:14:00,2024-03-08 13:38:02,S Harlem Ave/Lexington St,,S HARLEM AVE,LEXINGTON ST,1,1,0,0,Property Damage,No Injuries,Car,10,Turning (At Least One Vehicle),2,2,0,5,"Over $1,500",1,0,0,0,0,0,0,02,Failing To Yield Right-Of-Way,14,"Vision Obscured (Signs, Tree Limbs, Buildings",1,No Controls,1,No Controls,1,Clear,1,Daylight,2,"Divided, No Median Barrier",2,Wet,3,Free Flow,1,No Defects,O90,O18,41.8704796,-87.8043671,41.8704834,-87.8043976,1128323.00,1895834.00
29531,24 01319,2401319,X003346880,2024-03-08,12:21:00,2024-03-08 12:21:00,2024-03-11 09:26:55,Madison St/S Humphrey Ave,,MADISON ST,S HUMPHREY AVE,1,1,0,0,Injury,C Injury Crash,Car,10,Turning (At Least One Vehicle),2,2,0,5,"Over $1,500",0,1,0,0,0,1,1,02,Failing To Yield Right-Of-Way,28,Failing To Reduce Speed To Avoid Crash,2,Stop Sign,4,Functioning Properly,2,Rain,1,Daylight,3,Divided With Median Barrier,2,Wet,3,Free Flow,1,No Defects,O80,O13,41.8800392,-87.7758865,41.8800697,-87.7758865,1136058.00,1899366.00
29529,24 01321,2401321,X003346893,2024-03-08,12:46:00,2024-03-08 12:46:00,2024-03-11 09:21:25,Oak Park Ave/Jackson Blvd,,OAK PARK AVE,JACKSON BLVD,1,1,0,0,Injury,C Injury Crash,Car,15,Angle,2,2,0,5,"Over $1,500",0,1,0,0,0,2,2,02,Failing To Yield Right-Of-Way,28,Failing To Reduce Speed To Avoid Crash,3,Traffic Signal,4,Functioning Properly,2,Rain,1,Daylight,2,"Divided, No Median Barrier",2,Wet,1,Slow,1,No Defects,O60,O14,41.8761177,-87.7940979,41.8761177,-87.7941284,1131107.63,1897906.13
29595,24 01323,2401323,X003356362,2024-03-08,15:26:00,2024-03-08 15:26:00,2024-03-20 10:20:26,N Lombard Ave/Division St,,N LOMBARD AVE,DIVISION ST,1,1,0,0,Property Damage,No Injuries,Car,16,Rear To Side,2,2,0,5,"Over $1,500",0,1,0,0,0,0,0,02,Failing To Yield Right-Of-Way,99,Not Applicable,1,No Controls,1,No Controls,2,Rain,1,Daylight,1,Not Divided,2,Wet,3,Free Flow,1,No Defects,O10,O4,41.9019318,-87.7802811,41.9019394,-87.7802429,1134810.38,1907336.50
29536,24 01325,2401325,X003346917,2024-03-08,17:35:00,2024-03-08 17:35:00,2024-03-11 09:27:01,S Ridgeland Ave/Pleasant St,,S RIDGELAND AVE,PLEASANT ST,1,1,0,0,Property Damage,No Injuries,Car,15,Angle,2,2,0,5,"Over $1,500",0,1,0,0,0,0,0,02,Failing To Yield Right-Of-Way,18,Unable To Determine,2,Stop Sign,4,Functioning Properly,2,Rain,1,Daylight,14,Four-Way Intersection,2,Wet,3,Free Flow,1,No Defects,O50,O10,41.8852119,-87.7845764,41.8852081,-87.7846069,1133679.25,1901236.63
29557,24 01333,2401333,X003350996,2024-03-09,10:36:00,2024-03-09 10:36:00,2024-03-14 09:15:23,Ontario St/Scoville Ave,,ONTARIO ST,SCOVILLE AVE,0,0,0,0,Property Damage,No Injuries,Car,9,Parked Motor Vehicle,2,2,0,4,"$501 to $1,500",1,0,0,0,0,0,0,30,Improper Backing,28,Failing To Reduce Speed To Avoid Crash,1,No Controls,1,No Controls,1,Clear,1,Daylight,1,Not Divided,1,Dry,1,Slow,1,No Defects,O30,O8,41.8902779,-87.7880096,41.8903122,-87.7880173,1132732.63,1903076.63
29538,24 01332,2401332,X003346920,2024-03-09,10:43:00,2024-03-09 10:43:00,2024-03-11 09:27:02,Lake St/Marion,,LAKE ST,MARION,0,0,0,1,Property Damage,No Injuries,Car,16,Rear To Side,2,2,0,3,$500 or less,1,0,0,0,0,0,0,30,Improper Backing,28,Failing To Reduce Speed To Avoid Crash,1,No Controls,1,No Controls,1,Clear,1,Daylight,2,"Divided, No Median Barrier",1,Dry,3,Free Flow,1,No Defects,O40,O9,41.8886185,-87.8026276,41.8886452,-87.8026276,1128756.38,1902446.75
29583,24 01430,2401430,X003354674,2024-03-09,11:46:00,2024-03-09 11:46:00,2024-03-18 16:25:01,1043 Highland Ave,1043,HIGHLAND AVE,,0,0,0,1,Property Damage,No Injuries,Car,9,Parked Motor Vehicle,2,2,0,5,"Over $1,500",1,0,0,0,0,0,0,20,Improper Lane Usage,99,Not Applicable,1,No Controls,1,No Controls,1,Clear,5,"Darkness, Lighted Road",1,Not Divided,1,Dry,3,Free Flow,1,No Defects,O90,O16,41.8693161,-87.7816086,41.8693123,-87.7818222,1134525.25,1895449.63
29539,24 01336,2401336,X003346922,2024-03-09,14:28:00,2024-03-09 14:28:00,2024-03-11 09:27:02,200 Madison St,200,MADISON ST,,0,0,0,1,Property Damage,No Injuries,Pedestrian,1,Pedestrian,2,1,0,5,"Over $1,500",1,0,0,0,0,0,0,28,Failing To Reduce Speed To Avoid Crash,99,Not Applicable,1,No Controls,1,No Controls,1,Clear,1,Daylight,1,Not Divided,1,Dry,3,Free Flow,1,No Defects,O80,O13,41.8800507,-87.7795563,41.8800774,-87.7796402,1135057.00,1899364.50
29532,24 01337,2401337,X003346925,2024-03-09,14:46:00,2024-03-09 14:46:00,2024-03-11 09:26:55,N Austin Blvd/Chicago Ave,,N AUSTIN BLVD,CHICAGO AVE,0,0,0,0,Property Damage,No Injuries,Car,10,Turning (At Least One Vehicle),2,2,0,5,"Over $1,500",1,0,0,0,0,0,0,02,Failing To Yield Right-Of-Way,99,Not Applicable,1,No Controls,1,No Controls,1,Clear,1,Daylight,1,Not Divided,1,Dry,3,Free Flow,1,No Defects,,,41.8947105,-87.7751083,41.8947105,-87.7751389,1136235.63,1904714.63
29533,24 01341,2401341,X003346927,2024-03-09,17:30:00,2024-03-09 17:30:00,2024-03-11 09:26:55,832 N Ridgeland Ave,832,N RIDGELAND AVE,,0,0,0,1,Property Damage,No Injuries,Car,9,Parked Motor Vehicle,2,2,0,3,$500 or less,1,0,0,0,0,0,0,20,Improper Lane Usage,99,Not Applicable,1,No Controls,1,No Controls,1,Clear,1,Daylight,2,"Divided, No Median Barrier",1,Dry,3,Free Flow,1,No Defects,O10,O4,41.9008331,-87.7850571,41.9011192,-87.7848968,1133511.63,1906927.00
29534,24 01352,2401352,X003346928,2024-03-10,04:19:00,2024-03-10 04:19:00,2024-03-11 09:21:25,123 Madison St,123,MADISON ST,,0,0,0,0,Property Damage,No Injuries,Car,6,Fixed Object,1,1,0,5,"Over $1,500",1,0,0,0,0,0,0,28,Failing To Reduce Speed To Avoid Crash,99,Not Applicable,1,No Controls,1,No Controls,1,Clear,5,"Darkness, Lighted Road",7,Parking Lot,1,Dry,3,Free Flow,1,No Defects,O80,O13,41.8800011,-87.7789688,41.8797798,-87.7789154,1135219.75,1899347.38
29527,24 01359,2401359,X003346930,2024-03-10,14:59:00,2024-03-10 14:59:00,2024-03-11 09:21:24,Roosevelt Rd/Clarence Ave,,ROOSEVELT RD,CLARENCE AVE,0,0,0,0,Property Damage,No Injuries,Car,12,Sideswipe - Same Direction,2,2,0,5,"Over $1,500",1,0,0,0,0,0,0,28,Failing To Reduce Speed To Avoid Crash,20,Improper Lane Usage,1,No Controls,1,No Controls,1,Clear,1,Daylight,2,"Divided, No Median Barrier",9,Unknown,1,Slow,1,No Defects,O90,O17,41.8652534,-87.7900925,41.8652267,-87.7900925,1132223.25,1893954.50
29549,24 01379,2401379,X003349010,2024-03-12,07:46:00,2024-03-12 07:46:00,2024-03-13 09:20:52,Madison St/Wisconsin Ave,,MADISON ST,WISCONSIN AVE,0,0,0,1,Property Damage,No Injuries,Car,9,Parked Motor Vehicle,3,3,0,5,"Over $1,500",0,1,0,0,0,0,0,17,Physical Condition Of Driver,20,Improper Lane Usage,1,No Controls,1,No Controls,1,Clear,1,Daylight,1,Not Divided,1,Dry,3,Free Flow,1,No Defects,O60,O15,41.8796082,-87.8023148,41.8796387,-87.8023148,1128861.88,1899164.00
29546,24 01384,2401384,X003349014,2024-03-12,12:34:00,2024-03-12 12:34:00,2024-03-13 09:15:21,S Harlem Ave/Garfield St,,S HARLEM AVE,GARFIELD ST,0,0,0,1,Property Damage,No Injuries,Car,12,Sideswipe - Same Direction,2,2,0,3,$500 or less,1,0,0,0,0,0,0,03,Following Too Closely,18,Unable To Determine,1,No Controls,1,No Controls,1,Clear,1,Daylight,1,Not Divided,1,Dry,1,Slow,1,No Defects,O90,O18,41.8723068,-87.8044357,41.8723183,-87.8044663,1128300.88,1896500.75
29547,24 01386,2401386,X003349018,2024-03-12,13:25:00,2024-03-12 13:25:00,2024-03-13 09:15:21,Madison St/S Ridgeland Ave,,MADISON ST,S RIDGELAND AVE,0,1,0,0,Property Damage,No Injuries,Car,11,Front To Rear,2,2,0,5,"Over $1,500",1,0,0,0,0,0,0,41,Distraction - From Inside Vehicle,28,Failing To Reduce Speed To Avoid Crash,3,Traffic Signal,4,Functioning Properly,1,Clear,1,Daylight,4,Two-Way Continuous Left-Turn Lane,1,Dry,2,Stopped,1,No Defects,O80,O13,41.8799019,-87.7844620,41.8799324,-87.7844620,1133723.63,1899302.88
29550,24 01390,2401390,X003349032,2024-03-12,17:17:00,2024-03-12 17:17:00,2024-03-13 09:20:52,S Oak Park Ave/Washington Blvd,,S OAK PARK AVE,WASHINGTON BLVD,0,0,0,0,Property Damage,No Injuries,Car,11,Front To Rear,4,4,0,4,"$501 to $1,500",0,1,0,0,0,0,0,28,Failing To Reduce Speed To Avoid Crash,18,Unable To Determine,3,Traffic Signal,4,Functioning Properly,1,Clear,1,Daylight,1,Not Divided,1,Dry,2,Stopped,1,No Defects,O60,O11,41.8815651,-87.7942734,41.8815613,-87.7943115,1131046.38,1899891.13
29551,24 01398,2401398,X003349806,2024-03-13,08:35:00,2024-03-13 08:35:00,2024-03-13 13:23:00,6501 North Ave,6501,NORTH AVE,,0,0,0,0,Property Damage,No Injuries,Car,9,Parked Motor Vehicle,2,2,0,3,$500 or less,1,0,0,0,0,0,0,04,Improper Overtaking/Passing,99,Not Applicable,1,No Controls,1,No Controls,1,Clear,1,Daylight,2,"Divided, No Median Barrier",1,Dry,3,Free Flow,1,No Defects,O20,O2,41.9090843,-87.7873535,41.9087715,-87.7875900,1132868.00,1909931.63
29555,24 01399,2401399,X003350994,2024-03-13,08:56:00,2024-03-13 08:56:00,2024-03-14 09:15:23,Wesley Ave/Pleasant St,,WESLEY AVE,PLEASANT ST,1,1,0,0,Property Damage,No Injuries,Car,15,Angle,2,2,0,4,"$501 to $1,500",1,0,0,0,0,0,0,28,Failing To Reduce Speed To Avoid Crash,18,Unable To Determine,2,Stop Sign,4,Functioning Properly,1,Clear,1,Daylight,1,Not Divided,1,Dry,3,Free Flow,1,No Defects,O60,O11,41.8851013,-87.7911072,41.8851013,-87.7911453,1131900.88,1901185.00
29561,24 01408,2401408,X003351000,2024-03-13,14:21:00,2024-03-13 14:21:00,2024-03-14 17:30:45,Roosevelt Rd/Ridgeland Ave,,ROOSEVELT RD,RIDGELAND AVE,1,1,0,0,Property Damage,No Injuries,Car,10,Turning (At Least One Vehicle),2,2,0,4,"$501 to $1,500",1,0,0,0,0,0,0,03,Following Too Closely,99,Not Applicable,3,Traffic Signal,4,Functioning Properly,1,Clear,1,Daylight,2,"Divided, No Median Barrier",1,Dry,1,Slow,1,No Defects,O90,O16,41.8653641,-87.7839661,41.8653374,-87.7839661,1133892.13,1894004.13
29560,24 01409,2401409,X003350999,2024-03-13,14:40:00,2024-03-13 14:40:00,2024-03-14 17:30:44,Madison St/N Austin Blvd,,MADISON ST,N AUSTIN BLVD,0,0,0,0,Property Damage,No Injuries,Car,11,Front To Rear,2,2,0,5,"Over $1,500",1,0,0,0,0,0,0,28,Failing To Reduce Speed To Avoid Crash,99,Not Applicable,1,No Controls,1,No Controls,1,Clear,1,Daylight,3,Divided With Median Barrier,1,Dry,3,Free Flow,1,No Defects,O80,O13,41.8800621,-87.7746582,41.8800888,-87.7746582,1136391.38,1899377.50
29565,24 01410,2401410,X003351004,2024-03-13,15:27:00,2024-03-13 15:27:00,2024-03-14 17:30:46,Madison St/S East Ave,,MADISON ST,S EAST AVE,1,1,0,0,Property Damage,No Injuries,Car,10,Turning (At Least One Vehicle),2,2,0,5,"Over $1,500",1,0,0,0,0,0,0,28,Failing To Reduce Speed To Avoid Crash,06,Improper Turning/No Signal,3,Traffic Signal,4,Functioning Properly,1,Clear,1,Daylight,1,Not Divided,1,Dry,3,Free Flow,1,No Defects,O60,O14,41.8798218,-87.7893600,41.8798523,-87.7893600,1132389.38,1899263.88
29571,24 01445,2401445,X003354101,2024-03-13,15:27:00,2024-03-13 15:27:00,2024-03-18 11:19:55,Roosevelt/Maple,,ROOSEVELT,MAPLE,0,0,0,1,Property Damage,No Injuries,Car,12,Sideswipe - Same Direction,2,2,0,4,"$501 to $1,500",1,0,0,0,0,0,0,28,Failing To Reduce Speed To Avoid Crash,20,Improper Lane Usage,1,No Controls,1,No Controls,1,Clear,1,Daylight,1,Not Divided,1,Dry,2,Stopped,1,No Defects,O90,O18,41.8650284,-87.8033371,41.8650017,-87.8033447,1128615.13,1893849.88
29554,24 01412,2401412,X003350993,2024-03-13,16:21:00,2024-03-13 16:21:00,2024-03-14 09:09:51,S Ridgeland Ave/South Blvd,,S RIDGELAND AVE,SOUTH BLVD,0,1,0,0,Property Damage,No Injuries,Car,6,Fixed Object,2,1,0,5,"Over $1,500",1,0,0,0,0,0,0,18,Unable To Determine,18,Unable To Determine,3,Traffic Signal,4,Functioning Properly,8,Cloudy/Overcast,1,Daylight,3,Divided With Median Barrier,1,Dry,3,Free Flow,1,No Defects,O50,O10,41.8869591,-87.7846298,41.8869553,-87.7846603,1133661.75,1901873.50
29556,24 01418,2401418,X003350995,2024-03-13,19:21:00,2024-03-13 19:21:00,2024-03-14 09:20:51,600 Highland Ave,600,HIGHLAND AVE,,0,0,0,1,Property Damage,No Injuries,Car,9,Parked Motor Vehicle,2,2,0,4,"$501 to $1,500",1,0,0,0,0,0,0,18,Unable To Determine,99,Not Applicable,1,No Controls,1,No Controls,1,Clear,4,Darkness,8,Other,1,Dry,2,Stopped,1,No Defects,O80,O13,41.8781166,-87.7819824,41.8779793,-87.7817764,1134401.63,1898655.13
29558,24 01426,2401426,X003350997,2024-03-14,10:19:00,2024-03-14 10:19:00,2024-03-14 11:26:06,Division St/N Kenilworth Ave,,DIVISION ST,N KENILWORTH AVE,1,1,0,0,Property Damage,No Injuries,Car,11,Front To Rear,2,2,0,5,"Over $1,500",1,0,0,0,0,0,0,03,Following Too Closely,99,Not Applicable,1,No Controls,1,No Controls,2,Rain,1,Daylight,1,Not Divided,2,Wet,3,Free Flow,1,No Defects,O20,O6,41.9016228,-87.7980194,41.9016495,-87.7980270,1129980.25,1907193.75
29562,24 01429,2401429,X003351001,2024-03-14,11:49:00,2024-03-14 11:49:00,2024-03-14 17:30:45,112 Clinton Ave,112,CLINTON AVE,,0,0,0,0,Property Damage,No Injuries,Car,9,Parked Motor Vehicle,2,2,0,3,$500 or less,1,0,0,0,0,0,0,04,Improper Overtaking/Passing,28,Failing To Reduce Speed To Avoid Crash,1,No Controls,1,No Controls,1,Clear,1,Daylight,1,Not Divided,2,Wet,3,Free Flow,1,No Defects,O90,O18,41.8711739,-87.7978516,41.8863258,-87.7984009,1130095.38,1896098.63
29578,24 01432,2401432,X003354094,2024-03-14,13:24:00,2024-03-14 13:24:00,2024-03-18 11:19:56,Ridgeland Ave/South Blvd,,RIDGELAND AVE,SOUTH BLVD,1,0,0,0,Property Damage,No Injuries,Car,6,Fixed Object,1,1,0,4,"$501 to $1,500",0,1,0,0,0,0,0,15,Driving Skills/Knowledge/Experience,28,Failing To Reduce Speed To Avoid Crash,3,Traffic Signal,4,Functioning Properly,8,Cloudy/Overcast,1,Daylight,3,Divided With Median Barrier,1,Dry,1,Slow,1,No Defects,O50,O10,41.8869591,-87.7846298,41.8869553,-87.7846603,1133661.75,1901873.50
29564,24 01433,2401433,X003351003,2024-03-14,15:36:00,2024-03-14 15:36:00,2024-03-14 17:30:45,N Austin Blvd/Ontario,,N AUSTIN BLVD,ONTARIO,0,0,0,1,Property Damage,No Injuries,Car,12,Sideswipe - Same Direction,2,2,0,5,"Over $1,500",1,0,0,0,0,0,0,04,Improper Overtaking/Passing,99,Not Applicable,1,No Controls,1,No Controls,1,Clear,1,Daylight,1,Not Divided,1,Dry,3,Free Flow,1,No Defects,,,41.8905106,-87.7749710,41.8905106,-87.7750092,1136281.00,1903184.25
29566,24 01437,2401437,X003351957,2024-03-15,08:21:00,2024-03-15 08:21:00,2024-03-15 15:54:28,Chicago Ave/N Harvey Ave,,CHICAGO AVE,N HARVEY AVE,1,1,0,0,Property Damage,No Injuries,Car,15,Angle,2,2,0,4,"$501 to $1,500",1,0,0,0,0,0,0,02,Failing To Yield Right-Of-Way,28,Failing To Reduce Speed To Avoid Crash,2,Stop Sign,4,Functioning Properly,8,Cloudy/Overcast,1,Daylight,14,Four-Way Intersection,1,Dry,1,Slow,1,No Defects,O10,O4,41.8946457,-87.7816315,41.8946228,-87.7816315,1134459.13,1904679.63
29574,24 01447,2401447,X003354107,2024-03-15,15:37:00,2024-03-15 15:37:00,2024-03-18 11:19:55,425 Wesley Ave,425,WESLEY AVE,,0,0,0,1,Property Damage,No Injuries,Car,9,Parked Motor Vehicle,2,2,0,3,$500 or less,1,0,0,0,0,0,0,15,Driving Skills/Knowledge/Experience,18,Unable To Determine,1,No Controls,1,No Controls,9,Unknown,9,Unknown,1,Not Divided,9,Unknown,3,Free Flow,1,No Defects,O60,O11,41.8806496,-87.7909851,41.8806000,-87.7912140,1131944.88,1899562.25
29575,24 01451,2401451,X003354111,2024-03-15,17:42:00,2024-03-15 17:42:00,2024-03-18 11:25:30,Clinton Ave/Fillmore St,,CLINTON AVE,FILLMORE ST,1,1,0,0,Injury,C Injury Crash,Car,15,Angle,2,2,0,5,"Over $1,500",0,1,0,0,0,1,1,02,Failing To Yield Right-Of-Way,15,Driving Skills/Knowledge/Experience,2,Stop Sign,4,Functioning Properly,1,Clear,1,Daylight,1,Not Divided,1,Dry,3,Free Flow,1,No Defects,O90,O18,41.8669167,-87.7976990,41.8669205,-87.7977371,1130147.00,1894547.75
29580,24 01454,2401454,X003354113,2024-03-15,23:18:00,2024-03-15 23:18:00,2024-03-18 11:31:04,1120 S Austin Blvd,1120,S AUSTIN BLVD,,0,0,0,0,Property Damage,No Injuries,Car,11,Front To Rear,2,2,0,4,"$501 to $1,500",1,0,0,0,0,0,0,03,Following Too Closely,99,Not Applicable,3,Traffic Signal,4,Functioning Properly,1,Clear,5,"Darkness, Lighted Road",1,Not Divided,1,Dry,1,Slow,1,No Defects,O90,O16,41.8661575,-87.7742004,41.8661118,-87.7745590,1136549.63,1894311.63
29576,24 01457,2401457,X003354126,2024-03-16,09:04:00,2024-03-16 09:04:00,2024-03-18 11:25:30,S Austin Blvd/Harrison St,,S AUSTIN BLVD,HARRISON ST,0,0,0,1,Property Damage,No Injuries,Car,11,Front To Rear,2,2,0,3,$500 or less,1,0,0,0,0,0,0,03,Following Too Closely,28,Failing To Reduce Speed To Avoid Crash,3,Traffic Signal,4,Functioning Properly,1,Clear,5,"Darkness, Lighted Road",2,"Divided, No Median Barrier",1,Dry,3,Free Flow,1,No Defects,O80,O13,41.8727799,-87.7744522,41.8727799,-87.7744141,1136465.25,1896723.75