record_id,report_number,crash_id,idot_crash_number,date,time,occurred_at,record_added_at,location,street_number,street_name,cross_street,at_intersection,intersection_related,private_property,hit_and_run,crash_severity,crash_injury_severity,crash_mode,crash_type_code,crash_type,total_units,num_motor_vehicles,dooring_pedalcyclist,damage_code,damage,no_injury_drive_away,injury_or_towed,fatalities,a_injuries,b_injuries,c_injuries,total_injured,cause1_code,cause1,cause2_code,cause2,traffic_control_code,traffic_control,device_condition_code,device_condition,weather_code,weather,lighting_code,lighting,trafficway_code,trafficway,road_surface_code,road_surface,flow_condition_code,flow_condition,road_defects_code,road_defects,beat_zone,post_district,latitude,longitude,latitude_geocoded,longitude_geocoded,state_plane_x,state_plane_y
29572,24 01459,2401459,X003354129,2024-03-16,12:01:00,2024-03-16 12:01:00,2024-03-18 11:19:56,N Ridgeland Ave/Iowa St,,N RIDGELAND AVE,IOWA ST,1,1,0,0,Property Damage,No Injuries,Car,15,Angle,2,2,0,5,"Over $1,500",0,1,0,0,0,0,0,02,Failing To Yield Right-Of-Way,28,Failing To Reduce Speed To Avoid Crash,2,Stop Sign,4,Functioning Properly,1,Clear,1,Daylight,14,Four-Way Intersection,1,Dry,3,Free Flow,1,No Defects,O20,O5,41.8963928,-87.7849731,41.8963966,-87.7849350,1133544.13,1905310.38
29573,24 01476,2401476,X003354130,2024-03-17,08:18:00,2024-03-17 08:18:00,2024-03-18 11:19:56,Jackson Blvd/S Lombard Ave,,JACKSON BLVD,S LOMBARD AVE,1,1,0,0,Property Damage,No Injuries,Car,10,Turning (At Least One Vehicle),2,2,0,4,"$501 to $1,500",1,0,0,0,0,0,0,02,Failing To Yield Right-Of-Way,99,Not Applicable,2,Stop Sign,4,Functioning Properly,1,Clear,1,Daylight,1,Not Divided,1,Dry,3,Free Flow,1,No Defects,O80,O13,41.8764229,-87.7794342,41.8763237,-87.7794342,1135099.88,1898042.50
29581,24 01477,2401477,X003354137,2024-03-17,09:21:00,2024-03-17 09:21:00,2024-03-18 11:31:04,Highland Ave/Van Buren St,,HIGHLAND AVE,VAN BUREN ST,0,0,0,0,Property Damage,No Injuries,Car,9,Parked Motor Vehicle,2,2,0,4,"$501 to $1,500",1,0,0,0,0,0,0,30,Improper Backing,28,Failing To Reduce Speed To Avoid Crash,1,No Controls,1,No Controls,1,Clear,1,Daylight,1,Not Divided,1,Dry,3,Free Flow,1,No Defects,O80,O13,41.8745003,-87.7817841,41.8744965,-87.7818222,1134464.38,1897337.25
29577,24 01483,2401483,X003354142,2024-03-17,14:21:00,2024-03-17 14:21:00,2024-03-18 11:25:30,Wesley Ave/Roosevelt Rd,,WESLEY AVE,ROOSEVELT RD,1,1,0,0,Property Damage,No Injuries,Car,10,Turning (At Least One Vehicle),2,2,0,3,$500 or less,1,0,0,0,0,0,0,03,Following Too Closely,28,Failing To Reduce Speed To Avoid Crash,1,No Controls,1,No Controls,1,Clear,1,Daylight,1,Not Divided,1,Dry,1,Slow,1,No Defects,O90,O17,41.8652077,-87.7912826,41.8652115,-87.7913208,1131898.75,1893935.75
29570,24 01486,2401486,X003354143,2024-03-17,16:09:00,2024-03-17 16:09:00,2024-03-18 11:19:55,420 Greenfield St,420,GREENFIELD ST,,0,0,0,0,Property Damage,No Injuries,Car,9,Parked Motor Vehicle,2,2,0,4,"$501 to $1,500",1,0,0,0,0,0,0,30,Improper Backing,28,Failing To Reduce Speed To Avoid Crash,1,No Controls,1,No Controls,8,Cloudy/Overcast,1,Daylight,2,"Divided, No Median Barrier",1,Dry,3,Free Flow,1,No Defects,O20,O2,41.9056740,-87.7849426,41.9057617,-87.7848968,1133531.75,1908692.50
29586,24 01490,2401490,X003355410,2024-03-17,19:49:00,2024-03-17 19:49:00,2024-03-19 09:39:46,Forest Ave/Lake St,,FOREST AVE,LAKE ST,1,0,0,0,Property Damage,No Injuries,Car,9,Parked Motor Vehicle,2,2,0,3,$500 or less,1,0,0,0,0,0,0,04,Improper Overtaking/Passing,99,Not Applicable,3,Traffic Signal,4,Functioning Properly,1,Clear,5,"Darkness, Lighted Road",1,Not Divided,1,Dry,3,Free Flow,1,No Defects,O40,O9,41.8886566,-87.8008347,41.8886642,-87.8007965,1129244.88,1902464.50
29584,24 01497,2401497,X003354675,2024-03-18,12:06:00,2024-03-18 12:06:00,2024-03-18 16:25:01,Ontario St/N Harlem Ave,,ONTARIO ST,N HARLEM AVE,1,1,0,0,Property Damage,No Injuries,Car,11,Front To Rear,2,2,0,4,"$501 to $1,500",1,0,0,0,0,0,0,03,Following Too Closely,28,Failing To Reduce Speed To Avoid Crash,3,Traffic Signal,4,Functioning Properly,8,Cloudy/Overcast,1,Daylight,14,Four-Way Intersection,1,Dry,1,Slow,1,No Defects,O40,O9,41.8905182,-87.8051224,41.8905449,-87.8051224,1128072.00,1903134.50
29585,24 01503,2401503,X003355425,2024-03-18,13:54:00,2024-03-18 13:54:00,2024-03-19 09:34:15,S East Ave/Harvard St,,S EAST AVE,HARVARD ST,1,1,0,0,Property Damage,No Injuries,Car,10,Turning (At Least One Vehicle),2,2,0,5,"Over $1,500",1,0,0,0,0,0,0,18,Unable To Determine,28,Failing To Reduce Speed To Avoid Crash,2,Stop Sign,4,Functioning Properly,8,Cloudy/Overcast,1,Daylight,1,Not Divided,1,Dry,3,Free Flow,1,No Defects,O90,O17,41.8689003,-87.7889557,41.8689003,-87.7889938,1132524.25,1895285.13
29589,24 01504,2401504,X003355440,2024-03-18,14:50:00,2024-03-18 14:50:00,2024-03-19 09:39:47,S Oak Park Ave/Roosevelt Rd,,S OAK PARK AVE,ROOSEVELT RD,1,1,0,1,Property Damage,No Injuries,Car,12,Sideswipe - Same Direction,2,2,0,4,"$501 to $1,500",1,0,0,0,0,0,0,04,Improper Overtaking/Passing,99,Not Applicable,3,Traffic Signal,4,Functioning Properly,1,Clear,1,Daylight,2,"Divided, No Median Barrier",1,Dry,3,Free Flow,1,No Defects,O90,O17,41.8651657,-87.7937164,41.8651657,-87.7937546,1131236.00,1893916.13
29587,24 01505,2401505,X003355449,2024-03-18,15:49:00,2024-03-18 15:49:00,2024-03-19 09:39:47,S Ridgeland Ave/Fillmore St,,S RIDGELAND AVE,FILLMORE ST,0,0,0,0,Property Damage,No Injuries,Car,11,Front To Rear,2,2,0,3,$500 or less,1,0,0,0,0,0,0,28,Failing To Reduce Speed To Avoid Crash,99,Not Applicable,1,No Controls,1,No Controls,1,Clear,1,Daylight,2,"Divided, No Median Barrier",1,Dry,2,Stopped,1,No Defects,O90,O16,41.8671608,-87.7839889,41.8671532,-87.7840271,1133880.25,1894659.13
29588,24 01506,2401506,X003355451,2024-03-18,16:37:00,2024-03-18 16:37:00,2024-03-19 09:39:47,S Maple Ave/Roosevelt Rd,,S MAPLE AVE,ROOSEVELT RD,1,1,0,0,Injury,C Injury Crash,Car,15,Angle,3,3,0,5,"Over $1,500",0,1,0,0,0,2,2,02,Failing To Yield Right-Of-Way,28,Failing To Reduce Speed To Avoid Crash,1,No Controls,1,No Controls,1,Clear,1,Daylight,1,Not Divided,1,Dry,3,Free Flow,1,No Defects,,,41.8650055,-87.8033066,41.8650017,-87.8033447,1128624.25,1893841.25
29590,24 01509,2401509,X003355946,2024-03-18,19:38:00,2024-03-18 19:38:00,2024-03-20 03:48:05,Washington Blvd/Clinton,,WASHINGTON BLVD,CLINTON,0,0,0,0,Property Damage,No Injuries,Car,12,Sideswipe - Same Direction,2,2,0,3,$500 or less,1,0,0,0,0,0,0,28,Failing To Reduce Speed To Avoid Crash,99,Not Applicable,2,Stop Sign,4,Functioning Properly,1,Clear,1,Daylight,2,"Divided, No Median Barrier",1,Dry,3,Free Flow,1,No Defects,O70,O12,41.8814812,-87.7984543,41.8815079,-87.7984543,1129908.88,1899853.63
29591,24 01515,2401515,X003356366,2024-03-19,08:29:00,2024-03-19 08:29:00,2024-03-20 10:14:55,Augusta St/N East Ave,,AUGUSTA ST,N EAST AVE,1,1,0,0,Property Damage,No Injuries,Car,15,Angle,3,2,0,4,"$501 to $1,500",1,0,0,0,0,0,0,02,Failing To Yield Right-Of-Way,18,Unable To Determine,2,Stop Sign,4,Functioning Properly,1,Clear,1,Daylight,2,"Divided, No Median Barrier",1,Dry,1,Slow,1,No Defects,O20,O5,41.8981171,-87.7898865,41.8981514,-87.7898865,1132203.63,1905930.38
29592,24 01516,2401516,X003356368,2024-03-19,09:04:00,2024-03-19 09:04:00,2024-03-20 10:09:23,S Austin Blvd/Garfield,,S AUSTIN BLVD,GARFIELD,1,1,0,0,Property Damage,No Injuries,Car,10,Turning (At Least One Vehicle),2,2,0,5,"Over $1,500",1,0,0,0,0,0,0,02,Failing To Yield Right-Of-Way,99,Not Applicable,1,No Controls,1,No Controls,1,Clear,1,Daylight,1,Not Divided,1,Dry,3,Free Flow,1,No Defects,O90,O16,41.8704185,-87.7743530,41.8704224,-87.7743149,1136497.13,1895864.88
29594,24 01523,2401523,X003357507,2024-03-19,17:21:00,2024-03-19 17:21:00,2024-03-20 10:20:26,N East Ave/Berkshire St,,N EAST AVE,BERKSHIRE ST,1,1,0,0,Injury,C Injury Crash,Car,15,Angle,2,2,0,5,"Over $1,500",0,1,0,0,0,2,2,02,Failing To Yield Right-Of-Way,28,Failing To Reduce Speed To Avoid Crash,2,Stop Sign,4,Functioning Properly,1,Clear,1,Daylight,1,Not Divided,1,Dry,3,Free Flow,1,No Defects,O20,O2,41.9037018,-87.7900925,41.9037018,-87.7900543,1132134.13,1907964.75
29593,24 01524,2401524,X003356374,2024-03-19,17:24:00,2024-03-19 17:24:00,2024-03-20 10:14:55,Columbian Ave/North Ave,,COLUMBIAN AVE,NORTH AVE,1,1,0,0,Property Damage,No Injuries,Car,10,Turning (At Least One Vehicle),2,2,0,5,"Over $1,500",1,0,0,0,0,0,0,18,Unable To Determine,99,Not Applicable,3,Traffic Signal,4,Functioning Properly,1,Clear,1,Daylight,9,Unknown,1,Dry,3,Free Flow,1,No Defects,O20,O2,41.9090614,-87.7914658,41.9090652,-87.7914276,1131748.13,1909915.13
29596,24 01530,2401530,X003357016,2024-03-20,08:29:00,2024-03-20 08:29:00,2024-03-20 16:46:59,Chicago Ave/N Oak Park Ave,,CHICAGO AVE,N OAK PARK AVE,0,0,0,0,Property Damage,No Injuries,Car,12,Sideswipe - Same Direction,2,2,0,3,$500 or less,1,0,0,0,0,0,0,28,Failing To Reduce Speed To Avoid Crash,18,Unable To Determine,3,Traffic Signal,4,Functioning Properly,1,Clear,1,Daylight,1,Not Divided,1,Dry,3,Free Flow,1,No Defects,O30,O8,41.8943825,-87.7946701,41.8944054,-87.7946777,1130909.25,1904560.00
29632,24 01531,2401531,X003363939,2024-03-20,09:51:00,2024-03-20 09:51:00,2024-03-28 09:47:13,Chicago Ave/N East Ave,,CHICAGO AVE,N EAST AVE,1,1,0,0,Property Damage,No Injuries,Car,15,Angle,2,2,0,5,"Over $1,500",1,0,0,0,0,0,0,28,Failing To Reduce Speed To Avoid Crash,18,Unable To Determine,2,Stop Sign,4,Functioning Properly,1,Clear,1,Daylight,15,T-Intersection,1,Dry,1,Slow,1,No Defects,O30,O8,41.8944626,-87.7897720,41.8944855,-87.7897720,1132242.63,1904598.50
29597,24 01538,2401538,X003357017,2024-03-20,14:56:00,2024-03-20 14:56:00,2024-03-20 16:46:59,216 S Austin Blvd,216,S AUSTIN BLVD,,0,0,0,1,Property Damage,No Injuries,Car,11,Front To Rear,2,2,0,5,"Over $1,500",1,0,0,0,0,0,0,28,Failing To Reduce Speed To Avoid Crash,99,Not Applicable,3,Traffic Signal,4,Functioning Properly,1,Clear,1,Daylight,1,Not Divided,1,Dry,2,Stopped,1,No Defects,O80,O13,41.8769608,-87.7745895,41.8770981,-87.7747574,1136418.38,1898247.75
29598,24 01542,2401542,X003357491,2024-03-20,18:37:00,2024-03-20 18:37:00,2024-03-21 09:18:19,N Harlem Ave/Greenfield St,,N HARLEM AVE,GREENFIELD ST,1,1,0,1,Property Damage,No Injuries,Car,15,Angle,2,2,0,4,"$501 to $1,500",1,0,0,0,0,0,0,28,Failing To Reduce Speed To Avoid Crash,99,Not Applicable,2,Stop Sign,4,Functioning Properly,1,Clear,1,Daylight,2,"Divided, No Median Barrier",1,Dry,3,Free Flow,1,No Defects,R81,RFPD,41.9052124,-87.8056869,41.9052162,-87.8056488,1127886.25,1908488.50
29604,24 01577,2401577,X003361197,2024-03-21,15:30:00,2024-03-21 15:30:00,2024-03-25 08:11:03,709 Lake St,,709 LAKE ST,EUCLID,0,0,0,1,Property Damage,No Injuries,Car,9,Parked Motor Vehicle,2,2,0,5,"Over $1,500",1,0,0,0,0,0,0,28,Failing To Reduce Speed To Avoid Crash,99,Not Applicable,1,No Controls,1,No Controls,9,Unknown,9,Unknown,1,Not Divided,9,Unknown,3,Free Flow,1,No Defects,O30,O8,41.8885574,-87.7926941,41.8884849,-87.7932205,1131461.00,1902441.13
29601,24 01558,2401558,X003358236,2024-03-21,18:44:00,2024-03-21 18:44:00,2024-03-22 09:16:10,1196 S Kenilworth Ave,1196,S KENILWORTH AVE,,0,0,0,0,Property Damage,No Injuries,Car,9,Parked Motor Vehicle,2,2,0,5,"Over $1,500",1,0,0,0,0,0,0,20,Improper Lane Usage,99,Not Applicable,1,No Controls,1,No Controls,1,Clear,3,Dusk,1,Not Divided,1,Dry,1,Slow,1,No Defects,O90,O18,41.8652306,-87.7964096,41.8652191,-87.7960587,1130502.88,1893934.00
29603,24 01562,2401562,X003358239,2024-03-22,00:01:00,2024-03-22 00:01:00,2024-03-22 09:16:10,1125 South Blvd,1125,SOUTH BLVD,,0,0,0,1,Property Damage,No Injuries,Car,9,Parked Motor Vehicle,2,2,0,3,$500 or less,1,0,0,0,0,0,0,18,Unable To Determine,18,Unable To Determine,1,No Controls,1,No Controls,1,Clear,5,"Darkness, Lighted Road",2,"Divided, No Median Barrier",1,Dry,1,Slow,1,No Defects,O70,O12,41.8867569,-87.8033829,41.8866119,-87.8038101,1128554.38,1901767.38
29619,24 01572,2401572,X003361194,2024-03-22,11:01:00,2024-03-22 11:01:00,2024-03-25 08:49:40,217 Madison St,,217 MADISON ST,LOMBARD,0,0,0,0,Property Damage,No Injuries,Car,12,Sideswipe - Same Direction,2,2,0,5,"Over $1,500",1,0,0,0,0,0,0,04,Improper Overtaking/Passing,99,Not Applicable,1,No Controls,1,No Controls,1,Clear,1,Daylight,3,Divided With Median Barrier,1,Dry,3,Free Flow,1,No Defects,O80,O13,41.8799973,-87.7795563,41.8797264,-87.7805023,1135058.63,1899344.50
29607,24 01581,2401581,X003361206,2024-03-22,16:05:00,2024-03-22 16:05:00,2024-03-25 08:22:05,S Ridgeland Ave/Madison St,,S RIDGELAND AVE,MADISON ST,1,1,0,0,Property Damage,No Injuries,Car,11,Front To Rear,2,2,0,5,"Over $1,500",1,0,0,0,0,0,0,03,Following Too Closely,28,Failing To Reduce Speed To Avoid Crash,3,Traffic Signal,4,Functioning Properly,3,Snow,1,Daylight,1,Not Divided,2,Wet,3,Free Flow,1,No Defects,O80,O13,41.8799324,-87.7844238,41.8799324,-87.7844620,1133732.63,1899313.88
29620,24 01579,2401579,X003361198,2024-03-22,16:35:00,2024-03-22 16:35:00,2024-03-25 08:49:41,Randolph St/Marion St,,RANDOLPH ST,MARION ST,0,0,0,0,Property Damage,No Injuries,Car,9,Parked Motor Vehicle,2,2,0,4,"$501 to $1,500",1,0,0,0,0,0,0,28,Failing To Reduce Speed To Avoid Crash,99,Not Applicable,1,No Controls,1,No Controls,3,Snow,1,Daylight,1,Not Divided,2,Wet,1,Slow,1,No Defects,O70,O12,41.8832359,-87.8024368,41.8832626,-87.8024368,1128820.13,1900485.88
29616,24 01584,2401584,X003363943,2024-03-23,02:08:00,2024-03-23 02:08:00,2024-03-25 08:44:09,1148 S Oak Park Ave,1148,S OAK PARK AVE,,0,0,0,0,Injury,C Injury Crash,Car,11,Front To Rear,3,3,0,5,"Over $1,500",0,1,0,0,0,1,1,03,Following Too Closely,28,Failing To Reduce Speed To Avoid Crash,1,No Controls,1,No Controls,1,Clear,5,"Darkness, Lighted Road",2,"Divided, No Median Barrier",2,Wet,3,Free Flow,1,No Defects,O90,O18,41.8670235,-87.7938538,41.8670425,-87.7937393,1131194.50,1894592.63
29621,24 01587,2401587,X003361216,2024-03-23,10:05:00,2024-03-23 10:05:00,2024-03-25 08:49:41,Forest Ave/Lake St,,FOREST AVE,LAKE ST,1,1,0,0,Property Damage,No Injuries,Car,15,Angle,2,2,0,4,"$501 to $1,500",1,0,0,0,0,0,0,30,Improper Backing,28,Failing To Reduce Speed To Avoid Crash,3,Traffic Signal,4,Functioning Properly,1,Clear,1,Daylight,15,T-Intersection,1,Dry,2,Stopped,1,No Defects,O40,O9,41.8886566,-87.8008347,41.8886642,-87.8007965,1129244.88,1902464.50
29608,24 01588,2401588,X003361218,2024-03-23,11:16:00,2024-03-23 11:16:00,2024-03-25 08:22:05,S Scoville Ave/Madison St,,S SCOVILLE AVE,MADISON ST,0,0,0,1,Property Damage,No Injuries,Car,9,Parked Motor Vehicle,2,2,0,4,"$501 to $1,500",1,0,0,0,0,0,0,28,Failing To Reduce Speed To Avoid Crash,18,Unable To Determine,1,No Controls,1,No Controls,1,Clear,9,Unknown,1,Not Divided,1,Dry,1,Slow,1,No Defects,O60,O11,41.8798790,-87.7876892,41.8798714,-87.7881393,1132843.38,1899287.88
29609,24 01590,2401590,X003361219,2024-03-23,14:41:00,2024-03-23 14:41:00,2024-03-25 08:16:31,S Oak Park Ave/Madison St,,S OAK PARK AVE,MADISON ST,1,1,0,0,Property Damage,No Injuries,Car,12,Sideswipe - Same Direction,2,2,0,4,"$501 to $1,500",1,0,0,0,0,0,0,28,Failing To Reduce Speed To Avoid Crash,18,Unable To Determine,3,Traffic Signal,4,Functioning Properly,1,Clear,1,Daylight,14,Four-Way Intersection,1,Dry,1,Slow,1,No Defects,O60,O11,41.8797722,-87.7942200,41.8797722,-87.7942581,1131065.38,1899237.25
29617,24 01591,2401591,X003361199,2024-03-23,15:20:00,2024-03-23 15:20:00,2024-03-25 08:44:09,Lake St/N Oak Park Ave,,LAKE ST,N OAK PARK AVE,0,0,0,0,Property Damage,No Injuries,Car,11,Front To Rear,2,2,0,5,"Over $1,500",1,0,0,0,0,0,0,03,Following Too Closely,99,Not Applicable,3,Traffic Signal,4,Functioning Properly,1,Clear,1,Daylight,1,Not Divided,1,Dry,3,Free Flow,1,No Defects,O40,O9,41.8886185,-87.7945175,41.8886452,-87.7945251,1130963.00,1902460.13
29606,24 01611,2401611,X003361224,2024-03-23,16:29:00,2024-03-23 16:29:00,2024-03-25 08:16:31,N Austin Blvd/Chicago Ave,,N AUSTIN BLVD,CHICAGO AVE,0,0,0,0,Property Damage,No Injuries,Car,11,Front To Rear,2,2,0,5,"Over $1,500",1,0,0,0,0,0,0,03,Following Too Closely,28,Failing To Reduce Speed To Avoid Crash,1,No Controls,1,No Controls,9,Unknown,9,Unknown,1,Not Divided,9,Unknown,2,Stopped,99,Unknown,,,41.8947105,-87.7751083,41.8947105,-87.7751389,1136235.63,1904714.63
29622,24 01605,2401605,X003361220,2024-03-24,10:56:00,2024-03-24 10:56:00,2024-03-25 08:49:41,Forest Pl/Lake St,,FOREST PL,LAKE ST,0,0,0,0,Property Damage,No Injuries,Car,9,Parked Motor Vehicle,2,2,0,5,"Over $1,500",1,0,0,0,0,0,0,28,Failing To Reduce Speed To Avoid Crash,18,Unable To Determine,1,No Controls,1,No Controls,8,Cloudy/Overcast,1,Daylight,7,Parking Lot,9,Unknown,1,Slow,99,Unknown,O40,O9,41.8886757,-87.7999497,41.8886833,-87.7999115,1129484.63,1902472.88
29605,24 01608,2401608,X003361221,2024-03-24,14:14:00,2024-03-24 14:14:00,2024-03-25 08:16:31,N Lombard Ave/Iowa,,N LOMBARD AVE,IOWA,0,0,0,0,Property Damage,No Injuries,Car,12,Sideswipe - Same Direction,2,2,0,5,"Over $1,500",1,0,0,0,0,0,0,28,Failing To Reduce Speed To Avoid Crash,02,Failing To Yield Right-Of-Way,1,No Controls,1,No Controls,1,Clear,1,Daylight,1,Not Divided,1,Dry,3,Free Flow,1,No Defects,O10,O4,41.8964615,-87.7801056,41.8964653,-87.7800674,1134870.63,1905343.63
29618,24 01617,2401617,X003361226,2024-03-25,01:11:00,2024-03-25 01:11:00,2024-03-25 08:38:38,280 N Austin Blvd,280,N AUSTIN BLVD,,0,1,0,0,Injury,B Injury Crash,Car,10,Turning (At Least One Vehicle),2,2,0,5,"Over $1,500",0,1,0,0,4,0,4,04,Improper Overtaking/Passing,99,Not Applicable,1,No Controls,1,No Controls,1,Clear,5,"Darkness, Lighted Road",1,Not Divided,1,Dry,3,Free Flow,1,No Defects,,,41.8855820,-87.7748108,41.8854294,-87.7749176,1136337.25,1901388.63
29624,24 01628,2401628,X003363946,2024-03-25,13:43:00,2024-03-25 13:43:00,2024-03-26 09:19:21,N Harlem Ave/Madison St,,N HARLEM AVE,MADISON ST,1,1,0,0,Injury,C Injury Crash,Car,10,Turning (At Least One Vehicle),2,2,0,4,"$501 to $1,500",0,1,0,0,0,1,1,02,Failing To Yield Right-Of-Way,14,"Vision Obscured (Signs, Tree Limbs, Buildings",3,Traffic Signal,4,Functioning Properly,2,Rain,1,Daylight,2,"Divided, No Median Barrier",2,Wet,3,Free Flow,1,No Defects,F2,FPPD,41.8796730,-87.8047714,41.8796654,-87.8047333,1128192.88,1899183.13
29625,24 01630,2401630,X003361853,2024-03-25,14:23:00,2024-03-25 14:23:00,2024-03-26 09:24:51,N Austin Blvd/Washington,,N AUSTIN BLVD,WASHINGTON,1,1,0,0,Property Damage,No Injuries,Car,11,Front To Rear,2,2,0,5,"Over $1,500",1,0,0,0,0,0,0,28,Failing To Reduce Speed To Avoid Crash,03,Following Too Closely,3,Traffic Signal,4,Functioning Properly,8,Cloudy/Overcast,1,Daylight,2,"Divided, No Median Barrier",2,Wet,2,Stopped,1,No Defects,,,41.8821068,-87.7746887,41.8821106,-87.7747269,1136378.00,1900122.38
29626,24 01635,2401635,X003361854,2024-03-25,17:41:00,2024-03-25 17:41:00,2024-03-26 09:24:52,410 S Lombard Ave,410,S LOMBARD AVE,,0,0,0,0,Property Damage,No Injuries,Car,15,Angle,2,2,0,4,"$501 to $1,500",1,0,0,0,0,0,0,02,Failing To Yield Right-Of-Way,06,Improper Turning/No Signal,1,No Controls,1,No Controls,1,Clear,1,Daylight,1,Not Divided,1,Dry,3,Free Flow,1,No Defects,O50,O10,41.8814888,-87.7796402,41.8814354,-87.7795258,1135031.88,1899888.13
29627,24 01643,2401643,X003363948,2024-03-26,07:51:00,2024-03-26 07:51:00,2024-03-26 14:18:48,N Oak Park Ave/Thomas,,N OAK PARK AVE,THOMAS,0,0,0,0,Property Damage,No Injuries,Car,11,Front To Rear,2,2,0,5,"Over $1,500",0,1,0,0,0,0,0,03,Following Too Closely,28,Failing To Reduce Speed To Avoid Crash,2,Stop Sign,4,Functioning Properly,1,Clear,1,Daylight,2,"Divided, No Median Barrier",2,Wet,2,Stopped,1,No Defects,O20,O6,41.8998756,-87.7948608,41.8998795,-87.7948227,1130845.88,1906562.25
29628,24 01646,2401646,X003362749,2024-03-26,10:20:00,2024-03-26 10:20:00,2024-03-26 14:18:48,Lake St/Forest Ave,,LAKE ST,FOREST AVE,0,0,0,0,Property Damage,No Injuries,Car,10,Turning (At Least One Vehicle),2,2,0,4,"$501 to $1,500",1,0,0,0,0,0,0,28,Failing To Reduce Speed To Avoid Crash,99,Not Applicable,3,Traffic Signal,4,Functioning Properly,1,Clear,1,Daylight,2,"Divided, No Median Barrier",2,Wet,1,Slow,1,No Defects,O40,O9,41.8886337,-87.8007965,41.8886642,-87.8007965,1129255.38,1902455.88
29629,24 01648,2401648,X003362750,2024-03-26,11:38:00,2024-03-26 11:38:00,2024-03-26 14:18:48,S Harlem Ave/I290 Expy W,,S HARLEM AVE,I290 EXPY W,1,1,0,1,Property Damage,No Injuries,Car,12,Sideswipe - Same Direction,2,2,0,5,"Over $1,500",1,0,0,0,0,0,0,20,Improper Lane Usage,99,Not Applicable,3,Traffic Signal,4,Functioning Properly,2,Rain,1,Daylight,8,Other,2,Wet,3,Free Flow,1,No Defects,O60,O15,41.8737946,-87.8044968,41.8738136,-87.8045197,1128281.50,1897042.00
29715,24 01655,2401655,X003378518,2024-03-26,17:13:00,2024-03-26 17:13:00,2024-04-11 08:28:42,483 N Harlem Ave,483,N HARLEM AVE,,0,0,0,0,Property Damage,No Injuries,Car,9,Parked Motor Vehicle,2,2,0,4,"$501 to $1,500",1,0,0,0,0,0,0,28,Failing To Reduce Speed To Avoid Crash,18,Unable To Determine,1,No Controls,1,No Controls,2,Rain,1,Daylight,7,Parking Lot,2,Wet,1,Slow,1,No Defects,R83,RFPD,41.8885765,-87.8050919,41.8902741,-87.8046799,1128084.88,1902427.75
29630,24 01658,2401658,X003363667,2024-03-26,18:36:00,2024-03-26 18:36:00,2024-03-27 10:27:32,Roosevelt Rd/S Harlem Ave,,ROOSEVELT RD,S HARLEM AVE,0,0,0,0,Property Damage,No Injuries,Car,10,Turning (At Least One Vehicle),2,2,0,5,"Over $1,500",1,0,0,0,0,0,0,28,Failing To Reduce Speed To Avoid Crash,99,Not Applicable,1,No Controls,1,No Controls,8,Cloudy/Overcast,1,Daylight,2,"Divided, No Median Barrier",2,Wet,1,Slow,1,No Defects,O90,O18,41.8650131,-87.8041992,41.8649864,-87.8042068,1128380.25,1893842.88
29631,24 01662,2401662,X003363956,2024-03-27,08:00:00,2024-03-27 08:00:00,2024-03-28 09:47:13,6300 North Ave,6300,NORTH AVE,EDMER,1,1,0,0,Property Damage,No Injuries,Car,12,Sideswipe - Same Direction,2,2,0,5,"Over $1,500",1,0,0,0,0,0,0,04,Improper Overtaking/Passing,28,Failing To Reduce Speed To Avoid Crash,1,No Controls,1,No Controls,1,Clear,1,Daylight,2,"Divided, No Median Barrier",1,Dry,1,Slow,1,No Defects,O10,O1,41.9091339,-87.7833710,41.9092216,-87.7834473,1133952.25,1909956.38
29633,24 01663,2401663,X003367097,2024-03-27,08:47:00,2024-03-27 08:47:00,2024-03-28 09:52:42,North Ave/Belleforte,,NORTH AVE,BELLEFORTE,1,1,0,0,Injury,C Injury Crash,Car,10,Turning (At Least One Vehicle),2,2,0,5,"Over $1,500",0,1,0,0,0,1,1,02,Failing To Yield Right-Of-Way,99,Not Applicable,2,Stop Sign,4,Functioning Properly,1,Clear,1,Daylight,15,T-Intersection,1,Dry,3,Free Flow,1,No Defects,O20,O3,41.9088898,-87.8026810,41.9089127,-87.8026886,1128695.50,1909833.25
29693,24 01676,2401676,X003374398,2024-03-27,14:42:00,2024-03-27 14:42:00,2024-04-08 11:27:59,Lake St/Forest Ave,,LAKE ST,FOREST AVE,0,0,0,1,Property Damage,No Injuries,Car,18,Rear To Front,2,2,0,5,"Over $1,500",1,0,0,0,0,0,0,30,Improper Backing,18,Unable To Determine,1,No Controls,1,No Controls,1,Clear,1,Daylight,1,Not Divided,1,Dry,2,Stopped,1,No Defects,O40,O9,41.8886337,-87.8007965,41.8886642,-87.8007965,1129255.38,1902455.88
29635,24 01684,2401684,X003364667,2024-03-28,10:16:00,2024-03-28 10:16:00,2024-03-28 16:46:16,Washington Blvd/S Oak Park Ave,,WASHINGTON BLVD,S OAK PARK AVE,1,1,0,0,Property Damage,No Injuries,Car,12,Sideswipe - Same Direction,2,2,0,4,"$501 to $1,500",1,0,0,0,0,0,0,02,Failing To Yield Right-Of-Way,28,Failing To Reduce Speed To Avoid Crash,3,Traffic Signal,4,Functioning Properly,1,Clear,4,Darkness,1,Not Divided,1,Dry,3,Free Flow,1,No Defects,O60,O11,41.8815384,-87.7943115,41.8815613,-87.7943115,1131037.25,1899880.13