record_id,report_number,crash_id,idot_crash_number,date,time,occurred_at,record_added_at,location,street_number,street_name,cross_street,at_intersection,intersection_related,private_property,hit_and_run,crash_severity,crash_injury_severity,crash_mode,crash_type_code,crash_type,total_units,num_motor_vehicles,dooring_pedalcyclist,damage_code,damage,no_injury_drive_away,injury_or_towed,fatalities,a_injuries,b_injuries,c_injuries,total_injured,cause1_code,cause1,cause2_code,cause2,traffic_control_code,traffic_control,device_condition_code,device_condition,weather_code,weather,lighting_code,lighting,trafficway_code,trafficway,road_surface_code,road_surface,flow_condition_code,flow_condition,road_defects_code,road_defects,beat_zone,post_district,latitude,longitude,latitude_geocoded,longitude_geocoded,state_plane_x,state_plane_y
29637,24 01685,2401685,X003364669,2024-03-28,10:16:00,2024-03-28 10:16:00,2024-03-28 16:46:16,N Oak Park Ave/Berkshire,,N OAK PARK AVE,BERKSHIRE,1,1,0,0,Injury,B Injury Crash,Car,10,Turning (At Least One Vehicle),2,2,0,5,"Over $1,500",0,1,0,0,2,0,2,02,Failing To Yield Right-Of-Way,28,Failing To Reduce Speed To Avoid Crash,2,Stop Sign,4,Functioning Properly,1,Clear,1,Daylight,2,"Divided, No Median Barrier",1,Dry,3,Free Flow,1,No Defects,O20,O3,41.9035797,-87.7949524,41.9035873,-87.7949143,1130812.13,1907912.00
29636,24 01690,2401690,X003364668,2024-03-28,13:32:00,2024-03-28 13:32:00,2024-03-28 16:46:16,Roosevelt/Maple,,ROOSEVELT,MAPLE,1,1,0,0,Property Damage,No Injuries,Car,10,Turning (At Least One Vehicle),2,2,0,4,"$501 to $1,500",1,0,0,0,0,0,0,02,Failing To Yield Right-Of-Way,28,Failing To Reduce Speed To Avoid Crash,2,Stop Sign,4,Functioning Properly,1,Clear,1,Daylight,2,"Divided, No Median Barrier",1,Dry,1,Slow,1,No Defects,O90,O18,41.8650284,-87.8033371,41.8650017,-87.8033447,1128615.13,1893849.88
29638,24 01697,2401697,X003365534,2024-03-29,05:16:00,2024-03-29 05:16:00,2024-03-29 10:32:33,Division St/N Oak Park Ave,,DIVISION ST,N OAK PARK AVE,0,0,0,1,Property Damage,No Injuries,Car,11,Front To Rear,2,2,0,4,"$501 to $1,500",1,0,0,0,0,0,0,03,Following Too Closely,28,Failing To Reduce Speed To Avoid Crash,3,Traffic Signal,4,Functioning Properly,1,Clear,5,"Darkness, Lighted Road",2,"Divided, No Median Barrier",1,Dry,3,Free Flow,1,No Defects,O20,O5,41.9016762,-87.7948608,41.9017067,-87.7948685,1130840.88,1907218.25
29639,24 01698,2401698,X003365535,2024-03-29,09:01:00,2024-03-29 09:01:00,2024-03-29 17:31:10,S Harlem Ave/Garfield St,,S HARLEM AVE,GARFIELD ST,0,0,0,1,Property Damage,No Injuries,Car,12,Sideswipe - Same Direction,2,2,0,5,"Over $1,500",1,0,0,0,0,0,0,28,Failing To Reduce Speed To Avoid Crash,18,Unable To Determine,3,Traffic Signal,4,Functioning Properly,1,Clear,1,Daylight,1,Not Divided,1,Dry,3,Free Flow,1,No Defects,O90,O18,41.8723068,-87.8044357,41.8723183,-87.8044663,1128300.88,1896500.75
29646,24 01709,2401709,X003367500,2024-03-29,17:53:00,2024-03-29 17:53:00,2024-04-01 09:38:01,334 S Lombard Ave,334,S LOMBARD AVE,,0,0,0,1,Property Damage,No Injuries,Car,9,Parked Motor Vehicle,2,2,0,3,$500 or less,1,0,0,0,0,0,0,18,Unable To Determine,18,Unable To Determine,1,No Controls,1,No Controls,1,Clear,5,"Darkness, Lighted Road",2,"Divided, No Median Barrier",1,Dry,1,Slow,1,No Defects,O50,O10,41.8825836,-87.7796783,41.8826714,-87.7793961,1135019.63,1900287.88
29642,24 01714,2401714,,2024-03-29,20:24:00,2024-03-29 20:24:00,2024-04-01 09:05:00,1105 South Blvd,1105,SOUTH BLVD,S MARION ST,0,0,0,1,Injury,B Injury Crash,Pedestrian,1,Pedestrian,2,1,0,3,$500 or less,0,1,0,0,1,0,1,28,Failing To Reduce Speed To Avoid Crash,30,Improper Backing,1,No Controls,1,No Controls,1,Clear,5,"Darkness, Lighted Road",2,"Divided, No Median Barrier",1,Dry,,,1,No Defects,O70,O12,41.8867111,-87.8025284,41.8866577,-87.8028564,1128787.25,1901752.38
29651,24 01718,2401718,X003367515,2024-03-29,23:11:00,2024-03-29 23:11:00,2024-04-01 09:54:24,Roosevelt Rd/S Taylor Ave,,ROOSEVELT RD,S TAYLOR AVE,1,0,0,1,Property Damage,No Injuries,Car,10,Turning (At Least One Vehicle),2,2,0,5,"Over $1,500",1,0,0,0,0,0,0,06,Improper Turning/No Signal,15,Driving Skills/Knowledge/Experience,2,Stop Sign,4,Functioning Properly,10,Freezing Rain/Drizzle,5,"Darkness, Lighted Road",2,"Divided, No Median Barrier",2,Wet,3,Free Flow,1,No Defects,O90,O16,41.8654442,-87.7778168,41.8654175,-87.7778244,1135565.00,1894044.38
29655,24 01720,2401720,X003369628,2024-03-30,00:24:00,2024-03-30 00:24:00,2024-04-01 10:10:48,Roosevelt Rd/S Maple Ave,,ROOSEVELT RD,S MAPLE AVE,1,0,0,0,Property Damage,No Injuries,Car,9,Parked Motor Vehicle,2,2,0,5,"Over $1,500",0,1,0,0,0,0,0,28,Failing To Reduce Speed To Avoid Crash,11,Weather,1,No Controls,1,No Controls,10,Freezing Rain/Drizzle,5,"Darkness, Lighted Road",2,"Divided, No Median Barrier",2,Wet,3,Free Flow,1,No Defects,O90,O18,41.8650284,-87.8033371,41.8650017,-87.8033447,1128615.13,1893849.88
29654,24 01722,2401722,X003369630,2024-03-30,02:09:00,2024-03-30 02:09:00,2024-04-01 10:10:48,I290 Expy E/S Harlem Ave,,I290 EXPY E,S HARLEM AVE,1,0,0,1,Injury,A Injury Crash,Car,10,Turning (At Least One Vehicle),2,2,0,5,"Over $1,500",0,1,0,1,0,0,1,28,Failing To Reduce Speed To Avoid Crash,11,Weather,3,Traffic Signal,4,Functioning Properly,2,Rain,5,"Darkness, Lighted Road",3,Divided With Median Barrier,2,Wet,1,Slow,1,No Defects,F3,FPPD,41.8734665,-87.8045197,41.8734894,-87.8045120,1128275.63,1896922.00
29652,24 01728,2401728,X003367527,2024-03-30,10:52:00,2024-03-30 10:52:00,2024-04-01 09:54:24,Harlem/Madison,,HARLEM,MADISON,0,0,0,0,Property Damage,No Injuries,Car,10,Turning (At Least One Vehicle),2,2,0,5,"Over $1,500",1,0,0,0,0,0,0,02,Failing To Yield Right-Of-Way,99,Not Applicable,1,No Controls,1,No Controls,1,Clear,1,Daylight,2,"Divided, No Median Barrier",1,Dry,3,Free Flow,1,No Defects,F2,FPPD,41.8796730,-87.8047714,41.8796654,-87.8047333,1128192.88,1899183.13
29643,24 01724,2401724,X003369632,2024-03-30,11:11:00,2024-03-30 11:11:00,2024-04-01 09:32:31,Division/Harlem,,DIVISION,HARLEM,0,0,0,0,Property Damage,No Injuries,Car,7,Other Object,1,1,0,5,"Over $1,500",0,1,0,0,0,0,0,28,Failing To Reduce Speed To Avoid Crash,18,Unable To Determine,1,No Controls,1,No Controls,1,Clear,1,Daylight,2,"Divided, No Median Barrier",1,Dry,1,Slow,1,No Defects,R81,RFPD,41.9015122,-87.8055191,41.9015427,-87.8055191,1127939.38,1907140.50
29644,24 01729,2401729,X003367529,2024-03-30,12:48:00,2024-03-30 12:48:00,2024-04-01 09:32:32,N Austin Blvd/Division St,,N AUSTIN BLVD,DIVISION ST,0,0,0,1,Property Damage,No Injuries,Car,11,Front To Rear,2,2,0,4,"$501 to $1,500",1,0,0,0,0,0,0,28,Failing To Reduce Speed To Avoid Crash,03,Following Too Closely,1,No Controls,1,No Controls,1,Clear,1,Daylight,1,Not Divided,1,Dry,1,Slow,1,No Defects,,,41.9019966,-87.7753296,41.9020004,-87.7753677,1136156.75,1907368.88
29647,24 01730,2401730,X003369636,2024-03-30,12:56:00,2024-03-30 12:56:00,2024-04-01 09:32:32,N Harlem Ave/Washington Blvd,,N HARLEM AVE,WASHINGTON BLVD,1,1,0,0,Injury,B Injury Crash,Pedalcyclist,2,Pedalcyclist,2,1,0,5,"Over $1,500",0,1,0,0,1,0,1,28,Failing To Reduce Speed To Avoid Crash,99,Not Applicable,3,Traffic Signal,4,Functioning Properly,1,Clear,1,Daylight,8,Other,1,Dry,2,Stopped,1,No Defects,F1,FPPD,41.8813934,-87.8048325,41.8814087,-87.8047943,1128172.13,1899810.88
29648,24 01734,2401734,X003369640,2024-03-30,16:19:00,2024-03-30 16:19:00,2024-04-01 09:38:01,Roosevelt Rd/Home,,ROOSEVELT RD,HOME,0,0,0,0,Injury,C Injury Crash,Car,11,Front To Rear,2,2,0,5,"Over $1,500",0,1,0,0,0,2,2,03,Following Too Closely,28,Failing To Reduce Speed To Avoid Crash,2,Stop Sign,4,Functioning Properly,1,Clear,1,Daylight,2,"Divided, No Median Barrier",1,Dry,2,Stopped,1,No Defects,O90,O18,41.8650971,-87.7989807,41.8650742,-87.7989807,1129802.63,1893882.25
29649,24 01745,2401745,X003367535,2024-03-31,12:59:00,2024-03-31 12:59:00,2024-04-01 09:38:02,Augusta St/N Humphrey Ave,,AUGUSTA ST,N HUMPHREY AVE,0,0,0,1,Property Damage,No Injuries,Car,9,Parked Motor Vehicle,3,3,0,5,"Over $1,500",1,0,0,0,0,0,0,28,Failing To Reduce Speed To Avoid Crash,18,Unable To Determine,1,No Controls,1,No Controls,9,Unknown,9,Unknown,1,Not Divided,9,Unknown,3,Free Flow,1,No Defects,O10,O4,41.8983040,-87.7768784,41.8983307,-87.7768707,1135745.50,1906021.38
29645,24 01747,2401747,X003369662,2024-03-31,16:56:00,2024-03-31 16:56:00,2024-04-01 09:38:01,S Ridgeland Ave/Adams,,S RIDGELAND AVE,ADAMS,0,0,0,0,Property Damage,No Injuries,Car,11,Front To Rear,2,2,0,5,"Over $1,500",0,1,0,0,0,0,0,28,Failing To Reduce Speed To Avoid Crash,03,Following Too Closely,1,No Controls,1,No Controls,1,Clear,1,Daylight,1,Not Divided,1,Dry,2,Stopped,1,No Defects,O80,O13,41.8780823,-87.7843704,41.8780785,-87.7844009,1133752.38,1898639.50
29656,24 01749,2401749,X003367542,2024-03-31,22:07:00,2024-03-31 22:07:00,2024-04-01 10:10:48,N Austin Blvd/Lake St,,N AUSTIN BLVD,LAKE ST,0,0,0,0,Property Damage,No Injuries,Car,11,Front To Rear,2,2,0,3,$500 or less,1,0,0,0,0,0,0,18,Unable To Determine,18,Unable To Determine,1,No Controls,1,No Controls,2,Rain,5,"Darkness, Lighted Road",2,"Divided, No Median Barrier",2,Wet,1,Slow,1,No Defects,,,41.8880272,-87.7748947,41.8880234,-87.7749329,1136309.00,1902279.13
29650,24 01750,2401750,X003367544,2024-03-31,23:12:00,2024-03-31 23:12:00,2024-04-01 09:54:24,S Harlem Ave/I290 E,,S HARLEM AVE,I290 E,1,0,0,0,Property Damage,No Injuries,Car,12,Sideswipe - Same Direction,2,2,0,4,"$501 to $1,500",1,0,0,0,0,0,0,02,Failing To Yield Right-Of-Way,99,Not Applicable,3,Traffic Signal,4,Functioning Properly,2,Rain,5,"Darkness, Lighted Road",2,"Divided, No Median Barrier",2,Wet,1,Slow,1,No Defects,O60,O15,41.8737946,-87.8044968,41.8736153,-87.8045197,1128281.50,1897042.00
29660,24 01771,2401771,X003369211,2024-04-01,07:21:00,2024-04-01 07:21:00,2024-04-02 10:12:13,S Austin Blvd/Fillmore,,S AUSTIN BLVD,FILLMORE,0,0,0,1,Property Damage,No Injuries,Car,9,Parked Motor Vehicle,2,2,0,4,"$501 to $1,500",1,0,0,0,0,0,0,18,Unable To Determine,99,Not Applicable,1,No Controls,1,No Controls,9,Unknown,1,Daylight,1,Not Divided,9,Unknown,3,Free Flow,1,No Defects,O90,O16,41.8654671,-87.7741699,41.8673019,-87.7742996,1136559.00,1894060.13
29657,24 01753,2401753,X003368099,2024-04-01,10:30:00,2024-04-01 10:30:00,2024-04-01 16:20:50,North Ave/Woodbine Ave,,NORTH AVE,WOODBINE AVE,0,0,0,1,Property Damage,No Injuries,Car,9,Parked Motor Vehicle,2,2,0,4,"$501 to $1,500",1,0,0,0,0,0,0,28,Failing To Reduce Speed To Avoid Crash,99,Not Applicable,1,No Controls,1,No Controls,8,Cloudy/Overcast,1,Daylight,3,Divided With Median Barrier,1,Dry,3,Free Flow,1,No Defects,O20,O3,41.9089356,-87.7996063,41.9089699,-87.7996063,1129533.50,1909855.38
29767,24 01759,2401759,X003423490,2024-04-01,15:44:00,2024-04-01 15:44:00,2024-04-22 09:51:56,N Harlem Ave/Pleasant St,,N HARLEM AVE,PLEASANT ST,1,0,0,0,Injury,B Injury Crash,Car,12,Sideswipe - Same Direction,2,2,0,5,"Over $1,500",0,1,0,0,2,0,2,20,Improper Lane Usage,99,Not Applicable,1,No Controls,1,No Controls,2,Rain,1,Daylight,2,"Divided, No Median Barrier",2,Wet,3,Free Flow,1,No Defects,O70,O12,41.8853912,-87.8049774,41.8854065,-87.8049393,1128124.38,1901267.88
29658,24 01766,2401766,X003369209,2024-04-01,18:41:00,2024-04-01 18:41:00,2024-04-02 10:12:12,S Ridgeland Ave/Garfield St,,S RIDGELAND AVE,GARFIELD ST,0,0,0,0,Property Damage,No Injuries,Car,11,Front To Rear,2,2,0,5,"Over $1,500",1,0,0,0,0,0,0,28,Failing To Reduce Speed To Avoid Crash,03,Following Too Closely,3,Traffic Signal,4,Functioning Properly,2,Rain,5,"Darkness, Lighted Road",1,Not Divided,2,Wet,3,Free Flow,1,No Defects,O90,O17,41.8710289,-87.7841949,41.8710251,-87.7841568,1133815.50,1896068.88
29659,24 01768,2401768,X003369697,2024-04-01,20:31:00,2024-04-01 20:31:00,2024-04-02 10:12:13,S Oak Park Ave/Madison St,,S OAK PARK AVE,MADISON ST,1,1,0,0,Property Damage,No Injuries,Car,10,Turning (At Least One Vehicle),2,2,0,5,"Over $1,500",1,0,0,0,0,0,0,11,Weather,99,Not Applicable,3,Traffic Signal,4,Functioning Properly,2,Rain,5,"Darkness, Lighted Road",4,Two-Way Continuous Left-Turn Lane,2,Wet,3,Free Flow,1,No Defects,O60,O11,41.8797722,-87.7942200,41.8797722,-87.7942581,1131065.38,1899237.25
29661,24 01778,2401778,X003369703,2024-04-02,13:35:00,2024-04-02 13:35:00,2024-04-03 09:57:54,S Harlem Ave/I290 Expy W,,S HARLEM AVE,I290 EXPY W,1,1,0,0,Property Damage,No Injuries,Car,10,Turning (At Least One Vehicle),2,2,0,4,"$501 to $1,500",1,0,0,0,0,0,0,06,Improper Turning/No Signal,18,Unable To Determine,3,Traffic Signal,4,Functioning Properly,2,Rain,1,Daylight,14,Four-Way Intersection,2,Wet,3,Free Flow,1,No Defects,O60,O15,41.8737946,-87.8044968,41.8738136,-87.8045197,1128281.50,1897042.00
29663,24 01786,2401786,X003423485,2024-04-02,21:10:00,2024-04-02 21:10:00,2024-04-03 09:57:54,Lombard/North Ave,,LOMBARD,NORTH AVE,1,1,0,0,Property Damage,No Injuries,Car,11,Front To Rear,2,2,0,5,"Over $1,500",0,1,0,0,0,0,0,28,Failing To Reduce Speed To Avoid Crash,11,Weather,1,No Controls,1,No Controls,2,Rain,5,"Darkness, Lighted Road",1,Not Divided,2,Wet,3,Free Flow,1,No Defects,O10,O1,41.9091911,-87.7808685,41.9091911,-87.7808227,1134633.63,1909980.75
29662,24 01789,2401789,X003369722,2024-04-03,07:20:00,2024-04-03 07:20:00,2024-04-03 09:57:54,105 N Kenilworth Ave,,105 N KENILWORTH AVE,NORTH BLVD,0,0,0,1,Property Damage,No Injuries,Car,9,Parked Motor Vehicle,2,2,0,4,"$501 to $1,500",1,0,0,0,0,0,0,18,Unable To Determine,18,Unable To Determine,1,No Controls,1,No Controls,10,Freezing Rain/Drizzle,5,"Darkness, Lighted Road",1,Not Divided,2,Wet,3,Free Flow,1,No Defects,O40,O9,41.8872261,-87.7971649,41.8875046,-87.7972641,1130246.50,1901949.25
29664,24 01796,2401796,X003421811,2024-04-03,13:11:00,2024-04-03 13:11:00,2024-04-04 09:54:34,Madison St/N Harlem Ave,,MADISON ST,N HARLEM AVE,1,1,0,0,Injury,A Injury Crash,Car,10,Turning (At Least One Vehicle),2,2,0,5,"Over $1,500",0,1,0,1,1,0,2,02,Failing To Yield Right-Of-Way,28,Failing To Reduce Speed To Avoid Crash,3,Traffic Signal,4,Functioning Properly,2,Rain,1,Daylight,4,Two-Way Continuous Left-Turn Lane,2,Wet,3,Free Flow,1,No Defects,O60,O15,41.8796349,-87.8047333,41.8796654,-87.8047333,1128202.63,1899169.38
29666,24 01798,2401798,X003423494,2024-04-03,15:28:00,2024-04-03 15:28:00,2024-04-04 09:54:34,Madison St/S Scoville Ave,,MADISON ST,S SCOVILLE AVE,1,1,0,0,Injury,B Injury Crash,Car,11,Front To Rear,2,2,0,3,$500 or less,0,1,0,0,1,0,1,28,Failing To Reduce Speed To Avoid Crash,11,Weather,17,Pedestrian Crossing Sign,4,Functioning Properly,2,Rain,1,Daylight,9,Unknown,2,Wet,1,Slow,1,No Defects,O60,O14,41.8798523,-87.7877274,41.8798714,-87.7881393,1132834.25,1899277.13
29665,24 01799,2401799,X003370783,2024-04-03,16:43:00,2024-04-03 16:43:00,2024-04-04 10:00:10,8 Iowa St,8,IOWA ST,,0,0,0,1,Property Damage,No Injuries,Car,9,Parked Motor Vehicle,2,2,0,5,"Over $1,500",1,0,0,0,0,0,0,18,Unable To Determine,99,Not Applicable,1,No Controls,1,No Controls,9,Unknown,9,Unknown,1,Not Divided,9,Unknown,3,Free Flow,99,Unknown,O10,O4,41.8965683,-87.7756958,41.8966217,-87.7758713,1136070.75,1905390.25
29667,24 01801,2401801,X003370784,2024-04-03,17:32:00,2024-04-03 17:32:00,2024-04-04 10:00:10,S Harlem Ave/I290 W,,S HARLEM AVE,I290 W,1,1,0,0,Property Damage,No Injuries,Car,10,Turning (At Least One Vehicle),2,2,0,5,"Over $1,500",1,0,0,0,0,0,0,02,Failing To Yield Right-Of-Way,11,Weather,3,Traffic Signal,4,Functioning Properly,2,Rain,1,Daylight,3,Divided With Median Barrier,2,Wet,3,Free Flow,1,No Defects,O60,O15,41.8737946,-87.8044968,41.8738136,-87.8045197,1128281.50,1897042.00
29668,24 01804,2401804,X003370786,2024-04-03,19:10:00,2024-04-03 19:10:00,2024-04-04 10:00:11,1151 S Oak Park Ave,1151,S OAK PARK AVE,,0,0,0,0,Property Damage,No Injuries,Car,9,Parked Motor Vehicle,2,2,0,5,"Over $1,500",1,0,0,0,0,0,0,18,Unable To Determine,15,Driving Skills/Knowledge/Experience,2,Stop Sign,4,Functioning Properly,9,Unknown,1,Daylight,2,"Divided, No Median Barrier",9,Unknown,3,Free Flow,1,No Defects,O90,O17,41.8669891,-87.7937775,41.8668213,-87.7939835,1131215.00,1894580.88
29674,24 01810,2401810,X003371584,2024-04-04,11:56:00,2024-04-04 11:56:00,2024-04-04 13:10:48,North Blvd/N Maple Ave,,NORTH BLVD,N MAPLE AVE,1,1,0,0,Property Damage,No Injuries,Car,10,Turning (At Least One Vehicle),2,2,0,5,"Over $1,500",1,0,0,0,0,0,0,28,Failing To Reduce Speed To Avoid Crash,18,Unable To Determine,2,Stop Sign,4,Functioning Properly,2,Rain,1,Daylight,15,T-Intersection,2,Wet,1,Slow,1,No Defects,O40,O9,41.8871040,-87.8039017,41.8871345,-87.8039093,1128412.88,1901893.38
29675,24 01820,2401820,X003423503,2024-04-04,17:57:00,2024-04-04 17:57:00,2024-04-05 11:51:43,Fillmore St/Clinton Ave,,FILLMORE ST,CLINTON AVE,1,1,0,0,Property Damage,No Injuries,Car,15,Angle,2,2,0,5,"Over $1,500",0,1,0,0,0,0,0,02,Failing To Yield Right-Of-Way,15,Driving Skills/Knowledge/Experience,2,Stop Sign,4,Functioning Properly,2,Rain,1,Daylight,14,Four-Way Intersection,2,Wet,3,Free Flow,1,No Defects,O90,O18,41.8668861,-87.7977371,41.8669205,-87.7977371,1130137.88,1894536.50
29750,24 01822,2401822,X003385150,2024-04-04,22:33:00,2024-04-04 22:33:00,2024-04-18 08:35:29,200 Lake St,200,LAKE ST,,0,0,0,0,Property Damage,No Injuries,Car,10,Turning (At Least One Vehicle),2,2,0,5,"Over $1,500",1,0,0,0,0,0,0,02,Failing To Yield Right-Of-Way,99,Not Applicable,1,No Controls,1,No Controls,1,Clear,5,"Darkness, Lighted Road",2,"Divided, No Median Barrier",1,Dry,3,Free Flow,1,No Defects,O30,O7,41.8882065,-87.7798080,41.8884315,-87.7800980,1134970.25,1902335.25
29676,24 01827,2401827,X003372516,2024-04-05,09:36:00,2024-04-05 09:36:00,2024-04-05 13:51:49,901 Lake St,901,LAKE ST,,0,0,0,1,Property Damage,No Injuries,Car,9,Parked Motor Vehicle,2,2,0,5,"Over $1,500",1,0,0,0,0,0,0,18,Unable To Determine,28,Failing To Reduce Speed To Avoid Crash,1,No Controls,1,No Controls,1,Clear,4,Darkness,7,Parking Lot,1,Dry,3,Free Flow,1,No Defects,O40,O9,41.8886719,-87.7971573,41.8885384,-87.7975311,1130245.50,1902475.38
29677,24 01829,2401829,X003372517,2024-04-05,11:36:00,2024-04-05 11:36:00,2024-04-05 16:29:47,6045 North Ave,6045,NORTH AVE,,0,0,0,1,Property Damage,No Injuries,Car,9,Parked Motor Vehicle,2,2,0,4,"$501 to $1,500",1,0,0,0,0,0,0,30,Improper Backing,28,Failing To Reduce Speed To Avoid Crash,1,No Controls,1,No Controls,1,Clear,1,Daylight,7,Parking Lot,1,Dry,1,Slow,1,No Defects,O10,O1,41.9092026,-87.7776566,41.9090958,-87.7778091,1135507.25,1909991.88
29688,24 01833,2401833,X003374400,2024-04-05,13:04:00,2024-04-05 13:04:00,2024-04-08 11:22:25,25 Chicago Ave,25,CHICAGO AVE,,0,0,0,1,Property Damage,No Injuries,Car,9,Parked Motor Vehicle,2,2,0,5,"Over $1,500",1,0,0,0,0,0,0,18,Unable To Determine,28,Failing To Reduce Speed To Avoid Crash,99,Unknown,9,Unknown,9,Unknown,9,Unknown,9,Unknown,9,Unknown,2,Stopped,99,Unknown,O10,O4,41.8947144,-87.7767563,41.8945694,-87.7761688,1135785.50,1904712.25
29678,24 01834,2401834,X003374401,2024-04-05,13:22:00,2024-04-05 13:22:00,2024-04-05 16:29:48,Ridgeland Ave/Lake St,,RIDGELAND AVE,LAKE ST,0,0,0,0,Property Damage,No Injuries,Car,18,Rear To Front,2,2,0,5,"Over $1,500",1,0,0,0,0,0,0,03,Following Too Closely,99,Not Applicable,1,No Controls,1,No Controls,1,Clear,1,Daylight,1,Not Divided,1,Dry,3,Free Flow,1,No Defects,O30,O8,41.8883209,-87.7847366,41.8883209,-87.7846985,1133628.00,1902369.13
29695,24 01837,2401837,X003374402,2024-04-05,13:25:00,2024-04-05 13:25:00,2024-04-08 11:33:29,Lake St/N Harlem Ave,,LAKE ST,N HARLEM AVE,1,1,0,0,Property Damage,No Injuries,Car,9,Parked Motor Vehicle,2,2,0,4,"$501 to $1,500",1,0,0,0,0,0,0,28,Failing To Reduce Speed To Avoid Crash,18,Unable To Determine,1,No Controls,1,No Controls,1,Clear,1,Daylight,1,Not Divided,1,Dry,1,Slow,1,No Defects,O40,O9,41.8885536,-87.8050537,41.8885841,-87.8050537,1128096.13,1902419.63
29679,24 01838,2401838,X003372518,2024-04-05,13:44:00,2024-04-05 13:44:00,2024-04-05 19:07:46,N Austin Blvd/North Ave,,N AUSTIN BLVD,NORTH AVE,0,0,0,0,Property Damage,No Injuries,Car,11,Front To Rear,3,3,0,5,"Over $1,500",1,0,0,0,0,0,0,03,Following Too Closely,03,Following Too Closely,1,No Controls,1,No Controls,1,Clear,1,Daylight,1,Not Divided,1,Dry,3,Free Flow,1,No Defects,,,41.9092522,-87.7755585,41.9092560,-87.7755890,1136078.00,1910012.75
29696,24 01840,2401840,X003423491,2024-04-05,15:08:00,2024-04-05 15:08:00,2024-04-08 11:27:58,S Oak Park Ave/Fillmore St,,S OAK PARK AVE,FILLMORE ST,1,1,0,0,Property Damage,No Injuries,Car,10,Turning (At Least One Vehicle),2,2,0,5,"Over $1,500",0,1,0,0,0,0,0,02,Failing To Yield Right-Of-Way,28,Failing To Reduce Speed To Avoid Crash,2,Stop Sign,4,Functioning Properly,1,Clear,1,Daylight,1,Not Divided,1,Dry,3,Free Flow,1,No Defects,O90,O17,41.8669891,-87.7937775,41.8669815,-87.7938156,1131215.00,1894580.88
29684,24 01839,2401839,X003374407,2024-04-05,15:09:00,2024-04-05 15:09:00,2024-04-08 11:11:25,S Austin Blvd/Garfield St,,S AUSTIN BLVD,GARFIELD ST,0,0,0,1,Property Damage,No Injuries,Car,10,Turning (At Least One Vehicle),2,2,0,5,"Over $1,500",1,0,0,0,0,0,0,28,Failing To Reduce Speed To Avoid Crash,18,Unable To Determine,1,No Controls,1,No Controls,1,Clear,1,Daylight,2,"Divided, No Median Barrier",1,Dry,3,Free Flow,1,No Defects,O90,O16,41.8704185,-87.7743530,41.8704224,-87.7743149,1136497.13,1895864.88
29683,24 01841,2401841,X003374414,2024-04-05,15:31:00,2024-04-05 15:31:00,2024-04-08 11:11:25,Chicago Ave/Maple,,CHICAGO AVE,MAPLE,0,0,0,0,Property Damage,No Injuries,Car,12,Sideswipe - Same Direction,2,2,0,5,"Over $1,500",1,0,0,0,0,0,0,02,Failing To Yield Right-Of-Way,99,Not Applicable,1,No Controls,1,No Controls,1,Clear,1,Daylight,1,Not Divided,1,Dry,1,Slow,1,No Defects,O40,O9,41.8942146,-87.8039551,41.8942452,-87.8039551,1128382.25,1904483.00
29689,24 01842,2401842,X003423504,2024-04-05,15:44:00,2024-04-05 15:44:00,2024-04-08 11:27:58,Randolph/Elmwood,,RANDOLPH,ELMWOOD,1,1,0,0,Injury,B Injury Crash,Car,15,Angle,2,2,0,5,"Over $1,500",0,1,0,0,1,0,1,23,Disregarding Stop Sign,18,Unable To Determine,2,Stop Sign,4,Functioning Properly,1,Clear,1,Daylight,14,Four-Way Intersection,1,Dry,3,Free Flow,1,No Defects,O60,O11,41.8833809,-87.7861939,41.8834076,-87.7861939,1133243.75,1900566.75
29685,24 01847,2401847,X003374424,2024-04-05,17:08:00,2024-04-05 17:08:00,2024-04-08 11:16:56,Highland Ave/Harvard,,HIGHLAND AVE,HARVARD,0,0,0,0,Property Damage,No Injuries,Car,12,Sideswipe - Same Direction,2,2,0,5,"Over $1,500",1,0,0,0,0,0,0,50,"Oper. Veh. In Erratic,Reckless,Careless Manne",18,Unable To Determine,1,No Controls,1,No Controls,1,Clear,1,Daylight,1,Not Divided,1,Dry,3,Free Flow,1,No Defects,O90,O16,41.8690185,-87.7815933,41.8690185,-87.7816315,1134528.38,1895341.63
29698,24 01850,2401850,X003374426,2024-04-05,18:44:00,2024-04-05 18:44:00,2024-04-08 11:39:00,Jackson Blvd/Cuyler,,JACKSON BLVD,CUYLER,0,0,0,1,Property Damage,No Injuries,Car,12,Sideswipe - Same Direction,2,2,0,4,"$501 to $1,500",1,0,0,0,0,0,0,18,Unable To Determine,99,Not Applicable,1,No Controls,1,No Controls,1,Clear,1,Daylight,2,"Divided, No Median Barrier",1,Dry,3,Free Flow,1,No Defects,O80,O13,41.8762703,-87.7831116,41.8762970,-87.7831192,1134098.88,1897981.88
29680,24 01860,2401860,X003373294,2024-04-06,00:59:00,2024-04-06 00:59:00,2024-04-06 22:41:49,238 S Grove,238,S GROVE,,0,0,0,1,Property Damage,No Injuries,Car,6,Fixed Object,2,1,0,4,"$501 to $1,500",1,0,0,0,0,0,0,18,Unable To Determine,99,Not Applicable,2,Stop Sign,4,Functioning Properly,1,Clear,5,"Darkness, Lighted Road",1,Not Divided,1,Dry,3,Free Flow,1,No Defects,O70,O12,41.8851624,-87.7957230,41.8837509,-87.7954712,1130644.50,1901199.75