record_id,report_number,crash_id,idot_crash_number,date,time,occurred_at,record_added_at,location,street_number,street_name,cross_street,at_intersection,intersection_related,private_property,hit_and_run,crash_severity,crash_injury_severity,crash_mode,crash_type_code,crash_type,total_units,num_motor_vehicles,dooring_pedalcyclist,damage_code,damage,no_injury_drive_away,injury_or_towed,fatalities,a_injuries,b_injuries,c_injuries,total_injured,cause1_code,cause1,cause2_code,cause2,traffic_control_code,traffic_control,device_condition_code,device_condition,weather_code,weather,lighting_code,lighting,trafficway_code,trafficway,road_surface_code,road_surface,flow_condition_code,flow_condition,road_defects_code,road_defects,beat_zone,post_district,latitude,longitude,latitude_geocoded,longitude_geocoded,state_plane_x,state_plane_y
29699,24 01861,2401861,X003374429,2024-04-06,04:55:00,2024-04-06 04:55:00,2024-04-08 11:39:00,N Oak Park Ave/Lake St,,N OAK PARK AVE,LAKE ST,0,0,0,0,Property Damage,No Injuries,Car,11,Front To Rear,2,2,0,4,"$501 to $1,500",1,0,0,0,0,0,0,28,Failing To Reduce Speed To Avoid Crash,25,Disregarding Traffic Signals,3,Traffic Signal,4,Functioning Properly,1,Clear,1,Daylight,2,"Divided, No Median Barrier",1,Dry,2,Stopped,1,No Defects,O40,O9,41.8886414,-87.7945633,41.8886452,-87.7945251,1130952.25,1902468.88
29686,24 01865,2401865,X003374430,2024-04-06,13:29:00,2024-04-06 13:29:00,2024-04-08 11:16:56,S Austin Blvd/Jackson Blvd,,S AUSTIN BLVD,JACKSON BLVD,1,1,0,0,Property Damage,No Injuries,Car,11,Front To Rear,2,2,0,4,"$501 to $1,500",1,0,0,0,0,0,0,03,Following Too Closely,28,Failing To Reduce Speed To Avoid Crash,3,Traffic Signal,4,Functioning Properly,1,Clear,1,Daylight,14,Four-Way Intersection,1,Dry,1,Slow,1,No Defects,O80,O13,41.8764229,-87.7745743,41.8764229,-87.7745361,1136424.63,1898051.75
29690,24 01867,2401867,X003423505,2024-04-06,15:27:00,2024-04-06 15:27:00,2024-04-08 11:27:58,N Ridgeland Ave/Lake St,,N RIDGELAND AVE,LAKE ST,1,1,0,0,Injury,C Injury Crash,Pedalcyclist,2,Pedalcyclist,2,1,0,3,$500 or less,0,1,0,0,0,1,1,24,Disregarding Other Traffic Signs,24,Disregarding Other Traffic Signs,3,Traffic Signal,4,Functioning Properly,1,Clear,1,Daylight,1,Not Divided,1,Dry,3,Free Flow,1,No Defects,O30,O8,41.8883209,-87.7847366,41.8883209,-87.7846985,1133628.00,1902369.13
29697,24 01869,2401869,X003374432,2024-04-06,15:40:00,2024-04-06 15:40:00,2024-04-08 11:33:30,901 Lake St,901,LAKE ST,,0,0,0,0,Property Damage,No Injuries,Car,9,Parked Motor Vehicle,2,2,0,4,"$501 to $1,500",1,0,0,0,0,0,0,28,Failing To Reduce Speed To Avoid Crash,99,Not Applicable,1,No Controls,1,No Controls,1,Clear,1,Daylight,7,Parking Lot,1,Dry,1,Slow,1,No Defects,O40,O9,41.8886719,-87.7971573,41.8885384,-87.7975311,1130245.50,1902475.38
29691,24 01885,2401885,X003374434,2024-04-07,10:57:00,2024-04-07 10:57:00,2024-04-08 11:27:59,Washington Blvd/S Maple Ave,,WASHINGTON BLVD,S MAPLE AVE,1,1,0,0,Property Damage,No Injuries,Car,15,Angle,2,2,0,3,$500 or less,1,0,0,0,0,0,0,02,Failing To Yield Right-Of-Way,28,Failing To Reduce Speed To Avoid Crash,2,Stop Sign,4,Functioning Properly,2,Rain,1,Daylight,2,"Divided, No Median Barrier",2,Wet,1,Slow,1,No Defects,O70,O12,41.8813858,-87.8039246,41.8814201,-87.8039246,1128419.88,1899809.88
29707,24 01891,2401891,X003377401,2024-04-07,14:21:00,2024-04-07 14:21:00,2024-04-10 10:36:40,Ridgeland Ave/Harrison St,,RIDGELAND AVE,HARRISON ST,1,1,0,1,Property Damage,No Injuries,Car,11,Front To Rear,2,2,0,5,"Over $1,500",1,0,0,0,0,0,0,11,Weather,28,Failing To Reduce Speed To Avoid Crash,3,Traffic Signal,4,Functioning Properly,2,Rain,1,Daylight,1,Not Divided,2,Wet,1,Slow,1,No Defects,O80,O13,41.8726311,-87.7841797,41.8726349,-87.7842178,1133816.00,1896653.38
29694,24 01895,2401895,X003375140,2024-04-08,06:16:00,2024-04-08 06:16:00,2024-04-08 11:33:29,N Ridgeland Ave/Division St,,N RIDGELAND AVE,DIVISION ST,1,1,0,0,Property Damage,No Injuries,Car,10,Turning (At Least One Vehicle),2,2,0,4,"$501 to $1,500",1,0,0,0,0,0,0,02,Failing To Yield Right-Of-Way,28,Failing To Reduce Speed To Avoid Crash,3,Traffic Signal,4,Functioning Properly,1,Clear,1,Daylight,2,"Divided, No Median Barrier",2,Wet,3,Free Flow,1,No Defects,O20,O2,41.9018860,-87.7849121,41.9018860,-87.7848740,1133548.63,1907311.13
29682,24 01896,2401896,X003375138,2024-04-08,07:51:00,2024-04-08 07:51:00,2024-04-08 08:40:20,N Oak Park Ave/North Blvd,,N OAK PARK AVE,NORTH BLVD,1,1,0,1,Property Damage,No Injuries,Car,7,Other Object,2,1,0,5,"Over $1,500",1,0,0,0,0,0,0,24,Disregarding Other Traffic Signs,18,Unable To Determine,3,Traffic Signal,4,Functioning Properly,1,Clear,1,Daylight,1,Not Divided,1,Dry,3,Free Flow,1,No Defects,O40,O9,41.8873062,-87.7945175,41.8873138,-87.7944794,1130966.88,1901982.38
29687,24 01897,2401897,X003375139,2024-04-08,08:07:00,2024-04-08 08:07:00,2024-04-08 11:27:57,N Cuyler Ave/Ontario St,,N CUYLER AVE,ONTARIO ST,0,0,0,0,Property Damage,No Injuries,Car,12,Sideswipe - Same Direction,2,2,0,5,"Over $1,500",1,0,0,0,0,0,0,02,Failing To Yield Right-Of-Way,99,Not Applicable,1,No Controls,1,No Controls,1,Clear,1,Daylight,1,Not Divided,1,Dry,3,Free Flow,1,No Defects,O30,O7,41.8903809,-87.7831650,41.8903847,-87.7831345,1134050.00,1903122.63
29701,24 01900,2401900,X003376188,2024-04-08,09:33:00,2024-04-08 09:33:00,2024-04-09 08:18:19,N East Ave/Lake St,,N EAST AVE,LAKE ST,0,0,0,0,Property Damage,No Injuries,Car,9,Parked Motor Vehicle,2,2,0,4,"$501 to $1,500",1,0,0,0,0,0,0,28,Failing To Reduce Speed To Avoid Crash,99,Not Applicable,1,No Controls,1,No Controls,9,Unknown,9,Unknown,1,Not Divided,1,Dry,3,Free Flow,1,No Defects,O30,O8,41.8884811,-87.7896271,41.8884849,-87.7895889,1132295.75,1902419.13
29702,24 01904,2401904,X003375320,2024-04-08,13:34:00,2024-04-08 13:34:00,2024-04-09 08:45:38,Le Moyne/Linden,,LE MOYNE,LINDEN,0,0,0,0,Property Damage,No Injuries,Car,6,Fixed Object,3,1,0,5,"Over $1,500",1,0,0,0,0,0,0,28,Failing To Reduce Speed To Avoid Crash,99,Not Applicable,1,No Controls,1,No Controls,1,Clear,1,Daylight,1,Not Divided,1,Dry,3,Free Flow,1,No Defects,O20,O2,41.9071922,-87.7925796,41.9072228,-87.7925873,1131449.00,1909232.63
29703,24 01909,2401909,X003376628,2024-04-08,17:06:00,2024-04-08 17:06:00,2024-04-09 09:34:49,Washington Blvd/S Humphrey,,WASHINGTON BLVD,S HUMPHREY,0,0,0,0,Property Damage,No Injuries,Car,12,Sideswipe - Same Direction,2,2,0,4,"$501 to $1,500",1,0,0,0,0,0,0,28,Failing To Reduce Speed To Avoid Crash,99,Not Applicable,1,No Controls,1,No Controls,1,Clear,1,Daylight,1,Not Divided,1,Dry,3,Free Flow,1,No Defects,O50,O10,41.8820534,-87.7763519,41.8820839,-87.7763596,1135925.38,1900100.88
29705,24 01916,2401916,X003376189,2024-04-09,10:05:00,2024-04-09 10:05:00,2024-04-09 17:08:06,Lake/Marion,,LAKE,MARION,0,0,0,0,Property Damage,No Injuries,Car,9,Parked Motor Vehicle,2,2,0,5,"Over $1,500",1,0,0,0,0,0,0,15,Driving Skills/Knowledge/Experience,99,Not Applicable,1,No Controls,1,No Controls,1,Clear,1,Daylight,1,Not Divided,1,Dry,1,Slow,1,No Defects,O40,O9,41.8886185,-87.8026276,41.8886452,-87.8026276,1128756.38,1902446.75
29706,24 01921,2401921,X003376190,2024-04-09,12:44:00,2024-04-09 12:44:00,2024-04-09 17:02:35,Pleasant St/S Marion St,,PLEASANT ST,S MARION ST,0,0,0,0,Property Damage,No Injuries,Car,12,Sideswipe - Same Direction,2,2,0,4,"$501 to $1,500",1,0,0,0,0,0,0,04,Improper Overtaking/Passing,28,Failing To Reduce Speed To Avoid Crash,1,No Controls,1,No Controls,1,Clear,1,Daylight,1,Not Divided,1,Dry,3,Free Flow,1,No Defects,O70,O12,41.8856812,-87.8025207,41.8857117,-87.8025207,1128792.38,1901377.13
29714,24 01939,2401939,X003377791,2024-04-09,13:10:00,2024-04-09 13:10:00,2024-04-11 08:28:42,Madison St/S Ridgeland Ave,,MADISON ST,S RIDGELAND AVE,0,0,0,1,Property Damage,No Injuries,Car,12,Sideswipe - Same Direction,2,2,0,5,"Over $1,500",1,0,0,0,0,0,0,28,Failing To Reduce Speed To Avoid Crash,02,Failing To Yield Right-Of-Way,1,No Controls,1,No Controls,9,Unknown,9,Unknown,2,"Divided, No Median Barrier",9,Unknown,2,Stopped,1,No Defects,O80,O13,41.8799019,-87.7844620,41.8799324,-87.7844620,1133723.63,1899302.88
30057,24 01949,2401949,X003436886,2024-04-10,04:17:00,2024-04-10 04:17:00,2024-06-03 10:43:17,Austin Blvd/Madison St,,AUSTIN BLVD,MADISON ST,1,0,0,1,Property Damage,No Injuries,Pedestrian,1,Pedestrian,2,1,0,3,$500 or less,1,0,0,0,0,0,0,18,Unable To Determine,99,Not Applicable,3,Traffic Signal,4,Functioning Properly,1,Clear,1,Daylight,1,Not Divided,1,Dry,3,Free Flow,1,No Defects,,,41.8800926,-87.7746201,41.8800888,-87.7746582,1136401.50,1899388.00
29713,24 01934,2401934,X003377799,2024-04-10,12:39:00,2024-04-10 12:39:00,2024-04-11 08:28:42,Clinton Ave/Lexington,,CLINTON AVE,LEXINGTON,0,0,0,0,Property Damage,No Injuries,Car,12,Sideswipe - Same Direction,2,2,0,5,"Over $1,500",1,0,0,0,0,0,0,20,Improper Lane Usage,28,Failing To Reduce Speed To Avoid Crash,1,No Controls,1,No Controls,1,Clear,1,Daylight,1,Not Divided,1,Dry,3,Free Flow,1,No Defects,O90,O18,41.8705749,-87.7978363,41.8705749,-87.7978668,1130102.75,1895879.63
29716,24 01940,2401940,X003377788,2024-04-10,14:22:00,2024-04-10 14:22:00,2024-04-11 08:28:42,Madison St/Harvey,,MADISON ST,HARVEY,0,1,0,0,Property Damage,No Injuries,Car,11,Front To Rear,2,2,0,4,"$501 to $1,500",1,0,0,0,0,0,0,28,Failing To Reduce Speed To Avoid Crash,03,Following Too Closely,17,Pedestrian Crossing Sign,4,Functioning Properly,1,Clear,1,Daylight,3,Divided With Median Barrier,1,Dry,2,Stopped,1,No Defects,O80,O13,41.8799553,-87.7811890,41.8799896,-87.7807999,1134614.75,1899326.50
29710,24 01944,2401944,X003377784,2024-04-10,15:05:00,2024-04-10 15:05:00,2024-04-11 08:28:41,Chicago Ave/N Oak Park Ave,,CHICAGO AVE,N OAK PARK AVE,0,0,0,0,Property Damage,No Injuries,Car,11,Front To Rear,2,2,0,5,"Over $1,500",1,0,0,0,0,0,0,02,Failing To Yield Right-Of-Way,28,Failing To Reduce Speed To Avoid Crash,3,Traffic Signal,4,Functioning Properly,1,Clear,1,Daylight,2,"Divided, No Median Barrier",9,Unknown,1,Slow,99,Unknown,O30,O8,41.8943825,-87.7946701,41.8944054,-87.7946777,1130909.25,1904560.00
29720,24 01946,2401946,X003378520,2024-04-10,17:15:00,2024-04-10 17:15:00,2024-04-11 17:07:32,S Oak Park Ave/Washington Blvd,,S OAK PARK AVE,WASHINGTON BLVD,1,1,0,1,Property Damage,No Injuries,Car,10,Turning (At Least One Vehicle),2,2,0,5,"Over $1,500",1,0,0,0,0,0,0,25,Disregarding Traffic Signals,28,Failing To Reduce Speed To Avoid Crash,3,Traffic Signal,4,Functioning Properly,1,Clear,1,Daylight,2,"Divided, No Median Barrier",1,Dry,3,Free Flow,1,No Defects,O60,O11,41.8815651,-87.7942734,41.8815613,-87.7943115,1131046.38,1899891.13
29718,24 01955,2401955,X003423506,2024-04-11,08:57:00,2024-04-11 08:57:00,2024-04-11 17:02:02,Garfield St/S Maple Ave,,GARFIELD ST,S MAPLE AVE,1,1,0,0,Property Damage,No Injuries,Car,10,Turning (At Least One Vehicle),2,2,0,5,"Over $1,500",0,1,0,0,0,0,0,28,Failing To Reduce Speed To Avoid Crash,18,Unable To Determine,2,Stop Sign,4,Functioning Properly,2,Rain,1,Daylight,15,T-Intersection,2,Wet,3,Free Flow,1,No Defects,O90,O18,41.8722687,-87.8036041,41.8722916,-87.8036041,1128527.75,1896487.38
29719,24 01959,2401959,X003378519,2024-04-11,12:51:00,2024-04-11 12:51:00,2024-04-11 17:07:31,Marion Av/North Ave,,MARION AV,NORTH AVE,0,0,0,0,Property Damage,No Injuries,Car,15,Angle,2,2,0,3,$500 or less,1,0,0,0,0,0,0,02,Failing To Yield Right-Of-Way,28,Failing To Reduce Speed To Avoid Crash,1,No Controls,1,No Controls,8,Cloudy/Overcast,1,Daylight,1,Not Divided,1,Dry,1,Slow,1,No Defects,O20,O3,41.9088707,-87.8042526,41.9088783,-87.8042145,1128268.00,1909824.38
29722,24 01960,2401960,X003378942,2024-04-11,15:32:00,2024-04-11 15:32:00,2024-04-12 08:40:32,S Austin Blvd/Roosevelt Rd,,S AUSTIN BLVD,ROOSEVELT RD,1,1,0,0,Property Damage,No Injuries,Car,12,Sideswipe - Same Direction,2,2,0,3,$500 or less,1,0,0,0,0,0,0,02,Failing To Yield Right-Of-Way,28,Failing To Reduce Speed To Avoid Crash,3,Traffic Signal,4,Functioning Properly,8,Cloudy/Overcast,1,Daylight,1,Not Divided,1,Dry,1,Slow,1,No Defects,O90,O16,41.8654671,-87.7741699,41.8654709,-87.7741394,1136559.00,1894060.13
29725,24 01967,2401967,X003381723,2024-04-12,09:27:00,2024-04-12 09:27:00,2024-04-15 10:02:08,Lake St/N Euclid Ave,,LAKE ST,N EUCLID AVE,0,0,0,0,Property Damage,No Injuries,Car,12,Sideswipe - Same Direction,2,2,0,5,"Over $1,500",1,0,0,0,0,0,0,02,Failing To Yield Right-Of-Way,28,Failing To Reduce Speed To Avoid Crash,1,No Controls,1,No Controls,1,Clear,1,Daylight,1,Not Divided,1,Dry,3,Free Flow,1,No Defects,O30,O8,41.8885574,-87.7926941,41.8885841,-87.7926941,1131461.00,1902441.13
29730,24 01969,2401969,X003415061,2024-04-12,11:01:00,2024-04-12 11:01:00,2024-04-15 10:07:42,North Blvd/N Harlem Ave,,NORTH BLVD,N HARLEM AVE,1,1,0,0,Property Damage,No Injuries,Car,15,Angle,2,2,0,5,"Over $1,500",0,1,0,0,0,0,0,28,Failing To Reduce Speed To Avoid Crash,18,Unable To Determine,3,Traffic Signal,4,Functioning Properly,1,Clear,1,Daylight,2,"Divided, No Median Barrier",1,Dry,1,Slow,1,No Defects,O40,O9,41.8871002,-87.8049927,41.8871231,-87.8049927,1128115.75,1901889.63
29728,24 01973,2401973,X003381725,2024-04-12,12:54:00,2024-04-12 12:54:00,2024-04-15 10:07:42,Ridgeland/North Blvd,,RIDGELAND,NORTH BLVD,1,0,0,0,Property Damage,No Injuries,Car,6,Fixed Object,2,1,0,4,"$501 to $1,500",1,0,0,0,0,0,0,28,Failing To Reduce Speed To Avoid Crash,24,Disregarding Other Traffic Signs,1,No Controls,1,No Controls,1,Clear,1,Daylight,2,"Divided, No Median Barrier",1,Dry,3,Free Flow,1,No Defects,O30,O8,41.8874779,-87.7847137,41.8874855,-87.7846756,1133636.50,1902062.00
29727,24 01989,2401989,X003381731,2024-04-13,13:34:00,2024-04-13 13:34:00,2024-04-15 10:07:41,6132 Roosevelt Rd,6132,ROOSEVELT RD,,0,0,0,0,Property Damage,No Injuries,Car,9,Parked Motor Vehicle,2,2,0,3,$500 or less,1,0,0,0,0,0,0,15,Driving Skills/Knowledge/Experience,28,Failing To Reduce Speed To Avoid Crash,1,No Controls,1,No Controls,1,Clear,1,Daylight,4,Two-Way Continuous Left-Turn Lane,1,Dry,3,Free Flow,1,No Defects,O90,O16,41.8654442,-87.7778168,41.8655052,-87.7781448,1135565.00,1894044.38
29731,24 01994,2401994,X003381732,2024-04-13,18:42:00,2024-04-13 18:42:00,2024-04-15 10:07:42,Roosevelt Rd/Home Ave,,ROOSEVELT RD,HOME AVE,1,1,0,0,Property Damage,No Injuries,Car,15,Angle,2,2,0,4,"$501 to $1,500",1,0,0,0,0,0,0,02,Failing To Yield Right-Of-Way,99,Not Applicable,2,Stop Sign,4,Functioning Properly,1,Clear,1,Daylight,8,Other,1,Dry,1,Slow,1,No Defects,O90,O18,41.8650971,-87.7989807,41.8650742,-87.7989807,1129802.63,1893882.25
29724,24 01996,2401996,X003424433,2024-04-13,19:54:00,2024-04-13 19:54:00,2024-04-13 21:46:50,800 South Blvd,800,SOUTH BLVD,,0,0,0,1,Injury,B Injury Crash,Pedestrian,1,Pedestrian,2,1,0,3,$500 or less,0,1,0,0,1,0,1,02,Failing To Yield Right-Of-Way,28,Failing To Reduce Speed To Avoid Crash,3,Traffic Signal,4,Functioning Properly,1,Clear,5,"Darkness, Lighted Road",10,One-Way,1,Dry,,,1,No Defects,O60,O11,41.8868675,-87.7944641,41.8869476,-87.7945480,1130982.38,1901822.25
29732,24 02005,2402005,X003424432,2024-04-14,06:19:00,2024-04-14 06:19:00,2024-04-15 10:07:43,South Blvd/N Austin Blvd,,SOUTH BLVD,N AUSTIN BLVD,1,1,0,0,Property Damage,No Injuries,Car,15,Angle,2,2,0,5,"Over $1,500",0,1,0,0,0,0,0,25,Disregarding Traffic Signals,28,Failing To Reduce Speed To Avoid Crash,3,Traffic Signal,4,Functioning Properly,1,Clear,1,Daylight,2,"Divided, No Median Barrier",1,Dry,3,Free Flow,1,No Defects,O50,O10,41.8871040,-87.7748947,41.8870812,-87.7748947,1136310.00,1901943.88
29733,24 02009,2402009,X003424430,2024-04-14,09:26:00,2024-04-14 09:26:00,2024-04-15 10:07:43,S Austin Blvd/Jackson Blvd,,S AUSTIN BLVD,JACKSON BLVD,0,0,0,0,Property Damage,No Injuries,Car,12,Sideswipe - Same Direction,3,3,0,5,"Over $1,500",0,1,0,0,0,0,0,28,Failing To Reduce Speed To Avoid Crash,99,Not Applicable,1,No Controls,1,No Controls,1,Clear,1,Daylight,1,Not Divided,1,Dry,3,Free Flow,1,No Defects,O80,O13,41.8764229,-87.7745743,41.8764229,-87.7745361,1136424.63,1898051.75
29734,24 02011,2402011,X003381746,2024-04-14,11:12:00,2024-04-14 11:12:00,2024-04-15 10:07:43,Pleasant St/Harvey,,PLEASANT ST,HARVEY,0,0,0,0,Property Damage,No Injuries,Car,9,Parked Motor Vehicle,2,2,0,4,"$501 to $1,500",1,0,0,0,0,0,0,20,Improper Lane Usage,28,Failing To Reduce Speed To Avoid Crash,1,No Controls,1,No Controls,1,Clear,1,Daylight,1,Not Divided,1,Dry,3,Free Flow,1,No Defects,O50,O10,41.8852386,-87.7813339,41.8852615,-87.7813339,1134562.50,1901251.63
29737,24 02018,2402018,X003424427,2024-04-14,18:31:00,2024-04-14 18:31:00,2024-04-15 10:07:44,Washington Blvd/S East Ave,,WASHINGTON BLVD,S EAST AVE,0,0,0,1,Property Damage,No Injuries,Car,9,Parked Motor Vehicle,2,2,0,5,"Over $1,500",0,1,0,0,0,0,0,08,Under The Influence Of Alc/Drugs-Use For Dui,28,Failing To Reduce Speed To Avoid Crash,1,No Controls,1,No Controls,1,Clear,1,Daylight,1,Not Divided,1,Dry,3,Free Flow,1,No Defects,O60,O11,41.8816071,-87.7894058,41.8816338,-87.7894134,1132371.63,1899914.88
29736,24 02019,2402019,X003381754,2024-04-14,19:54:00,2024-04-14 19:54:00,2024-04-15 10:07:44,N Maple Ave/Lake St,,N MAPLE AVE,LAKE ST,1,1,0,1,Property Damage,No Injuries,Car,11,Front To Rear,2,2,0,3,$500 or less,1,0,0,0,0,0,0,03,Following Too Closely,99,Not Applicable,1,No Controls,1,No Controls,1,Clear,4,Darkness,1,Not Divided,1,Dry,1,Slow,1,No Defects,O40,O9,41.8885956,-87.8040848,41.8885994,-87.8040466,1128358.38,1902436.63
29745,24 02033,2402033,X003383849,2024-04-15,11:00:00,2024-04-15 11:00:00,2024-04-16 16:18:58,N Ridgeland Ave/South Blvd,,N RIDGELAND AVE,SOUTH BLVD,0,0,0,0,Property Damage,No Injuries,Car,6,Fixed Object,1,1,0,5,"Over $1,500",1,0,0,0,0,0,0,24,Disregarding Other Traffic Signs,99,Not Applicable,11,Other Warning Sign,4,Functioning Properly,1,Clear,1,Daylight,3,Divided With Median Barrier,1,Dry,3,Free Flow,1,No Defects,O30,O8,41.8874779,-87.7847137,41.8870964,-87.7846680,1133636.50,1902062.00
29739,24 02034,2402034,X003382549,2024-04-15,11:47:00,2024-04-15 11:47:00,2024-04-15 17:08:13,Washington Blvd/Home Ave,,WASHINGTON BLVD,HOME AVE,1,1,0,0,Property Damage,No Injuries,Car,15,Angle,2,2,0,3,$500 or less,1,0,0,0,0,0,0,25,Disregarding Traffic Signals,02,Failing To Yield Right-Of-Way,3,Traffic Signal,4,Functioning Properly,1,Clear,1,Daylight,1,Not Divided,1,Dry,3,Free Flow,1,No Defects,O70,O12,41.8814545,-87.7999344,41.8814812,-87.7999344,1129505.88,1899841.88
29740,24 02040,2402040,X003382551,2024-04-15,12:19:00,2024-04-15 12:19:00,2024-04-15 17:08:13,S Austin Blvd/Jackson Blvd,,S AUSTIN BLVD,JACKSON BLVD,0,0,0,0,Property Damage,No Injuries,Car,12,Sideswipe - Same Direction,2,2,0,5,"Over $1,500",1,0,0,0,0,0,0,28,Failing To Reduce Speed To Avoid Crash,99,Not Applicable,1,No Controls,1,No Controls,1,Clear,1,Daylight,2,"Divided, No Median Barrier",1,Dry,3,Free Flow,1,No Defects,O80,O13,41.8764229,-87.7745743,41.8764229,-87.7745361,1136424.63,1898051.75
29742,24 02045,2402045,X003424425,2024-04-15,15:18:00,2024-04-15 15:18:00,2024-04-16 10:08:11,6901 North Ave,6901,NORTH AVE,,0,0,0,0,Injury,B Injury Crash,Car,12,Sideswipe - Same Direction,2,2,0,4,"$501 to $1,500",0,1,0,0,2,0,2,04,Improper Overtaking/Passing,28,Failing To Reduce Speed To Avoid Crash,1,No Controls,1,No Controls,1,Clear,1,Daylight,2,"Divided, No Median Barrier",1,Dry,3,Free Flow,1,No Defects,O20,O3,41.9089508,-87.7982483,41.9088325,-87.7983856,1129901.00,1909863.75
29743,24 02047,2402047,X003383042,2024-04-15,15:40:00,2024-04-15 15:40:00,2024-04-16 10:08:11,N Harlem Ave/Lake St,,N HARLEM AVE,LAKE ST,0,0,0,0,Property Damage,No Injuries,Car,15,Angle,2,2,0,5,"Over $1,500",1,0,0,0,0,0,0,02,Failing To Yield Right-Of-Way,28,Failing To Reduce Speed To Avoid Crash,3,Traffic Signal,4,Functioning Properly,1,Clear,1,Daylight,2,"Divided, No Median Barrier",1,Dry,1,Slow,1,No Defects,R83,RFPD,41.8885765,-87.8050919,41.8885841,-87.8050537,1128084.88,1902427.75
29744,24 02049,2402049,X003383067,2024-04-15,16:01:00,2024-04-15 16:01:00,2024-04-16 10:02:41,Roosevelt Rd/East Ave,,ROOSEVELT RD,EAST AVE,0,0,0,0,Property Damage,No Injuries,Car,11,Front To Rear,2,2,0,5,"Over $1,500",1,0,0,0,0,0,0,03,Following Too Closely,28,Failing To Reduce Speed To Avoid Crash,1,No Controls,1,No Controls,1,Clear,1,Daylight,2,"Divided, No Median Barrier",1,Dry,2,Stopped,1,No Defects,O90,O17,41.8652763,-87.7888641,41.8652534,-87.7888641,1132558.38,1893964.75
29748,24 02059,2402059,X003384300,2024-04-16,07:24:00,2024-04-16 07:24:00,2024-04-17 11:30:01,Madison St/Clinton Ave,,MADISON ST,CLINTON AVE,0,0,0,0,Property Damage,No Injuries,Car,11,Front To Rear,3,3,0,5,"Over $1,500",1,0,0,0,0,0,0,03,Following Too Closely,28,Failing To Reduce Speed To Avoid Crash,1,No Controls,1,No Controls,1,Clear,1,Daylight,2,"Divided, No Median Barrier",1,Dry,1,Slow,1,No Defects,O70,O12,41.8797226,-87.7988281,41.8796921,-87.7988281,1129811.75,1899211.38
29759,24 02111,2402111,X003387026,2024-04-16,14:07:00,2024-04-16 14:07:00,2024-04-19 09:53:58,Lake St/N Harlem Ave,,LAKE ST,N HARLEM AVE,0,0,0,0,Property Damage,No Injuries,Car,12,Sideswipe - Same Direction,2,2,0,5,"Over $1,500",1,0,0,0,0,0,0,04,Improper Overtaking/Passing,18,Unable To Determine,3,Traffic Signal,4,Functioning Properly,1,Clear,1,Daylight,2,"Divided, No Median Barrier",1,Dry,1,Slow,1,No Defects,O40,O9,41.8885536,-87.8050537,41.8885841,-87.8050537,1128096.13,1902419.63
29746,24 02075,2402075,X003383851,2024-04-16,19:08:00,2024-04-16 19:08:00,2024-04-16 20:24:19,Harrison St/S Oak Park Ave.,,HARRISON ST,S OAK PARK AVE.,0,0,0,0,Property Damage,No Injuries,Car,9,Parked Motor Vehicle,2,2,0,4,"$501 to $1,500",1,0,0,0,0,0,0,28,Failing To Reduce Speed To Avoid Crash,18,Unable To Determine,1,No Controls,1,No Controls,1,Clear,1,Daylight,2,"Divided, No Median Barrier",1,Dry,3,Free Flow,1,No Defects,O60,O15,41.8727799,-87.7940292,41.8728065,-87.7940140,1131133.75,1896689.63
29751,24 02087,2402087,X003385490,2024-04-17,08:21:00,2024-04-17 08:21:00,2024-04-18 10:08:43,Randolph St/Wisconsin,,RANDOLPH ST,WISCONSIN,0,1,0,0,Property Damage,No Injuries,Car,15,Angle,2,2,0,4,"$501 to $1,500",1,0,0,0,0,0,0,02,Failing To Yield Right-Of-Way,28,Failing To Reduce Speed To Avoid Crash,1,No Controls,1,No Controls,8,Cloudy/Overcast,1,Daylight,14,Four-Way Intersection,1,Dry,3,Free Flow,1,No Defects,O70,O12,41.8832359,-87.8024368,41.8832626,-87.8024368,1128820.13,1900485.88
29756,24 02082,2402082,X003429631,2024-04-17,10:44:00,2024-04-17 10:44:00,2024-04-18 10:08:45,509 Madison St,509,MADISON ST,,0,0,0,1,Injury,B Injury Crash,Car,9,Parked Motor Vehicle,2,2,0,5,"Over $1,500",0,1,0,0,1,0,1,08,Under The Influence Of Alc/Drugs-Use For Dui,17,Physical Condition Of Driver,1,No Controls,1,No Controls,1,Clear,1,Daylight,4,Two-Way Continuous Left-Turn Lane,1,Dry,3,Free Flow,1,No Defects,O60,O14,41.8798485,-87.7876205,41.8797188,-87.7873764,1132862.25,1899277.88
29752,24 02090,2402090,X003385506,2024-04-17,14:16:00,2024-04-17 14:16:00,2024-04-18 10:08:44,Roosevelt Rd/S Euclid Ave,,ROOSEVELT RD,S EUCLID AVE,1,1,0,0,Property Damage,No Injuries,Car,11,Front To Rear,2,2,0,4,"$501 to $1,500",1,0,0,0,0,0,0,03,Following Too Closely,28,Failing To Reduce Speed To Avoid Crash,1,No Controls,1,No Controls,8,Cloudy/Overcast,1,Daylight,1,Not Divided,1,Dry,2,Stopped,1,No Defects,O90,O17,41.8652153,-87.7925339,41.8651848,-87.7925415,1131557.50,1893935.13