record_id,report_number,crash_id,idot_crash_number,date,time,occurred_at,record_added_at,location,street_number,street_name,cross_street,at_intersection,intersection_related,private_property,hit_and_run,crash_severity,crash_injury_severity,crash_mode,crash_type_code,crash_type,total_units,num_motor_vehicles,dooring_pedalcyclist,damage_code,damage,no_injury_drive_away,injury_or_towed,fatalities,a_injuries,b_injuries,c_injuries,total_injured,cause1_code,cause1,cause2_code,cause2,traffic_control_code,traffic_control,device_condition_code,device_condition,weather_code,weather,lighting_code,lighting,trafficway_code,trafficway,road_surface_code,road_surface,flow_condition_code,flow_condition,road_defects_code,road_defects,beat_zone,post_district,latitude,longitude,latitude_geocoded,longitude_geocoded,state_plane_x,state_plane_y
29838,24 02402,2402402,X003400665,2024-04-17,16:00:00,2024-04-17 16:00:00,2024-05-02 09:36:19,N Harlem Ave/Pleasant St,,N HARLEM AVE,PLEASANT ST,0,0,0,0,Property Damage,No Injuries,Car,11,Front To Rear,2,2,0,4,"$501 to $1,500",1,0,0,0,0,0,0,28,Failing To Reduce Speed To Avoid Crash,18,Unable To Determine,1,No Controls,1,No Controls,1,Clear,1,Daylight,2,"Divided, No Median Barrier",1,Dry,2,Stopped,1,No Defects,F1,FPPD,41.8853912,-87.8049774,41.8854065,-87.8049393,1128124.38,1901267.88
29754,24 02097,2402097,X003385507,2024-04-17,17:15:00,2024-04-17 17:15:00,2024-04-18 10:08:44,Augusta St/Forest Ave,,AUGUSTA ST,FOREST AVE,1,1,0,0,Property Damage,No Injuries,Car,15,Angle,2,2,0,5,"Over $1,500",1,0,0,0,0,0,0,02,Failing To Yield Right-Of-Way,99,Not Applicable,2,Stop Sign,4,Functioning Properly,1,Clear,1,Daylight,1,Not Divided,1,Dry,3,Free Flow,1,No Defects,O20,O6,41.8979263,-87.8007660,41.8979530,-87.8007660,1129241.88,1905842.00
29755,24 02098,2402098,X003385511,2024-04-17,18:56:00,2024-04-17 18:56:00,2024-04-18 10:08:44,Pleasant/Marion,,PLEASANT,MARION,0,0,0,0,Property Damage,No Injuries,Car,10,Turning (At Least One Vehicle),2,2,0,5,"Over $1,500",1,0,0,0,0,0,0,02,Failing To Yield Right-Of-Way,04,Improper Overtaking/Passing,1,No Controls,1,No Controls,1,Clear,1,Daylight,1,Not Divided,1,Dry,1,Slow,1,No Defects,O70,O12,41.8856812,-87.8025207,41.8857117,-87.8025207,1128792.38,1901377.13
29757,24 02104,2402104,X003424419,2024-04-18,08:32:00,2024-04-18 08:32:00,2024-04-18 16:36:17,S Ridgeland Ave/Fillmore St,,S RIDGELAND AVE,FILLMORE ST,1,1,0,0,Injury,B Injury Crash,Car,15,Angle,2,2,0,5,"Over $1,500",0,1,0,0,1,1,2,02,Failing To Yield Right-Of-Way,28,Failing To Reduce Speed To Avoid Crash,2,Stop Sign,4,Functioning Properly,1,Clear,1,Daylight,1,Not Divided,1,Dry,3,Free Flow,1,No Defects,O90,O16,41.8671608,-87.7839889,41.8671532,-87.7840271,1133880.25,1894659.13
29758,24 02107,2402107,X003386031,2024-04-18,11:49:00,2024-04-18 11:49:00,2024-04-18 16:41:47,1041 N Grove,1041,N GROVE,,0,0,0,0,Property Damage,No Injuries,Car,9,Parked Motor Vehicle,2,2,0,3,$500 or less,1,0,0,0,0,0,0,15,Driving Skills/Knowledge/Experience,30,Improper Backing,1,No Controls,1,No Controls,1,Clear,1,Daylight,1,Not Divided,1,Dry,3,Free Flow,1,No Defects,O20,O3,41.9049645,-87.7964859,41.9049225,-87.7965241,1130391.50,1908414.88
29774,24 02119,2402119,X003390955,2024-04-18,18:33:00,2024-04-18 18:33:00,2024-04-23 09:04:17,201 N Scoville Ave,201,N SCOVILLE AVE,,0,0,0,0,Property Damage,No Injuries,Car,9,Parked Motor Vehicle,2,2,0,4,"$501 to $1,500",1,0,0,0,0,0,0,15,Driving Skills/Knowledge/Experience,99,Not Applicable,1,No Controls,1,No Controls,2,Rain,3,Dusk,7,Parking Lot,2,Wet,3,Free Flow,1,No Defects,O30,O8,41.8903427,-87.7880554,41.8903389,-87.7881699,1132720.50,1903100.00
29783,24 02125,2402125,X003392093,2024-04-19,04:44:00,2024-04-19 04:44:00,2024-04-24 08:48:19,Roosevelt Rd/East Ave,,ROOSEVELT RD,EAST AVE,1,1,0,0,Property Damage,No Injuries,Pedestrian,1,Pedestrian,2,1,0,3,$500 or less,1,0,0,0,0,0,0,02,Failing To Yield Right-Of-Way,18,Unable To Determine,3,Traffic Signal,4,Functioning Properly,1,Clear,5,"Darkness, Lighted Road",14,Four-Way Intersection,1,Dry,3,Free Flow,1,No Defects,O90,O17,41.8652763,-87.7888641,41.8652534,-87.7888641,1132558.38,1893964.75
29766,24 02127,2402127,X003389171,2024-04-19,07:31:00,2024-04-19 07:31:00,2024-04-22 09:51:56,S Harlem Ave/Jackson Blvd,,S HARLEM AVE,JACKSON BLVD,0,0,0,0,Property Damage,No Injuries,Car,10,Turning (At Least One Vehicle),2,2,0,5,"Over $1,500",1,0,0,0,0,0,0,28,Failing To Reduce Speed To Avoid Crash,99,Not Applicable,3,Traffic Signal,4,Functioning Properly,1,Clear,1,Daylight,2,"Divided, No Median Barrier",1,Dry,3,Free Flow,1,No Defects,O60,O15,41.8759766,-87.8045654,41.8759842,-87.8046036,1128256.50,1897837.00
29768,24 02130,2402130,X003389140,2024-04-19,08:04:00,2024-04-19 08:04:00,2024-04-22 09:57:28,S Cuyler Ave/Harvrd St,,S CUYLER AVE,HARVRD ST,0,0,0,0,Property Damage,No Injuries,Car,9,Parked Motor Vehicle,2,2,0,5,"Over $1,500",0,1,0,0,0,0,0,02,Failing To Yield Right-Of-Way,28,Failing To Reduce Speed To Avoid Crash,1,No Controls,1,No Controls,1,Clear,1,Daylight,10,One-Way,1,Dry,1,Slow,1,No Defects,O90,O16,41.8689995,-87.7828217,41.8689995,-87.7828598,1134194.13,1895332.63
29764,24 02138,2402138,X003389185,2024-04-19,12:09:00,2024-04-19 12:09:00,2024-04-22 09:46:24,N Austin Blvd/North Blvd,,N AUSTIN BLVD,NORTH BLVD,0,0,0,0,Property Damage,No Injuries,Car,12,Sideswipe - Same Direction,2,2,0,3,$500 or less,1,0,0,0,0,0,0,02,Failing To Yield Right-Of-Way,99,Not Applicable,1,No Controls,9,Unknown,1,Clear,1,Daylight,2,"Divided, No Median Barrier",1,Dry,3,Free Flow,99,Unknown,,,41.8875885,-87.7748795,41.8875923,-87.7749100,1136314.38,1902119.75
29769,24 02151,2402151,X003389222,2024-04-19,18:08:00,2024-04-19 18:08:00,2024-04-22 09:57:28,Randolph St/S Maple Ave,,RANDOLPH ST,S MAPLE AVE,0,0,0,0,Property Damage,No Injuries,Car,9,Parked Motor Vehicle,2,2,0,5,"Over $1,500",1,0,0,0,0,0,0,28,Failing To Reduce Speed To Avoid Crash,99,Not Applicable,1,No Controls,1,No Controls,1,Clear,1,Daylight,1,Not Divided,1,Dry,3,Free Flow,1,No Defects,O70,O12,41.8832130,-87.8039932,41.8832359,-87.8039932,1128397.38,1900474.13
29763,24 02157,2402157,X003389224,2024-04-20,06:58:00,2024-04-20 06:58:00,2024-04-22 09:51:55,456 N Austin Blvd,456,N AUSTIN BLVD,,0,0,0,1,Property Damage,No Injuries,Car,9,Parked Motor Vehicle,2,2,0,5,"Over $1,500",1,0,0,0,0,0,0,18,Unable To Determine,99,Not Applicable,1,No Controls,1,No Controls,1,Clear,5,"Darkness, Lighted Road",2,"Divided, No Median Barrier",1,Dry,3,Free Flow,1,No Defects,,,41.8884849,-87.7749252,41.8894463,-87.7755508,1136300.63,1902446.00
29765,24 02162,2402162,X003389227,2024-04-20,14:06:00,2024-04-20 14:06:00,2024-04-22 09:51:55,S Ridgeland Ave/Madison,,S RIDGELAND AVE,MADISON,0,1,0,0,Property Damage,No Injuries,Car,12,Sideswipe - Same Direction,2,2,0,4,"$501 to $1,500",1,0,0,0,0,0,0,02,Failing To Yield Right-Of-Way,99,Not Applicable,1,No Controls,1,No Controls,1,Clear,1,Daylight,2,"Divided, No Median Barrier",1,Dry,1,Slow,1,No Defects,O80,O13,41.8799324,-87.7844238,41.8799324,-87.7844620,1133732.63,1899313.88
29775,24 02192,2402192,X003390956,2024-04-20,14:34:00,2024-04-20 14:34:00,2024-04-23 09:09:49,S Harlem Ave/Lexington St,,S HARLEM AVE,LEXINGTON ST,1,1,0,0,Property Damage,No Injuries,Car,12,Sideswipe - Same Direction,2,2,0,5,"Over $1,500",1,0,0,0,0,0,0,04,Improper Overtaking/Passing,28,Failing To Reduce Speed To Avoid Crash,1,No Controls,1,No Controls,1,Clear,1,Daylight,1,Not Divided,1,Dry,3,Free Flow,1,No Defects,O90,O18,41.8704796,-87.8043671,41.8704834,-87.8043976,1128323.00,1895834.00
29770,24 02168,2402168,X003389230,2024-04-20,17:38:00,2024-04-20 17:38:00,2024-04-22 09:57:29,S Harlem Ave/Garfield St,,S HARLEM AVE,GARFIELD ST,1,1,0,1,Property Damage,No Injuries,Car,12,Sideswipe - Same Direction,3,3,0,3,$500 or less,1,0,0,0,0,0,0,20,Improper Lane Usage,28,Failing To Reduce Speed To Avoid Crash,3,Traffic Signal,4,Functioning Properly,8,Cloudy/Overcast,1,Daylight,1,Not Divided,1,Dry,1,Slow,1,No Defects,O90,O18,41.8723068,-87.8044357,41.8723183,-87.8044663,1128300.88,1896500.75
29772,24 02174,2402174,X003389231,2024-04-21,12:41:00,2024-04-21 12:41:00,2024-04-22 09:57:29,410 Lenox St,410,LENOX ST,,0,0,0,1,Property Damage,No Injuries,Car,9,Parked Motor Vehicle,2,2,0,3,$500 or less,1,0,0,0,0,0,0,28,Failing To Reduce Speed To Avoid Crash,99,Not Applicable,1,No Controls,1,No Controls,1,Clear,1,Daylight,1,Not Divided,1,Dry,3,Free Flow,1,No Defects,O20,O2,41.9047699,-87.7851105,41.9049377,-87.7844238,1133488.13,1908362.88
29771,24 02183,2402183,X003389232,2024-04-22,05:54:00,2024-04-22 05:54:00,2024-04-22 09:57:29,N Harlem Ave/Madison St,,N HARLEM AVE,MADISON ST,1,1,0,0,Property Damage,No Injuries,Car,11,Front To Rear,2,2,0,3,$500 or less,1,0,0,0,0,0,0,03,Following Too Closely,28,Failing To Reduce Speed To Avoid Crash,3,Traffic Signal,4,Functioning Properly,1,Clear,2,Dawn,1,Not Divided,1,Dry,2,Stopped,1,No Defects,F2,FPPD,41.8796730,-87.8047714,41.8796654,-87.8047333,1128192.88,1899183.13
29777,24 02189,2402189,X003390958,2024-04-22,12:04:00,2024-04-22 12:04:00,2024-04-23 09:09:50,501 S. Harvey,501,S. HARVEY,,0,0,0,1,Property Damage,No Injuries,Car,9,Parked Motor Vehicle,2,2,0,4,"$501 to $1,500",1,0,0,0,0,0,0,18,Unable To Determine,28,Failing To Reduce Speed To Avoid Crash,1,No Controls,1,No Controls,1,Clear,1,Daylight,1,Not Divided,1,Dry,2,Stopped,1,No Defects,O50,O10,41.8841934,-87.7812729,41.8799286,-87.7808762,1134580.63,1900871.88
29780,24 02195,2402195,X003390963,2024-04-22,15:53:00,2024-04-22 15:53:00,2024-04-23 09:09:50,319 Wesley Ave,319,WESLEY AVE,,0,0,0,0,Property Damage,No Injuries,Car,9,Parked Motor Vehicle,2,2,0,5,"Over $1,500",1,0,0,0,0,0,0,30,Improper Backing,99,Not Applicable,1,No Controls,1,No Controls,1,Clear,1,Daylight,1,Not Divided,1,Dry,3,Free Flow,1,No Defects,O60,O11,41.8825264,-87.7910385,41.8825340,-87.7913742,1131926.38,1900247.50
29776,24 02205,2402205,X003390957,2024-04-22,18:45:00,2024-04-22 18:45:00,2024-04-23 09:09:49,S Harlem Ave/Fillmore St,,S HARLEM AVE,FILLMORE ST,1,0,0,1,Property Damage,No Injuries,Car,10,Turning (At Least One Vehicle),2,2,0,5,"Over $1,500",1,0,0,0,0,0,0,02,Failing To Yield Right-Of-Way,20,Improper Lane Usage,1,No Controls,1,No Controls,1,Clear,1,Daylight,1,Not Divided,1,Dry,3,Free Flow,1,No Defects,O90,O18,41.8668556,-87.8042374,41.8668671,-87.8042679,1128366.38,1894514.13
29778,24 02207,2402207,X003390960,2024-04-22,20:10:00,2024-04-22 20:10:00,2024-04-23 09:09:50,N Ridgeland Ave/Division St,,N RIDGELAND AVE,DIVISION ST,1,1,0,1,Property Damage,No Injuries,Pedalcyclist,2,Pedalcyclist,2,1,0,3,$500 or less,1,0,0,0,0,0,0,02,Failing To Yield Right-Of-Way,99,Not Applicable,3,Traffic Signal,4,Functioning Properly,1,Clear,5,"Darkness, Lighted Road",15,T-Intersection,1,Dry,1,Slow,1,No Defects,O20,O2,41.9018860,-87.7849121,41.9018860,-87.7848740,1133548.63,1907311.13
29779,24 02208,2402208,X003390962,2024-04-22,21:18:00,2024-04-22 21:18:00,2024-04-23 09:09:50,Washington/Ridgeland,,WASHINGTON,RIDGELAND,1,1,0,0,Injury,A Injury Crash,Car,15,Angle,2,2,0,5,"Over $1,500",0,1,0,2,1,0,3,25,Disregarding Traffic Signals,28,Failing To Reduce Speed To Avoid Crash,3,Traffic Signal,4,Functioning Properly,1,Clear,5,"Darkness, Lighted Road",14,Four-Way Intersection,1,Dry,3,Free Flow,1,No Defects,O50,O10,41.8816948,-87.7845154,41.8817253,-87.7845154,1133704.88,1899954.38
29796,24 02215,2402215,X003394207,2024-04-23,07:25:00,2024-04-23 07:25:00,2024-04-26 16:26:14,Washington Blvd/S Elmwood Ave,,WASHINGTON BLVD,S ELMWOOD AVE,0,0,0,0,Property Damage,No Injuries,Car,11,Front To Rear,2,2,0,5,"Over $1,500",1,0,0,0,0,0,0,18,Unable To Determine,18,Unable To Determine,1,No Controls,1,No Controls,8,Cloudy/Overcast,1,Daylight,1,Not Divided,1,Dry,1,Slow,1,No Defects,O60,O11,41.8816643,-87.7861404,41.8816872,-87.7861404,1133261.63,1899941.13
29785,24 02211,2402211,X003392097,2024-04-23,07:30:00,2024-04-23 07:30:00,2024-04-24 08:48:20,937 Division St,,937 DIVISION ST,WOODBINE,0,0,0,0,Property Damage,No Injuries,Car,9,Parked Motor Vehicle,2,2,0,3,$500 or less,1,0,0,0,0,0,0,20,Improper Lane Usage,15,Driving Skills/Knowledge/Experience,1,No Controls,1,No Controls,8,Cloudy/Overcast,1,Daylight,1,Not Divided,1,Dry,3,Free Flow,1,No Defects,O20,O6,41.9015999,-87.7993774,41.9014969,-87.7997589,1129612.00,1907182.88
29782,24 02214,2402214,X003392092,2024-04-23,07:52:00,2024-04-23 07:52:00,2024-04-24 08:48:19,S Lombard Ave/Washington Blvd,,S LOMBARD AVE,WASHINGTON BLVD,1,1,0,0,Property Damage,No Injuries,Car,11,Front To Rear,2,2,0,5,"Over $1,500",1,0,0,0,0,0,0,04,Improper Overtaking/Passing,28,Failing To Reduce Speed To Avoid Crash,3,Traffic Signal,4,Functioning Properly,1,Clear,1,Daylight,1,Not Divided,1,Dry,3,Free Flow,1,No Defects,O50,O10,41.8819313,-87.7795868,41.8819237,-87.7796173,1135046.75,1900049.63
29784,24 02227,2402227,X003392095,2024-04-23,17:53:00,2024-04-23 17:53:00,2024-04-24 08:48:19,S Elmwood Ave/South Blvd,,S ELMWOOD AVE,SOUTH BLVD,0,0,0,1,Property Damage,No Injuries,Car,9,Parked Motor Vehicle,2,2,0,3,$500 or less,1,0,0,0,0,0,0,18,Unable To Determine,18,Unable To Determine,1,No Controls,1,No Controls,1,Clear,1,Daylight,2,"Divided, No Median Barrier",1,Dry,1,Slow,1,No Defects,O60,O11,41.8869514,-87.7863312,41.8869553,-87.7862930,1133196.88,1901867.25
29789,24 02237,2402237,X003392102,2024-04-24,11:13:00,2024-04-24 11:13:00,2024-04-24 16:21:10,S Ridgeland Ave/Pleasant St,,S RIDGELAND AVE,PLEASANT ST,1,1,0,0,Property Damage,No Injuries,Car,15,Angle,2,2,0,5,"Over $1,500",0,1,0,0,0,0,0,02,Failing To Yield Right-Of-Way,28,Failing To Reduce Speed To Avoid Crash,2,Stop Sign,4,Functioning Properly,1,Clear,1,Daylight,2,"Divided, No Median Barrier",1,Dry,3,Free Flow,1,No Defects,O50,O10,41.8852119,-87.7845764,41.8852081,-87.7846069,1133679.25,1901236.63
29788,24 02245,2402245,X003392100,2024-04-24,14:38:00,2024-04-24 14:38:00,2024-04-24 16:21:10,Fillmore St/S Cuyler Ave,,FILLMORE ST,S CUYLER AVE,0,0,0,0,Property Damage,No Injuries,Car,9,Parked Motor Vehicle,2,2,0,5,"Over $1,500",1,0,0,0,0,0,0,02,Failing To Yield Right-Of-Way,28,Failing To Reduce Speed To Avoid Crash,2,Stop Sign,4,Functioning Properly,1,Clear,1,Daylight,1,Not Divided,1,Dry,1,Slow,1,No Defects,O90,O16,41.8671455,-87.7827988,41.8671722,-87.7827988,1134206.63,1894656.25
29791,24 02246,2402246,X003392497,2024-04-24,15:02:00,2024-04-24 15:02:00,2024-04-25 08:59:29,N Oak Park Ave/Chicago Ave,,N OAK PARK AVE,CHICAGO AVE,0,0,0,0,Property Damage,No Injuries,Car,12,Sideswipe - Same Direction,2,2,0,5,"Over $1,500",1,0,0,0,0,0,0,20,Improper Lane Usage,99,Not Applicable,1,No Controls,1,No Controls,1,Clear,1,Daylight,2,"Divided, No Median Barrier",1,Dry,3,Free Flow,1,No Defects,O40,O9,41.8944054,-87.7947082,41.8944054,-87.7946777,1130898.00,1904568.63
29792,24 02248,2402248,X003392499,2024-04-24,16:30:00,2024-04-24 16:30:00,2024-04-25 08:59:29,N Harlem Ave/Madison St,,N HARLEM AVE,MADISON ST,1,0,0,1,Property Damage,No Injuries,Car,10,Turning (At Least One Vehicle),2,2,0,5,"Over $1,500",1,0,0,0,0,0,0,28,Failing To Reduce Speed To Avoid Crash,18,Unable To Determine,3,Traffic Signal,4,Functioning Properly,1,Clear,1,Daylight,1,Not Divided,1,Dry,3,Free Flow,1,No Defects,F2,FPPD,41.8796730,-87.8047714,41.8796654,-87.8047333,1128192.88,1899183.13
29794,24 02268,2402268,X003394205,2024-04-25,20:56:00,2024-04-25 20:56:00,2024-04-26 09:32:01,Adams St/S Oak Park Ave,,ADAMS ST,S OAK PARK AVE,1,1,0,0,Injury,B Injury Crash,Car,15,Angle,2,2,0,5,"Over $1,500",0,1,0,0,1,0,1,02,Failing To Yield Right-Of-Way,99,Not Applicable,1,No Controls,1,No Controls,1,Clear,5,"Darkness, Lighted Road",14,Four-Way Intersection,1,Dry,3,Free Flow,1,No Defects,O60,O14,41.8779106,-87.7941895,41.8779373,-87.7941971,1131077.38,1898559.50
29795,24 02271,2402271,X003394206,2024-04-26,00:24:00,2024-04-26 00:24:00,2024-04-26 09:32:01,S Harlem Ave/I290 W,,S HARLEM AVE,I290 W,1,1,0,1,Property Damage,No Injuries,Pedestrian,1,Pedestrian,2,1,0,3,$500 or less,1,0,0,0,0,0,0,18,Unable To Determine,99,Not Applicable,3,Traffic Signal,4,Functioning Properly,1,Clear,5,"Darkness, Lighted Road",15,T-Intersection,1,Dry,2,Stopped,1,No Defects,O60,O15,41.8737946,-87.8044968,41.8738136,-87.8045197,1128281.50,1897042.00
29815,24 02286,2402286,X003396550,2024-04-26,15:37:00,2024-04-26 15:37:00,2024-04-29 12:30:29,Lexington St/Home Ave,,LEXINGTON ST,HOME AVE,1,1,0,0,Injury,B Injury Crash,Car,15,Angle,2,2,0,5,"Over $1,500",0,1,0,0,1,0,1,02,Failing To Yield Right-Of-Way,28,Failing To Reduce Speed To Avoid Crash,2,Stop Sign,4,Functioning Properly,2,Rain,1,Daylight,1,Not Divided,2,Wet,3,Free Flow,1,No Defects,O90,O18,41.8705177,-87.7991715,41.8705482,-87.7991791,1129738.88,1895857.75
29804,24 02288,2402288,X003396554,2024-04-26,15:52:00,2024-04-26 15:52:00,2024-04-29 12:19:08,Ontario St/Austin Blvd,,ONTARIO ST,AUSTIN BLVD,0,0,0,0,Property Damage,No Injuries,Car,10,Turning (At Least One Vehicle),2,2,0,5,"Over $1,500",1,0,0,0,0,0,0,32,"Evasive Action Due To Animal, Object, Non-Mot",11,Weather,2,Stop Sign,4,Functioning Properly,2,Rain,1,Daylight,1,Not Divided,2,Wet,3,Free Flow,1,No Defects,O30,O7,41.8904839,-87.7750092,41.8905106,-87.7750092,1136271.75,1903174.63
29806,24 02287,2402287,X003396553,2024-04-26,15:52:00,2024-04-26 15:52:00,2024-04-29 12:24:47,Randolph St/Wesley Ave,,RANDOLPH ST,WESLEY AVE,1,1,0,0,Property Damage,No Injuries,Pedestrian,1,Pedestrian,2,1,0,3,$500 or less,1,0,0,0,0,0,0,02,Failing To Yield Right-Of-Way,11,Weather,2,Stop Sign,4,Functioning Properly,2,Rain,1,Daylight,1,Not Divided,2,Wet,3,Free Flow,1,No Defects,O60,O11,41.8832970,-87.7910919,41.8833275,-87.7910919,1131909.63,1900527.00
29805,24 02289,2402289,X003396557,2024-04-26,17:34:00,2024-04-26 17:34:00,2024-04-29 12:24:47,Madison St/Clinton Ave,,MADISON ST,CLINTON AVE,0,0,0,0,Injury,B Injury Crash,Car,11,Front To Rear,2,2,0,5,"Over $1,500",0,1,0,0,1,0,1,28,Failing To Reduce Speed To Avoid Crash,99,Not Applicable,1,No Controls,1,No Controls,2,Rain,1,Daylight,1,Not Divided,2,Wet,2,Stopped,1,No Defects,O70,O12,41.8797226,-87.7988281,41.8796921,-87.7988281,1129811.75,1899211.38
29816,24 02290,2402290,X003396559,2024-04-26,18:33:00,2024-04-26 18:33:00,2024-04-29 12:30:29,416 S Lombard Ave,416,S LOMBARD AVE,,0,0,0,0,Property Damage,No Injuries,Car,15,Angle,2,2,0,5,"Over $1,500",0,1,0,0,0,0,0,02,Failing To Yield Right-Of-Way,99,Not Applicable,1,No Controls,1,No Controls,1,Clear,1,Daylight,1,Not Divided,2,Wet,1,Slow,1,No Defects,O50,O10,41.8812294,-87.7796326,41.8812828,-87.7794037,1135034.63,1899794.00
29814,24 02294,2402294,X003396560,2024-04-26,22:47:00,2024-04-26 22:47:00,2024-04-29 12:30:29,Harlem Ave/North Ave,,HARLEM AVE,NORTH AVE,0,0,0,1,Property Damage,No Injuries,Car,11,Front To Rear,2,2,0,4,"$501 to $1,500",1,0,0,0,0,0,0,28,Failing To Reduce Speed To Avoid Crash,99,Not Applicable,1,No Controls,1,No Controls,1,Clear,5,"Darkness, Lighted Road",1,Not Divided,1,Dry,3,Free Flow,1,No Defects,R81,RFPD,41.9088783,-87.8057938,41.9088860,-87.8057556,1127849.25,1909824.75
29817,24 02295,2402295,X003396563,2024-04-27,01:49:00,2024-04-27 01:49:00,2024-04-29 12:30:29,452 N Austin Blvd,452,N AUSTIN BLVD,,0,0,0,1,Property Damage,No Injuries,Car,11,Front To Rear,2,2,0,4,"$501 to $1,500",1,0,0,0,0,0,0,04,Improper Overtaking/Passing,28,Failing To Reduce Speed To Avoid Crash,1,No Controls,1,No Controls,2,Rain,5,"Darkness, Lighted Road",2,"Divided, No Median Barrier",2,Wet,3,Free Flow,1,No Defects,,,41.8806381,-87.7746429,41.8893662,-87.7753906,1136394.63,1899587.75
29803,24 02297,2402297,X003396566,2024-04-27,08:58:00,2024-04-27 08:58:00,2024-04-29 12:24:47,Washington Blvd/S East Ave,,WASHINGTON BLVD,S EAST AVE,0,0,0,0,Property Damage,No Injuries,Car,12,Sideswipe - Same Direction,3,3,0,4,"$501 to $1,500",1,0,0,0,0,0,0,32,"Evasive Action Due To Animal, Object, Non-Mot",18,Unable To Determine,1,No Controls,1,No Controls,1,Clear,1,Daylight,1,Not Divided,1,Dry,3,Free Flow,1,No Defects,O60,O11,41.8816071,-87.7894058,41.8816338,-87.7894134,1132371.63,1899914.88
29802,24 02300,2402300,X003396567,2024-04-27,15:08:00,2024-04-27 15:08:00,2024-04-29 12:19:08,Madison St/S Austin Blvd,,MADISON ST,S AUSTIN BLVD,0,0,0,0,Property Damage,No Injuries,Car,12,Sideswipe - Same Direction,2,2,0,4,"$501 to $1,500",1,0,0,0,0,0,0,20,Improper Lane Usage,99,Not Applicable,1,No Controls,1,No Controls,1,Clear,1,Daylight,3,Divided With Median Barrier,1,Dry,3,Free Flow,1,No Defects,O80,O13,41.8800621,-87.7746582,41.8800888,-87.7746582,1136391.38,1899377.50
29819,24 02301,2402301,X003396572,2024-04-27,15:13:00,2024-04-27 15:13:00,2024-04-29 12:30:30,S Austin Blvd/Jackson Blvd,,S AUSTIN BLVD,JACKSON BLVD,1,0,0,1,Property Damage,No Injuries,Car,11,Front To Rear,2,2,0,5,"Over $1,500",1,0,0,0,0,0,0,28,Failing To Reduce Speed To Avoid Crash,18,Unable To Determine,3,Traffic Signal,4,Functioning Properly,1,Clear,1,Daylight,1,Not Divided,1,Dry,3,Free Flow,1,No Defects,O80,O13,41.8764229,-87.7745743,41.8764229,-87.7745361,1136424.63,1898051.75
29818,24 02310,2402310,X003396574,2024-04-27,20:30:00,2024-04-27 20:30:00,2024-04-29 12:30:30,719 Home Ave,719,HOME AVE,,0,0,0,1,Property Damage,No Injuries,Car,9,Parked Motor Vehicle,3,3,0,4,"$501 to $1,500",1,0,0,0,0,0,0,10,Equipment - Vehicle Condition,99,Not Applicable,1,No Controls,1,No Controls,1,Clear,5,"Darkness, Lighted Road",1,Not Divided,1,Dry,1,Slow,1,No Defects,O60,O15,41.8761559,-87.7997055,41.8760834,-87.7999344,1129579.50,1897910.25
29810,24 02312,2402312,X003396577,2024-04-27,23:40:00,2024-04-27 23:40:00,2024-04-29 12:24:48,6300 Roosevelt Rd,6300,ROOSEVELT RD,,0,0,0,1,Property Damage,No Injuries,Car,9,Parked Motor Vehicle,2,2,0,4,"$501 to $1,500",1,0,0,0,0,0,0,18,Unable To Determine,99,Not Applicable,1,No Controls,1,No Controls,1,Clear,5,"Darkness, Lighted Road",1,Not Divided,1,Dry,1,Slow,1,No Defects,O90,O16,41.8653984,-87.7815094,41.8655624,-87.7817230,1134560.75,1894021.25
29808,24 02316,2402316,X003396578,2024-04-28,11:14:00,2024-04-28 11:14:00,2024-04-29 12:24:48,North Blvd/Marion St,,NORTH BLVD,MARION ST,0,0,0,0,Property Damage,No Injuries,Car,15,Angle,2,2,0,5,"Over $1,500",1,0,0,0,0,0,0,18,Unable To Determine,18,Unable To Determine,1,No Controls,1,No Controls,8,Cloudy/Overcast,1,Daylight,10,One-Way,2,Wet,3,Free Flow,1,No Defects,O40,O9,41.8871651,-87.8023834,41.8871880,-87.8023987,1128825.38,1901917.75
29811,24 02317,2402317,X003396581,2024-04-28,11:45:00,2024-04-28 11:45:00,2024-04-29 12:24:48,Harrison St/S Harvey Ave,,HARRISON ST,S HARVEY AVE,0,0,0,0,Property Damage,No Injuries,Car,9,Parked Motor Vehicle,2,2,0,4,"$501 to $1,500",1,0,0,0,0,0,0,28,Failing To Reduce Speed To Avoid Crash,99,Not Applicable,1,No Controls,1,No Controls,8,Cloudy/Overcast,1,Daylight,1,Not Divided,1,Dry,3,Free Flow,1,No Defects,O80,O13,41.8727150,-87.7805405,41.8726883,-87.7805405,1134807.50,1896689.63
29809,24 02319,2402319,X003396591,2024-04-28,15:48:00,2024-04-28 15:48:00,2024-04-29 12:24:48,Division St/N Austin Blvd,,DIVISION ST,N AUSTIN BLVD,1,1,0,0,Property Damage,No Injuries,Car,11,Front To Rear,2,2,0,4,"$501 to $1,500",1,0,0,0,0,0,0,28,Failing To Reduce Speed To Avoid Crash,18,Unable To Determine,3,Traffic Signal,4,Functioning Properly,1,Clear,1,Daylight,14,Four-Way Intersection,1,Dry,3,Free Flow,1,No Defects,O10,O4,41.9019699,-87.7753677,41.9020004,-87.7753677,1136146.63,1907359.88