record_id,report_number,crash_id,idot_crash_number,date,time,occurred_at,record_added_at,location,street_number,street_name,cross_street,at_intersection,intersection_related,private_property,hit_and_run,crash_severity,crash_injury_severity,crash_mode,crash_type_code,crash_type,total_units,num_motor_vehicles,dooring_pedalcyclist,damage_code,damage,no_injury_drive_away,injury_or_towed,fatalities,a_injuries,b_injuries,c_injuries,total_injured,cause1_code,cause1,cause2_code,cause2,traffic_control_code,traffic_control,device_condition_code,device_condition,weather_code,weather,lighting_code,lighting,trafficway_code,trafficway,road_surface_code,road_surface,flow_condition_code,flow_condition,road_defects_code,road_defects,beat_zone,post_district,latitude,longitude,latitude_geocoded,longitude_geocoded,state_plane_x,state_plane_y
29842,24 02321,2402321,X003400669,2024-04-28,16:52:00,2024-04-28 16:52:00,2024-05-02 16:25:48,110 N Kenilworth Ave,110,N KENILWORTH AVE,,0,0,0,1,Property Damage,No Injuries,Car,12,Sideswipe - Same Direction,2,2,0,3,$500 or less,1,0,0,0,0,0,0,18,Unable To Determine,18,Unable To Determine,1,No Controls,1,No Controls,8,Cloudy/Overcast,1,Daylight,1,Not Divided,1,Dry,1,Slow,1,No Defects,O40,O9,41.8875923,-87.7970962,41.8877296,-87.7969360,1130265.00,1902082.38
29807,24 02328,2402328,X003397067,2024-04-29,07:27:00,2024-04-29 07:27:00,2024-04-29 12:24:47,S Ridgeland Ave/Jackson Blvd,,S RIDGELAND AVE,JACKSON BLVD,1,1,0,0,Property Damage,No Injuries,Car,10,Turning (At Least One Vehicle),2,2,0,5,"Over $1,500",0,1,0,0,0,0,0,02,Failing To Yield Right-Of-Way,28,Failing To Reduce Speed To Avoid Crash,3,Traffic Signal,4,Functioning Properly,2,Rain,1,Daylight,2,"Divided, No Median Barrier",2,Wet,3,Free Flow,1,No Defects,O80,O13,41.8762855,-87.7843094,41.8762817,-87.7843475,1133773.38,1897984.50
29820,24 02332,2402332,X003397567,2024-04-29,08:58:00,2024-04-29 08:58:00,2024-04-29 15:46:44,S Humphrey Ave/Washington Blvd,,S HUMPHREY AVE,WASHINGTON BLVD,1,1,0,1,Injury,C Injury Crash,Car,7,Other Object,2,1,0,4,"$501 to $1,500",0,1,0,0,0,1,1,18,Unable To Determine,02,Failing To Yield Right-Of-Way,1,No Controls,1,No Controls,2,Rain,5,"Darkness, Lighted Road",2,"Divided, No Median Barrier",2,Wet,3,Free Flow,1,No Defects,O50,O10,41.8820839,-87.7763214,41.8820839,-87.7763596,1135934.50,1900111.63
29812,24 02330,2402330,X003397069,2024-04-29,09:15:00,2024-04-29 09:15:00,2024-04-29 12:24:49,N Harlem Ave/Erie St,,N HARLEM AVE,ERIE ST,1,1,0,0,Property Damage,No Injuries,Car,11,Front To Rear,2,2,0,5,"Over $1,500",1,0,0,0,0,0,0,28,Failing To Reduce Speed To Avoid Crash,03,Following Too Closely,1,No Controls,1,No Controls,1,Clear,1,Daylight,1,Not Divided,2,Wet,3,Free Flow,1,No Defects,R82,RFPD,41.8918190,-87.8051910,41.8918228,-87.8051529,1128050.25,1903609.13
29813,24 02329,2402329,X003397070,2024-04-29,09:16:00,2024-04-29 09:16:00,2024-04-29 12:24:49,Madison St/S Oak Park Ave,,MADISON ST,S OAK PARK AVE,0,0,0,0,Property Damage,No Injuries,Car,11,Front To Rear,2,2,0,5,"Over $1,500",1,0,0,0,0,0,0,03,Following Too Closely,28,Failing To Reduce Speed To Avoid Crash,3,Traffic Signal,4,Functioning Properly,1,Clear,1,Daylight,2,"Divided, No Median Barrier",1,Dry,1,Slow,1,No Defects,O60,O14,41.8797417,-87.7942505,41.8797722,-87.7942581,1131056.50,1899226.38
29833,24 02331,2402331,X003398679,2024-04-29,09:55:00,2024-04-29 09:55:00,2024-05-01 09:52:29,Lake St/N Ridgeland Ave,,LAKE ST,N RIDGELAND AVE,1,1,0,0,Injury,B Injury Crash,Pedestrian,1,Pedestrian,2,1,0,3,$500 or less,0,1,0,0,1,1,2,28,Failing To Reduce Speed To Avoid Crash,18,Unable To Determine,3,Traffic Signal,4,Functioning Properly,1,Clear,1,Daylight,15,T-Intersection,1,Dry,1,Slow,1,No Defects,O30,O7,41.8882980,-87.7846985,41.8883209,-87.7846985,1133638.38,1902360.50
29821,24 02335,2402335,X003397569,2024-04-29,12:07:00,2024-04-29 12:07:00,2024-04-30 09:41:16,Randolph St/S Ridgeland Ave,,RANDOLPH ST,S RIDGELAND AVE,1,1,0,0,Property Damage,No Injuries,Car,15,Angle,2,2,0,4,"$501 to $1,500",1,0,0,0,0,0,0,02,Failing To Yield Right-Of-Way,14,"Vision Obscured (Signs, Tree Limbs, Buildings",2,Stop Sign,4,Functioning Properly,1,Clear,1,Daylight,2,"Divided, No Median Barrier",1,Dry,3,Free Flow,1,No Defects,O50,O10,41.8834267,-87.7845535,41.8834534,-87.7845612,1133689.63,1900585.25
29823,24 02343,2402343,X003397572,2024-04-29,16:44:00,2024-04-29 16:44:00,2024-04-30 09:41:16,Washington/Kenilworth,,WASHINGTON,KENILWORTH,0,0,0,0,Property Damage,No Injuries,Car,9,Parked Motor Vehicle,2,2,0,5,"Over $1,500",1,0,0,0,0,0,0,28,Failing To Reduce Speed To Avoid Crash,99,Not Applicable,1,No Controls,1,No Controls,1,Clear,1,Daylight,2,"Divided, No Median Barrier",9,Unknown,3,Free Flow,1,No Defects,O70,O12,41.8815270,-87.7969742,41.8815537,-87.7969742,1130311.88,1899872.13
29834,24 02348,2402348,X003398693,2024-04-29,22:39:00,2024-04-29 22:39:00,2024-05-01 09:52:29,112 S Maple St,112,S MAPLE ST,,0,0,0,0,Property Damage,No Injuries,Car,13,Sideswipe - Opposite Direction,2,2,0,4,"$501 to $1,500",1,0,0,0,0,0,0,30,Improper Backing,99,Not Applicable,1,No Controls,1,No Controls,1,Clear,5,"Darkness, Lighted Road",12,Alley,1,Dry,3,Free Flow,1,No Defects,O90,O18,41.8682709,-87.8034897,41.8861275,-87.8038101,1128566.00,1895030.50
29832,24 02350,2402350,X003398695,2024-04-30,05:19:00,2024-04-30 05:19:00,2024-05-01 09:52:29,529 S Maple Ave,529,S MAPLE AVE,,0,1,0,0,Property Damage,No Injuries,Car,10,Turning (At Least One Vehicle),2,2,0,5,"Over $1,500",1,0,0,0,0,0,0,02,Failing To Yield Right-Of-Way,99,Not Applicable,2,Stop Sign,4,Functioning Properly,1,Clear,2,Dawn,1,Not Divided,1,Dry,3,Free Flow,1,No Defects,O60,O15,41.8790283,-87.8038864,41.8789101,-87.8039169,1128435.25,1898950.63
29961,24 02347,2402347,X003421542,2024-04-30,05:19:00,2024-04-30 05:19:00,2024-05-20 09:51:13,300 S Kenilworth Ave,300,S KENILWORTH AVE,,0,0,0,1,Property Damage,No Injuries,Car,9,Parked Motor Vehicle,2,2,0,5,"Over $1,500",1,0,0,0,0,0,0,99,Not Applicable,99,Not Applicable,1,No Controls,1,No Controls,1,Clear,2,Dawn,1,Not Divided,1,Dry,3,Free Flow,1,No Defects,O70,O12,41.8868637,-87.7970962,41.8832893,-87.7968521,1130265.75,1901816.13
29824,24 02357,2402357,X003398308,2024-04-30,08:59:00,2024-04-30 08:59:00,2024-04-30 16:19:42,S Harlem Ave/I290 W,,S HARLEM AVE,I290 W,1,0,0,0,Property Damage,No Injuries,Car,15,Angle,2,2,0,3,$500 or less,1,0,0,0,0,0,0,02,Failing To Yield Right-Of-Way,28,Failing To Reduce Speed To Avoid Crash,3,Traffic Signal,4,Functioning Properly,1,Clear,1,Daylight,11,Ramp,9,Unknown,1,Slow,99,Unknown,O60,O15,41.8737946,-87.8044968,41.8738136,-87.8045197,1128281.50,1897042.00
29827,24 02360,2402360,X003398311,2024-04-30,10:25:00,2024-04-30 10:25:00,2024-04-30 16:19:43,Harrison St/Highland Ave,,HARRISON ST,HIGHLAND AVE,1,1,0,0,Property Damage,No Injuries,Car,15,Angle,2,2,0,5,"Over $1,500",1,0,0,0,0,0,0,02,Failing To Yield Right-Of-Way,28,Failing To Reduce Speed To Avoid Crash,2,Stop Sign,4,Functioning Properly,1,Clear,1,Daylight,1,Not Divided,1,Dry,3,Free Flow,1,No Defects,O80,O13,41.8726387,-87.7817535,41.8726692,-87.7817535,1134477.25,1896660.88
29825,24 02365,2402365,X003398309,2024-04-30,11:58:00,2024-04-30 11:58:00,2024-04-30 16:19:42,N Austin Blvd/Washington Blvd,,N AUSTIN BLVD,WASHINGTON BLVD,0,1,0,0,Property Damage,No Injuries,Car,11,Front To Rear,2,2,0,4,"$501 to $1,500",1,0,0,0,0,0,0,28,Failing To Reduce Speed To Avoid Crash,99,Not Applicable,3,Traffic Signal,4,Functioning Properly,1,Clear,1,Daylight,2,"Divided, No Median Barrier",1,Dry,3,Free Flow,1,No Defects,,,41.8821068,-87.7746887,41.8821106,-87.7747269,1136378.00,1900122.38
29826,24 02366,2402366,X003398310,2024-04-30,12:32:00,2024-04-30 12:32:00,2024-04-30 16:19:42,807 Lexington,807,LEXINGTON,,0,0,0,0,Property Damage,No Injuries,Car,9,Parked Motor Vehicle,2,2,0,5,"Over $1,500",1,0,0,0,0,0,0,29,Passing Stopped School Bus,18,Unable To Determine,1,No Controls,1,No Controls,1,Clear,1,Daylight,1,Not Divided,1,Dry,1,Slow,1,No Defects,O90,O18,41.8706055,-87.7942505,41.8705292,-87.7943726,1131078.50,1895897.75
29952,24 02368,2402368,X003421532,2024-04-30,14:11:00,2024-04-30 14:11:00,2024-05-20 09:40:03,Garfield St/S Austin Blvd,,GARFIELD ST,S AUSTIN BLVD,1,1,0,0,Property Damage,No Injuries,Car,15,Angle,2,2,0,5,"Over $1,500",0,1,0,0,0,0,0,28,Failing To Reduce Speed To Avoid Crash,18,Unable To Determine,2,Stop Sign,4,Functioning Properly,1,Clear,1,Daylight,1,Not Divided,1,Dry,3,Free Flow,1,No Defects,O90,O16,41.8703918,-87.7743225,41.8704224,-87.7743149,1136506.38,1895854.13
29830,24 02377,2402377,X003398833,2024-04-30,17:13:00,2024-04-30 17:13:00,2024-05-01 09:46:58,S Ridgeland Ave/Roosevelt Rd,,S RIDGELAND AVE,ROOSEVELT RD,0,0,0,0,Property Damage,No Injuries,Car,9,Parked Motor Vehicle,2,2,0,5,"Over $1,500",1,0,0,0,0,0,0,02,Failing To Yield Right-Of-Way,28,Failing To Reduce Speed To Avoid Crash,1,No Controls,1,No Controls,1,Clear,1,Daylight,7,Parking Lot,1,Dry,1,Slow,1,No Defects,O90,O16,41.8653374,-87.7839279,41.8653374,-87.7839661,1133901.50,1893995.88
29831,24 02378,2402378,X003398857,2024-04-30,18:14:00,2024-04-30 18:14:00,2024-05-01 09:52:28,Madison St/S Ridgeland Ave,,MADISON ST,S RIDGELAND AVE,0,0,0,0,Property Damage,No Injuries,Car,15,Angle,2,2,0,5,"Over $1,500",1,0,0,0,0,0,0,02,Failing To Yield Right-Of-Way,28,Failing To Reduce Speed To Avoid Crash,1,No Controls,1,No Controls,1,Clear,1,Daylight,2,"Divided, No Median Barrier",1,Dry,3,Free Flow,1,No Defects,O80,O13,41.8799019,-87.7844620,41.8799324,-87.7844620,1133723.63,1899302.88
29837,24 02385,2402385,X003399412,2024-05-01,09:14:00,2024-05-01 09:14:00,2024-05-01 17:25:22,N Euclid Ave/Lake St,,N EUCLID AVE,LAKE ST,0,0,0,1,Property Damage,No Injuries,Car,9,Parked Motor Vehicle,2,2,0,4,"$501 to $1,500",1,0,0,0,0,0,0,18,Unable To Determine,18,Unable To Determine,1,No Controls,1,No Controls,1,Clear,1,Daylight,1,Not Divided,1,Dry,3,Free Flow,1,No Defects,O30,O8,41.8885803,-87.7927322,41.8885841,-87.7926941,1131450.13,1902449.88
29836,24 02397,2402397,X003399411,2024-05-01,14:51:00,2024-05-01 14:51:00,2024-05-01 17:25:22,Washington Blvd/N Austin Blvd,,WASHINGTON BLVD,N AUSTIN BLVD,1,1,0,0,Injury,C Injury Crash,Car,11,Front To Rear,2,2,0,5,"Over $1,500",0,1,0,0,0,1,1,28,Failing To Reduce Speed To Avoid Crash,99,Not Applicable,3,Traffic Signal,4,Functioning Properly,9,Unknown,1,Daylight,1,Not Divided,9,Unknown,2,Stopped,1,No Defects,O50,O10,41.8820839,-87.7747345,41.8821106,-87.7747269,1136367.88,1900113.38
29835,24 02398,2402398,X003399410,2024-05-01,16:01:00,2024-05-01 16:01:00,2024-05-01 17:08:57,N Harlem Ave/North Blvd,,N HARLEM AVE,NORTH BLVD,1,1,0,0,Property Damage,No Injuries,Car,10,Turning (At Least One Vehicle),2,2,0,5,"Over $1,500",0,0,0,0,0,0,0,18,Unable To Determine,18,Unable To Determine,3,Traffic Signal,4,Functioning Properly,1,Clear,1,Daylight,1,Not Divided,1,Dry,3,Free Flow,1,No Defects,R83,RFPD,41.8871231,-87.8050308,41.8871231,-87.8049927,1128104.38,1901898.38
29839,24 02399,2402399,X003400666,2024-05-01,16:33:00,2024-05-01 16:33:00,2024-05-02 09:30:49,Madison St/S Maple Ave,,MADISON ST,S MAPLE AVE,1,1,0,0,Property Damage,No Injuries,Car,11,Front To Rear,2,2,0,5,"Over $1,500",0,1,0,0,0,0,0,28,Failing To Reduce Speed To Avoid Crash,18,Unable To Determine,1,No Controls,1,No Controls,1,Clear,1,Daylight,2,"Divided, No Median Barrier",1,Dry,1,Slow,1,No Defects,O60,O15,41.8795929,-87.8038635,41.8796196,-87.8038635,1128439.38,1899156.50
29840,24 02400,2402400,X003400667,2024-05-01,18:24:00,2024-05-01 18:24:00,2024-05-02 09:41:49,Jackson Blvd/S Ridgeland Ave,,JACKSON BLVD,S RIDGELAND AVE,1,1,0,0,Injury,C Injury Crash,Car,15,Angle,4,4,0,5,"Over $1,500",0,1,0,0,0,1,1,25,Disregarding Traffic Signals,28,Failing To Reduce Speed To Avoid Crash,3,Traffic Signal,4,Functioning Properly,1,Clear,1,Daylight,14,Four-Way Intersection,1,Dry,1,Slow,1,No Defects,O80,O13,41.8762550,-87.7843399,41.8762817,-87.7843475,1133765.00,1897972.88
29841,24 02405,2402405,X003400668,2024-05-01,21:44:00,2024-05-01 21:44:00,2024-05-02 09:41:49,S Harlem Ave/I290 Expy W,,S HARLEM AVE,I290 EXPY W,1,0,0,1,Property Damage,No Injuries,Car,10,Turning (At Least One Vehicle),3,3,0,5,"Over $1,500",1,0,0,0,0,0,0,28,Failing To Reduce Speed To Avoid Crash,06,Improper Turning/No Signal,3,Traffic Signal,4,Functioning Properly,1,Clear,5,"Darkness, Lighted Road",14,Four-Way Intersection,1,Dry,,,1,No Defects,O60,O15,41.8737946,-87.8044968,41.8738136,-87.8045197,1128281.50,1897042.00
29843,24 02409,2402409,X003400670,2024-05-02,07:44:00,2024-05-02 07:44:00,2024-05-02 16:25:49,Lombard/Madison,,LOMBARD,MADISON,0,0,0,0,Property Damage,No Injuries,Car,9,Parked Motor Vehicle,2,2,0,5,"Over $1,500",1,0,0,0,0,0,0,28,Failing To Reduce Speed To Avoid Crash,99,Not Applicable,1,No Controls,1,No Controls,1,Clear,1,Daylight,1,Not Divided,1,Dry,3,Free Flow,1,No Defects,O80,O13,41.8800278,-87.7795258,41.8800240,-87.7795563,1135067.63,1899356.00
29846,24 02415,2402415,X003401766,2024-05-02,14:50:00,2024-05-02 14:50:00,2024-05-03 10:14:58,Lombard Ave/Washington,,LOMBARD AVE,WASHINGTON,0,0,0,0,Property Damage,No Injuries,Car,15,Angle,2,2,0,3,$500 or less,1,0,0,0,0,0,0,02,Failing To Yield Right-Of-Way,28,Failing To Reduce Speed To Avoid Crash,3,Traffic Signal,4,Functioning Properly,2,Rain,1,Daylight,1,Not Divided,2,Wet,1,Slow,1,No Defects,O50,O10,41.8819313,-87.7795868,41.8819237,-87.7796173,1135046.75,1900049.63
29847,24 02416,2402416,X003401767,2024-05-02,15:04:00,2024-05-02 15:04:00,2024-05-03 10:14:58,N Oak Park Ave/Erie St,,N OAK PARK AVE,ERIE ST,1,1,0,0,Property Damage,No Injuries,Car,15,Angle,2,2,0,5,"Over $1,500",0,1,0,0,0,0,0,02,Failing To Yield Right-Of-Way,15,Driving Skills/Knowledge/Experience,2,Stop Sign,4,Functioning Properly,2,Rain,1,Daylight,1,Not Divided,2,Wet,3,Free Flow,1,No Defects,O40,O9,41.8915558,-87.7946396,41.8915520,-87.7946014,1130925.00,1903530.00
29850,24 02420,2402420,X003401770,2024-05-02,17:39:00,2024-05-02 17:39:00,2024-05-03 10:09:27,Lake St/N Austin Blvd,,LAKE ST,N AUSTIN BLVD,1,0,0,0,Property Damage,No Injuries,Car,12,Sideswipe - Same Direction,2,2,0,4,"$501 to $1,500",1,0,0,0,0,0,0,02,Failing To Yield Right-Of-Way,99,Not Applicable,1,No Controls,1,No Controls,1,Clear,1,Daylight,1,Not Divided,1,Dry,3,Free Flow,1,No Defects,O30,O7,41.8880539,-87.7749329,41.8880234,-87.7749329,1136298.88,1902289.50
29848,24 02419,2402419,X003401768,2024-05-02,18:39:00,2024-05-02 18:39:00,2024-05-03 10:14:59,Roosevelt Rd/East Ave,,ROOSEVELT RD,EAST AVE,1,1,0,0,Property Damage,No Injuries,Car,11,Front To Rear,2,2,0,4,"$501 to $1,500",1,0,0,0,0,0,0,03,Following Too Closely,99,Not Applicable,3,Traffic Signal,4,Functioning Properly,2,Rain,1,Daylight,14,Four-Way Intersection,2,Wet,1,Slow,1,No Defects,O90,O17,41.8652763,-87.7888641,41.8652534,-87.7888641,1132558.38,1893964.75
29849,24 02425,2402425,X003401769,2024-05-02,23:00:00,2024-05-02 23:00:00,2024-05-03 10:14:59,N Austin Blvd/Greenfield St,,N AUSTIN BLVD,GREENFIELD ST,0,0,0,0,Property Damage,No Injuries,Car,11,Front To Rear,2,2,0,5,"Over $1,500",0,1,0,0,0,0,0,28,Failing To Reduce Speed To Avoid Crash,10,Equipment - Vehicle Condition,1,No Controls,1,No Controls,2,Rain,5,"Darkness, Lighted Road",1,Not Divided,2,Wet,3,Free Flow,1,No Defects,,,41.9058800,-87.7754593,41.9058800,-87.7754898,1136113.50,1908783.88
29869,24 02446,2402446,X003404855,2024-05-03,00:18:00,2024-05-03 00:18:00,2024-05-06 09:22:44,S Austin Blvd/Roosevelt Rd,,S AUSTIN BLVD,ROOSEVELT RD,0,0,0,1,Property Damage,No Injuries,Car,11,Front To Rear,2,2,0,4,"$501 to $1,500",1,0,0,0,0,0,0,28,Failing To Reduce Speed To Avoid Crash,18,Unable To Determine,1,No Controls,1,No Controls,1,Clear,5,"Darkness, Lighted Road",2,"Divided, No Median Barrier",1,Dry,2,Stopped,1,No Defects,O90,O16,41.8654671,-87.7741699,41.8654709,-87.7741394,1136559.00,1894060.13
29860,24 02450,2402450,X003404847,2024-05-03,07:59:00,2024-05-03 07:59:00,2024-05-06 09:11:34,Highland Ave/Madison St,,HIGHLAND AVE,MADISON ST,0,0,0,0,Property Damage,No Injuries,Car,9,Parked Motor Vehicle,2,2,0,5,"Over $1,500",1,0,0,0,0,0,0,18,Unable To Determine,18,Unable To Determine,2,Stop Sign,4,Functioning Properly,9,Unknown,1,Daylight,1,Not Divided,9,Unknown,3,Free Flow,1,No Defects,O80,O13,41.8799706,-87.7820435,41.8799706,-87.7820053,1134380.13,1899330.88
29852,24 02427,2402427,X003401772,2024-05-03,08:08:00,2024-05-03 08:08:00,2024-05-03 16:09:28,N Oak Park Ave/North Ave,,N OAK PARK AVE,NORTH AVE,1,1,0,0,Property Damage,No Injuries,Car,13,Sideswipe - Opposite Direction,2,2,0,4,"$501 to $1,500",1,0,0,0,0,0,0,28,Failing To Reduce Speed To Avoid Crash,18,Unable To Determine,3,Traffic Signal,4,Functioning Properly,2,Rain,1,Daylight,1,Not Divided,2,Wet,2,Stopped,1,No Defects,O20,O3,41.9090157,-87.7950974,41.9090233,-87.7950592,1130760.13,1909892.25
29853,24 02429,2402429,X003401773,2024-05-03,10:19:00,2024-05-03 10:19:00,2024-05-03 16:09:28,500 N Lombard,500,N LOMBARD,,0,0,0,0,Property Damage,No Injuries,Car,9,Parked Motor Vehicle,2,2,0,5,"Over $1,500",1,0,0,0,0,0,0,28,Failing To Reduce Speed To Avoid Crash,18,Unable To Determine,1,No Controls,1,No Controls,1,Clear,1,Daylight,1,Not Divided,1,Dry,1,Slow,1,No Defects,O30,O7,41.8946419,-87.7799683,41.8947067,-87.7799301,1134911.50,1904681.88
29851,24 02433,2402433,X003401771,2024-05-03,14:28:00,2024-05-03 14:28:00,2024-05-03 15:53:04,1125 Ontario St,1125,ONTARIO ST,,0,0,0,0,Property Damage,No Injuries,Car,6,Fixed Object,2,1,0,3,$500 or less,1,0,0,0,0,0,0,30,Improper Backing,28,Failing To Reduce Speed To Avoid Crash,1,No Controls,1,No Controls,1,Clear,1,Daylight,7,Parking Lot,1,Dry,3,Free Flow,1,No Defects,O40,O9,41.8905373,-87.8039322,41.8897705,-87.8039246,1128396.75,1903143.13
29856,24 02434,2402434,X003404844,2024-05-03,14:50:00,2024-05-03 14:50:00,2024-05-06 09:06:03,224 N Scoville Ave,224,N SCOVILLE AVE,,0,0,0,0,Property Damage,No Injuries,Car,12,Sideswipe - Same Direction,2,2,0,5,"Over $1,500",1,0,0,0,0,0,0,02,Failing To Yield Right-Of-Way,28,Failing To Reduce Speed To Avoid Crash,1,No Controls,1,No Controls,1,Clear,1,Daylight,10,One-Way,1,Dry,3,Free Flow,1,No Defects,O30,O8,41.8912048,-87.7880020,41.8912659,-87.7877655,1132732.00,1903414.25
29857,24 02436,2402436,X003405340,2024-05-03,15:23:00,2024-05-03 15:23:00,2024-05-06 09:06:03,Chicago Ave/Lombard,,CHICAGO AVE,LOMBARD,1,1,0,0,Property Damage,No Injuries,Car,15,Angle,4,4,0,5,"Over $1,500",0,1,0,0,0,0,0,02,Failing To Yield Right-Of-Way,18,Unable To Determine,2,Stop Sign,4,Functioning Properly,1,Clear,1,Daylight,2,"Divided, No Median Barrier",1,Dry,3,Free Flow,1,No Defects,O30,O7,41.8946152,-87.7799988,41.8946495,-87.7800064,1134903.13,1904671.63
29867,24 02443,2402443,X003404194,2024-05-03,18:58:00,2024-05-03 18:58:00,2024-05-06 09:22:44,Roosevelt Rd/S Maple Ave,,ROOSEVELT RD,S MAPLE AVE,1,1,0,0,Property Damage,No Injuries,Car,10,Turning (At Least One Vehicle),2,2,0,5,"Over $1,500",1,0,0,0,0,0,0,02,Failing To Yield Right-Of-Way,99,Not Applicable,1,No Controls,1,No Controls,1,Clear,1,Daylight,1,Not Divided,1,Dry,3,Free Flow,1,No Defects,O90,O18,41.8650284,-87.8033371,41.8650017,-87.8033447,1128615.13,1893849.88
29861,24 02453,2402453,X003404848,2024-05-04,10:15:00,2024-05-04 10:15:00,2024-05-06 09:11:34,126 S Kenilworth,126,S KENILWORTH,,0,0,0,0,Property Damage,No Injuries,Car,13,Sideswipe - Opposite Direction,2,2,0,4,"$501 to $1,500",1,0,0,0,0,0,0,02,Failing To Yield Right-Of-Way,20,Improper Lane Usage,1,No Controls,1,No Controls,1,Clear,1,Daylight,1,Not Divided,1,Dry,3,Free Flow,1,No Defects,O70,O12,41.8862877,-87.7970886,41.8858833,-87.7968674,1130269.25,1901607.50
29865,24 02455,2402455,X003404852,2024-05-04,11:47:00,2024-05-04 11:47:00,2024-05-06 09:22:43,Wisconsin Ave/Washington Blvd,,WISCONSIN AVE,WASHINGTON BLVD,0,0,0,0,Property Damage,No Injuries,Car,9,Parked Motor Vehicle,2,2,0,4,"$501 to $1,500",1,0,0,0,0,0,0,04,Improper Overtaking/Passing,18,Unable To Determine,1,No Controls,1,No Controls,1,Clear,1,Daylight,1,Not Divided,1,Dry,3,Free Flow,1,No Defects,O70,O12,41.8814430,-87.8023376,41.8814468,-87.8023682,1128851.50,1899832.88
29859,24 02457,2402457,X003404846,2024-05-04,12:38:00,2024-05-04 12:38:00,2024-05-06 09:11:34,300 S Humphrey Ave,300,S HUMPHREY AVE,,0,0,0,1,Property Damage,No Injuries,Car,14,Front To Front,2,2,0,4,"$501 to $1,500",1,0,0,0,0,0,0,28,Failing To Reduce Speed To Avoid Crash,18,Unable To Determine,1,No Controls,1,No Controls,1,Clear,1,Daylight,12,Alley,1,Dry,1,Slow,1,No Defects,O50,O10,41.8831520,-87.7763519,41.8838577,-87.7761688,1135923.75,1900500.38
29870,24 02458,2402458,X003404856,2024-05-04,12:43:00,2024-05-04 12:43:00,2024-05-06 09:22:44,Ridgeland Ave/Fillmore,,RIDGELAND AVE,FILLMORE,1,1,0,0,Property Damage,No Injuries,Car,15,Angle,2,2,0,5,"Over $1,500",0,1,0,0,0,0,0,02,Failing To Yield Right-Of-Way,28,Failing To Reduce Speed To Avoid Crash,2,Stop Sign,4,Functioning Properly,1,Clear,1,Daylight,1,Not Divided,1,Dry,3,Free Flow,1,No Defects,O90,O16,41.8671608,-87.7839889,41.8671532,-87.7840271,1133880.25,1894659.13
29864,24 02461,2402461,X003404851,2024-05-04,14:13:00,2024-05-04 14:13:00,2024-05-06 09:22:43,Kenilworth Ave/Lake St,,KENILWORTH AVE,LAKE ST,0,0,0,1,Property Damage,No Injuries,Car,11,Front To Rear,3,2,0,3,$500 or less,1,0,0,0,0,0,0,28,Failing To Reduce Speed To Avoid Crash,02,Failing To Yield Right-Of-Way,1,No Controls,1,No Controls,1,Clear,1,Daylight,1,Not Divided,1,Dry,1,Slow,1,No Defects,O40,O9,41.8886948,-87.7971268,41.8886986,-87.7975082,1130254.25,1902484.38
29862,24 02466,2402466,X003404849,2024-05-04,23:55:00,2024-05-04 23:55:00,2024-05-06 09:17:09,N Austin Blvd/Augusta Blvd,,N AUSTIN BLVD,AUGUSTA BLVD,0,0,0,0,Property Damage,No Injuries,Car,11,Front To Rear,3,3,0,5,"Over $1,500",1,0,0,0,0,0,0,28,Failing To Reduce Speed To Avoid Crash,99,Not Applicable,3,Traffic Signal,4,Functioning Properly,1,Clear,5,"Darkness, Lighted Road",2,"Divided, No Median Barrier",1,Dry,3,Free Flow,1,No Defects,,,41.8983650,-87.7752228,41.8983650,-87.7752533,1136195.75,1906045.00
29868,24 02475,2402475,X003404854,2024-05-05,14:55:00,2024-05-05 14:55:00,2024-05-06 09:22:44,Madison St/S Cuyler,,MADISON ST,S CUYLER,0,0,0,0,Property Damage,No Injuries,Car,11,Front To Rear,3,3,0,5,"Over $1,500",1,0,0,0,0,0,0,03,Following Too Closely,28,Failing To Reduce Speed To Avoid Crash,1,No Controls,1,No Controls,1,Clear,1,Daylight,2,"Divided, No Median Barrier",1,Dry,1,Slow,1,No Defects,O80,O13,41.8799324,-87.7832260,41.8799591,-87.7832336,1134058.63,1899314.38
29863,24 02483,2402483,X003404850,2024-05-06,02:43:00,2024-05-06 02:43:00,2024-05-06 09:17:09,N Austin Blvd/Erie Ct,,N AUSTIN BLVD,ERIE CT,1,1,0,0,Property Damage,No Injuries,Car,11,Front To Rear,2,2,0,5,"Over $1,500",1,0,0,0,0,0,0,28,Failing To Reduce Speed To Avoid Crash,03,Following Too Closely,3,Traffic Signal,4,Functioning Properly,1,Clear,5,"Darkness, Lighted Road",1,Not Divided,1,Dry,2,Stopped,1,No Defects,,,41.8919029,-87.7750168,41.8919029,-87.7750549,1136265.25,1903691.13
29872,24 02486,2402486,X003405374,2024-05-06,07:48:00,2024-05-06 07:48:00,2024-05-07 10:02:27,S Elmwood Ave/Pleasant St,,S ELMWOOD AVE,PLEASANT ST,1,1,0,0,Property Damage,No Injuries,Car,15,Angle,2,2,0,5,"Over $1,500",1,0,0,0,0,0,0,18,Unable To Determine,18,Unable To Determine,2,Stop Sign,4,Functioning Properly,8,Cloudy/Overcast,1,Daylight,1,Not Divided,1,Dry,3,Free Flow,1,No Defects,O60,O11,41.8851852,-87.7862091,41.8851814,-87.7862396,1133235.25,1901223.63