record_id,report_number,crash_id,idot_crash_number,date,time,occurred_at,record_added_at,location,street_number,street_name,cross_street,at_intersection,intersection_related,private_property,hit_and_run,crash_severity,crash_injury_severity,crash_mode,crash_type_code,crash_type,total_units,num_motor_vehicles,dooring_pedalcyclist,damage_code,damage,no_injury_drive_away,injury_or_towed,fatalities,a_injuries,b_injuries,c_injuries,total_injured,cause1_code,cause1,cause2_code,cause2,traffic_control_code,traffic_control,device_condition_code,device_condition,weather_code,weather,lighting_code,lighting,trafficway_code,trafficway,road_surface_code,road_surface,flow_condition_code,flow_condition,road_defects_code,road_defects,beat_zone,post_district,latitude,longitude,latitude_geocoded,longitude_geocoded,state_plane_x,state_plane_y
29871,24 02489,2402489,X003405376,2024-05-06,09:16:00,2024-05-06 09:16:00,2024-05-07 10:02:26,Chicago Ave/N Lombard Ave,,CHICAGO AVE,N LOMBARD AVE,1,1,0,0,Injury,B Injury Crash,Car,15,Angle,2,2,0,5,"Over $1,500",0,1,0,0,1,0,1,02,Failing To Yield Right-Of-Way,28,Failing To Reduce Speed To Avoid Crash,2,Stop Sign,4,Functioning Properly,1,Clear,1,Daylight,2,"Divided, No Median Barrier",1,Dry,1,Slow,1,No Defects,O30,O7,41.8946152,-87.7799988,41.8946495,-87.7800064,1134903.13,1904671.63
29873,24 02502,2402502,X003405380,2024-05-06,15:04:00,2024-05-06 15:04:00,2024-05-07 10:02:27,Lexington St/S Maple Ave,,LEXINGTON ST,S MAPLE AVE,1,1,0,0,Property Damage,No Injuries,Car,15,Angle,2,2,0,5,"Over $1,500",0,1,0,0,0,0,0,02,Failing To Yield Right-Of-Way,99,Not Applicable,2,Stop Sign,4,Functioning Properly,1,Clear,1,Daylight,1,Not Divided,1,Dry,3,Free Flow,1,No Defects,O90,O18,41.8704414,-87.8035355,41.8704758,-87.8035355,1128550.38,1895822.50
29875,24 02506,2402506,X003405384,2024-05-06,18:19:00,2024-05-06 18:19:00,2024-05-07 10:02:27,Madison St/S Ridgeland Ave,,MADISON ST,S RIDGELAND AVE,1,1,0,0,Property Damage,No Injuries,Car,10,Turning (At Least One Vehicle),2,2,0,5,"Over $1,500",1,0,0,0,0,0,0,20,Improper Lane Usage,28,Failing To Reduce Speed To Avoid Crash,3,Traffic Signal,4,Functioning Properly,1,Clear,1,Daylight,14,Four-Way Intersection,1,Dry,1,Slow,1,No Defects,O80,O13,41.8799019,-87.7844620,41.8799324,-87.7844620,1133723.63,1899302.88
29874,24 02505,2402505,X003405381,2024-05-06,18:25:00,2024-05-06 18:25:00,2024-05-07 10:02:27,Madison St/S Ridgeland Ave,,MADISON ST,S RIDGELAND AVE,0,0,0,0,Property Damage,No Injuries,Car,11,Front To Rear,2,2,0,3,$500 or less,1,0,0,0,0,0,0,18,Unable To Determine,18,Unable To Determine,1,No Controls,1,No Controls,1,Clear,1,Daylight,2,"Divided, No Median Barrier",1,Dry,1,Slow,1,No Defects,O80,O13,41.8799019,-87.7844620,41.8799324,-87.7844620,1133723.63,1899302.88
29876,24 02515,2402515,X003405998,2024-05-07,08:46:00,2024-05-07 08:46:00,2024-05-07 16:18:50,N Oak Park Ave/Chicago Ave,,N OAK PARK AVE,CHICAGO AVE,0,0,0,1,Property Damage,No Injuries,Car,9,Parked Motor Vehicle,2,2,0,5,"Over $1,500",1,0,0,0,0,0,0,28,Failing To Reduce Speed To Avoid Crash,99,Not Applicable,1,No Controls,1,No Controls,9,Unknown,1,Daylight,2,"Divided, No Median Barrier",9,Unknown,3,Free Flow,1,No Defects,O40,O9,41.8944054,-87.7947082,41.8944054,-87.7946777,1130898.00,1904568.63
29877,24 02516,2402516,X003405999,2024-05-07,10:23:00,2024-05-07 10:23:00,2024-05-07 16:18:50,S Ridgeland Ave/Madison St,,S RIDGELAND AVE,MADISON ST,1,1,0,1,Property Damage,No Injuries,Car,12,Sideswipe - Same Direction,2,2,0,3,$500 or less,1,0,0,0,0,0,0,04,Improper Overtaking/Passing,99,Not Applicable,3,Traffic Signal,4,Functioning Properly,2,Rain,1,Daylight,1,Not Divided,2,Wet,3,Free Flow,1,No Defects,O80,O13,41.8799324,-87.7844238,41.8799324,-87.7844620,1133732.63,1899313.88
29878,24 02523,2402523,X003407445,2024-05-07,15:40:00,2024-05-07 15:40:00,2024-05-08 09:03:12,Austin Blvd/Madison St,,AUSTIN BLVD,MADISON ST,0,0,0,0,Injury,B Injury Crash,Car,11,Front To Rear,3,3,0,5,"Over $1,500",0,1,0,0,1,0,1,45,Cell Phone Use Other Than Texting,99,Not Applicable,1,No Controls,1,No Controls,8,Cloudy/Overcast,1,Daylight,1,Not Divided,2,Wet,2,Stopped,1,No Defects,O80,O13,41.8800888,-87.7746963,41.8800888,-87.7746582,1136381.50,1899387.00
29881,24 02559,2402559,X003409868,2024-05-09,11:06:00,2024-05-09 11:06:00,2024-05-10 10:37:53,Wesley Ave/Harrison St,,WESLEY AVE,HARRISON ST,0,0,0,0,Property Damage,No Injuries,Car,9,Parked Motor Vehicle,2,2,0,5,"Over $1,500",1,0,0,0,0,0,0,28,Failing To Reduce Speed To Avoid Crash,10,Equipment - Vehicle Condition,1,No Controls,1,No Controls,1,Clear,1,Daylight,1,Not Divided,2,Wet,3,Free Flow,1,No Defects,O60,O14,41.8725700,-87.7915268,41.8725739,-87.7915649,1131815.50,1896618.63
29883,24 02560,2402560,X003409870,2024-05-09,12:53:00,2024-05-09 12:53:00,2024-05-10 10:37:54,South Blvd/S East Ave,,SOUTH BLVD,S EAST AVE,1,1,0,0,Injury,C Injury Crash,Car,15,Angle,4,4,0,5,"Over $1,500",0,1,0,0,0,2,2,23,Disregarding Stop Sign,28,Failing To Reduce Speed To Avoid Crash,2,Stop Sign,4,Functioning Properly,1,Clear,1,Daylight,15,T-Intersection,1,Dry,3,Free Flow,1,No Defects,O60,O11,41.8869133,-87.7895584,41.8869362,-87.7895584,1132319.38,1901847.25
29882,24 02563,2402563,X003409869,2024-05-09,16:26:00,2024-05-09 16:26:00,2024-05-10 10:37:53,Madison/S Ridgeland,,MADISON,S RIDGELAND,0,0,0,0,Property Damage,No Injuries,Car,10,Turning (At Least One Vehicle),2,2,0,4,"$501 to $1,500",1,0,0,0,0,0,0,02,Failing To Yield Right-Of-Way,99,Not Applicable,1,No Controls,1,No Controls,2,Rain,1,Daylight,14,Four-Way Intersection,2,Wet,3,Free Flow,1,No Defects,O80,O13,41.8799019,-87.7844620,41.8799324,-87.7844620,1133723.63,1899302.88
29886,24 02565,2402565,X003409873,2024-05-09,18:46:00,2024-05-09 18:46:00,2024-05-10 10:43:23,Harlem/Lexington,,HARLEM,LEXINGTON,1,1,0,0,Property Damage,No Injuries,Car,15,Angle,2,2,0,5,"Over $1,500",0,1,0,0,0,0,0,02,Failing To Yield Right-Of-Way,99,Not Applicable,2,Stop Sign,1,No Controls,2,Rain,1,Daylight,1,Not Divided,2,Wet,3,Free Flow,1,No Defects,O90,O18,41.8704796,-87.8043671,41.8704834,-87.8043976,1128323.00,1895834.00
29884,24 02568,2402568,X003409871,2024-05-09,20:22:00,2024-05-09 20:22:00,2024-05-10 10:37:54,Wisconsin/Roosevelt Rd,,WISCONSIN,ROOSEVELT RD,0,0,0,0,Property Damage,No Injuries,Car,11,Front To Rear,2,2,0,4,"$501 to $1,500",1,0,0,0,0,0,0,11,Weather,28,Failing To Reduce Speed To Avoid Crash,1,No Controls,1,No Controls,2,Rain,1,Daylight,2,"Divided, No Median Barrier",2,Wet,2,Stopped,1,No Defects,O90,O18,41.8650246,-87.8017502,41.8650207,-87.8017807,1129048.75,1893851.00
29885,24 02569,2402569,X003409872,2024-05-09,20:47:00,2024-05-09 20:47:00,2024-05-10 10:37:54,1113 Lake St,1113,LAKE ST,,0,0,0,0,Property Damage,No Injuries,Car,12,Sideswipe - Same Direction,2,2,0,4,"$501 to $1,500",1,0,0,0,0,0,0,20,Improper Lane Usage,99,Not Applicable,1,No Controls,1,No Controls,1,Clear,5,"Darkness, Lighted Road",1,Not Divided,2,Wet,3,Free Flow,1,No Defects,O40,O9,41.8886070,-87.8032227,41.8885193,-87.8031769,1128593.75,1902441.00
29887,24 02571,2402571,X003409874,2024-05-10,06:37:00,2024-05-10 06:37:00,2024-05-10 16:27:22,North Ave/Natoma,,NORTH AVE,NATOMA,1,1,0,0,Property Damage,No Injuries,Car,10,Turning (At Least One Vehicle),2,2,0,5,"Over $1,500",1,0,0,0,0,0,0,02,Failing To Yield Right-Of-Way,15,Driving Skills/Knowledge/Experience,3,Traffic Signal,4,Functioning Properly,1,Clear,1,Daylight,1,Not Divided,1,Dry,3,Free Flow,1,No Defects,O20,O2,41.9090691,-87.7910843,41.9090729,-87.7906723,1131851.50,1909918.63
29890,24 02576,2402576,X003409877,2024-05-10,11:16:00,2024-05-10 11:16:00,2024-05-10 16:27:23,Madison/S Taylor,,MADISON,S TAYLOR,0,0,0,1,Property Damage,No Injuries,Car,9,Parked Motor Vehicle,2,2,0,5,"Over $1,500",1,0,0,0,0,0,0,28,Failing To Reduce Speed To Avoid Crash,99,Not Applicable,1,No Controls,1,No Controls,1,Clear,1,Daylight,1,Not Divided,1,Dry,3,Free Flow,1,No Defects,O80,O13,41.8800087,-87.7779312,41.8800316,-87.7783203,1135501.50,1899352.50
29888,24 02578,2402578,X003409875,2024-05-10,12:57:00,2024-05-10 12:57:00,2024-05-10 16:32:53,Superior St/N Elmwood,,SUPERIOR ST,N ELMWOOD,1,1,0,0,Property Damage,No Injuries,Car,15,Angle,2,2,0,4,"$501 to $1,500",1,0,0,0,0,0,0,02,Failing To Yield Right-Of-Way,15,Driving Skills/Knowledge/Experience,2,Stop Sign,4,Functioning Properly,8,Cloudy/Overcast,1,Daylight,1,Not Divided,1,Dry,3,Free Flow,1,No Defects,O30,O8,41.8930435,-87.7864609,41.8930740,-87.7864609,1133147.75,1904086.63
29889,24 02580,2402580,X003409876,2024-05-10,13:48:00,2024-05-10 13:48:00,2024-05-10 16:32:53,S Madison Ave/S Harlem Ave,,S MADISON AVE,S HARLEM AVE,0,0,0,1,Property Damage,No Injuries,Car,9,Parked Motor Vehicle,2,2,0,4,"$501 to $1,500",1,0,0,0,0,0,0,30,Improper Backing,28,Failing To Reduce Speed To Avoid Crash,1,No Controls,1,No Controls,8,Cloudy/Overcast,1,Daylight,1,Not Divided,1,Dry,3,Free Flow,1,No Defects,O70,O12,41.8796730,-87.8047028,41.8796654,-87.8047333,1128211.38,1899183.38
29905,24 02583,2402583,X003412670,2024-05-10,14:39:00,2024-05-10 14:39:00,2024-05-13 15:06:06,Adams/Oak Park Ave,,ADAMS,OAK PARK AVE,1,1,0,0,Injury,B Injury Crash,Car,15,Angle,3,2,0,5,"Over $1,500",0,1,0,0,2,0,2,28,Failing To Reduce Speed To Avoid Crash,02,Failing To Yield Right-Of-Way,1,No Controls,1,No Controls,1,Clear,1,Daylight,14,Four-Way Intersection,1,Dry,2,Stopped,1,No Defects,O60,O14,41.8779106,-87.7941895,41.8779373,-87.7941971,1131077.38,1898559.50
29891,24 02584,2402584,X003409878,2024-05-10,15:12:00,2024-05-10 15:12:00,2024-05-10 17:27:24,N Austin Blvd/Lake St,,N AUSTIN BLVD,LAKE ST,0,0,0,0,Property Damage,No Injuries,Car,10,Turning (At Least One Vehicle),2,2,0,5,"Over $1,500",1,0,0,0,0,0,0,18,Unable To Determine,18,Unable To Determine,1,No Controls,1,No Controls,1,Clear,1,Daylight,2,"Divided, No Median Barrier",1,Dry,3,Free Flow,1,No Defects,O30,O7,41.8880272,-87.7748947,41.8880234,-87.7749329,1136309.00,1902279.13
29911,24 02644,2402644,X003414628,2024-05-10,16:00:00,2024-05-10 16:00:00,2024-05-14 09:24:27,317 S Oak Park Ave,317,S OAK PARK AVE,,0,0,0,0,Property Damage,No Injuries,Car,11,Front To Rear,2,2,0,4,"$501 to $1,500",1,0,0,0,0,0,0,03,Following Too Closely,28,Failing To Reduce Speed To Avoid Crash,1,No Controls,1,No Controls,1,Clear,1,Daylight,1,Not Divided,1,Dry,3,Free Flow,1,No Defects,O60,O11,41.8826561,-87.7943039,41.8827438,-87.7945251,1131035.00,1900288.50
29903,24 02585,2402585,X003413271,2024-05-10,16:15:00,2024-05-10 16:15:00,2024-05-13 15:06:04,S Oak Park Ave/Jackson Blvd,,S OAK PARK AVE,JACKSON BLVD,1,1,0,0,Property Damage,No Injuries,Car,10,Turning (At Least One Vehicle),2,2,0,5,"Over $1,500",1,0,0,0,0,0,0,28,Failing To Reduce Speed To Avoid Crash,18,Unable To Determine,3,Traffic Signal,4,Functioning Properly,1,Clear,1,Daylight,14,Four-Way Intersection,1,Dry,3,Free Flow,1,No Defects,O60,O14,41.8761177,-87.7940979,41.8761177,-87.7941284,1131107.63,1897906.13
29904,24 02587,2402587,X003413273,2024-05-10,19:27:00,2024-05-10 19:27:00,2024-05-13 15:11:40,111 Madison St,111,MADISON ST,,0,0,0,0,Property Damage,No Injuries,Car,12,Sideswipe - Same Direction,2,2,0,5,"Over $1,500",1,0,0,0,0,0,0,20,Improper Lane Usage,15,Driving Skills/Knowledge/Experience,1,No Controls,1,No Controls,1,Clear,1,Daylight,7,Parking Lot,1,Dry,3,Free Flow,1,No Defects,O80,O13,41.8800087,-87.7779236,41.8798332,-87.7779541,1135503.13,1899352.50
29906,24 02592,2402592,X003413275,2024-05-11,06:24:00,2024-05-11 06:24:00,2024-05-13 15:06:06,Augusta St/Cuyler Ave,,AUGUSTA ST,CUYLER AVE,0,0,0,1,Injury,C Injury Crash,Car,11,Front To Rear,2,2,0,5,"Over $1,500",0,1,0,0,0,1,1,18,Unable To Determine,18,Unable To Determine,2,Stop Sign,4,Functioning Properly,1,Clear,1,Daylight,1,Not Divided,1,Dry,3,Free Flow,1,No Defects,O10,O4,41.8982162,-87.7833786,41.8982506,-87.7833786,1133975.38,1905977.50
29897,24 02594,2402594,X003413262,2024-05-11,07:33:00,2024-05-11 07:33:00,2024-05-13 14:54:59,Garfield St/S Harlem Ave,,GARFIELD ST,S HARLEM AVE,1,0,0,1,Property Damage,No Injuries,Car,15,Angle,2,2,0,5,"Over $1,500",1,0,0,0,0,0,0,28,Failing To Reduce Speed To Avoid Crash,02,Failing To Yield Right-Of-Way,3,Traffic Signal,4,Functioning Properly,1,Clear,1,Daylight,1,Not Divided,1,Dry,3,Free Flow,1,No Defects,F3,FPPD,41.8722877,-87.8044739,41.8723183,-87.8044663,1128289.00,1896492.88
30173,24 03522,2403522,X003461988,2024-05-11,07:42:00,2024-05-11 07:42:00,2024-06-24 10:06:20,S Oak Park Ave/Madison St,,S OAK PARK AVE,MADISON ST,1,1,0,0,Property Damage,No Injuries,Car,10,Turning (At Least One Vehicle),2,2,0,4,"$501 to $1,500",1,0,0,0,0,0,0,02,Failing To Yield Right-Of-Way,28,Failing To Reduce Speed To Avoid Crash,3,Traffic Signal,4,Functioning Properly,1,Clear,1,Daylight,14,Four-Way Intersection,1,Dry,2,Stopped,1,No Defects,O60,O11,41.8797722,-87.7942200,41.8797722,-87.7942581,1131065.38,1899237.25
29894,24 02595,2402595,X003413252,2024-05-11,08:05:00,2024-05-11 08:05:00,2024-05-13 13:00:20,N East Ave/Lake St,,N EAST AVE,LAKE ST,1,1,0,0,Property Damage,No Injuries,Car,11,Front To Rear,2,2,0,5,"Over $1,500",1,0,0,0,0,0,0,41,Distraction - From Inside Vehicle,18,Unable To Determine,3,Traffic Signal,4,Functioning Properly,1,Clear,1,Daylight,1,Not Divided,1,Dry,3,Free Flow,1,No Defects,O30,O8,41.8884811,-87.7896271,41.8884849,-87.7895889,1132295.75,1902419.13
29898,24 02604,2402604,X003413265,2024-05-11,15:05:00,2024-05-11 15:05:00,2024-05-13 15:00:31,S Ridgeland Ave/Fillmore St,,S RIDGELAND AVE,FILLMORE ST,1,0,0,0,Injury,B Injury Crash,Car,15,Angle,2,2,0,5,"Over $1,500",0,1,0,0,1,0,1,02,Failing To Yield Right-Of-Way,28,Failing To Reduce Speed To Avoid Crash,2,Stop Sign,4,Functioning Properly,1,Clear,1,Daylight,14,Four-Way Intersection,1,Dry,3,Free Flow,1,No Defects,O90,O16,41.8671608,-87.7839889,41.8671532,-87.7840271,1133880.25,1894659.13
29932,24 02605,2402605,X003415778,2024-05-11,16:50:00,2024-05-11 16:50:00,2024-05-15 17:04:26,Jackson/S Maple Ave,,JACKSON,S MAPLE AVE,0,1,0,0,Injury,B Injury Crash,Car,10,Turning (At Least One Vehicle),2,2,0,5,"Over $1,500",0,1,0,0,1,0,1,20,Improper Lane Usage,28,Failing To Reduce Speed To Avoid Crash,2,Stop Sign,4,Functioning Properly,1,Clear,1,Daylight,8,Other,1,Dry,3,Free Flow,1,No Defects,O60,O15,41.8753242,-87.8036194,41.8760185,-87.8037415,1128516.25,1897600.75
29902,24 02608,2402608,X003413269,2024-05-11,17:17:00,2024-05-11 17:17:00,2024-05-13 15:06:07,Ontario St/N Austin Blvd,,ONTARIO ST,N AUSTIN BLVD,0,0,0,1,Property Damage,No Injuries,Car,11,Front To Rear,2,2,0,3,$500 or less,1,0,0,0,0,0,0,18,Unable To Determine,18,Unable To Determine,1,No Controls,1,No Controls,1,Clear,1,Daylight,2,"Divided, No Median Barrier",1,Dry,1,Slow,1,No Defects,O30,O7,41.8904839,-87.7750092,41.8905106,-87.7750092,1136271.75,1903174.63
29901,24 02613,2402613,X003413267,2024-05-11,20:50:00,2024-05-11 20:50:00,2024-05-13 15:06:07,Lake/Harlem,,LAKE,HARLEM,0,0,0,0,Property Damage,No Injuries,Car,11,Front To Rear,2,2,0,4,"$501 to $1,500",1,0,0,0,0,0,0,03,Following Too Closely,99,Not Applicable,3,Traffic Signal,4,Functioning Properly,1,Clear,5,"Darkness, Lighted Road",2,"Divided, No Median Barrier",1,Dry,1,Slow,1,No Defects,O40,O9,41.8885536,-87.8050537,41.8885841,-87.8050537,1128096.13,1902419.63
29892,24 02614,2402614,X003410711,2024-05-11,22:08:00,2024-05-11 22:08:00,2024-05-12 01:01:32,6801 North,6801,NORTH,,0,0,0,0,Property Damage,No Injuries,Car,7,Other Object,2,1,0,4,"$501 to $1,500",0,1,0,0,0,0,0,28,Failing To Reduce Speed To Avoid Crash,99,Not Applicable,3,Traffic Signal,4,Functioning Properly,1,Clear,5,"Darkness, Lighted Road",2,"Divided, No Median Barrier",1,Dry,1,Slow,1,No Defects,O20,O3,41.9089890,-87.7950592,41.9086800,-87.7952957,1130770.38,1909883.63
29896,24 02617,2402617,X003413259,2024-05-12,12:03:00,2024-05-12 12:03:00,2024-05-13 14:49:29,S Grove Ave/Washington Blvd,,S GROVE AVE,WASHINGTON BLVD,1,1,0,0,Property Damage,No Injuries,Car,15,Angle,2,2,0,5,"Over $1,500",1,0,0,0,0,0,0,02,Failing To Yield Right-Of-Way,28,Failing To Reduce Speed To Avoid Crash,2,Stop Sign,4,Functioning Properly,1,Clear,1,Daylight,1,Not Divided,1,Dry,2,Stopped,1,No Defects,O70,O12,41.8815994,-87.7956085,41.8815994,-87.7956467,1130682.13,1899901.38
29900,24 02618,2402618,X003413266,2024-05-12,13:04:00,2024-05-12 13:04:00,2024-05-13 15:00:31,Austin/Harrison St,,AUSTIN,HARRISON ST,0,0,0,0,Property Damage,No Injuries,Car,15,Angle,2,2,0,5,"Over $1,500",1,0,0,0,0,0,0,28,Failing To Reduce Speed To Avoid Crash,02,Failing To Yield Right-Of-Way,3,Traffic Signal,4,Functioning Properly,1,Clear,1,Daylight,2,"Divided, No Median Barrier",1,Dry,3,Free Flow,1,No Defects,O80,O13,41.8727799,-87.7744522,41.8727799,-87.7744141,1136465.25,1896723.75
29899,24 02621,2402621,X003412664,2024-05-12,14:33:00,2024-05-12 14:33:00,2024-05-13 15:00:31,Washiington/Oak Park,,WASHIINGTON,OAK PARK,0,1,0,1,Property Damage,No Injuries,Car,11,Front To Rear,2,2,0,5,"Over $1,500",1,0,0,0,0,0,0,28,Failing To Reduce Speed To Avoid Crash,99,Not Applicable,3,Traffic Signal,4,Functioning Properly,1,Clear,1,Daylight,2,"Divided, No Median Barrier",1,Dry,2,Stopped,1,No Defects,O60,O11,41.8815384,-87.7943115,41.8815613,-87.7943115,1131037.25,1899880.13
29934,24 02624,2402624,X003417022,2024-05-12,18:05:00,2024-05-12 18:05:00,2024-05-16 07:48:15,Madison St/Grove,,MADISON ST,GROVE,0,0,0,0,Property Damage,No Injuries,Car,11,Front To Rear,2,2,0,3,$500 or less,1,0,0,0,0,0,0,03,Following Too Closely,18,Unable To Determine,1,No Controls,1,No Controls,1,Clear,1,Daylight,2,"Divided, No Median Barrier",1,Dry,1,Slow,1,No Defects,O60,O15,41.8797226,-87.7955780,41.8797531,-87.7954559,1130695.00,1899217.25
29907,24 02625,2402625,X003413276,2024-05-12,19:38:00,2024-05-12 19:38:00,2024-05-13 15:11:40,N Austin Blvd/Augusta Blvd,,N AUSTIN BLVD,AUGUSTA BLVD,1,1,0,0,Property Damage,No Injuries,Car,12,Sideswipe - Same Direction,2,2,0,5,"Over $1,500",1,0,0,0,0,0,0,02,Failing To Yield Right-Of-Way,04,Improper Overtaking/Passing,3,Traffic Signal,4,Functioning Properly,1,Clear,3,Dusk,1,Not Divided,1,Dry,3,Free Flow,1,No Defects,O10,O4,41.8983650,-87.7752228,41.8983650,-87.7752533,1136195.75,1906045.00
29895,24 02631,2402631,X003413256,2024-05-13,09:13:00,2024-05-13 09:13:00,2024-05-13 13:11:16,Van Buren/S Lombard Ave,,VAN BUREN,S LOMBARD AVE,0,0,0,0,Property Damage,No Injuries,Car,9,Parked Motor Vehicle,2,2,0,5,"Over $1,500",0,1,0,0,0,0,0,28,Failing To Reduce Speed To Avoid Crash,99,Not Applicable,1,No Controls,1,No Controls,1,Clear,1,Daylight,1,Not Divided,1,Dry,1,Slow,1,No Defects,O80,O13,41.8745041,-87.7793655,41.8745346,-87.7793655,1135123.00,1897343.63
29908,24 02639,2402639,X003413278,2024-05-13,14:23:00,2024-05-13 14:23:00,2024-05-13 16:01:06,N Scoville Ave/Erie,,N SCOVILLE AVE,ERIE,1,1,0,0,Property Damage,No Injuries,Car,15,Angle,2,2,0,5,"Over $1,500",1,0,0,0,0,0,0,02,Failing To Yield Right-Of-Way,28,Failing To Reduce Speed To Avoid Crash,2,Stop Sign,4,Functioning Properly,1,Clear,1,Daylight,1,Not Divided,1,Dry,3,Free Flow,1,No Defects,O30,O8,41.8916588,-87.7880936,41.8916626,-87.7880554,1132707.50,1903579.75
29912,24 02651,2402651,X003414629,2024-05-13,20:16:00,2024-05-13 20:16:00,2024-05-14 09:24:28,Roosevelt Rd/Kenilworth Ave,,ROOSEVELT RD,KENILWORTH AVE,1,0,0,1,Property Damage,No Injuries,Car,10,Turning (At Least One Vehicle),2,2,0,5,"Over $1,500",0,1,0,0,0,0,0,23,Disregarding Stop Sign,28,Failing To Reduce Speed To Avoid Crash,2,Stop Sign,4,Functioning Properly,2,Rain,5,"Darkness, Lighted Road",2,"Divided, No Median Barrier",2,Wet,3,Free Flow,1,No Defects,O90,O18,41.8651428,-87.7963638,41.8651199,-87.7963715,1130514.50,1893903.50
29913,24 02652,2402652,X003414631,2024-05-13,23:09:00,2024-05-13 23:09:00,2024-05-14 09:24:28,S Oak Park Ave/Fillmore St,,S OAK PARK AVE,FILLMORE ST,1,1,0,0,Injury,B Injury Crash,Car,15,Angle,2,2,0,5,"Over $1,500",0,1,0,0,1,0,1,02,Failing To Yield Right-Of-Way,11,Weather,2,Stop Sign,4,Functioning Properly,2,Rain,5,"Darkness, Lighted Road",14,Four-Way Intersection,2,Wet,,,1,No Defects,O90,O17,41.8669891,-87.7937775,41.8669815,-87.7938156,1131215.00,1894580.88
29909,24 02653,2402653,X003413279,2024-05-13,23:35:00,2024-05-13 23:35:00,2024-05-14 02:12:45,1003 S Oak Park,1003,S OAK PARK,,0,0,0,0,Property Damage,No Injuries,Car,11,Front To Rear,2,2,0,4,"$501 to $1,500",1,0,0,0,0,0,0,28,Failing To Reduce Speed To Avoid Crash,99,Not Applicable,1,No Controls,1,No Controls,2,Rain,5,"Darkness, Lighted Road",2,"Divided, No Median Barrier",2,Wet,3,Free Flow,1,No Defects,O20,O3,41.9036865,-87.7949524,41.8704567,-87.7940826,1130811.13,1907950.38
29915,24 02654,2402654,X003414634,2024-05-14,07:15:00,2024-05-14 07:15:00,2024-05-14 16:36:08,Carpenter/Madison,,CARPENTER,MADISON,0,0,0,1,Property Damage,No Injuries,Car,9,Parked Motor Vehicle,2,2,0,3,$500 or less,1,0,0,0,0,0,0,28,Failing To Reduce Speed To Avoid Crash,99,Not Applicable,1,No Controls,1,No Controls,2,Rain,1,Daylight,1,Not Divided,2,Wet,3,Free Flow,1,No Defects,O60,O15,41.8797378,-87.7963257,41.8797378,-87.7962875,1130492.75,1899221.25
29916,24 02655,2402655,X003414636,2024-05-14,07:28:00,2024-05-14 07:28:00,2024-05-14 16:36:08,S Oak Park/Randolph St,,S OAK PARK,RANDOLPH ST,1,1,0,0,Property Damage,No Injuries,Car,15,Angle,2,2,0,4,"$501 to $1,500",1,0,0,0,0,0,0,25,Disregarding Traffic Signals,02,Failing To Yield Right-Of-Way,3,Traffic Signal,4,Functioning Properly,2,Rain,1,Daylight,2,"Divided, No Median Barrier",2,Wet,1,Slow,1,No Defects,O60,O11,41.8832970,-87.7943268,41.8834534,-87.7943649,1131028.38,1900522.88
29924,24 02657,2402657,X003415124,2024-05-14,07:39:00,2024-05-14 07:39:00,2024-05-15 09:53:26,Garfield St/S Harlem Ave,,GARFIELD ST,S HARLEM AVE,0,0,0,0,Property Damage,No Injuries,Car,11,Front To Rear,2,2,0,5,"Over $1,500",1,0,0,0,0,0,0,28,Failing To Reduce Speed To Avoid Crash,03,Following Too Closely,3,Traffic Signal,4,Functioning Properly,2,Rain,1,Daylight,14,Four-Way Intersection,2,Wet,3,Free Flow,1,No Defects,O92,O18,41.8722877,-87.8044739,41.8723183,-87.8044663,1128289.00,1896492.88
29914,24 02656,2402656,X003414632,2024-05-14,07:51:00,2024-05-14 07:51:00,2024-05-14 16:36:08,N Harlem/Randolph St,,N HARLEM,RANDOLPH ST,0,0,0,0,Injury,C Injury Crash,Car,10,Turning (At Least One Vehicle),3,3,0,5,"Over $1,500",0,1,0,0,0,3,3,02,Failing To Yield Right-Of-Way,28,Failing To Reduce Speed To Avoid Crash,2,Stop Sign,4,Functioning Properly,2,Rain,1,Daylight,2,"Divided, No Median Barrier",2,Wet,1,Slow,1,No Defects,O70,O12,41.8832092,-87.8048935,41.8832283,-87.8048630,1128150.63,1900472.25
29946,24 02660,2402660,X003418164,2024-05-14,09:49:00,2024-05-14 09:49:00,2024-05-17 16:44:02,Augusta St/N Ridgeland Ave,,AUGUSTA ST,N RIDGELAND AVE,0,1,0,0,Injury,B Injury Crash,Car,11,Front To Rear,3,3,0,5,"Over $1,500",0,1,0,0,1,1,2,28,Failing To Reduce Speed To Avoid Crash,99,Not Applicable,3,Traffic Signal,4,Functioning Properly,8,Cloudy/Overcast,1,Daylight,2,"Divided, No Median Barrier",1,Dry,2,Stopped,1,No Defects,O10,O4,41.8981934,-87.7849960,41.8982239,-87.7850037,1133534.25,1905966.00