record_id,report_number,crash_id,idot_crash_number,date,time,occurred_at,record_added_at,location,street_number,street_name,cross_street,at_intersection,intersection_related,private_property,hit_and_run,crash_severity,crash_injury_severity,crash_mode,crash_type_code,crash_type,total_units,num_motor_vehicles,dooring_pedalcyclist,damage_code,damage,no_injury_drive_away,injury_or_towed,fatalities,a_injuries,b_injuries,c_injuries,total_injured,cause1_code,cause1,cause2_code,cause2,traffic_control_code,traffic_control,device_condition_code,device_condition,weather_code,weather,lighting_code,lighting,trafficway_code,trafficway,road_surface_code,road_surface,flow_condition_code,flow_condition,road_defects_code,road_defects,beat_zone,post_district,latitude,longitude,latitude_geocoded,longitude_geocoded,state_plane_x,state_plane_y
29917,24 02666,2402666,X003414637,2024-05-14,12:43:00,2024-05-14 12:43:00,2024-05-14 16:36:08,1125 Ontario,1125,ONTARIO,,0,0,0,0,Property Damage,No Injuries,Car,15,Angle,2,2,0,4,"$501 to $1,500",1,0,0,0,0,0,0,30,Improper Backing,04,Improper Overtaking/Passing,1,No Controls,1,No Controls,1,Clear,1,Daylight,7,Parking Lot,1,Dry,1,Slow,1,No Defects,O40,O9,41.8905373,-87.8039322,41.8897705,-87.8039246,1128396.75,1903143.13
30009,24 02798,2402798,X003429827,2024-05-14,12:55:00,2024-05-14 12:55:00,2024-05-28 10:35:16,Roosevelt Rd/East Ave,,ROOSEVELT RD,EAST AVE,0,0,0,0,Property Damage,No Injuries,Car,11,Front To Rear,3,3,0,5,"Over $1,500",1,0,0,0,0,0,0,28,Failing To Reduce Speed To Avoid Crash,99,Not Applicable,3,Traffic Signal,4,Functioning Properly,9,Unknown,1,Daylight,1,Not Divided,1,Dry,2,Stopped,1,No Defects,O90,O17,41.8652763,-87.7888641,41.8652534,-87.7888641,1132558.38,1893964.75
29918,24 02670,2402670,X003415138,2024-05-14,15:09:00,2024-05-14 15:09:00,2024-05-14 16:41:41,Division St/Woodbine Ave,,DIVISION ST,WOODBINE AVE,0,0,0,0,Property Damage,No Injuries,Car,18,Rear To Front,2,2,0,5,"Over $1,500",1,0,0,0,0,0,0,28,Failing To Reduce Speed To Avoid Crash,99,Not Applicable,1,No Controls,1,No Controls,8,Cloudy/Overcast,1,Daylight,2,"Divided, No Median Barrier",1,Dry,1,Slow,1,No Defects,O20,O6,41.9015999,-87.7993774,41.9016342,-87.7993774,1129612.00,1907182.88
29923,24 02673,2402673,X003415168,2024-05-14,15:50:00,2024-05-14 15:50:00,2024-05-15 09:53:26,N Harvey Ave/Lake St,,N HARVEY AVE,LAKE ST,0,0,0,1,Injury,C Injury Crash,Car,11,Front To Rear,2,2,0,3,$500 or less,0,1,0,0,0,1,1,28,Failing To Reduce Speed To Avoid Crash,18,Unable To Determine,3,Traffic Signal,4,Functioning Properly,8,Cloudy/Overcast,1,Daylight,1,Not Divided,1,Dry,1,Slow,1,No Defects,O30,O7,41.8882103,-87.7810822,41.8882217,-87.7814407,1134623.63,1902335.88
29928,24 02674,2402674,X003415166,2024-05-14,16:04:00,2024-05-14 16:04:00,2024-05-15 09:53:27,Augusta Blvd/Austin Blvd,,AUGUSTA BLVD,AUSTIN BLVD,0,0,0,1,Property Damage,No Injuries,Car,12,Sideswipe - Same Direction,2,2,0,5,"Over $1,500",1,0,0,0,0,0,0,04,Improper Overtaking/Passing,20,Improper Lane Usage,1,No Controls,1,No Controls,1,Clear,1,Daylight,2,"Divided, No Median Barrier",1,Dry,1,Slow,1,No Defects,O10,O4,41.8983345,-87.7752533,41.8983650,-87.7752533,1136187.38,1906035.63
29929,24 02676,2402676,X003415160,2024-05-14,16:51:00,2024-05-14 16:51:00,2024-05-15 09:53:27,Clinton Ave/Washington,,CLINTON AVE,WASHINGTON,1,0,0,1,Injury,C Injury Crash,Pedestrian,1,Pedestrian,2,1,0,3,$500 or less,0,1,0,0,0,1,1,02,Failing To Yield Right-Of-Way,28,Failing To Reduce Speed To Avoid Crash,1,No Controls,1,No Controls,8,Cloudy/Overcast,1,Daylight,2,"Divided, No Median Barrier",9,Unknown,1,Slow,99,Unknown,O70,O12,41.8815117,-87.7984238,41.8815079,-87.7984543,1129917.25,1899864.88
29925,24 02678,2402678,X003415146,2024-05-14,17:02:00,2024-05-14 17:02:00,2024-05-15 09:53:27,259 Lake St,259,LAKE ST,N CUYLER AVE,0,0,0,1,Property Damage,No Injuries,Car,9,Parked Motor Vehicle,2,2,0,3,$500 or less,1,0,0,0,0,0,0,28,Failing To Reduce Speed To Avoid Crash,99,Not Applicable,1,No Controls,1,No Controls,1,Clear,1,Daylight,7,Parking Lot,1,Dry,3,Free Flow,1,No Defects,O30,O7,41.8882484,-87.7830658,41.8881416,-87.7822647,1134084.75,1902345.25
29927,24 02680,2402680,X003414972,2024-05-14,19:12:00,2024-05-14 19:12:00,2024-05-15 09:53:27,North Ave/N Taylor,,NORTH AVE,N TAYLOR,0,0,0,1,Property Damage,No Injuries,Car,9,Parked Motor Vehicle,4,4,0,5,"Over $1,500",1,0,0,0,0,0,0,18,Unable To Determine,28,Failing To Reduce Speed To Avoid Crash,1,No Controls,1,No Controls,1,Clear,1,Daylight,1,Not Divided,1,Dry,,,1,No Defects,O10,O1,41.9091988,-87.7782135,41.9092293,-87.7782135,1135355.38,1909988.38
29926,24 02682,2402682,X003414961,2024-05-15,03:59:00,2024-05-15 03:59:00,2024-05-15 09:53:27,N Austin/Lake St,,N AUSTIN,LAKE ST,0,0,0,1,Property Damage,No Injuries,Car,11,Front To Rear,2,2,0,5,"Over $1,500",1,0,0,0,0,0,0,18,Unable To Determine,28,Failing To Reduce Speed To Avoid Crash,1,No Controls,1,No Controls,1,Clear,5,"Darkness, Lighted Road",2,"Divided, No Median Barrier",1,Dry,3,Free Flow,1,No Defects,O10,O4,41.8880272,-87.7748947,41.8880234,-87.7749329,1136309.00,1902279.13
29930,24 02683,2402683,X003415140,2024-05-15,07:12:00,2024-05-15 07:12:00,2024-05-15 13:48:02,S Elmwood Ave/Madison,,S ELMWOOD AVE,MADISON,0,0,0,1,Property Damage,No Injuries,Car,11,Front To Rear,2,2,0,3,$500 or less,1,0,0,0,0,0,0,03,Following Too Closely,28,Failing To Reduce Speed To Avoid Crash,1,No Controls,1,No Controls,8,Cloudy/Overcast,1,Daylight,4,Two-Way Continuous Left-Turn Lane,1,Dry,2,Stopped,9,Debris On Roadway,O60,O11,41.8799095,-87.7857284,41.8799057,-87.7856903,1133378.25,1899302.13
29933,24 02684,2402684,X003415779,2024-05-15,07:48:00,2024-05-15 07:48:00,2024-05-15 17:20:53,1239 N Taylor Ave,,1239 N TAYLOR AVE,NORTH AVE,0,0,0,0,Property Damage,No Injuries,Car,15,Angle,2,2,0,4,"$501 to $1,500",1,0,0,0,0,0,0,02,Failing To Yield Right-Of-Way,15,Driving Skills/Knowledge/Experience,1,No Controls,1,No Controls,1,Clear,1,Daylight,1,Not Divided,1,Dry,3,Free Flow,1,No Defects,O10,O1,41.9092255,-87.7782517,41.9088860,-87.7783279,1135344.00,1909997.00
29931,24 02687,2402687,X003415777,2024-05-15,12:14:00,2024-05-15 12:14:00,2024-05-15 17:04:26,Lake St/N Ridgeland Ave,,LAKE ST,N RIDGELAND AVE,0,0,0,0,Property Damage,No Injuries,Car,10,Turning (At Least One Vehicle),2,2,0,5,"Over $1,500",1,0,0,0,0,0,0,18,Unable To Determine,18,Unable To Determine,1,No Controls,1,No Controls,1,Clear,1,Daylight,1,Not Divided,1,Dry,3,Free Flow,1,No Defects,O30,O7,41.8882980,-87.7846985,41.8883209,-87.7846985,1133638.38,1902360.50
29944,24 02704,2402704,X003418160,2024-05-16,09:22:00,2024-05-16 09:22:00,2024-05-17 09:49:24,37 Washington Blvd,37,WASHINGTON BLVD,,0,0,0,0,Property Damage,No Injuries,Car,9,Parked Motor Vehicle,2,2,0,3,$500 or less,1,0,0,0,0,0,0,20,Improper Lane Usage,18,Unable To Determine,1,No Controls,1,No Controls,1,Clear,1,Daylight,2,"Divided, No Median Barrier",1,Dry,3,Free Flow,1,No Defects,O50,O10,41.8820534,-87.7763824,41.8819237,-87.7765884,1135917.75,1900100.63
29943,24 02708,2402708,X003418159,2024-05-16,11:22:00,2024-05-16 11:22:00,2024-05-17 09:49:23,North Ave/Rossell Ave,,NORTH AVE,ROSSELL AVE,0,0,0,0,Property Damage,No Injuries,Car,12,Sideswipe - Same Direction,2,2,0,5,"Over $1,500",1,0,0,0,0,0,0,18,Unable To Determine,18,Unable To Determine,1,No Controls,1,No Controls,8,Cloudy/Overcast,1,Daylight,1,Not Divided,1,Dry,3,Free Flow,1,No Defects,O20,O2,41.9091034,-87.7860489,41.9091301,-87.7860565,1133222.13,1909939.63
29939,24 02711,2402711,X003418154,2024-05-16,13:44:00,2024-05-16 13:44:00,2024-05-17 09:54:54,N Euclid Ave/Superior St,,N EUCLID AVE,SUPERIOR ST,0,0,0,0,Property Damage,No Injuries,Car,9,Parked Motor Vehicle,2,2,0,4,"$501 to $1,500",1,0,0,0,0,0,0,30,Improper Backing,15,Driving Skills/Knowledge/Experience,1,No Controls,1,No Controls,8,Cloudy/Overcast,1,Daylight,1,Not Divided,1,Dry,3,Free Flow,1,No Defects,O30,O8,41.8929596,-87.7928543,41.8929672,-87.7928162,1131407.13,1904045.38
29941,24 02714,2402714,X003418156,2024-05-16,14:13:00,2024-05-16 14:13:00,2024-05-17 09:54:54,N Harlem/South Blvd,,N HARLEM,SOUTH BLVD,0,0,0,1,Injury,C Injury Crash,Car,11,Front To Rear,2,2,0,5,"Over $1,500",0,1,0,0,0,1,1,28,Failing To Reduce Speed To Avoid Crash,02,Failing To Yield Right-Of-Way,3,Traffic Signal,4,Functioning Properly,8,Cloudy/Overcast,1,Daylight,1,Not Divided,2,Wet,2,Stopped,1,No Defects,O70,O12,41.8866921,-87.8050156,41.8867111,-87.8049927,1128109.63,1901740.13
29945,24 02716,2402716,X003418162,2024-05-16,14:50:00,2024-05-16 14:50:00,2024-05-17 10:00:23,Chicago Ave/N Oak Park,,CHICAGO AVE,N OAK PARK,0,0,0,0,Property Damage,No Injuries,Car,12,Sideswipe - Same Direction,2,2,0,5,"Over $1,500",1,0,0,0,0,0,0,04,Improper Overtaking/Passing,15,Driving Skills/Knowledge/Experience,3,Traffic Signal,4,Functioning Properly,8,Cloudy/Overcast,1,Daylight,1,Not Divided,2,Wet,3,Free Flow,1,No Defects,O30,O8,41.8943825,-87.7946701,41.8944054,-87.7946777,1130909.25,1904560.00
29942,24 02717,2402717,X003418158,2024-05-16,15:01:00,2024-05-16 15:01:00,2024-05-17 09:49:23,Augusta St/N Ridgeland Ave,,AUGUSTA ST,N RIDGELAND AVE,1,1,0,0,Property Damage,No Injuries,Car,10,Turning (At Least One Vehicle),2,2,0,4,"$501 to $1,500",1,0,0,0,0,0,0,18,Unable To Determine,18,Unable To Determine,3,Traffic Signal,4,Functioning Properly,8,Cloudy/Overcast,1,Daylight,1,Not Divided,1,Dry,3,Free Flow,1,No Defects,O10,O4,41.8981934,-87.7849960,41.8982239,-87.7850037,1133534.25,1905966.00
29940,24 02719,2402719,X003418155,2024-05-16,15:34:00,2024-05-16 15:34:00,2024-05-17 09:54:54,Carpenter/Madison St,,CARPENTER,MADISON ST,0,0,0,0,Property Damage,No Injuries,Car,11,Front To Rear,2,2,0,5,"Over $1,500",1,0,0,0,0,0,0,28,Failing To Reduce Speed To Avoid Crash,15,Driving Skills/Knowledge/Experience,1,No Controls,1,No Controls,8,Cloudy/Overcast,1,Daylight,1,Not Divided,2,Wet,2,Stopped,1,No Defects,O60,O15,41.8797378,-87.7963257,41.8797378,-87.7962875,1130492.75,1899221.25
29955,24 02742,2402742,X003421535,2024-05-17,03:42:00,2024-05-17 03:42:00,2024-05-20 09:45:37,Austin Blvd/Augusta,,AUSTIN BLVD,AUGUSTA,1,0,0,0,Property Damage,No Injuries,Car,11,Front To Rear,2,2,0,4,"$501 to $1,500",1,0,0,0,0,0,0,99,Not Applicable,99,Not Applicable,3,Traffic Signal,4,Functioning Properly,1,Clear,5,"Darkness, Lighted Road",1,Not Divided,1,Dry,2,Stopped,1,No Defects,O10,O4,41.8983650,-87.7752228,41.8983650,-87.7752533,1136195.75,1906045.00
29962,24 02772,2402772,X003422106,2024-05-17,08:33:00,2024-05-17 08:33:00,2024-05-21 08:08:27,S East Ave/Lexington,,S EAST AVE,LEXINGTON,0,0,0,0,Property Damage,No Injuries,Car,9,Parked Motor Vehicle,2,2,0,5,"Over $1,500",1,0,0,0,0,0,0,28,Failing To Reduce Speed To Avoid Crash,99,Not Applicable,1,No Controls,1,No Controls,9,Unknown,1,Daylight,1,Not Divided,9,Unknown,1,Slow,1,No Defects,O90,O17,41.8707275,-87.7890167,41.8707275,-87.7890472,1132503.25,1895950.25
29953,24 02732,2402732,X003421533,2024-05-17,12:49:00,2024-05-17 12:49:00,2024-05-20 09:45:37,North Ave/N Grove Ave,,NORTH AVE,N GROVE AVE,0,0,0,0,Property Damage,No Injuries,Car,11,Front To Rear,2,2,0,5,"Over $1,500",1,0,0,0,0,0,0,28,Failing To Reduce Speed To Avoid Crash,03,Following Too Closely,1,No Controls,1,No Controls,1,Clear,1,Daylight,14,Four-Way Intersection,1,Dry,1,Slow,1,No Defects,O20,O3,41.9089737,-87.7965546,41.9090042,-87.7965546,1130363.63,1909874.38
29958,24 02737,2402737,X003421538,2024-05-17,14:38:00,2024-05-17 14:38:00,2024-05-20 09:51:12,Lake/Oak Park Ave,,LAKE,OAK PARK AVE,1,1,0,0,Property Damage,No Injuries,Car,10,Turning (At Least One Vehicle),2,2,0,5,"Over $1,500",1,0,0,0,0,0,0,28,Failing To Reduce Speed To Avoid Crash,18,Unable To Determine,3,Traffic Signal,4,Functioning Properly,1,Clear,1,Daylight,15,T-Intersection,1,Dry,1,Slow,1,No Defects,O40,O9,41.8886185,-87.7945175,41.8886452,-87.7945251,1130963.00,1902460.13
29956,24 02738,2402738,X003421536,2024-05-17,15:16:00,2024-05-17 15:16:00,2024-05-20 09:45:37,Lake St/N Kenilworth,,LAKE ST,N KENILWORTH,0,0,0,0,Property Damage,No Injuries,Car,10,Turning (At Least One Vehicle),2,2,0,5,"Over $1,500",1,0,0,0,0,0,0,06,Improper Turning/No Signal,02,Failing To Yield Right-Of-Way,1,No Controls,1,No Controls,1,Clear,1,Daylight,2,"Divided, No Median Barrier",1,Dry,3,Free Flow,1,No Defects,O40,O9,41.8886719,-87.7971573,41.8886986,-87.7975082,1130245.50,1902475.38
29959,24 02739,2402739,X003421539,2024-05-17,16:39:00,2024-05-17 16:39:00,2024-05-20 09:51:13,S Ridgeland/Adams St,,S RIDGELAND,ADAMS ST,0,0,0,0,Property Damage,No Injuries,Car,11,Front To Rear,2,2,0,5,"Over $1,500",1,0,0,0,0,0,0,03,Following Too Closely,28,Failing To Reduce Speed To Avoid Crash,1,No Controls,1,No Controls,1,Clear,1,Daylight,2,"Divided, No Median Barrier",1,Dry,3,Free Flow,1,No Defects,O80,O13,41.8780823,-87.7843704,41.8780785,-87.7844009,1133752.38,1898639.50
30568,24 02740,2402740,X004191899,2024-05-17,18:20:00,2024-05-17 18:20:00,2024-08-26 15:44:59,North Ave/Humphrey,,NORTH AVE,HUMPHREY,0,0,0,1,Property Damage,No Injuries,Car,12,Sideswipe - Same Direction,2,2,0,4,"$501 to $1,500",1,0,0,0,0,0,0,20,Improper Lane Usage,28,Failing To Reduce Speed To Avoid Crash,1,No Controls,1,No Controls,1,Clear,1,Daylight,2,"Divided, No Median Barrier",1,Dry,3,Free Flow,1,No Defects,O10,O1,41.9092140,-87.7769089,41.9092483,-87.7769089,1135710.63,1909996.50
29960,24 02741,2402741,X003421541,2024-05-17,18:24:00,2024-05-17 18:24:00,2024-05-20 09:51:13,S Austin Blvd/Harrison St,,S AUSTIN BLVD,HARRISON ST,0,0,0,0,Property Damage,No Injuries,Car,12,Sideswipe - Same Direction,2,2,0,5,"Over $1,500",0,1,0,0,0,0,0,28,Failing To Reduce Speed To Avoid Crash,20,Improper Lane Usage,1,No Controls,1,No Controls,1,Clear,1,Daylight,1,Not Divided,1,Dry,3,Free Flow,1,No Defects,O80,O13,41.8727799,-87.7744522,41.8727799,-87.7744141,1136465.25,1896723.75
29957,24 02743,2402743,X003421537,2024-05-17,21:19:00,2024-05-17 21:19:00,2024-05-20 09:51:12,Gunderson Ave/Filmore,,GUNDERSON AVE,FILMORE,0,0,0,0,Property Damage,No Injuries,Car,9,Parked Motor Vehicle,2,2,0,5,"Over $1,500",0,1,0,0,0,0,0,28,Failing To Reduce Speed To Avoid Crash,18,Unable To Determine,1,No Controls,1,No Controls,1,Clear,5,"Darkness, Lighted Road",2,"Divided, No Median Barrier",1,Dry,3,Free Flow,1,No Defects,O90,O17,41.8671150,-87.7864380,41.8671188,-87.7864761,1133213.00,1894639.63
29951,24 02751,2402751,X003421934,2024-05-18,14:39:00,2024-05-18 14:39:00,2024-05-20 09:40:02,S Lombard Ave/Van Buren St,,S LOMBARD AVE,VAN BUREN ST,1,0,0,0,Property Damage,No Injuries,Car,9,Parked Motor Vehicle,2,2,0,3,$500 or less,1,0,0,0,0,0,0,20,Improper Lane Usage,99,Not Applicable,1,No Controls,1,No Controls,1,Clear,1,Daylight,1,Not Divided,1,Dry,3,Free Flow,1,No Defects,O80,O13,41.8745346,-87.7793350,41.8745346,-87.7793655,1135131.88,1897355.00
30025,24 02986,2402986,X003433496,2024-05-18,17:39:00,2024-05-18 17:39:00,2024-05-30 17:10:03,913 Highland Ave,913,HIGHLAND AVE,,0,0,0,1,Property Damage,No Injuries,Car,9,Parked Motor Vehicle,2,2,0,3,$500 or less,1,0,0,0,0,0,0,28,Failing To Reduce Speed To Avoid Crash,99,Not Applicable,1,No Controls,1,No Controls,1,Clear,1,Daylight,2,"Divided, No Median Barrier",1,Dry,3,Free Flow,1,No Defects,O80,O13,41.8721428,-87.7817001,41.8721313,-87.7819214,1134492.25,1896479.25
29950,24 02753,2402753,X003421531,2024-05-18,17:42:00,2024-05-18 17:42:00,2024-05-20 09:29:01,Ridgeland Ave/Roosevelt Rd,,RIDGELAND AVE,ROOSEVELT RD,0,0,0,0,Property Damage,No Injuries,Car,12,Sideswipe - Same Direction,2,2,0,4,"$501 to $1,500",1,0,0,0,0,0,0,04,Improper Overtaking/Passing,18,Unable To Determine,3,Traffic Signal,4,Functioning Properly,1,Clear,1,Daylight,2,"Divided, No Median Barrier",1,Dry,1,Slow,1,No Defects,O91,O17,41.8653336,-87.7840042,41.8653374,-87.7839661,1133881.50,1893993.63
29954,24 02761,2402761,X003421534,2024-05-19,12:35:00,2024-05-19 12:35:00,2024-05-20 09:45:37,Harrison St/S Humphrey Ave,,HARRISON ST,S HUMPHREY AVE,1,1,0,0,Property Damage,No Injuries,Car,10,Turning (At Least One Vehicle),2,2,0,5,"Over $1,500",1,0,0,0,0,0,0,02,Failing To Yield Right-Of-Way,28,Failing To Reduce Speed To Avoid Crash,1,No Controls,1,No Controls,1,Clear,1,Daylight,1,Not Divided,1,Dry,3,Free Flow,1,No Defects,O80,O13,41.8727913,-87.7756271,41.8727684,-87.7756271,1136146.00,1896726.88
29949,24 02762,2402762,X003421530,2024-05-19,13:01:00,2024-05-19 13:01:00,2024-05-20 09:34:32,Hayes Ave/North Ave,,HAYES AVE,NORTH AVE,0,0,0,0,Property Damage,No Injuries,Car,11,Front To Rear,2,2,0,4,"$501 to $1,500",1,0,0,0,0,0,0,28,Failing To Reduce Speed To Avoid Crash,99,Not Applicable,1,No Controls,1,No Controls,1,Clear,1,Daylight,2,"Divided, No Median Barrier",1,Dry,3,Free Flow,1,No Defects,O10,O1,41.9092064,-87.7795639,41.9092102,-87.7795181,1134988.88,1909989.00
29964,24 02783,2402783,X003422164,2024-05-19,17:51:00,2024-05-19 17:51:00,2024-05-21 08:08:28,1238 N Lombard Ave,1238,N LOMBARD AVE,,0,0,0,1,Property Damage,No Injuries,Car,9,Parked Motor Vehicle,2,2,0,4,"$501 to $1,500",1,0,0,0,0,0,0,28,Failing To Reduce Speed To Avoid Crash,99,Not Applicable,1,No Controls,1,No Controls,9,Unknown,5,"Darkness, Lighted Road",1,Not Divided,9,Unknown,3,Free Flow,1,No Defects,O10,O1,41.9087257,-87.7807770,41.9087982,-87.7806778,1134659.38,1909811.88
29966,24 02771,2402771,X003422090,2024-05-20,07:30:00,2024-05-20 07:30:00,2024-05-21 08:13:58,Madison St/S Oak Park Ave,,MADISON ST,S OAK PARK AVE,0,0,0,0,Property Damage,No Injuries,Car,11,Front To Rear,3,3,0,5,"Over $1,500",0,1,0,0,0,0,0,28,Failing To Reduce Speed To Avoid Crash,99,Not Applicable,11,Other Warning Sign,1,No Controls,1,Clear,1,Daylight,1,Not Divided,1,Dry,2,Stopped,1,No Defects,O60,O14,41.8797417,-87.7942505,41.8797722,-87.7942581,1131056.50,1899226.38
29963,24 02779,2402779,X003422116,2024-05-20,14:42:00,2024-05-20 14:42:00,2024-05-21 08:08:27,Chicago Ave/Lombard Ave,,CHICAGO AVE,LOMBARD AVE,1,1,0,0,Property Damage,No Injuries,Car,15,Angle,2,2,0,4,"$501 to $1,500",1,0,0,0,0,0,0,23,Disregarding Stop Sign,28,Failing To Reduce Speed To Avoid Crash,2,Stop Sign,4,Functioning Properly,2,Rain,1,Daylight,1,Not Divided,2,Wet,3,Free Flow,1,No Defects,O30,O7,41.8946152,-87.7799988,41.8946495,-87.7800064,1134903.13,1904671.63
29965,24 02782,2402782,X003422119,2024-05-20,17:50:00,2024-05-20 17:50:00,2024-05-21 08:08:28,Madison St/Maple,,MADISON ST,MAPLE,0,0,0,0,Property Damage,No Injuries,Car,11,Front To Rear,2,2,0,5,"Over $1,500",1,0,0,0,0,0,0,28,Failing To Reduce Speed To Avoid Crash,99,Not Applicable,1,No Controls,1,No Controls,1,Clear,1,Daylight,1,Not Divided,1,Dry,3,Free Flow,1,No Defects,O60,O15,41.8795929,-87.8038635,41.8796196,-87.8038635,1128439.38,1899156.50
29967,24 02785,2402785,X003422134,2024-05-20,21:28:00,2024-05-20 21:28:00,2024-05-21 08:13:58,Austin Blvd/Harrison St,,AUSTIN BLVD,HARRISON ST,1,0,0,1,Injury,C Injury Crash,Car,11,Front To Rear,2,2,0,3,$500 or less,0,1,0,0,0,2,2,03,Following Too Closely,99,Not Applicable,3,Traffic Signal,4,Functioning Properly,1,Clear,5,"Darkness, Lighted Road",1,Not Divided,1,Dry,2,Stopped,1,No Defects,O80,O13,41.8727799,-87.7744522,41.8727799,-87.7744141,1136465.25,1896723.75
29972,24 02802,2402802,X003423178,2024-05-21,15:16:00,2024-05-21 15:16:00,2024-05-22 09:26:55,S East Ave/Madison,,S EAST AVE,MADISON,0,0,0,0,Property Damage,No Injuries,Car,10,Turning (At Least One Vehicle),2,2,0,5,"Over $1,500",1,0,0,0,0,0,0,02,Failing To Yield Right-Of-Way,99,Not Applicable,1,No Controls,1,No Controls,1,Clear,1,Daylight,1,Not Divided,1,Dry,3,Free Flow,1,No Defects,O60,O11,41.8798485,-87.7893219,41.8798523,-87.7893600,1132398.25,1899274.88
29971,24 02804,2402804,X003423181,2024-05-21,16:07:00,2024-05-21 16:07:00,2024-05-22 09:26:55,Pleasant St/S Oak Park,,PLEASANT ST,S OAK PARK,0,0,0,0,Injury,C Injury Crash,Car,11,Front To Rear,2,2,0,5,"Over $1,500",0,1,0,0,0,1,1,28,Failing To Reduce Speed To Avoid Crash,99,Not Applicable,1,No Controls,1,No Controls,1,Clear,1,Daylight,1,Not Divided,1,Dry,1,Slow,1,No Defects,O60,O11,41.8850136,-87.7944107,41.8851891,-87.7944183,1131001.38,1901147.25
29974,24 02806,2402806,X003423192,2024-05-21,16:16:00,2024-05-21 16:16:00,2024-05-22 09:26:55,Marion/Lake St,,MARION,LAKE ST,0,0,0,0,Property Damage,No Injuries,Car,11,Front To Rear,2,2,0,5,"Over $1,500",1,0,0,0,0,0,0,28,Failing To Reduce Speed To Avoid Crash,99,Not Applicable,3,Traffic Signal,4,Functioning Properly,1,Clear,1,Daylight,1,Not Divided,1,Dry,2,Stopped,1,No Defects,O40,O9,41.8886414,-87.8025055,41.8886452,-87.8026276,1128789.13,1902455.00
29973,24 02808,2402808,X003423212,2024-05-21,19:42:00,2024-05-21 19:42:00,2024-05-22 09:26:55,S Harvey Ave/Washington Blvd,,S HARVEY AVE,WASHINGTON BLVD,1,0,0,1,Property Damage,No Injuries,Car,10,Turning (At Least One Vehicle),2,2,0,5,"Over $1,500",1,0,0,0,0,0,0,04,Improper Overtaking/Passing,18,Unable To Determine,1,No Controls,1,No Controls,1,Clear,1,Daylight,2,"Divided, No Median Barrier",1,Dry,3,Free Flow,1,No Defects,O50,O10,41.8817749,-87.7812119,41.8817711,-87.7812500,1134603.25,1899989.50
29975,24 02816,2402816,X003424187,2024-05-22,09:51:00,2024-05-22 09:51:00,2024-05-22 16:43:20,Chicago Ave/N Lombard Ave,,CHICAGO AVE,N LOMBARD AVE,0,0,0,0,Property Damage,No Injuries,Car,9,Parked Motor Vehicle,2,2,0,5,"Over $1,500",1,0,0,0,0,0,0,15,Driving Skills/Knowledge/Experience,99,Not Applicable,1,No Controls,1,No Controls,1,Clear,1,Daylight,14,Four-Way Intersection,1,Dry,2,Stopped,1,No Defects,O30,O7,41.8946152,-87.7799988,41.8946495,-87.7800064,1134903.13,1904671.63
29980,24 02824,2402824,X003424438,2024-05-22,16:20:00,2024-05-22 16:20:00,2024-05-23 09:32:49,Fillmore St/S Oak Park Ave,,FILLMORE ST,S OAK PARK AVE,1,1,0,0,Property Damage,No Injuries,Car,15,Angle,2,2,0,5,"Over $1,500",0,1,0,0,0,0,0,02,Failing To Yield Right-Of-Way,28,Failing To Reduce Speed To Avoid Crash,2,Stop Sign,4,Functioning Properly,1,Clear,1,Daylight,1,Not Divided,1,Dry,3,Free Flow,1,No Defects,O90,O17,41.8669586,-87.7938080,41.8669815,-87.7938156,1131206.63,1894569.00
29979,24 02826,2402826,X003424439,2024-05-22,16:58:00,2024-05-22 16:58:00,2024-05-23 09:32:49,Chicago Ave/N Harvey Ave,,CHICAGO AVE,N HARVEY AVE,1,1,0,0,Property Damage,No Injuries,Car,15,Angle,2,2,0,5,"Over $1,500",1,0,0,0,0,0,0,02,Failing To Yield Right-Of-Way,99,Not Applicable,2,Stop Sign,4,Functioning Properly,1,Clear,1,Daylight,14,Four-Way Intersection,1,Dry,3,Free Flow,1,No Defects,O10,O4,41.8946457,-87.7816315,41.8946228,-87.7816315,1134459.13,1904679.63
29988,24 02870,2402870,X003426804,2024-05-23,11:02:00,2024-05-23 11:02:00,2024-05-24 17:23:19,Roosevelt Rd/Cuyler Ave,,ROOSEVELT RD,CUYLER AVE,0,0,0,1,Injury,C Injury Crash,Car,11,Front To Rear,3,3,0,4,"$501 to $1,500",0,1,0,0,0,6,6,03,Following Too Closely,28,Failing To Reduce Speed To Avoid Crash,2,Stop Sign,4,Functioning Properly,1,Clear,1,Daylight,2,"Divided, No Median Barrier",1,Dry,2,Stopped,1,No Defects,O90,O16,41.8653831,-87.7827148,41.8653526,-87.7827148,1134233.00,1894014.50
29985,24 02842,2402842,X003426797,2024-05-23,13:35:00,2024-05-23 13:35:00,2024-05-24 10:06:13,S Oak Park Ave/Lexington St,,S OAK PARK AVE,LEXINGTON ST,1,1,0,0,Property Damage,No Injuries,Car,15,Angle,2,2,0,5,"Over $1,500",1,0,0,0,0,0,0,28,Failing To Reduce Speed To Avoid Crash,18,Unable To Determine,2,Stop Sign,4,Functioning Properly,1,Clear,1,Daylight,1,Not Divided,1,Dry,3,Free Flow,1,No Defects,O90,O17,41.8706436,-87.7939072,41.8706360,-87.7939453,1131171.25,1895911.75