record_id,report_number,crash_id,idot_crash_number,date,time,occurred_at,record_added_at,location,street_number,street_name,cross_street,at_intersection,intersection_related,private_property,hit_and_run,crash_severity,crash_injury_severity,crash_mode,crash_type_code,crash_type,total_units,num_motor_vehicles,dooring_pedalcyclist,damage_code,damage,no_injury_drive_away,injury_or_towed,fatalities,a_injuries,b_injuries,c_injuries,total_injured,cause1_code,cause1,cause2_code,cause2,traffic_control_code,traffic_control,device_condition_code,device_condition,weather_code,weather,lighting_code,lighting,trafficway_code,trafficway,road_surface_code,road_surface,flow_condition_code,flow_condition,road_defects_code,road_defects,beat_zone,post_district,latitude,longitude,latitude_geocoded,longitude_geocoded,state_plane_x,state_plane_y
29984,24 02844,2402844,X003426796,2024-05-23,14:09:00,2024-05-23 14:09:00,2024-05-24 10:11:52,S Austin Blvd/Madison,,S AUSTIN BLVD,MADISON,0,0,0,0,Property Damage,No Injuries,Car,12,Sideswipe - Same Direction,2,2,0,5,"Over $1,500",1,0,0,0,0,0,0,02,Failing To Yield Right-Of-Way,99,Not Applicable,1,No Controls,1,No Controls,1,Clear,1,Daylight,14,Four-Way Intersection,1,Dry,3,Free Flow,1,No Defects,O80,O13,41.8800888,-87.7746963,41.8800888,-87.7746582,1136381.50,1899387.00
29982,24 02845,2402845,X003425554,2024-05-23,14:24:00,2024-05-23 14:24:00,2024-05-23 21:54:36,Harlem/Madison St,,HARLEM,MADISON ST,0,0,0,0,Property Damage,No Injuries,Car,12,Sideswipe - Same Direction,2,2,0,5,"Over $1,500",1,0,0,0,0,0,0,28,Failing To Reduce Speed To Avoid Crash,18,Unable To Determine,1,No Controls,1,No Controls,1,Clear,1,Daylight,1,Not Divided,1,Dry,3,Free Flow,1,No Defects,O70,O12,41.8796692,-87.8047028,41.8796654,-87.8047333,1128211.75,1899182.38
30003,24 02846,2402846,X003429667,2024-05-23,15:14:00,2024-05-23 15:14:00,2024-05-28 10:18:39,1111 Holley Ct,1111,HOLLEY CT,,0,0,0,0,Property Damage,No Injuries,Car,13,Sideswipe - Opposite Direction,2,2,0,4,"$501 to $1,500",1,0,0,0,0,0,0,20,Improper Lane Usage,99,Not Applicable,1,No Controls,1,No Controls,1,Clear,1,Daylight,12,Alley,1,Dry,3,Free Flow,1,No Defects,O40,O9,41.8897018,-87.8028183,41.8893852,-87.8031998,1128702.13,1902841.00
29986,24 02850,2402850,X003426798,2024-05-23,16:37:00,2024-05-23 16:37:00,2024-05-24 10:11:53,N Harlem Ave/Division St,,N HARLEM AVE,DIVISION ST,0,0,0,0,Property Damage,No Injuries,Car,11,Front To Rear,4,4,0,5,"Over $1,500",0,1,0,0,0,0,0,28,Failing To Reduce Speed To Avoid Crash,15,Driving Skills/Knowledge/Experience,3,Traffic Signal,4,Functioning Properly,1,Clear,1,Daylight,2,"Divided, No Median Barrier",1,Dry,2,Stopped,1,No Defects,R81,RFPD,41.9015350,-87.8055573,41.9015427,-87.8055191,1127930.38,1907148.88
30013,24 02853,2402853,X003431228,2024-05-23,17:47:00,2024-05-23 17:47:00,2024-05-29 10:30:22,408 S Oak Park Ave,408,S OAK PARK AVE,,0,0,0,1,Property Damage,No Injuries,Car,15,Angle,2,2,0,5,"Over $1,500",1,0,0,0,0,0,0,28,Failing To Reduce Speed To Avoid Crash,99,Not Applicable,3,Traffic Signal,4,Functioning Properly,1,Clear,1,Daylight,1,Not Divided,1,Dry,3,Free Flow,1,No Defects,O70,O12,41.8814697,-87.7943497,41.8812218,-87.7941437,1131027.38,1899856.50
30149,24 02822,2402822,X003456982,2024-05-23,20:46:00,2024-05-23 20:46:00,2024-06-20 09:21:26,Roosevelt/Wisconsin,,ROOSEVELT,WISCONSIN,1,1,0,0,Property Damage,No Injuries,Car,15,Angle,2,2,0,5,"Over $1,500",1,0,0,0,0,0,0,28,Failing To Reduce Speed To Avoid Crash,18,Unable To Determine,1,No Controls,1,No Controls,1,Clear,1,Daylight,1,Not Divided,1,Dry,3,Free Flow,1,No Defects,O90,O18,41.8650513,-87.8015976,41.8650207,-87.8017807,1129090.75,1893861.00
29990,24 02864,2402864,X003426808,2024-05-24,08:22:00,2024-05-24 08:22:00,2024-05-24 17:23:19,Roosevelt Rd/S Euclid Ave,,ROOSEVELT RD,S EUCLID AVE,0,0,0,0,Injury,B Injury Crash,Car,11,Front To Rear,2,2,0,5,"Over $1,500",0,1,0,0,1,0,1,03,Following Too Closely,28,Failing To Reduce Speed To Avoid Crash,1,No Controls,1,No Controls,1,Clear,1,Daylight,4,Two-Way Continuous Left-Turn Lane,1,Dry,2,Stopped,1,No Defects,O90,O17,41.8652153,-87.7925339,41.8651848,-87.7925415,1131557.50,1893935.13
29991,24 02872,2402872,X003426809,2024-05-24,12:23:00,2024-05-24 12:23:00,2024-05-24 17:23:20,Washington Blvd/N Austin Blvd,,WASHINGTON BLVD,N AUSTIN BLVD,0,0,0,0,Property Damage,No Injuries,Car,11,Front To Rear,2,2,0,3,$500 or less,1,0,0,0,0,0,0,03,Following Too Closely,28,Failing To Reduce Speed To Avoid Crash,3,Traffic Signal,4,Functioning Properly,1,Clear,1,Daylight,2,"Divided, No Median Barrier",1,Dry,2,Stopped,1,No Defects,O50,O10,41.8820839,-87.7747345,41.8821106,-87.7747269,1136367.88,1900113.38
29987,24 02873,2402873,X003426801,2024-05-24,12:40:00,2024-05-24 12:40:00,2024-05-24 17:23:19,N Oak Park Ave/Chicago Ave,,N OAK PARK AVE,CHICAGO AVE,1,1,0,0,Property Damage,No Injuries,Car,10,Turning (At Least One Vehicle),2,2,0,5,"Over $1,500",1,0,0,0,0,0,0,18,Unable To Determine,18,Unable To Determine,3,Traffic Signal,4,Functioning Properly,2,Rain,1,Daylight,1,Not Divided,2,Wet,3,Free Flow,1,No Defects,O40,O9,41.8944054,-87.7947082,41.8944054,-87.7946777,1130898.00,1904568.63
30006,24 02887,2402887,X003431229,2024-05-25,09:35:00,2024-05-25 09:35:00,2024-05-28 10:29:42,Jackson Blvd/S Elmwood Ave,,JACKSON BLVD,S ELMWOOD AVE,1,1,0,0,Property Damage,No Injuries,Car,15,Angle,2,2,0,5,"Over $1,500",1,0,0,0,0,0,0,02,Failing To Yield Right-Of-Way,99,Not Applicable,2,Stop Sign,4,Functioning Properly,1,Clear,1,Daylight,8,Other,1,Dry,3,Free Flow,1,No Defects,O60,O14,41.8762360,-87.7855606,41.8762627,-87.7855606,1133431.75,1897963.50
30148,24 02888,2402888,X003456990,2024-05-25,09:44:00,2024-05-25 09:44:00,2024-06-20 09:15:56,S Austin/Madison St,,S AUSTIN,MADISON ST,1,1,0,0,Injury,B Injury Crash,Car,15,Angle,2,2,0,5,"Over $1,500",0,1,0,0,2,0,2,25,Disregarding Traffic Signals,28,Failing To Reduce Speed To Avoid Crash,3,Traffic Signal,4,Functioning Properly,1,Clear,1,Daylight,14,Four-Way Intersection,1,Dry,3,Free Flow,1,No Defects,O80,O13,41.8800926,-87.7746201,41.8800888,-87.7746582,1136401.50,1899388.00
29992,24 02892,2402892,X003427590,2024-05-25,12:24:00,2024-05-25 12:24:00,2024-05-25 13:35:09,North Ave/Hayes,,NORTH AVE,HAYES,0,0,0,0,Property Damage,No Injuries,Car,10,Turning (At Least One Vehicle),2,2,0,5,"Over $1,500",1,0,0,0,0,0,0,20,Improper Lane Usage,18,Unable To Determine,1,No Controls,1,No Controls,1,Clear,1,Daylight,3,Divided With Median Barrier,1,Dry,3,Free Flow,1,No Defects,O10,O1,41.9091835,-87.7795181,41.9092102,-87.7795181,1135000.50,1909980.25
30001,24 02898,2402898,X003431231,2024-05-25,14:14:00,2024-05-25 14:14:00,2024-05-28 10:24:09,S Ridgeland Ave/Washington,,S RIDGELAND AVE,WASHINGTON,0,0,0,0,Property Damage,No Injuries,Car,11,Front To Rear,2,2,0,4,"$501 to $1,500",1,0,0,0,0,0,0,03,Following Too Closely,28,Failing To Reduce Speed To Avoid Crash,3,Traffic Signal,4,Functioning Properly,1,Clear,1,Daylight,14,Four-Way Intersection,1,Dry,2,Stopped,1,No Defects,O50,O10,41.8817215,-87.7844772,41.8817253,-87.7845154,1133714.00,1899965.25
30007,24 02897,2402897,X003431230,2024-05-25,14:35:00,2024-05-25 14:35:00,2024-05-28 10:29:42,1135 Westgate St,1135,WESTGATE ST,,0,0,0,1,Property Damage,No Injuries,Car,9,Parked Motor Vehicle,2,2,0,4,"$501 to $1,500",1,0,0,0,0,0,0,18,Unable To Determine,18,Unable To Determine,1,No Controls,1,No Controls,8,Cloudy/Overcast,9,Unknown,7,Parking Lot,1,Dry,3,Free Flow,1,No Defects,O40,O9,41.8878593,-87.8037796,41.8877563,-87.8037643,1128444.38,1902168.00
30002,24 02899,2402899,X003431232,2024-05-25,15:22:00,2024-05-25 15:22:00,2024-05-28 10:24:10,Lake St/N Oak Park Ave,,LAKE ST,N OAK PARK AVE,0,0,0,0,Property Damage,No Injuries,Car,15,Angle,2,2,0,4,"$501 to $1,500",1,0,0,0,0,0,0,18,Unable To Determine,18,Unable To Determine,1,No Controls,1,No Controls,1,Clear,1,Daylight,1,Not Divided,1,Dry,1,Slow,1,No Defects,O40,O9,41.8886185,-87.7945175,41.8886452,-87.7945251,1130963.00,1902460.13
30010,24 02903,2402903,X003431233,2024-05-25,16:48:00,2024-05-25 16:48:00,2024-05-28 10:35:16,N Harlem Ave/Le Moyne Pkwy,,N HARLEM AVE,LE MOYNE PKWY,1,1,0,0,Property Damage,No Injuries,Car,16,Rear To Side,2,2,0,4,"$501 to $1,500",1,0,0,0,0,0,0,30,Improper Backing,28,Failing To Reduce Speed To Avoid Crash,1,No Controls,1,No Controls,1,Clear,1,Daylight,14,Four-Way Intersection,1,Dry,1,Slow,1,No Defects,R81,RFPD,41.9070358,-87.8057632,41.9070435,-87.8057251,1127861.38,1909153.88
30008,24 02907,2402907,X003431235,2024-05-25,18:37:00,2024-05-25 18:37:00,2024-05-28 10:29:42,N Harlem Ave/Berkshire St,,N HARLEM AVE,BERKSHIRE ST,1,1,0,0,Property Damage,No Injuries,Car,10,Turning (At Least One Vehicle),2,2,0,4,"$501 to $1,500",1,0,0,0,0,0,0,02,Failing To Yield Right-Of-Way,99,Not Applicable,2,Stop Sign,4,Functioning Properly,1,Clear,1,Daylight,15,T-Intersection,1,Dry,1,Slow,1,No Defects,R81,RFPD,41.9033623,-87.8056183,41.9033699,-87.8055801,1127909.13,1907814.13
30004,24 02911,2402911,X003431237,2024-05-26,00:07:00,2024-05-26 00:07:00,2024-05-28 10:24:10,S Ridgeland Ave/Roosevelt Rd,,S RIDGELAND AVE,ROOSEVELT RD,0,0,0,1,Property Damage,No Injuries,Car,11,Front To Rear,2,2,0,5,"Over $1,500",1,0,0,0,0,0,0,18,Unable To Determine,28,Failing To Reduce Speed To Avoid Crash,2,Stop Sign,4,Functioning Properly,1,Clear,5,"Darkness, Lighted Road",2,"Divided, No Median Barrier",1,Dry,2,Stopped,1,No Defects,O90,O16,41.8653374,-87.7839279,41.8653374,-87.7839661,1133901.50,1893995.88
30005,24 02914,2402914,X003518503,2024-05-26,12:29:00,2024-05-26 12:29:00,2024-05-28 10:18:39,1150 S Oak Park Ave,,1150 S OAK PARK AVE,FILMORE,1,1,0,0,Injury,B Injury Crash,Car,10,Turning (At Least One Vehicle),2,2,0,5,"Over $1,500",0,1,0,0,1,0,1,06,Improper Turning/No Signal,28,Failing To Reduce Speed To Avoid Crash,2,Stop Sign,4,Functioning Properly,2,Rain,1,Daylight,1,Not Divided,2,Wet,3,Free Flow,1,No Defects,O90,O17,41.8669891,-87.7937775,41.8668671,-87.7936325,1131215.00,1894580.88
29993,24 02916,2402916,X003428493,2024-05-26,14:33:00,2024-05-26 14:33:00,2024-05-26 17:00:08,828 N Ridgeland Ave,828,N RIDGELAND AVE,,0,0,0,1,Property Damage,No Injuries,Car,9,Parked Motor Vehicle,2,2,0,5,"Over $1,500",1,0,0,0,0,0,0,50,"Oper. Veh. In Erratic,Reckless,Careless Manne",28,Failing To Reduce Speed To Avoid Crash,1,No Controls,1,No Controls,2,Rain,1,Daylight,2,"Divided, No Median Barrier",2,Wet,3,Free Flow,1,No Defects,O10,O4,41.9009018,-87.7850647,41.9010048,-87.7848892,1133510.75,1906953.25
30033,24 03001,2403001,X003433510,2024-05-26,14:50:00,2024-05-26 14:50:00,2024-05-31 08:16:22,N Austin Blvd/Washington Blvd,,N AUSTIN BLVD,WASHINGTON BLVD,0,0,0,0,Property Damage,No Injuries,Car,12,Sideswipe - Same Direction,2,2,0,5,"Over $1,500",1,0,0,0,0,0,0,20,Improper Lane Usage,99,Not Applicable,3,Traffic Signal,4,Functioning Properly,2,Rain,1,Daylight,1,Not Divided,2,Wet,3,Free Flow,1,No Defects,,,41.8821068,-87.7746887,41.8821106,-87.7747269,1136378.00,1900122.38
30048,24 02931,2402931,X003436891,2024-05-27,20:16:00,2024-05-27 20:16:00,2024-06-03 10:48:55,Garfield St/Lyman Ave,,GARFIELD ST,LYMAN AVE,0,0,0,1,Property Damage,No Injuries,Car,9,Parked Motor Vehicle,2,2,0,5,"Over $1,500",0,1,0,0,0,0,0,28,Failing To Reduce Speed To Avoid Crash,18,Unable To Determine,1,No Controls,1,No Controls,1,Clear,1,Daylight,1,Not Divided,1,Dry,3,Free Flow,1,No Defects,O90,O16,41.8705521,-87.7767716,41.8705826,-87.7767639,1135839.50,1895908.25
30166,24 02936,2402936,X003459000,2024-05-28,08:43:00,2024-05-28 08:43:00,2024-06-21 09:48:05,Jackson Blvd/S Oak Park Ave,,JACKSON BLVD,S OAK PARK AVE,1,1,0,0,Property Damage,No Injuries,Car,15,Angle,2,2,0,4,"$501 to $1,500",1,0,0,0,0,0,0,28,Failing To Reduce Speed To Avoid Crash,18,Unable To Determine,3,Traffic Signal,4,Functioning Properly,1,Clear,1,Daylight,15,T-Intersection,1,Dry,3,Free Flow,1,No Defects,O60,O14,41.8760872,-87.7941284,41.8761177,-87.7941284,1131099.00,1897894.88
30128,24 02939,2402939,X003454254,2024-05-28,08:58:00,2024-05-28 08:58:00,2024-06-17 12:34:52,Grove/Washington Blvd,,GROVE,WASHINGTON BLVD,1,1,0,0,Property Damage,No Injuries,Car,15,Angle,2,2,0,4,"$501 to $1,500",1,0,0,0,0,0,0,02,Failing To Yield Right-Of-Way,15,Driving Skills/Knowledge/Experience,2,Stop Sign,4,Functioning Properly,1,Clear,1,Daylight,1,Not Divided,1,Dry,1,Slow,1,No Defects,O70,O12,41.8815994,-87.7956085,41.8815994,-87.7956467,1130682.13,1899901.38
30011,24 02938,2402938,X003431240,2024-05-28,09:01:00,2024-05-28 09:01:00,2024-05-29 10:30:21,Carpenter Ave/Van Buren,,CARPENTER AVE,VAN BUREN,0,0,0,0,Property Damage,No Injuries,Car,9,Parked Motor Vehicle,2,2,0,5,"Over $1,500",1,0,0,0,0,0,0,28,Failing To Reduce Speed To Avoid Crash,99,Not Applicable,1,No Controls,1,No Controls,1,Clear,1,Daylight,1,Not Divided,1,Dry,3,Free Flow,1,No Defects,O60,O15,41.8740730,-87.7960510,41.8740654,-87.7960892,1130579.88,1897157.13
30032,24 03003,2403003,X003433511,2024-05-28,14:47:00,2024-05-28 14:47:00,2024-05-31 08:16:21,N Harlem Ave/Pleasant St,,N HARLEM AVE,PLEASANT ST,1,1,0,0,Property Damage,No Injuries,Car,11,Front To Rear,2,2,0,5,"Over $1,500",1,0,0,0,0,0,0,28,Failing To Reduce Speed To Avoid Crash,99,Not Applicable,3,Traffic Signal,4,Functioning Properly,1,Clear,1,Daylight,8,Other,1,Dry,2,Stopped,1,No Defects,F1,FPPD,41.8853912,-87.8049774,41.8854065,-87.8049393,1128124.38,1901267.88
30012,24 02957,2402957,X003431243,2024-05-28,15:44:00,2024-05-28 15:44:00,2024-05-29 10:30:22,Washington Blvd/N Harlem Ave,,WASHINGTON BLVD,N HARLEM AVE,1,1,0,0,Property Damage,No Injuries,Car,11,Front To Rear,2,2,0,3,$500 or less,1,0,0,0,0,0,0,03,Following Too Closely,99,Not Applicable,3,Traffic Signal,4,Functioning Properly,8,Cloudy/Overcast,1,Daylight,14,Four-Way Intersection,1,Dry,1,Slow,1,No Defects,F1,FPPD,41.8813782,-87.8047943,41.8814087,-87.8047943,1128181.38,1899805.25
30019,24 02970,2402970,X003432198,2024-05-29,09:35:00,2024-05-29 09:35:00,2024-05-29 17:20:07,418 N Lombard Ave,418,N LOMBARD AVE,,0,0,0,1,Property Damage,No Injuries,Car,9,Parked Motor Vehicle,2,2,0,4,"$501 to $1,500",1,0,0,0,0,0,0,04,Improper Overtaking/Passing,28,Failing To Reduce Speed To Avoid Crash,1,No Controls,1,No Controls,1,Clear,1,Daylight,1,Not Divided,1,Dry,3,Free Flow,1,No Defects,O30,O7,41.8939095,-87.7799454,41.8939209,-87.7797470,1134919.00,1904414.50
30020,24 02975,2402975,X003432208,2024-05-29,11:31:00,2024-05-29 11:31:00,2024-05-29 17:20:07,6320 Roosevelt Rd,6320,ROOSEVELT RD,,0,0,0,1,Property Damage,No Injuries,Car,9,Parked Motor Vehicle,2,2,0,4,"$501 to $1,500",1,0,0,0,0,0,0,18,Unable To Determine,18,Unable To Determine,1,No Controls,1,No Controls,1,Clear,1,Daylight,2,"Divided, No Median Barrier",1,Dry,3,Free Flow,1,No Defects,O90,O16,41.8653831,-87.7826080,41.8657303,-87.7826157,1134261.88,1894014.75
30026,24 02981,2402981,X003433447,2024-05-29,16:03:00,2024-05-29 16:03:00,2024-05-30 17:15:35,218 Madison St,,218 MADISON ST,LOMBARD,0,0,0,0,Property Damage,No Injuries,Car,11,Front To Rear,2,2,0,5,"Over $1,500",0,1,0,0,0,0,0,28,Failing To Reduce Speed To Avoid Crash,03,Following Too Closely,3,Traffic Signal,4,Functioning Properly,1,Clear,1,Daylight,14,Four-Way Intersection,1,Dry,3,Free Flow,1,No Defects,O80,O13,41.8799973,-87.7795563,41.8801689,-87.7805939,1135058.63,1899344.50
30027,24 02983,2402983,X003433474,2024-05-29,16:28:00,2024-05-29 16:28:00,2024-05-30 17:15:36,Chicago Ave/N Euclid Ave,,CHICAGO AVE,N EUCLID AVE,0,0,0,0,Property Damage,No Injuries,Car,12,Sideswipe - Same Direction,2,2,0,5,"Over $1,500",1,0,0,0,0,0,0,18,Unable To Determine,18,Unable To Determine,1,No Controls,1,No Controls,1,Clear,1,Daylight,1,Not Divided,1,Dry,3,Free Flow,1,No Defects,O30,O8,41.8944130,-87.7928543,41.8944435,-87.7928543,1131404.75,1904574.38
30021,24 02984,2402984,X003433478,2024-05-29,17:59:00,2024-05-29 17:59:00,2024-05-30 17:10:02,S Harlem Ave/Garfield St,,S HARLEM AVE,GARFIELD ST,0,0,0,0,Property Damage,No Injuries,Car,12,Sideswipe - Same Direction,2,2,0,5,"Over $1,500",1,0,0,0,0,0,0,20,Improper Lane Usage,99,Not Applicable,3,Traffic Signal,4,Functioning Properly,1,Clear,1,Daylight,1,Not Divided,1,Dry,2,Stopped,1,No Defects,O90,O18,41.8723068,-87.8044357,41.8723183,-87.8044663,1128300.88,1896500.75
30022,24 02987,2402987,X003433498,2024-05-29,19:35:00,2024-05-29 19:35:00,2024-05-30 17:10:03,S Maple Ave/Roosevelt Rd,,S MAPLE AVE,ROOSEVELT RD,1,1,0,0,Property Damage,No Injuries,Car,10,Turning (At Least One Vehicle),2,2,0,5,"Over $1,500",1,0,0,0,0,0,0,02,Failing To Yield Right-Of-Way,28,Failing To Reduce Speed To Avoid Crash,2,Stop Sign,4,Functioning Properly,1,Clear,1,Daylight,15,T-Intersection,1,Dry,3,Free Flow,99,Unknown,,,41.8650055,-87.8033066,41.8650017,-87.8033447,1128624.25,1893841.25
30024,24 02995,2402995,X003433502,2024-05-30,11:29:00,2024-05-30 11:29:00,2024-05-30 17:10:03,S Ridgeland Ave/Washington Blvd,,S RIDGELAND AVE,WASHINGTON BLVD,1,1,0,0,Property Damage,No Injuries,Car,12,Sideswipe - Same Direction,2,2,0,5,"Over $1,500",1,0,0,0,0,0,0,20,Improper Lane Usage,28,Failing To Reduce Speed To Avoid Crash,3,Traffic Signal,4,Functioning Properly,1,Clear,1,Daylight,8,Other,1,Dry,3,Free Flow,1,No Defects,O50,O10,41.8817215,-87.7844772,41.8817253,-87.7845154,1133714.00,1899965.25
30049,24 03004,2403004,,2024-05-30,15:47:00,2024-05-30 15:47:00,2024-06-03 10:43:16,Division St/N Harvey Ave,,DIVISION ST,N HARVEY AVE,0,0,0,0,Property Damage,No Injuries,Car,11,Front To Rear,2,2,0,5,"Over $1,500",1,0,0,0,0,0,0,41,Distraction - From Inside Vehicle,28,Failing To Reduce Speed To Avoid Crash,1,No Controls,1,No Controls,1,Clear,1,Daylight,1,Not Divided,1,Dry,1,Slow,1,No Defects,O10,O4,41.9018784,-87.7826767,41.9019013,-87.7826767,1134157.13,1907312.25
30028,24 03005,2403005,X003433512,2024-05-30,15:48:00,2024-05-30 15:48:00,2024-05-31 08:16:21,Division/Ridgeland Ave,,DIVISION,RIDGELAND AVE,1,1,0,0,Property Damage,No Injuries,Car,11,Front To Rear,2,2,0,4,"$501 to $1,500",1,0,0,0,0,0,0,28,Failing To Reduce Speed To Avoid Crash,03,Following Too Closely,3,Traffic Signal,4,Functioning Properly,1,Clear,1,Daylight,1,Not Divided,1,Dry,1,Slow,1,No Defects,O10,O4,41.9018593,-87.7841949,41.9018860,-87.7848740,1133744.00,1907303.25
30029,24 03006,2403006,X003433534,2024-05-30,16:00:00,2024-05-30 16:00:00,2024-05-31 08:10:49,Harrison St/S Lombard Ave,,HARRISON ST,S LOMBARD AVE,0,0,0,0,Property Damage,No Injuries,Car,9,Parked Motor Vehicle,2,2,0,5,"Over $1,500",0,1,0,0,0,0,0,28,Failing To Reduce Speed To Avoid Crash,99,Not Applicable,1,No Controls,1,No Controls,1,Clear,1,Daylight,1,Not Divided,1,Dry,3,Free Flow,1,No Defects,O80,O13,41.8726845,-87.7793045,41.8727150,-87.7793121,1135144.88,1896680.25
30030,24 03010,2403010,X003433536,2024-05-30,18:42:00,2024-05-30 18:42:00,2024-05-31 08:16:21,Harlem Ave/Chicago Ave,,HARLEM AVE,CHICAGO AVE,0,0,0,1,Property Damage,No Injuries,Car,12,Sideswipe - Same Direction,2,2,0,4,"$501 to $1,500",1,0,0,0,0,0,0,28,Failing To Reduce Speed To Avoid Crash,99,Not Applicable,1,No Controls,1,No Controls,1,Clear,1,Daylight,2,"Divided, No Median Barrier",1,Dry,3,Free Flow,1,No Defects,R82,RFPD,41.8942261,-87.8052826,41.8942337,-87.8052445,1128020.38,1904486.00
30031,24 03012,2403012,X003433536,2024-05-30,18:42:00,2024-05-30 18:42:00,2024-05-31 08:10:49,7036 Roosevelt Rd,7036,ROOSEVELT RD,,0,0,0,1,Property Damage,No Injuries,Car,11,Front To Rear,2,2,0,3,$500 or less,1,0,0,0,0,0,0,28,Failing To Reduce Speed To Avoid Crash,99,Not Applicable,1,No Controls,1,No Controls,1,Clear,1,Daylight,2,"Divided, No Median Barrier",1,Dry,2,Stopped,1,No Defects,O90,O18,41.8650703,-87.8006592,41.8651390,-87.8002625,1129344.00,1893869.13
30035,24 03019,2403019,X003436684,2024-05-31,11:24:00,2024-05-31 11:24:00,2024-05-31 15:11:06,S Austin Blvd/Garfield St,,S AUSTIN BLVD,GARFIELD ST,1,1,0,0,Property Damage,No Injuries,Car,10,Turning (At Least One Vehicle),2,2,0,5,"Over $1,500",0,1,0,0,0,0,0,02,Failing To Yield Right-Of-Way,28,Failing To Reduce Speed To Avoid Crash,2,Stop Sign,4,Functioning Properly,1,Clear,1,Daylight,2,"Divided, No Median Barrier",1,Dry,,,1,No Defects,O90,O16,41.8704185,-87.7743530,41.8704224,-87.7743149,1136497.13,1895864.88
30036,24 03020,2403020,X003436697,2024-05-31,11:36:00,2024-05-31 11:36:00,2024-05-31 15:11:07,6419 North Ave,6419,NORTH AVE,,0,0,0,0,Property Damage,No Injuries,Car,12,Sideswipe - Same Direction,2,2,0,3,$500 or less,1,0,0,0,0,0,0,20,Improper Lane Usage,99,Not Applicable,1,No Controls,1,No Controls,1,Clear,1,Daylight,2,"Divided, No Median Barrier",1,Dry,3,Free Flow,1,No Defects,O20,O2,41.9091072,-87.7856750,41.9088325,-87.7854996,1133324.63,1909942.00
30045,24 03021,2403021,X003436964,2024-05-31,12:34:00,2024-05-31 12:34:00,2024-06-03 10:43:16,S Oak Park Ave/Jackson Blvd,,S OAK PARK AVE,JACKSON BLVD,1,1,0,0,Property Damage,No Injuries,Car,15,Angle,2,2,0,5,"Over $1,500",0,1,0,0,0,0,0,28,Failing To Reduce Speed To Avoid Crash,18,Unable To Determine,3,Traffic Signal,4,Functioning Properly,1,Clear,1,Daylight,14,Four-Way Intersection,1,Dry,3,Free Flow,1,No Defects,O60,O14,41.8761177,-87.7940979,41.8761177,-87.7941284,1131107.63,1897906.13
30056,24 03027,2403027,X003437015,2024-05-31,15:56:00,2024-05-31 15:56:00,2024-06-03 10:43:17,832 Home Ave,832,HOME AVE,,0,0,0,0,Property Damage,No Injuries,Pedestrian,1,Pedestrian,2,1,0,3,$500 or less,1,0,0,0,0,0,0,02,Failing To Yield Right-Of-Way,99,Not Applicable,1,No Controls,1,No Controls,1,Clear,1,Daylight,1,Not Divided,1,Dry,,,1,No Defects,O60,O15,41.8754273,-87.7996826,41.8741836,-87.7995071,1129588.00,1897644.13
30080,24 03033,2403033,X003441892,2024-05-31,19:12:00,2024-05-31 19:12:00,2024-06-07 07:39:15,S Oak Park Ave/Washington Blvd,,S OAK PARK AVE,WASHINGTON BLVD,1,1,0,0,Property Damage,No Injuries,Car,11,Front To Rear,2,2,0,3,$500 or less,1,0,0,0,0,0,0,99,Not Applicable,99,Not Applicable,3,Traffic Signal,4,Functioning Properly,1,Clear,1,Daylight,1,Not Divided,1,Dry,2,Stopped,1,No Defects,O60,O11,41.8815651,-87.7942734,41.8815613,-87.7943115,1131046.38,1899891.13
30051,24 03042,2403042,X003437023,2024-06-01,10:51:00,2024-06-01 10:51:00,2024-06-03 10:48:55,N Austin Blvd/Berkshire St,,N AUSTIN BLVD,BERKSHIRE ST,1,0,0,1,Property Damage,No Injuries,Car,12,Sideswipe - Same Direction,2,2,0,5,"Over $1,500",1,0,0,0,0,0,0,02,Failing To Yield Right-Of-Way,28,Failing To Reduce Speed To Avoid Crash,1,No Controls,1,No Controls,7,Other,1,Daylight,2,"Divided, No Median Barrier",9,Unknown,1,Slow,99,Unknown,,,41.9039192,-87.7753906,41.9039192,-87.7754288,1136135.50,1908069.50
30044,24 03043,2403043,X003437020,2024-06-01,11:16:00,2024-06-01 11:16:00,2024-06-03 10:48:54,Chicago Ave/N Harvey Ave,,CHICAGO AVE,N HARVEY AVE,1,1,0,0,Property Damage,No Injuries,Car,10,Turning (At Least One Vehicle),2,2,0,5,"Over $1,500",1,0,0,0,0,0,0,02,Failing To Yield Right-Of-Way,28,Failing To Reduce Speed To Avoid Crash,1,No Controls,1,No Controls,2,Rain,1,Daylight,2,"Divided, No Median Barrier",2,Wet,3,Free Flow,1,No Defects,O10,O4,41.8946457,-87.7816315,41.8946228,-87.7816315,1134459.13,1904679.63
30046,24 03045,2403045,X003437021,2024-06-01,12:38:00,2024-06-01 12:38:00,2024-06-03 10:48:54,Madison St/S Oak Park Ave,,MADISON ST,S OAK PARK AVE,0,0,0,1,Property Damage,No Injuries,Car,11,Front To Rear,2,2,0,5,"Over $1,500",1,0,0,0,0,0,0,28,Failing To Reduce Speed To Avoid Crash,03,Following Too Closely,3,Traffic Signal,4,Functioning Properly,7,Other,1,Daylight,2,"Divided, No Median Barrier",2,Wet,1,Slow,99,Unknown,O60,O14,41.8797417,-87.7942505,41.8797722,-87.7942581,1131056.50,1899226.38