record_id,report_number,crash_id,idot_crash_number,date,time,occurred_at,record_added_at,location,street_number,street_name,cross_street,at_intersection,intersection_related,private_property,hit_and_run,crash_severity,crash_injury_severity,crash_mode,crash_type_code,crash_type,total_units,num_motor_vehicles,dooring_pedalcyclist,damage_code,damage,no_injury_drive_away,injury_or_towed,fatalities,a_injuries,b_injuries,c_injuries,total_injured,cause1_code,cause1,cause2_code,cause2,traffic_control_code,traffic_control,device_condition_code,device_condition,weather_code,weather,lighting_code,lighting,trafficway_code,trafficway,road_surface_code,road_surface,flow_condition_code,flow_condition,road_defects_code,road_defects,beat_zone,post_district,latitude,longitude,latitude_geocoded,longitude_geocoded,state_plane_x,state_plane_y
30053,24 03047,2403047,X003437024,2024-06-01,15:04:00,2024-06-01 15:04:00,2024-06-03 10:48:55,N Kenilworth Ave/Ontario St,,N KENILWORTH AVE,ONTARIO ST,1,1,0,0,Injury,B Injury Crash,Pedestrian,1,Pedestrian,2,1,0,5,"Over $1,500",0,1,0,0,1,0,1,02,Failing To Yield Right-Of-Way,28,Failing To Reduce Speed To Avoid Crash,2,Stop Sign,4,Functioning Properly,2,Rain,1,Daylight,1,Not Divided,2,Wet,3,Free Flow,1,No Defects,O40,O9,41.8901749,-87.7975922,41.8901749,-87.7975540,1130124.00,1903022.38
30047,24 03054,2403054,X003437022,2024-06-01,19:16:00,2024-06-01 19:16:00,2024-06-03 10:48:54,312 Chicago Ave,312,CHICAGO AVE,,0,0,0,1,Property Damage,No Injuries,Car,9,Parked Motor Vehicle,2,2,0,5,"Over $1,500",1,0,0,0,0,0,0,28,Failing To Reduce Speed To Avoid Crash,18,Unable To Determine,1,No Controls,1,No Controls,2,Rain,1,Daylight,1,Not Divided,2,Wet,3,Free Flow,1,No Defects,O30,O7,41.8945694,-87.7832565,41.8947372,-87.7839813,1134017.75,1904648.13
30041,24 03060,2403060,X003437017,2024-06-02,08:45:00,2024-06-02 08:45:00,2024-06-03 10:37:44,172 N Cuyler Ave,172,N CUYLER AVE,,0,0,0,0,Injury,C Injury Crash,Car,9,Parked Motor Vehicle,2,2,0,5,"Over $1,500",0,1,0,0,0,1,1,28,Failing To Reduce Speed To Avoid Crash,41,Distraction - From Inside Vehicle,1,No Controls,1,No Controls,1,Clear,1,Daylight,1,Not Divided,1,Dry,3,Free Flow,1,No Defects,O30,O7,41.8903809,-87.7831650,41.8900604,-87.7828140,1134050.00,1903122.63
30050,24 03062,2403062,X003437083,2024-06-02,10:08:00,2024-06-02 10:08:00,2024-06-03 10:43:16,N Austin Blvd/Madison St,,N AUSTIN BLVD,MADISON ST,1,1,0,0,Property Damage,No Injuries,Car,12,Sideswipe - Same Direction,2,2,0,5,"Over $1,500",1,0,0,0,0,0,0,04,Improper Overtaking/Passing,28,Failing To Reduce Speed To Avoid Crash,3,Traffic Signal,4,Functioning Properly,1,Clear,1,Daylight,14,Four-Way Intersection,1,Dry,3,Free Flow,1,No Defects,,,41.8800926,-87.7746201,41.8800888,-87.7746582,1136401.50,1899388.00
30054,24 03065,2403065,X003437025,2024-06-02,12:21:00,2024-06-02 12:21:00,2024-06-03 10:48:56,S Harlem Ave/Harvard St,,S HARLEM AVE,HARVARD ST,0,0,0,0,Property Damage,No Injuries,Car,11,Front To Rear,2,2,0,5,"Over $1,500",1,0,0,0,0,0,0,03,Following Too Closely,28,Failing To Reduce Speed To Avoid Crash,1,No Controls,1,No Controls,1,Clear,1,Daylight,2,"Divided, No Median Barrier",1,Dry,1,Slow,1,No Defects,O90,O18,41.8686790,-87.8043060,41.8686943,-87.8043366,1128344.38,1895178.63
30146,24 03066,2403066,X003456995,2024-06-02,13:57:00,2024-06-02 13:57:00,2024-06-20 09:15:56,N Austin Blvd/Washington Blvd,,N AUSTIN BLVD,WASHINGTON BLVD,0,1,0,1,Property Damage,No Injuries,Car,11,Front To Rear,2,2,0,4,"$501 to $1,500",1,0,0,0,0,0,0,03,Following Too Closely,18,Unable To Determine,3,Traffic Signal,4,Functioning Properly,1,Clear,1,Daylight,2,"Divided, No Median Barrier",1,Dry,2,Stopped,1,No Defects,,,41.8821068,-87.7746887,41.8821106,-87.7747269,1136378.00,1900122.38
30065,24 03089,2403089,X003438167,2024-06-02,14:29:00,2024-06-02 14:29:00,2024-06-04 09:46:31,S Harlem Ave/I-290 Ramp,,S HARLEM AVE,I-290 RAMP,1,0,0,0,Property Damage,No Injuries,Car,10,Turning (At Least One Vehicle),2,2,0,4,"$501 to $1,500",1,0,0,0,0,0,0,28,Failing To Reduce Speed To Avoid Crash,18,Unable To Determine,3,Traffic Signal,4,Functioning Properly,9,Unknown,5,"Darkness, Lighted Road",3,Divided With Median Barrier,1,Dry,3,Free Flow,1,No Defects,O60,O15,41.8737946,-87.8044968,41.8736153,-87.8045197,1128281.50,1897042.00
30042,24 03067,2403067,X003437018,2024-06-02,14:54:00,2024-06-02 14:54:00,2024-06-03 10:32:13,Madison/Cuyler,,MADISON,CUYLER,0,1,0,0,Property Damage,No Injuries,Car,11,Front To Rear,2,2,0,4,"$501 to $1,500",1,0,0,0,0,0,0,03,Following Too Closely,28,Failing To Reduce Speed To Avoid Crash,3,Traffic Signal,4,Functioning Properly,1,Clear,1,Daylight,2,"Divided, No Median Barrier",1,Dry,1,Slow,1,No Defects,O80,O13,41.8799324,-87.7832260,41.8799591,-87.7832336,1134058.63,1899314.38
30058,24 03069,2403069,X003437028,2024-06-02,16:25:00,2024-06-02 16:25:00,2024-06-03 10:48:56,Division St/N Lombard Ave,,DIVISION ST,N LOMBARD AVE,1,1,0,0,Property Damage,No Injuries,Car,15,Angle,4,3,0,5,"Over $1,500",0,1,0,0,0,0,0,02,Failing To Yield Right-Of-Way,28,Failing To Reduce Speed To Avoid Crash,2,Stop Sign,4,Functioning Properly,1,Clear,1,Daylight,1,Not Divided,1,Dry,3,Free Flow,1,No Defects,O10,O4,41.9019089,-87.7802353,41.9019394,-87.7802429,1134821.13,1907328.75
30063,24 03072,2403072,X003438108,2024-06-02,18:38:00,2024-06-02 18:38:00,2024-06-04 09:46:30,East/Randolph,,EAST,RANDOLPH,0,0,0,0,Property Damage,No Injuries,Car,9,Parked Motor Vehicle,2,2,0,4,"$501 to $1,500",1,0,0,0,0,0,0,17,Physical Condition Of Driver,20,Improper Lane Usage,1,No Controls,1,No Controls,1,Clear,1,Daylight,1,Not Divided,1,Dry,3,Free Flow,1,No Defects,O60,O11,41.8833504,-87.7894211,41.8833542,-87.7894592,1132363.00,1900550.88
30055,24 03073,2403073,X003437027,2024-06-02,19:37:00,2024-06-02 19:37:00,2024-06-03 10:48:56,S Austin Blvd/Jackson Blvd,,S AUSTIN BLVD,JACKSON BLVD,1,1,0,0,Property Damage,No Injuries,Car,12,Sideswipe - Same Direction,2,2,0,5,"Over $1,500",1,0,0,0,0,0,0,04,Improper Overtaking/Passing,99,Not Applicable,3,Traffic Signal,4,Functioning Properly,1,Clear,5,"Darkness, Lighted Road",2,"Divided, No Median Barrier",1,Dry,2,Stopped,1,No Defects,O80,O13,41.8764229,-87.7745743,41.8764229,-87.7745361,1136424.63,1898051.75
30043,24 03077,2403077,X003437019,2024-06-02,22:09:00,2024-06-02 22:09:00,2024-06-03 10:37:44,S Harlem/Washington Blvd,,S HARLEM,WASHINGTON BLVD,0,0,0,0,Property Damage,No Injuries,Car,12,Sideswipe - Same Direction,2,2,0,5,"Over $1,500",1,0,0,0,0,0,0,04,Improper Overtaking/Passing,14,"Vision Obscured (Signs, Tree Limbs, Buildings",1,No Controls,1,No Controls,1,Clear,5,"Darkness, Lighted Road",2,"Divided, No Median Barrier",1,Dry,3,Free Flow,1,No Defects,F1,FPPD,41.8813934,-87.8048325,41.8814087,-87.8047943,1128172.13,1899810.88
30066,24 03078,2403078,X003439120,2024-06-03,05:48:00,2024-06-03 05:48:00,2024-06-04 10:08:17,427 N Oak Park Ave,427,N OAK PARK AVE,,0,0,0,0,Property Damage,No Injuries,Car,9,Parked Motor Vehicle,2,2,0,5,"Over $1,500",0,1,0,0,0,0,0,28,Failing To Reduce Speed To Avoid Crash,20,Improper Lane Usage,1,No Controls,1,No Controls,1,Clear,1,Daylight,1,Not Divided,1,Dry,3,Free Flow,1,No Defects,O40,O9,41.8944054,-87.7947082,41.8939209,-87.7949295,1130898.00,1904568.63
30061,24 03082,2403082,X003438141,2024-06-03,10:32:00,2024-06-03 10:32:00,2024-06-04 09:46:29,Van Buren St/Lyman Ave,,VAN BUREN ST,LYMAN AVE,1,1,0,0,Property Damage,No Injuries,Car,15,Angle,2,2,0,4,"$501 to $1,500",1,0,0,0,0,0,0,02,Failing To Yield Right-Of-Way,99,Not Applicable,2,Stop Sign,4,Functioning Properly,1,Clear,1,Daylight,1,Not Divided,1,Dry,3,Free Flow,1,No Defects,O80,O13,41.8745422,-87.7769165,41.8745689,-87.7769165,1135790.13,1897361.88
30060,24 03084,2403084,X003438156,2024-06-03,12:05:00,2024-06-03 12:05:00,2024-06-04 09:46:29,1048 Lake St,,1048 LAKE ST,MARION,0,0,0,0,Property Damage,No Injuries,Car,9,Parked Motor Vehicle,2,2,0,4,"$501 to $1,500",1,0,0,0,0,0,0,18,Unable To Determine,18,Unable To Determine,1,No Controls,1,No Controls,1,Clear,1,Daylight,7,Parking Lot,1,Dry,3,Free Flow,1,No Defects,O40,O9,41.8886185,-87.8026276,41.8887558,-87.8024216,1128756.38,1902446.75
30062,24 03087,2403087,X003438159,2024-06-03,13:58:00,2024-06-03 13:58:00,2024-06-04 09:46:30,Division St/N Oak Park Ave,,DIVISION ST,N OAK PARK AVE,0,0,0,0,Injury,C Injury Crash,Car,12,Sideswipe - Same Direction,2,2,0,5,"Over $1,500",0,1,0,0,0,1,1,28,Failing To Reduce Speed To Avoid Crash,15,Driving Skills/Knowledge/Experience,3,Traffic Signal,4,Functioning Properly,1,Clear,1,Daylight,1,Not Divided,1,Dry,2,Stopped,1,No Defects,O20,O5,41.9016762,-87.7948608,41.9017067,-87.7948685,1130840.88,1907218.25
30064,24 03092,2403092,X003438168,2024-06-03,16:21:00,2024-06-03 16:21:00,2024-06-04 09:46:30,S Oak Park Ave/Van Buren St,,S OAK PARK AVE,VAN BUREN ST,0,0,0,1,Property Damage,No Injuries,Car,9,Parked Motor Vehicle,2,2,0,5,"Over $1,500",1,0,0,0,0,0,0,20,Improper Lane Usage,18,Unable To Determine,2,Stop Sign,4,Functioning Properly,1,Clear,1,Daylight,1,Not Divided,1,Dry,3,Free Flow,1,No Defects,O60,O14,41.8742905,-87.7940292,41.8742905,-87.7940674,1131129.38,1897240.63
30069,24 03094,2403094,X003439693,2024-06-03,16:22:00,2024-06-03 16:22:00,2024-06-05 09:43:42,S Ridgeland Ave/South Blvd,,S RIDGELAND AVE,SOUTH BLVD,0,0,0,0,Property Damage,No Injuries,Car,12,Sideswipe - Same Direction,2,2,0,4,"$501 to $1,500",1,0,0,0,0,0,0,28,Failing To Reduce Speed To Avoid Crash,18,Unable To Determine,3,Traffic Signal,4,Functioning Properly,1,Clear,1,Daylight,1,Not Divided,1,Dry,3,Free Flow,9,Debris On Roadway,O50,O10,41.8869591,-87.7846298,41.8869553,-87.7846603,1133661.75,1901873.50
30067,24 03104,2403104,X003439121,2024-06-04,10:17:00,2024-06-04 10:17:00,2024-06-04 17:12:44,435 Madison St,435,MADISON ST,,0,0,0,0,Property Damage,No Injuries,Car,10,Turning (At Least One Vehicle),2,2,0,5,"Over $1,500",0,1,0,0,0,0,0,24,Disregarding Other Traffic Signs,06,Improper Turning/No Signal,10,Other Regulatory Sign,4,Functioning Properly,1,Clear,1,Daylight,4,Two-Way Continuous Left-Turn Lane,1,Dry,3,Free Flow,1,No Defects,O60,O11,41.8799362,-87.7856903,41.8797378,-87.7863770,1133388.63,1899312.50
30071,24 03110,2403110,X003439724,2024-06-04,11:54:00,2024-06-04 11:54:00,2024-06-05 09:43:42,426 Forest Ave,426,FOREST AVE,,0,0,0,0,Property Damage,No Injuries,Car,9,Parked Motor Vehicle,2,2,0,5,"Over $1,500",1,0,0,0,0,0,0,15,Driving Skills/Knowledge/Experience,99,Not Applicable,1,No Controls,1,No Controls,1,Clear,1,Daylight,1,Not Divided,1,Dry,1,Slow,1,No Defects,O40,O9,41.8931084,-87.8003464,41.8939095,-87.8000031,1129367.50,1904086.38
30073,24 03118,2403118,X003440932,2024-06-04,16:28:00,2024-06-04 16:28:00,2024-06-06 08:08:36,North Ave/N Ridgeland Ave,,NORTH AVE,N RIDGELAND AVE,1,1,0,0,Property Damage,No Injuries,Car,15,Angle,2,2,0,4,"$501 to $1,500",1,0,0,0,0,0,0,17,Physical Condition Of Driver,28,Failing To Reduce Speed To Avoid Crash,3,Traffic Signal,4,Functioning Properly,1,Clear,1,Daylight,1,Not Divided,1,Dry,1,Slow,1,No Defects,O10,O1,41.9091339,-87.7833710,41.9091644,-87.7833710,1133952.25,1909956.38
30070,24 03119,2403119,X003439734,2024-06-04,16:30:00,2024-06-04 16:30:00,2024-06-05 09:43:42,918 N Ridgeland Ave,,918 N RIDGELAND AVE,DIVISION,0,0,0,0,Injury,A Injury Crash,Pedalcyclist,2,Pedalcyclist,2,1,1,3,$500 or less,0,1,0,1,0,0,1,02,Failing To Yield Right-Of-Way,15,Driving Skills/Knowledge/Experience,1,No Controls,1,No Controls,8,Cloudy/Overcast,1,Daylight,1,Not Divided,1,Dry,3,Free Flow,1,No Defects,O20,O2,41.9018860,-87.7849121,41.9026413,-87.7839432,1133548.63,1907311.13
30119,24 03123,2403123,X003450588,2024-06-04,22:05:00,2024-06-04 22:05:00,2024-06-14 09:03:48,Division St/N Ridgeland Ave,,DIVISION ST,N RIDGELAND AVE,0,0,0,0,Property Damage,No Injuries,Car,11,Front To Rear,2,2,0,4,"$501 to $1,500",1,0,0,0,0,0,0,03,Following Too Closely,28,Failing To Reduce Speed To Avoid Crash,3,Traffic Signal,4,Functioning Properly,9,Unknown,5,"Darkness, Lighted Road",14,Four-Way Intersection,2,Wet,2,Stopped,1,No Defects,O10,O4,41.9018593,-87.7841949,41.9018860,-87.7848740,1133744.00,1907303.25
30204,24 03584,2403584,X003466110,2024-06-05,08:37:00,2024-06-05 08:37:00,2024-06-28 09:33:38,Home Ave/Madison St,,HOME AVE,MADISON ST,0,0,0,0,Property Damage,No Injuries,Car,11,Front To Rear,2,2,0,4,"$501 to $1,500",1,0,0,0,0,0,0,03,Following Too Closely,28,Failing To Reduce Speed To Avoid Crash,3,Traffic Signal,4,Functioning Properly,9,Unknown,1,Daylight,1,Not Divided,1,Dry,2,Stopped,1,No Defects,O70,O12,41.8796806,-87.7998352,41.8796806,-87.7998657,1129537.13,1899194.63
30074,24 03130,2403130,X003440961,2024-06-05,12:10:00,2024-06-05 12:10:00,2024-06-06 08:08:36,Madison St/S Oak Park Ave,,MADISON ST,S OAK PARK AVE,0,0,0,1,Property Damage,No Injuries,Car,10,Turning (At Least One Vehicle),2,2,0,5,"Over $1,500",1,0,0,0,0,0,0,50,"Oper. Veh. In Erratic,Reckless,Careless Manne",04,Improper Overtaking/Passing,1,No Controls,1,No Controls,1,Clear,1,Daylight,2,"Divided, No Median Barrier",1,Dry,3,Free Flow,1,No Defects,O60,O14,41.8797417,-87.7942505,41.8797722,-87.7942581,1131056.50,1899226.38
30072,24 03141,2403141,X003440377,2024-06-05,17:02:00,2024-06-05 17:02:00,2024-06-05 20:09:31,Chicago Ave/N Austin Blvd,,CHICAGO AVE,N AUSTIN BLVD,0,0,0,0,Property Damage,No Injuries,Car,11,Front To Rear,2,2,0,5,"Over $1,500",1,0,0,0,0,0,0,03,Following Too Closely,28,Failing To Reduce Speed To Avoid Crash,1,No Controls,1,No Controls,1,Clear,1,Daylight,2,"Divided, No Median Barrier",9,Unknown,1,Slow,10,Other,O30,O7,41.8946877,-87.7751465,41.8947105,-87.7751389,1136225.63,1904705.00
30078,24 03154,2403154,X003441708,2024-06-06,10:18:00,2024-06-06 10:18:00,2024-06-06 16:51:42,N Harlem Ave/South Blvd,,N HARLEM AVE,SOUTH BLVD,1,0,0,0,Property Damage,No Injuries,Car,6,Fixed Object,1,1,0,5,"Over $1,500",1,0,0,0,0,0,0,99,Not Applicable,99,Not Applicable,3,Traffic Signal,4,Functioning Properly,1,Clear,1,Daylight,3,Divided With Median Barrier,1,Dry,3,Free Flow,1,No Defects,F1,FPPD,41.8866921,-87.8050156,41.8867111,-87.8049927,1128109.63,1901740.13
30081,24 03166,2403166,X003441893,2024-06-06,16:29:00,2024-06-06 16:29:00,2024-06-07 07:39:15,North Ave/Lombard,,NORTH AVE,LOMBARD,0,0,0,0,Property Damage,No Injuries,Car,9,Parked Motor Vehicle,2,2,0,5,"Over $1,500",0,1,0,0,0,0,0,28,Failing To Reduce Speed To Avoid Crash,18,Unable To Determine,1,No Controls,1,No Controls,1,Clear,1,Daylight,14,Four-Way Intersection,1,Dry,3,Free Flow,1,No Defects,O10,O1,41.9091682,-87.7808227,41.9091911,-87.7808227,1134644.50,1909972.13
30082,24 03167,2403167,X003441926,2024-06-06,17:31:00,2024-06-06 17:31:00,2024-06-07 07:39:16,S Oak Park Ave/Washington Blvd,,S OAK PARK AVE,WASHINGTON BLVD,0,0,0,0,Property Damage,No Injuries,Car,14,Front To Front,2,2,0,5,"Over $1,500",1,0,0,0,0,0,0,28,Failing To Reduce Speed To Avoid Crash,02,Failing To Yield Right-Of-Way,3,Traffic Signal,4,Functioning Properly,1,Clear,1,Daylight,2,"Divided, No Median Barrier",1,Dry,1,Slow,1,No Defects,O60,O11,41.8815651,-87.7942734,41.8815613,-87.7943115,1131046.38,1899891.13
30085,24 03171,2403171,X003442867,2024-06-07,07:21:00,2024-06-07 07:21:00,2024-06-07 16:32:58,S Harlem Ave/Lexington St,,S HARLEM AVE,LEXINGTON ST,1,1,0,0,Injury,A Injury Crash,Car,10,Turning (At Least One Vehicle),3,3,0,5,"Over $1,500",0,1,0,1,0,0,1,02,Failing To Yield Right-Of-Way,28,Failing To Reduce Speed To Avoid Crash,2,Stop Sign,4,Functioning Properly,1,Clear,1,Daylight,2,"Divided, No Median Barrier",1,Dry,3,Free Flow,1,No Defects,O90,O18,41.8704796,-87.8043671,41.8704834,-87.8043976,1128323.00,1895834.00
30088,24 03173,2403173,X003442870,2024-06-07,09:13:00,2024-06-07 09:13:00,2024-06-07 16:27:29,201 N Scoville Ave,,201 N SCOVILLE AVE,LAKE ST,1,1,0,0,Property Damage,No Injuries,Car,10,Turning (At Least One Vehicle),2,2,0,5,"Over $1,500",1,0,0,0,0,0,0,02,Failing To Yield Right-Of-Way,15,Driving Skills/Knowledge/Experience,1,No Controls,1,No Controls,1,Clear,1,Daylight,1,Not Divided,1,Dry,3,Free Flow,1,No Defects,O30,O8,41.8884277,-87.7880020,41.8903389,-87.7881699,1132739.13,1902402.38
30086,24 03183,2403183,X003442868,2024-06-07,12:59:00,2024-06-07 12:59:00,2024-06-07 16:27:28,N Ridgeland Ave/Ontario St,,N RIDGELAND AVE,ONTARIO ST,1,1,0,0,Property Damage,No Injuries,Car,15,Angle,2,2,0,4,"$501 to $1,500",1,0,0,0,0,0,0,23,Disregarding Stop Sign,02,Failing To Yield Right-Of-Way,2,Stop Sign,4,Functioning Properly,1,Clear,1,Daylight,1,Not Divided,1,Dry,3,Free Flow,1,No Defects,O30,O8,41.8903580,-87.7847900,41.8903656,-87.7847519,1133608.00,1903111.25
30087,24 03185,2403185,X003442869,2024-06-07,14:22:00,2024-06-07 14:22:00,2024-06-07 16:32:58,N Harlem Ave/Pleasant St,,N HARLEM AVE,PLEASANT ST,0,0,0,1,Property Damage,No Injuries,Car,12,Sideswipe - Same Direction,2,2,0,5,"Over $1,500",1,0,0,0,0,0,0,20,Improper Lane Usage,99,Not Applicable,1,No Controls,1,No Controls,1,Clear,1,Daylight,1,Not Divided,1,Dry,3,Free Flow,1,No Defects,F1,FPPD,41.8853912,-87.8049774,41.8854065,-87.8049393,1128124.38,1901267.88
30091,24 03188,2403188,X003445328,2024-06-07,16:56:00,2024-06-07 16:56:00,2024-06-10 09:28:26,Taylor/Chicago,,TAYLOR,CHICAGO,0,0,0,0,Property Damage,No Injuries,Car,10,Turning (At Least One Vehicle),2,2,0,4,"$501 to $1,500",1,0,0,0,0,0,0,02,Failing To Yield Right-Of-Way,14,"Vision Obscured (Signs, Tree Limbs, Buildings",1,No Controls,1,No Controls,1,Clear,1,Daylight,1,Not Divided,1,Dry,1,Slow,1,No Defects,O30,O7,41.8946648,-87.7784195,41.8946686,-87.7783814,1135333.75,1904692.00
30097,24 03197,2403197,X003445340,2024-06-08,10:09:00,2024-06-08 10:09:00,2024-06-10 09:50:26,S Oak Park Ave/Madison St,,S OAK PARK AVE,MADISON ST,0,1,0,0,Property Damage,No Injuries,Car,14,Front To Front,2,2,0,5,"Over $1,500",0,1,0,0,0,0,0,02,Failing To Yield Right-Of-Way,99,Not Applicable,3,Traffic Signal,4,Functioning Properly,1,Clear,1,Daylight,2,"Divided, No Median Barrier",1,Dry,1,Slow,1,No Defects,O60,O11,41.8797722,-87.7942200,41.8797722,-87.7942581,1131065.38,1899237.25
30092,24 03199,2403199,X003445362,2024-06-08,11:33:00,2024-06-08 11:33:00,2024-06-10 09:39:25,North Ave/N Oak Park Ave,,NORTH AVE,N OAK PARK AVE,0,0,0,0,Property Damage,No Injuries,Car,11,Front To Rear,2,2,0,4,"$501 to $1,500",1,0,0,0,0,0,0,03,Following Too Closely,28,Failing To Reduce Speed To Avoid Crash,1,No Controls,1,No Controls,1,Clear,1,Daylight,1,Not Divided,1,Dry,1,Slow,1,No Defects,O20,O2,41.9089928,-87.7947922,41.9090233,-87.7950592,1130843.13,1909884.38
30098,24 03205,2403205,X003445404,2024-06-08,18:59:00,2024-06-08 18:59:00,2024-06-10 09:44:54,N Ridgeland Ave/Lake St,,N RIDGELAND AVE,LAKE ST,0,0,0,1,Property Damage,No Injuries,Car,11,Front To Rear,2,2,0,4,"$501 to $1,500",1,0,0,0,0,0,0,28,Failing To Reduce Speed To Avoid Crash,03,Following Too Closely,1,No Controls,1,No Controls,1,Clear,1,Daylight,2,"Divided, No Median Barrier",1,Dry,2,Stopped,1,No Defects,O30,O8,41.8883209,-87.7847366,41.8883209,-87.7846985,1133628.00,1902369.13
30096,24 03209,2403209,X003445414,2024-06-09,00:56:00,2024-06-09 00:56:00,2024-06-10 09:50:25,724 Linden Ave,724,LINDEN AVE,,0,0,0,1,Property Damage,No Injuries,Car,9,Parked Motor Vehicle,3,3,0,4,"$501 to $1,500",1,0,0,0,0,0,0,17,Physical Condition Of Driver,19,Had Been Drinking (Use When No Arrest),1,No Controls,1,No Controls,1,Clear,5,"Darkness, Lighted Road",1,Not Divided,1,Dry,3,Free Flow,1,No Defects,O20,O2,41.9085426,-87.7925796,41.8989868,-87.7920914,1131445.25,1909724.75
30094,24 03216,2403216,X003445418,2024-06-09,13:38:00,2024-06-09 13:38:00,2024-06-10 09:50:25,430 N Austin Blvd,430,N AUSTIN BLVD,,0,0,0,0,Property Damage,No Injuries,Car,9,Parked Motor Vehicle,2,2,0,5,"Over $1,500",1,0,0,0,0,0,0,28,Failing To Reduce Speed To Avoid Crash,99,Not Applicable,3,Traffic Signal,4,Functioning Properly,1,Clear,1,Daylight,2,"Divided, No Median Barrier",1,Dry,3,Free Flow,1,No Defects,,,41.8880272,-87.7748947,41.8885727,-87.7750855,1136309.00,1902279.13
30093,24 03217,2403217,X003445419,2024-06-09,14:10:00,2024-06-09 14:10:00,2024-06-10 09:39:26,S Harlem Ave/Lexington St,,S HARLEM AVE,LEXINGTON ST,0,0,0,0,Property Damage,No Injuries,Car,10,Turning (At Least One Vehicle),2,2,0,4,"$501 to $1,500",1,0,0,0,0,0,0,28,Failing To Reduce Speed To Avoid Crash,18,Unable To Determine,2,Stop Sign,4,Functioning Properly,1,Clear,1,Daylight,1,Not Divided,1,Dry,3,Free Flow,1,No Defects,O90,O18,41.8704796,-87.8043671,41.8704834,-87.8043976,1128323.00,1895834.00
30116,24 03225,2403225,X003449038,2024-06-10,00:42:00,2024-06-10 00:42:00,2024-06-13 09:18:02,S Harlem Ave/Roosevelt Rd,,S HARLEM AVE,ROOSEVELT RD,0,0,0,0,Property Damage,No Injuries,Car,10,Turning (At Least One Vehicle),2,2,0,5,"Over $1,500",0,1,0,0,0,0,0,06,Improper Turning/No Signal,99,Not Applicable,3,Traffic Signal,4,Functioning Properly,1,Clear,5,"Darkness, Lighted Road",2,"Divided, No Median Barrier",1,Dry,1,Slow,1,No Defects,,,41.8649864,-87.8041687,41.8649864,-87.8042068,1128389.25,1893832.00
30136,24 03231,2403231,X003454263,2024-06-10,09:47:00,2024-06-10 09:47:00,2024-06-17 12:51:25,S Oak Park Ave/Randolph St,,S OAK PARK AVE,RANDOLPH ST,1,1,0,0,Property Damage,No Injuries,Car,15,Angle,2,2,0,4,"$501 to $1,500",1,0,0,0,0,0,0,02,Failing To Yield Right-Of-Way,23,Disregarding Stop Sign,2,Stop Sign,4,Functioning Properly,1,Clear,1,Daylight,2,"Divided, No Median Barrier",1,Dry,1,Slow,1,No Defects,O60,O11,41.8832970,-87.7943268,41.8834534,-87.7943649,1131028.38,1900522.88
30104,24 03236,2403236,X003446753,2024-06-10,12:05:00,2024-06-10 12:05:00,2024-06-11 10:37:02,Roosevelt Rd/Clarence Ave,,ROOSEVELT RD,CLARENCE AVE,1,1,0,0,Injury,C Injury Crash,Car,11,Front To Rear,2,2,0,5,"Over $1,500",0,1,0,0,0,2,2,03,Following Too Closely,28,Failing To Reduce Speed To Avoid Crash,1,No Controls,1,No Controls,1,Clear,1,Daylight,1,Not Divided,1,Dry,3,Free Flow,1,No Defects,O90,O17,41.8652534,-87.7900925,41.8652267,-87.7900925,1132223.25,1893954.50
30102,24 03239,2403239,X003446765,2024-06-10,13:32:00,2024-06-10 13:32:00,2024-06-11 10:37:02,Lake St/N Harlem Ave,,LAKE ST,N HARLEM AVE,0,0,0,0,Property Damage,No Injuries,Car,12,Sideswipe - Same Direction,2,2,0,4,"$501 to $1,500",1,0,0,0,0,0,0,30,Improper Backing,28,Failing To Reduce Speed To Avoid Crash,1,No Controls,1,No Controls,1,Clear,1,Daylight,2,"Divided, No Median Barrier",1,Dry,3,Free Flow,1,No Defects,O40,O9,41.8885536,-87.8050537,41.8885841,-87.8050537,1128096.13,1902419.63
30101,24 03238,2403238,X003446754,2024-06-10,13:35:00,2024-06-10 13:35:00,2024-06-11 10:37:02,805 Erie St,805,ERIE ST,,0,0,0,0,Property Damage,No Injuries,Car,13,Sideswipe - Opposite Direction,2,2,0,4,"$501 to $1,500",1,0,0,0,0,0,0,04,Improper Overtaking/Passing,02,Failing To Yield Right-Of-Way,1,No Controls,1,No Controls,1,Clear,1,Daylight,1,Not Divided,1,Dry,,,1,No Defects,O40,O9,41.8913002,-87.7948532,41.8912659,-87.7951050,1130867.13,1903437.25
30103,24 03244,2403244,X003446768,2024-06-10,16:58:00,2024-06-10 16:58:00,2024-06-11 10:37:02,120 S Marion St,120,S MARION ST,,0,0,0,0,Property Damage,No Injuries,Car,12,Sideswipe - Same Direction,2,2,0,4,"$501 to $1,500",1,0,0,0,0,0,0,02,Failing To Yield Right-Of-Way,18,Unable To Determine,1,No Controls,1,No Controls,1,Clear,1,Daylight,1,Not Divided,1,Dry,,,1,No Defects,O70,O12,41.8867378,-87.8024979,41.8860016,-87.8023605,1128796.25,1901762.25