record_id,report_number,crash_id,idot_crash_number,date,time,occurred_at,record_added_at,location,street_number,street_name,cross_street,at_intersection,intersection_related,private_property,hit_and_run,crash_severity,crash_injury_severity,crash_mode,crash_type_code,crash_type,total_units,num_motor_vehicles,dooring_pedalcyclist,damage_code,damage,no_injury_drive_away,injury_or_towed,fatalities,a_injuries,b_injuries,c_injuries,total_injured,cause1_code,cause1,cause2_code,cause2,traffic_control_code,traffic_control,device_condition_code,device_condition,weather_code,weather,lighting_code,lighting,trafficway_code,trafficway,road_surface_code,road_surface,flow_condition_code,flow_condition,road_defects_code,road_defects,beat_zone,post_district,latitude,longitude,latitude_geocoded,longitude_geocoded,state_plane_x,state_plane_y
30106,24 03248,2403248,X003447542,2024-06-10,19:58:00,2024-06-10 19:58:00,2024-06-12 04:46:34,Lyman Ave/Roosevelt Rd,,LYMAN AVE,ROOSEVELT RD,0,0,0,1,Property Damage,No Injuries,Car,9,Parked Motor Vehicle,2,2,0,5,"Over $1,500",1,0,0,0,0,0,0,28,Failing To Reduce Speed To Avoid Crash,18,Unable To Determine,1,No Controls,1,No Controls,1,Clear,5,"Darkness, Lighted Road",2,"Divided, No Median Barrier",1,Dry,3,Free Flow,1,No Defects,O90,O16,41.8654365,-87.7765579,41.8654365,-87.7765961,1135909.13,1894044.50
30099,24 03253,2403253,X003446150,2024-06-11,00:57:00,2024-06-11 00:57:00,2024-06-11 01:53:57,Harrison St/S Ridgeland Ave,,HARRISON ST,S RIDGELAND AVE,0,0,0,1,Property Damage,No Injuries,Car,6,Fixed Object,2,1,0,4,"$501 to $1,500",1,0,0,0,0,0,0,28,Failing To Reduce Speed To Avoid Crash,18,Unable To Determine,1,No Controls,1,No Controls,1,Clear,5,"Darkness, Lighted Road",2,"Divided, No Median Barrier",1,Dry,3,Free Flow,1,No Defects,O80,O13,41.8726044,-87.7842178,41.8726349,-87.7842178,1133806.88,1896642.25
30105,24 03267,2403267,X003447541,2024-06-11,16:56:00,2024-06-11 16:56:00,2024-06-11 21:14:07,Randolph St/Wisconsin Ave,,RANDOLPH ST,WISCONSIN AVE,1,0,0,1,Property Damage,No Injuries,Car,12,Sideswipe - Same Direction,2,2,0,3,$500 or less,1,0,0,0,0,0,0,04,Improper Overtaking/Passing,18,Unable To Determine,2,Stop Sign,4,Functioning Properly,1,Clear,1,Daylight,1,Not Divided,1,Dry,,,1,No Defects,O70,O12,41.8832359,-87.8024368,41.8832626,-87.8024368,1128820.13,1900485.88
30110,24 03277,2403277,X003449079,2024-06-12,08:26:00,2024-06-12 08:26:00,2024-06-12 16:39:55,Superior St/N Marion St,,SUPERIOR ST,N MARION ST,0,0,0,0,Property Damage,No Injuries,Car,18,Rear To Front,2,2,0,5,"Over $1,500",1,0,0,0,0,0,0,30,Improper Backing,15,Driving Skills/Knowledge/Experience,1,No Controls,1,No Controls,1,Clear,1,Daylight,1,Not Divided,1,Dry,3,Free Flow,1,No Defects,O40,O9,41.8930435,-87.8027878,41.8930740,-87.8027878,1128703.25,1904059.38
30115,24 03286,2403286,X003449082,2024-06-12,15:06:00,2024-06-12 15:06:00,2024-06-13 09:18:02,Garfield St/Clarence,,GARFIELD ST,CLARENCE,0,0,0,0,Injury,B Injury Crash,Car,9,Parked Motor Vehicle,3,3,0,5,"Over $1,500",0,1,0,0,1,0,1,28,Failing To Reduce Speed To Avoid Crash,10,Equipment - Vehicle Condition,1,No Controls,1,No Controls,1,Clear,1,Daylight,1,Not Divided,1,Dry,3,Free Flow,99,Unknown,O90,O17,41.8717461,-87.7903061,41.8717155,-87.7903137,1132149.88,1896319.13
30114,24 03287,2403287,X003449086,2024-06-12,15:19:00,2024-06-12 15:19:00,2024-06-13 09:18:01,N Ridgeland Ave/Ontario St,,N RIDGELAND AVE,ONTARIO ST,0,0,0,0,Property Damage,No Injuries,Car,11,Front To Rear,2,2,0,3,$500 or less,1,0,0,0,0,0,0,43,"Distraction - Othr Elec Dev (Nav,Dvd,Etc)",18,Unable To Determine,1,No Controls,1,No Controls,8,Cloudy/Overcast,1,Daylight,1,Not Divided,1,Dry,2,Stopped,1,No Defects,O30,O8,41.8903580,-87.7847900,41.8903656,-87.7847519,1133608.00,1903111.25
30117,24 03290,2403290,X003449479,2024-06-12,17:00:00,2024-06-12 17:00:00,2024-06-13 14:22:42,North Ave/N Lombard Ave,,NORTH AVE,N LOMBARD AVE,0,0,0,0,Injury,C Injury Crash,Car,11,Front To Rear,2,2,0,5,"Over $1,500",0,1,0,0,0,1,1,03,Following Too Closely,28,Failing To Reduce Speed To Avoid Crash,1,No Controls,1,No Controls,1,Clear,1,Daylight,2,"Divided, No Median Barrier",1,Dry,1,Slow,1,No Defects,O10,O1,41.9091682,-87.7808227,41.9091911,-87.7808227,1134644.50,1909972.13
30113,24 03291,2403291,X003449092,2024-06-12,18:43:00,2024-06-12 18:43:00,2024-06-13 09:12:33,32 Washington Blvd,32,WASHINGTON BLVD,,0,0,0,0,Property Damage,No Injuries,Car,12,Sideswipe - Same Direction,2,2,0,4,"$501 to $1,500",0,1,0,0,0,0,0,02,Failing To Yield Right-Of-Way,99,Not Applicable,1,No Controls,1,No Controls,1,Clear,1,Daylight,2,"Divided, No Median Barrier",1,Dry,3,Free Flow,1,No Defects,O50,O10,41.8821144,-87.7762146,41.8822288,-87.7761154,1135963.13,1900122.00
30120,24 03307,2403307,X003451086,2024-06-13,17:13:00,2024-06-13 17:13:00,2024-06-14 09:31:03,Chicago Ave/Belleforte Ave,,CHICAGO AVE,BELLEFORTE AVE,0,0,0,0,Property Damage,No Injuries,Car,11,Front To Rear,2,2,0,5,"Over $1,500",1,0,0,0,0,0,0,28,Failing To Reduce Speed To Avoid Crash,03,Following Too Closely,1,No Controls,1,No Controls,1,Clear,1,Daylight,1,Not Divided,1,Dry,3,Free Flow,1,No Defects,O40,O9,41.8942490,-87.8019180,41.8942795,-87.8019180,1128936.00,1904500.63
30118,24 03308,2403308,X003449950,2024-06-13,18:10:00,2024-06-13 18:10:00,2024-06-13 21:16:12,Kenilworth/Lake,,KENILWORTH,LAKE,0,0,0,1,Property Damage,No Injuries,Car,9,Parked Motor Vehicle,2,2,0,5,"Over $1,500",1,0,0,0,0,0,0,18,Unable To Determine,99,Not Applicable,1,No Controls,1,No Controls,1,Clear,1,Daylight,1,Not Divided,1,Dry,1,Slow,1,No Defects,O40,O9,41.8886948,-87.7971268,41.8886986,-87.7975082,1130254.25,1902484.38
30121,24 03324,2403324,X003451087,2024-06-14,16:03:00,2024-06-14 16:03:00,2024-06-14 18:07:55,N Harlem Ave/Berkshire St,,N HARLEM AVE,BERKSHIRE ST,1,1,0,0,Property Damage,No Injuries,Car,10,Turning (At Least One Vehicle),2,2,0,4,"$501 to $1,500",1,0,0,0,0,0,0,02,Failing To Yield Right-Of-Way,28,Failing To Reduce Speed To Avoid Crash,2,Stop Sign,4,Functioning Properly,1,Clear,1,Daylight,15,T-Intersection,1,Dry,1,Slow,1,No Defects,R81,RFPD,41.9033623,-87.8056183,41.9033699,-87.8055801,1127909.13,1907814.13
30129,24 03329,2403329,X003454255,2024-06-14,19:46:00,2024-06-14 19:46:00,2024-06-17 12:45:53,Roosevelt Rd/S Harlem Ave,,ROOSEVELT RD,S HARLEM AVE,1,1,0,0,Injury,B Injury Crash,Pedalcyclist,2,Pedalcyclist,2,1,0,4,"$501 to $1,500",0,1,0,0,1,0,1,02,Failing To Yield Right-Of-Way,20,Improper Lane Usage,3,Traffic Signal,4,Functioning Properly,1,Clear,3,Dusk,1,Not Divided,1,Dry,3,Free Flow,1,No Defects,O90,O18,41.8650131,-87.8041992,41.8649864,-87.8042068,1128380.25,1893842.88
30133,24 03331,2403331,X003454260,2024-06-15,00:14:00,2024-06-15 00:14:00,2024-06-17 12:51:25,S Harlem Ave/Madison St,,S HARLEM AVE,MADISON ST,1,1,0,0,Property Damage,No Injuries,Car,15,Angle,2,2,0,5,"Over $1,500",0,1,0,0,0,0,0,25,Disregarding Traffic Signals,99,Not Applicable,3,Traffic Signal,4,Functioning Properly,1,Clear,5,"Darkness, Lighted Road",1,Not Divided,1,Dry,3,Free Flow,1,No Defects,O70,O12,41.8796692,-87.8047028,41.8796654,-87.8047333,1128211.75,1899182.38
30137,24 03341,2403341,X003454264,2024-06-15,14:50:00,2024-06-15 14:50:00,2024-06-17 12:51:26,Roosevelt Rd/Ridgeland Ave,,ROOSEVELT RD,RIDGELAND AVE,1,0,0,0,Property Damage,No Injuries,Car,11,Front To Rear,2,2,0,4,"$501 to $1,500",1,0,0,0,0,0,0,28,Failing To Reduce Speed To Avoid Crash,99,Not Applicable,3,Traffic Signal,4,Functioning Properly,1,Clear,1,Daylight,2,"Divided, No Median Barrier",1,Dry,1,Slow,1,No Defects,O90,O16,41.8653641,-87.7839661,41.8653374,-87.7839661,1133892.13,1894004.13
30131,24 03358,2403358,X003454257,2024-06-15,14:57:00,2024-06-15 14:57:00,2024-06-17 12:45:53,S Harlem Ave/I290,,S HARLEM AVE,I290,1,0,0,1,Property Damage,No Injuries,Car,10,Turning (At Least One Vehicle),2,2,0,5,"Over $1,500",0,1,0,0,0,0,0,02,Failing To Yield Right-Of-Way,25,Disregarding Traffic Signals,3,Traffic Signal,4,Functioning Properly,1,Clear,1,Daylight,3,Divided With Median Barrier,1,Dry,3,Free Flow,1,No Defects,O90,O18,41.8735886,-87.8044891,41.8736153,-87.8045197,1128282.00,1896967.63
30140,24 03381,2403381,X003455566,2024-06-15,18:12:00,2024-06-15 18:12:00,2024-06-18 10:56:21,N Austinn Blvd/Division St,,N AUSTINN BLVD,DIVISION ST,1,1,0,0,Property Damage,No Injuries,Car,15,Angle,2,2,0,5,"Over $1,500",1,0,0,0,0,0,0,25,Disregarding Traffic Signals,41,Distraction - From Inside Vehicle,3,Traffic Signal,4,Functioning Properly,1,Clear,1,Daylight,3,Divided With Median Barrier,1,Dry,3,Free Flow,1,No Defects,,,41.9019966,-87.7753296,41.9020004,-87.7753677,1136156.75,1907368.88
30134,24 03345,2403345,X003454261,2024-06-15,18:31:00,2024-06-15 18:31:00,2024-06-17 12:51:25,416 S Lombard Ave,416,S LOMBARD AVE,,0,0,0,0,Property Damage,No Injuries,Car,15,Angle,2,2,0,5,"Over $1,500",1,0,0,0,0,0,0,02,Failing To Yield Right-Of-Way,99,Not Applicable,1,No Controls,1,No Controls,1,Clear,1,Daylight,12,Alley,1,Dry,1,Slow,1,No Defects,O50,O10,41.8812294,-87.7796326,41.8812828,-87.7794037,1135034.63,1899794.00
30122,24 03348,2403348,X003452825,2024-06-16,03:44:00,2024-06-16 03:44:00,2024-06-16 23:02:49,S Oak Park Ave/Harrison,,S OAK PARK AVE,HARRISON,1,1,0,0,Property Damage,No Injuries,Car,7,Other Object,3,1,0,5,"Over $1,500",0,1,0,0,0,0,0,17,Physical Condition Of Driver,99,Not Applicable,3,Traffic Signal,4,Functioning Properly,1,Clear,5,"Darkness, Lighted Road",2,"Divided, No Median Barrier",1,Dry,3,Free Flow,1,No Defects,O60,O14,41.8728065,-87.7939758,41.8728065,-87.7940140,1131147.75,1896700.00
30127,24 03350,2403350,X003454253,2024-06-16,10:34:00,2024-06-16 10:34:00,2024-06-17 12:40:22,Harlem Ave/North Blvd,,HARLEM AVE,NORTH BLVD,0,0,0,0,Property Damage,No Injuries,Car,11,Front To Rear,2,2,0,3,$500 or less,1,0,0,0,0,0,0,03,Following Too Closely,28,Failing To Reduce Speed To Avoid Crash,3,Traffic Signal,4,Functioning Properly,1,Clear,1,Daylight,3,Divided With Median Barrier,1,Dry,1,Slow,1,No Defects,R83,RFPD,41.8871231,-87.8050308,41.8871231,-87.8049927,1128104.38,1901898.38
30135,24 03353,2403353,X003454262,2024-06-16,12:16:00,2024-06-16 12:16:00,2024-06-17 12:51:25,1125 Ontario St,1125,ONTARIO ST,,0,0,0,0,Property Damage,No Injuries,Car,11,Front To Rear,2,2,0,5,"Over $1,500",1,0,0,0,0,0,0,30,Improper Backing,99,Not Applicable,1,No Controls,1,No Controls,1,Clear,1,Daylight,7,Parking Lot,1,Dry,3,Free Flow,1,No Defects,O40,O9,41.8905373,-87.8039322,41.8897705,-87.8039246,1128396.75,1903143.13
30130,24 03355,2403355,X003454256,2024-06-16,13:49:00,2024-06-16 13:49:00,2024-06-17 12:45:53,Roosevelt Rd/S Harlem Ave,,ROOSEVELT RD,S HARLEM AVE,0,0,0,0,Property Damage,No Injuries,Car,11,Front To Rear,2,2,0,3,$500 or less,1,0,0,0,0,0,0,28,Failing To Reduce Speed To Avoid Crash,99,Not Applicable,3,Traffic Signal,4,Functioning Properly,1,Clear,1,Daylight,2,"Divided, No Median Barrier",1,Dry,2,Stopped,1,No Defects,O90,O18,41.8650131,-87.8041992,41.8649864,-87.8042068,1128380.25,1893842.88
30147,24 03359,2403359,X003457015,2024-06-16,16:09:00,2024-06-16 16:09:00,2024-06-20 09:15:56,N Harlem Ave/Ontario St,,N HARLEM AVE,ONTARIO ST,1,1,0,0,Injury,B Injury Crash,Car,10,Turning (At Least One Vehicle),2,2,0,5,"Over $1,500",0,1,0,0,1,0,1,02,Failing To Yield Right-Of-Way,99,Not Applicable,3,Traffic Signal,4,Functioning Properly,1,Clear,1,Daylight,2,"Divided, No Median Barrier",1,Dry,3,Free Flow,1,No Defects,R82,RFPD,41.8905373,-87.8051605,41.8905449,-87.8051224,1128061.25,1903142.75
30132,24 03365,2403365,X003454258,2024-06-17,01:13:00,2024-06-17 01:13:00,2024-06-17 12:40:23,1113 Madison Street,1113,MADISON STREET,,0,0,0,0,Property Damage,No Injuries,Car,6,Fixed Object,1,1,0,4,"$501 to $1,500",1,0,0,0,0,0,0,99,Not Applicable,99,Not Applicable,1,No Controls,1,No Controls,1,Clear,5,"Darkness, Lighted Road",1,Not Divided,1,Dry,3,Free Flow,1,No Defects,O60,O15,41.8795967,-87.8030167,41.8795662,-87.8029861,1128671.88,1899158.25
30187,24 03368,2403368,X003462372,2024-06-17,04:33:00,2024-06-17 04:33:00,2024-06-25 08:54:01,S Austin Blvd/I290 Expy W,,S AUSTIN BLVD,I290 EXPY W,1,1,0,1,Injury,A Injury Crash,Car,15,Angle,3,3,0,5,"Over $1,500",0,1,0,1,2,0,3,18,Unable To Determine,18,Unable To Determine,3,Traffic Signal,4,Functioning Properly,1,Clear,5,"Darkness, Lighted Road",15,T-Intersection,1,Dry,3,Free Flow,1,No Defects,O80,O13,41.8712502,-87.7743759,41.8712502,-87.7743378,1136490.13,1896166.00
30142,24 03373,2403373,X003455568,2024-06-17,13:53:00,2024-06-17 13:53:00,2024-06-18 10:56:22,Kenilworth/Lake,,KENILWORTH,LAKE,0,0,0,0,Property Damage,No Injuries,Car,9,Parked Motor Vehicle,2,2,0,5,"Over $1,500",1,0,0,0,0,0,0,06,Improper Turning/No Signal,99,Not Applicable,1,No Controls,1,No Controls,1,Clear,1,Daylight,1,Not Divided,1,Dry,1,Slow,1,No Defects,O40,O9,41.8886948,-87.7971268,41.8886986,-87.7975082,1130254.25,1902484.38
30141,24 03372,2403372,X003455567,2024-06-17,13:56:00,2024-06-17 13:56:00,2024-06-18 10:56:22,Chicago Ave/Harlem Ave,,CHICAGO AVE,HARLEM AVE,0,0,0,0,Property Damage,No Injuries,Car,12,Sideswipe - Same Direction,2,2,0,4,"$501 to $1,500",1,0,0,0,0,0,0,20,Improper Lane Usage,20,Improper Lane Usage,1,No Controls,1,No Controls,1,Clear,1,Daylight,1,Not Divided,1,Dry,3,Free Flow,1,No Defects,O40,O9,41.8942032,-87.8052445,41.8942337,-87.8052445,1128030.88,1904477.63
30143,24 03375,2403375,X003455569,2024-06-17,15:07:00,2024-06-17 15:07:00,2024-06-18 10:56:22,North Ave/Harlem Ave,,NORTH AVE,HARLEM AVE,0,0,0,0,Property Damage,No Injuries,Car,12,Sideswipe - Same Direction,2,2,0,3,$500 or less,1,0,0,0,0,0,0,20,Improper Lane Usage,20,Improper Lane Usage,1,No Controls,1,No Controls,1,Clear,1,Daylight,3,Divided With Median Barrier,1,Dry,3,Free Flow,1,No Defects,R81,RFPD,41.9088554,-87.8057556,41.9088860,-87.8057556,1127858.75,1909816.50
30139,24 03376,2403376,X003454266,2024-06-17,15:37:00,2024-06-17 15:37:00,2024-06-17 16:51:16,N Lombard Ave/Chicago Ave,,N LOMBARD AVE,CHICAGO AVE,0,0,0,0,Property Damage,No Injuries,Car,10,Turning (At Least One Vehicle),2,2,0,4,"$501 to $1,500",1,0,0,0,0,0,0,18,Unable To Determine,18,Unable To Determine,2,Stop Sign,4,Functioning Properly,1,Clear,1,Daylight,1,Not Divided,1,Dry,3,Free Flow,1,No Defects,O30,O7,41.8946419,-87.7800446,41.8946495,-87.7800064,1134891.50,1904680.63
30162,24 03431,2403431,X003458997,2024-06-17,18:01:00,2024-06-17 18:01:00,2024-06-21 09:42:34,Oak Park Ave/Roosevelt Rd,,OAK PARK AVE,ROOSEVELT RD,0,0,0,1,Property Damage,No Injuries,Car,11,Front To Rear,3,3,0,5,"Over $1,500",1,0,0,0,0,0,0,28,Failing To Reduce Speed To Avoid Crash,18,Unable To Determine,3,Traffic Signal,4,Functioning Properly,1,Clear,1,Daylight,14,Four-Way Intersection,1,Dry,2,Stopped,1,No Defects,O90,O17,41.8651657,-87.7937164,41.8651657,-87.7937546,1131236.00,1893916.13
30152,24 03384,2403384,X003457128,2024-06-17,21:37:00,2024-06-17 21:37:00,2024-06-20 09:26:58,S Harlem Ave/Garfield St,,S HARLEM AVE,GARFIELD ST,1,1,0,0,Injury,B Injury Crash,Car,10,Turning (At Least One Vehicle),2,2,0,5,"Over $1,500",0,1,0,0,1,0,1,02,Failing To Yield Right-Of-Way,99,Not Applicable,3,Traffic Signal,4,Functioning Properly,1,Clear,5,"Darkness, Lighted Road",14,Four-Way Intersection,1,Dry,1,Slow,1,No Defects,O90,O18,41.8723068,-87.8044357,41.8723183,-87.8044663,1128300.88,1896500.75
30151,24 03392,2403392,X003457132,2024-06-18,09:37:00,2024-06-18 09:37:00,2024-06-20 09:26:58,N Harlem Ave/Randolph St,,N HARLEM AVE,RANDOLPH ST,1,1,0,0,Property Damage,No Injuries,Car,10,Turning (At Least One Vehicle),2,2,0,5,"Over $1,500",1,0,0,0,0,0,0,02,Failing To Yield Right-Of-Way,28,Failing To Reduce Speed To Avoid Crash,3,Traffic Signal,4,Functioning Properly,1,Clear,1,Daylight,4,Two-Way Continuous Left-Turn Lane,9,Unknown,1,Slow,99,Unknown,F1,FPPD,41.8832092,-87.8048935,41.8832283,-87.8048630,1128150.63,1900472.25
30333,24 04102,2404102,X003491586,2024-06-18,10:26:00,2024-06-18 10:26:00,2024-07-22 10:23:18,N Euclid Ave/Ontario St,,N EUCLID AVE,ONTARIO ST,1,0,0,0,Property Damage,No Injuries,Pedalcyclist,2,Pedalcyclist,2,1,1,3,$500 or less,1,0,0,0,0,0,0,18,Unable To Determine,99,Not Applicable,1,No Controls,1,No Controls,1,Clear,1,Daylight,1,Not Divided,1,Dry,3,Free Flow,1,No Defects,O30,O8,41.8902245,-87.7927780,41.8902283,-87.7927399,1131434.25,1903049.13
30153,24 03396,2403396,X003457136,2024-06-18,11:38:00,2024-06-18 11:38:00,2024-06-20 09:26:58,Lexington St/S Kenilworth Ave,,LEXINGTON ST,S KENILWORTH AVE,1,1,0,0,Injury,C Injury Crash,Car,15,Angle,2,2,0,5,"Over $1,500",0,1,0,0,0,1,1,23,Disregarding Stop Sign,28,Failing To Reduce Speed To Avoid Crash,2,Stop Sign,4,Functioning Properly,1,Clear,1,Daylight,1,Not Divided,1,Dry,3,Free Flow,1,No Defects,O90,O18,41.8705635,-87.7965546,41.8705902,-87.7965546,1130451.00,1895878.88
30145,24 03399,2403399,X003457138,2024-06-18,13:04:00,2024-06-18 13:04:00,2024-06-20 09:15:55,1151 Superior,,1151 SUPERIOR,HARLEM AVE,0,0,0,0,Property Damage,No Injuries,Car,9,Parked Motor Vehicle,2,2,0,4,"$501 to $1,500",1,0,0,0,0,0,0,15,Driving Skills/Knowledge/Experience,17,Physical Condition Of Driver,1,No Controls,1,No Controls,1,Clear,1,Daylight,10,One-Way,1,Dry,3,Free Flow,1,No Defects,O40,O9,41.8930130,-87.8051987,41.8929749,-87.8044663,1128046.63,1904043.88
30157,24 03400,2403400,X003457142,2024-06-18,13:06:00,2024-06-18 13:06:00,2024-06-20 09:32:33,Chicago Ave/N Oak Park Ave,,CHICAGO AVE,N OAK PARK AVE,1,1,0,0,Property Damage,No Injuries,Car,11,Front To Rear,2,2,0,3,$500 or less,1,0,0,0,0,0,0,28,Failing To Reduce Speed To Avoid Crash,99,Not Applicable,3,Traffic Signal,4,Functioning Properly,1,Clear,1,Daylight,1,Not Divided,9,Unknown,2,Stopped,99,Unknown,O30,O8,41.8943825,-87.7946701,41.8944054,-87.7946777,1130909.25,1904560.00
30158,24 03401,2403401,X003457144,2024-06-18,13:48:00,2024-06-18 13:48:00,2024-06-20 09:32:33,N Harlem Ave/Ontario St,,N HARLEM AVE,ONTARIO ST,0,0,0,0,Property Damage,No Injuries,Car,11,Front To Rear,2,2,0,5,"Over $1,500",1,0,0,0,0,0,0,41,Distraction - From Inside Vehicle,18,Unable To Determine,1,No Controls,1,No Controls,1,Clear,1,Daylight,1,Not Divided,1,Dry,2,Stopped,1,No Defects,R82,RFPD,41.8905373,-87.8051605,41.8905449,-87.8051224,1128061.25,1903142.75
30164,24 03413,2403413,X003460908,2024-06-18,20:37:00,2024-06-18 20:37:00,2024-06-21 09:42:34,1102 Chicago Ave,1102,CHICAGO AVE,,1,1,0,1,Property Damage,No Injuries,Car,12,Sideswipe - Same Direction,2,2,0,5,"Over $1,500",1,0,0,0,0,0,0,18,Unable To Determine,18,Unable To Determine,1,No Controls,1,No Controls,1,Clear,3,Dusk,1,Not Divided,1,Dry,3,Free Flow,1,No Defects,O20,O6,41.8942871,-87.8031158,41.8943596,-87.8034363,1128611.38,1904511.13
30154,24 03415,2403415,X003457146,2024-06-19,02:15:00,2024-06-19 02:15:00,2024-06-20 09:26:59,S Harlem Ave/I-290,,S HARLEM AVE,I-290,1,1,0,0,Property Damage,No Injuries,Car,10,Turning (At Least One Vehicle),2,2,0,4,"$501 to $1,500",1,0,0,0,0,0,0,06,Improper Turning/No Signal,99,Not Applicable,3,Traffic Signal,4,Functioning Properly,1,Clear,4,Darkness,14,Four-Way Intersection,1,Dry,1,Slow,1,No Defects,O60,O15,41.8737946,-87.8044968,41.8736153,-87.8045197,1128281.50,1897042.00
30155,24 03425,2403425,X003457148,2024-06-19,12:30:00,2024-06-19 12:30:00,2024-06-20 09:26:59,Chicago Ave/N Grove Ave,,CHICAGO AVE,N GROVE AVE,0,0,0,0,Property Damage,No Injuries,Car,11,Front To Rear,2,2,0,5,"Over $1,500",1,0,0,0,0,0,0,28,Failing To Reduce Speed To Avoid Crash,18,Unable To Determine,1,No Controls,1,No Controls,1,Clear,1,Daylight,1,Not Divided,1,Dry,1,Slow,1,No Defects,O20,O6,41.8944092,-87.7961731,41.8943787,-87.7961731,1130500.50,1904567.88
30156,24 03427,2403427,X003457149,2024-06-19,14:00:00,2024-06-19 14:00:00,2024-06-20 09:32:32,Chicago Ave/N Taylor Ave,,CHICAGO AVE,N TAYLOR AVE,1,1,0,0,Property Damage,No Injuries,Car,10,Turning (At Least One Vehicle),2,2,0,4,"$501 to $1,500",1,0,0,0,0,0,0,02,Failing To Yield Right-Of-Way,28,Failing To Reduce Speed To Avoid Crash,1,No Controls,1,No Controls,1,Clear,1,Daylight,15,T-Intersection,1,Dry,1,Slow,1,No Defects,O30,O7,41.8946419,-87.7783737,41.8946686,-87.7783814,1135345.25,1904683.38
30150,24 03430,2403430,X003457150,2024-06-19,16:15:00,2024-06-19 16:15:00,2024-06-20 09:21:26,S Lombard Ave/Madison St,,S LOMBARD AVE,MADISON ST,0,0,0,0,Property Damage,No Injuries,Car,10,Turning (At Least One Vehicle),2,2,0,5,"Over $1,500",0,1,0,0,0,0,0,28,Failing To Reduce Speed To Avoid Crash,02,Failing To Yield Right-Of-Way,1,No Controls,1,No Controls,1,Clear,1,Daylight,1,Not Divided,1,Dry,3,Free Flow,1,No Defects,O80,O13,41.8800278,-87.7795258,41.8800240,-87.7795563,1135067.63,1899356.00
30160,24 03443,2403443,X003457954,2024-06-20,11:26:00,2024-06-20 11:26:00,2024-06-20 16:48:26,S Ridgeland Ave/Madison St,,S RIDGELAND AVE,MADISON ST,1,1,0,0,Property Damage,No Injuries,Pedestrian,1,Pedestrian,2,1,0,3,$500 or less,1,0,0,0,0,0,0,07,Turning Right On Red,25,Disregarding Traffic Signals,3,Traffic Signal,4,Functioning Properly,1,Clear,1,Daylight,2,"Divided, No Median Barrier",1,Dry,1,Slow,1,No Defects,O80,O13,41.8799324,-87.7844238,41.8799324,-87.7844620,1133732.63,1899313.88
30161,24 03444,2403444,X003457955,2024-06-20,11:26:00,2024-06-20 11:26:00,2024-06-20 16:48:26,826 North Blvd,826,NORTH BLVD,,0,0,0,0,Injury,B Injury Crash,Pedalcyclist,2,Pedalcyclist,2,1,1,3,$500 or less,0,1,0,0,1,0,1,26,Disregarding Road Markings,18,Unable To Determine,1,No Controls,1,No Controls,1,Clear,1,Daylight,10,One-Way,1,Dry,2,Stopped,1,No Defects,O30,O8,41.8872833,-87.7944717,41.8873405,-87.7957459,1130980.38,1901974.00
30167,24 03454,2403454,X003459001,2024-06-20,18:41:00,2024-06-20 18:41:00,2024-06-21 09:48:05,S Austin Blvd/Harrison St,,S AUSTIN BLVD,HARRISON ST,0,0,0,1,Property Damage,No Injuries,Car,12,Sideswipe - Same Direction,2,2,0,5,"Over $1,500",1,0,0,0,0,0,0,04,Improper Overtaking/Passing,99,Not Applicable,1,No Controls,1,No Controls,8,Cloudy/Overcast,1,Daylight,2,"Divided, No Median Barrier",2,Wet,3,Free Flow,1,No Defects,O80,O13,41.8727799,-87.7744522,41.8727799,-87.7744141,1136465.25,1896723.75
30186,24 03460,2403460,X003462380,2024-06-21,05:31:00,2024-06-21 05:31:00,2024-06-25 08:59:29,Augusta St/N Austin Blvd,,AUGUSTA ST,N AUSTIN BLVD,1,1,0,0,Property Damage,No Injuries,Car,15,Angle,2,2,0,5,"Over $1,500",1,0,0,0,0,0,0,25,Disregarding Traffic Signals,99,Not Applicable,3,Traffic Signal,4,Functioning Properly,1,Clear,1,Daylight,2,"Divided, No Median Barrier",1,Dry,3,Free Flow,1,No Defects,O10,O4,41.8983345,-87.7752533,41.8983650,-87.7752533,1136186.13,1906035.63
30169,24 03462,2403462,X003459003,2024-06-21,10:02:00,2024-06-21 10:02:00,2024-06-21 16:36:35,Washington Blvd/Clinton Ave,,WASHINGTON BLVD,CLINTON AVE,1,1,0,0,Property Damage,No Injuries,Pedalcyclist,2,Pedalcyclist,2,1,0,3,$500 or less,1,0,0,0,0,0,0,02,Failing To Yield Right-Of-Way,99,Not Applicable,1,No Controls,1,No Controls,1,Clear,1,Daylight,2,"Divided, No Median Barrier",9,Unknown,3,Free Flow,99,Unknown,O70,O12,41.8814812,-87.7984543,41.8815079,-87.7984543,1129908.88,1899853.63
30168,24 03466,2403466,X003459002,2024-06-21,13:04:00,2024-06-21 13:04:00,2024-06-21 16:36:35,Westgate St/N Maple Ave,,WESTGATE ST,N MAPLE AVE,0,0,0,0,Property Damage,No Injuries,Car,9,Parked Motor Vehicle,2,2,0,5,"Over $1,500",1,0,0,0,0,0,0,06,Improper Turning/No Signal,99,Not Applicable,1,No Controls,1,No Controls,1,Clear,1,Daylight,1,Not Divided,1,Dry,3,Free Flow,1,No Defects,O40,O9,41.8878555,-87.8039322,41.8878822,-87.8040237,1128403.50,1902166.88