record_id,report_number,crash_id,idot_crash_number,date,time,occurred_at,record_added_at,location,street_number,street_name,cross_street,at_intersection,intersection_related,private_property,hit_and_run,crash_severity,crash_injury_severity,crash_mode,crash_type_code,crash_type,total_units,num_motor_vehicles,dooring_pedalcyclist,damage_code,damage,no_injury_drive_away,injury_or_towed,fatalities,a_injuries,b_injuries,c_injuries,total_injured,cause1_code,cause1,cause2_code,cause2,traffic_control_code,traffic_control,device_condition_code,device_condition,weather_code,weather,lighting_code,lighting,trafficway_code,trafficway,road_surface_code,road_surface,flow_condition_code,flow_condition,road_defects_code,road_defects,beat_zone,post_district,latitude,longitude,latitude_geocoded,longitude_geocoded,state_plane_x,state_plane_y
30175,24 03470,2403470,X003461990,2024-06-21,15:34:00,2024-06-21 15:34:00,2024-06-24 10:11:51,Lake St/N Elmwood Ave,,LAKE ST,N ELMWOOD AVE,0,0,0,0,Property Damage,No Injuries,Car,15,Angle,2,2,0,5,"Over $1,500",1,0,0,0,0,0,0,18,Unable To Determine,18,Unable To Determine,1,No Controls,1,No Controls,1,Clear,1,Daylight,1,Not Divided,1,Dry,3,Free Flow,1,No Defects,O30,O8,41.8883514,-87.7863312,41.8883743,-87.7863312,1133194.00,1902377.25
30177,24 03476,2403476,X003461992,2024-06-21,19:23:00,2024-06-21 19:23:00,2024-06-24 10:17:20,N Oak Park Ave/Superior St,,N OAK PARK AVE,SUPERIOR ST,1,1,0,0,Property Damage,No Injuries,Car,11,Front To Rear,2,2,0,4,"$501 to $1,500",1,0,0,0,0,0,0,03,Following Too Closely,99,Not Applicable,3,Traffic Signal,4,Functioning Properly,1,Clear,1,Daylight,1,Not Divided,1,Dry,1,Slow,1,No Defects,O40,O9,41.8929253,-87.7946701,41.8929291,-87.7946320,1130912.00,1904030.63
30176,24 03477,2403477,X003461991,2024-06-21,20:04:00,2024-06-21 20:04:00,2024-06-24 10:17:19,123 Madison St,123,MADISON ST,,0,0,0,0,Property Damage,No Injuries,Car,9,Parked Motor Vehicle,2,2,0,3,$500 or less,1,0,0,0,0,0,0,30,Improper Backing,15,Driving Skills/Knowledge/Experience,1,No Controls,1,No Controls,1,Clear,3,Dusk,7,Parking Lot,1,Dry,3,Free Flow,1,No Defects,O80,O13,41.8800392,-87.7758865,41.8797798,-87.7789154,1136058.00,1899366.00
30231,24 03481,2403481,X003470201,2024-06-22,03:56:00,2024-06-22 03:56:00,2024-07-02 09:11:06,N Harlem Ave/North Ave,,N HARLEM AVE,NORTH AVE,1,1,0,0,Property Damage,No Injuries,Car,12,Sideswipe - Same Direction,2,2,0,5,"Over $1,500",0,1,0,0,0,0,0,50,"Oper. Veh. In Erratic,Reckless,Careless Manne",28,Failing To Reduce Speed To Avoid Crash,3,Traffic Signal,4,Functioning Properly,1,Clear,5,"Darkness, Lighted Road",14,Four-Way Intersection,1,Dry,2,Stopped,1,No Defects,O20,O3,41.9088783,-87.8057938,41.9088860,-87.8057556,1127849.25,1909824.75
30180,24 03489,2403489,X003461995,2024-06-22,13:31:00,2024-06-22 13:31:00,2024-06-24 10:17:20,Harrison St/S Harvey Ave,,HARRISON ST,S HARVEY AVE,0,0,0,1,Property Damage,No Injuries,Car,9,Parked Motor Vehicle,2,2,0,3,$500 or less,1,0,0,0,0,0,0,28,Failing To Reduce Speed To Avoid Crash,18,Unable To Determine,1,No Controls,1,No Controls,9,Unknown,9,Unknown,1,Not Divided,1,Dry,3,Free Flow,1,No Defects,O80,O13,41.8727150,-87.7805405,41.8726883,-87.7805405,1134807.50,1896689.63
30174,24 03490,2403490,X003461989,2024-06-22,14:42:00,2024-06-22 14:42:00,2024-06-24 10:11:50,S Oak Park Ave/Roosevelt Rd,,S OAK PARK AVE,ROOSEVELT RD,0,1,0,0,Property Damage,No Injuries,Car,11,Front To Rear,2,2,0,4,"$501 to $1,500",1,0,0,0,0,0,0,28,Failing To Reduce Speed To Avoid Crash,03,Following Too Closely,3,Traffic Signal,4,Functioning Properly,1,Clear,1,Daylight,1,Not Divided,1,Dry,3,Free Flow,1,No Defects,O90,O17,41.8651657,-87.7937164,41.8651657,-87.7937546,1131236.00,1893916.13
30181,24 03495,2403495,X003461996,2024-06-22,22:13:00,2024-06-22 22:13:00,2024-06-24 10:28:21,S Ridgeland Ave/Madison St,,S RIDGELAND AVE,MADISON ST,1,1,0,0,Property Damage,No Injuries,Car,10,Turning (At Least One Vehicle),2,2,0,4,"$501 to $1,500",0,1,0,0,0,0,0,06,Improper Turning/No Signal,99,Not Applicable,3,Traffic Signal,1,No Controls,1,Clear,4,Darkness,14,Four-Way Intersection,1,Dry,1,Slow,1,No Defects,O80,O13,41.8799324,-87.7844238,41.8799324,-87.7844620,1133732.63,1899313.88
30179,24 03501,2403501,X003461994,2024-06-23,02:33:00,2024-06-23 02:33:00,2024-06-24 10:17:20,S Harlem Ave/Garfield St,,S HARLEM AVE,GARFIELD ST,1,1,0,1,Property Damage,No Injuries,Car,11,Front To Rear,2,2,0,5,"Over $1,500",1,0,0,0,0,0,0,28,Failing To Reduce Speed To Avoid Crash,99,Not Applicable,3,Traffic Signal,4,Functioning Properly,2,Rain,5,"Darkness, Lighted Road",14,Four-Way Intersection,2,Wet,3,Free Flow,1,No Defects,O90,O18,41.8723068,-87.8044357,41.8723183,-87.8044663,1128300.88,1896500.75
30178,24 03504,2403504,X003461993,2024-06-23,09:56:00,2024-06-23 09:56:00,2024-06-24 10:17:20,Chicago Ave/N Austin Blvd,,CHICAGO AVE,N AUSTIN BLVD,0,1,0,1,Property Damage,No Injuries,Car,12,Sideswipe - Same Direction,2,2,0,4,"$501 to $1,500",1,0,0,0,0,0,0,18,Unable To Determine,18,Unable To Determine,3,Traffic Signal,4,Functioning Properly,1,Clear,1,Daylight,1,Not Divided,1,Dry,2,Stopped,1,No Defects,O30,O7,41.8946877,-87.7751465,41.8947105,-87.7751389,1136225.63,1904705.00
30182,24 03529,2403529,X003461997,2024-06-24,12:07:00,2024-06-24 12:07:00,2024-06-24 14:28:02,340 S Kenilworth Ave,340,S KENILWORTH AVE,,0,0,0,0,Property Damage,No Injuries,Car,9,Parked Motor Vehicle,2,2,0,4,"$501 to $1,500",1,0,0,0,0,0,0,28,Failing To Reduce Speed To Avoid Crash,15,Driving Skills/Knowledge/Experience,1,No Controls,1,No Controls,1,Clear,1,Daylight,1,Not Divided,1,Dry,3,Free Flow,1,No Defects,O70,O12,41.8868637,-87.7970962,41.8818588,-87.7968445,1130265.75,1901816.13
30185,24 03532,2403532,X003462416,2024-06-24,15:28:00,2024-06-24 15:28:00,2024-06-25 08:54:01,N Harlem Ave/South Blvd,,N HARLEM AVE,SOUTH BLVD,1,1,0,0,Property Damage,No Injuries,Car,11,Front To Rear,3,3,0,5,"Over $1,500",0,1,0,0,0,0,0,03,Following Too Closely,28,Failing To Reduce Speed To Avoid Crash,3,Traffic Signal,4,Functioning Properly,1,Clear,1,Daylight,14,Four-Way Intersection,1,Dry,2,Stopped,1,No Defects,F1,FPPD,41.8866921,-87.8050156,41.8867111,-87.8049927,1128109.63,1901740.13
30188,24 03550,2403550,X003462420,2024-06-25,08:11:00,2024-06-25 08:11:00,2024-06-25 10:21:10,Division St/N Ridgeland Ave,,DIVISION ST,N RIDGELAND AVE,1,1,0,0,Property Damage,No Injuries,Car,12,Sideswipe - Same Direction,2,2,0,5,"Over $1,500",1,0,0,0,0,0,0,15,Driving Skills/Knowledge/Experience,99,Not Applicable,3,Traffic Signal,4,Functioning Properly,2,Rain,1,Daylight,1,Not Divided,2,Wet,3,Free Flow,1,No Defects,O10,O4,41.9018593,-87.7841949,41.9018860,-87.7848740,1133744.00,1907303.25
30191,24 03551,2403551,X003463736,2024-06-25,08:22:00,2024-06-25 08:22:00,2024-06-26 09:47:14,Lake St/N Harvey Ave,,LAKE ST,N HARVEY AVE,0,0,0,0,Property Damage,No Injuries,Car,11,Front To Rear,2,2,0,4,"$501 to $1,500",1,0,0,0,0,0,0,28,Failing To Reduce Speed To Avoid Crash,99,Not Applicable,1,No Controls,1,No Controls,2,Rain,1,Daylight,2,"Divided, No Median Barrier",2,Wet,2,Stopped,1,No Defects,O30,O7,41.8881989,-87.7814407,41.8882217,-87.7814407,1134526.25,1902330.00
30192,24 03552,2403552,X003463738,2024-06-25,08:34:00,2024-06-25 08:34:00,2024-06-26 09:52:44,N Oak Park Ave/Thomas St,,N OAK PARK AVE,THOMAS ST,1,0,0,0,Property Damage,No Injuries,Car,11,Front To Rear,2,2,0,3,$500 or less,1,0,0,0,0,0,0,28,Failing To Reduce Speed To Avoid Crash,18,Unable To Determine,1,No Controls,1,No Controls,2,Rain,1,Daylight,1,Not Divided,2,Wet,1,Slow,1,No Defects,O20,O6,41.8998756,-87.7948608,41.8998795,-87.7948227,1130845.88,1906562.25
30190,24 03557,2403557,X003463744,2024-06-25,09:53:00,2024-06-25 09:53:00,2024-06-26 09:47:14,Madison St/N Austin Blvd,,MADISON ST,N AUSTIN BLVD,0,0,0,1,Property Damage,No Injuries,Car,12,Sideswipe - Same Direction,2,2,0,5,"Over $1,500",1,0,0,0,0,0,0,28,Failing To Reduce Speed To Avoid Crash,99,Not Applicable,1,No Controls,1,No Controls,9,Unknown,9,Unknown,2,"Divided, No Median Barrier",9,Unknown,3,Free Flow,99,Unknown,O80,O13,41.8800621,-87.7746582,41.8800888,-87.7746582,1136391.38,1899377.50
30193,24 03573,2403573,X003463745,2024-06-25,19:22:00,2024-06-25 19:22:00,2024-06-26 09:52:44,Ontario St/N Kenilworth Ave,,ONTARIO ST,N KENILWORTH AVE,1,0,0,1,Property Damage,No Injuries,Car,9,Parked Motor Vehicle,2,2,0,5,"Over $1,500",1,0,0,0,0,0,0,99,Not Applicable,99,Not Applicable,1,No Controls,1,No Controls,1,Clear,1,Daylight,2,"Divided, No Median Barrier",1,Dry,2,Stopped,1,No Defects,O40,O9,41.8901482,-87.7975464,41.8901749,-87.7975540,1130135.38,1903013.75
30202,24 03588,2403588,X003465065,2024-06-26,12:40:00,2024-06-26 12:40:00,2024-06-27 09:02:09,N Oak Park Ave/Erie St,,N OAK PARK AVE,ERIE ST,1,0,0,0,Property Damage,No Injuries,Car,9,Parked Motor Vehicle,2,2,0,4,"$501 to $1,500",1,0,0,0,0,0,0,04,Improper Overtaking/Passing,99,Not Applicable,1,No Controls,1,No Controls,1,Clear,1,Daylight,2,"Divided, No Median Barrier",9,Unknown,3,Free Flow,99,Unknown,O40,O9,41.8915558,-87.7946396,41.8915520,-87.7946014,1130925.00,1903530.00
30261,24 03604,2403604,X003477008,2024-06-26,13:55:00,2024-06-26 13:55:00,2024-07-08 10:49:44,Roosevelt Rd/S 61St Ct,,ROOSEVELT RD,S 61ST CT,1,0,0,1,Injury,B Injury Crash,Pedestrian,1,Pedestrian,2,1,0,4,"$501 to $1,500",0,1,0,0,1,0,1,20,Improper Lane Usage,28,Failing To Reduce Speed To Avoid Crash,1,No Controls,1,No Controls,1,Clear,1,Daylight,3,Divided With Median Barrier,1,Dry,3,Free Flow,1,No Defects,O90,O16,41.8654442,-87.7778168,41.8652458,-87.7891693,1135565.00,1894044.38
30200,24 03594,2403594,X003465884,2024-06-26,14:16:00,2024-06-26 14:16:00,2024-06-27 09:07:41,S Maple Ave/Randolph St,,S MAPLE AVE,RANDOLPH ST,0,0,0,0,Property Damage,No Injuries,Car,15,Angle,2,2,0,5,"Over $1,500",1,0,0,0,0,0,0,02,Failing To Yield Right-Of-Way,28,Failing To Reduce Speed To Avoid Crash,2,Stop Sign,4,Functioning Properly,1,Clear,1,Daylight,1,Not Divided,1,Dry,3,Free Flow,1,No Defects,O70,O12,41.8832398,-87.8039551,41.8832359,-87.8039932,1128406.25,1900484.88
30196,24 03592,2403592,X003465068,2024-06-26,14:19:00,2024-06-26 14:19:00,2024-06-27 09:02:09,Chicago Ave/N Marion St,,CHICAGO AVE,N MARION ST,0,0,0,0,Property Damage,No Injuries,Car,10,Turning (At Least One Vehicle),2,2,0,5,"Over $1,500",1,0,0,0,0,0,0,02,Failing To Yield Right-Of-Way,15,Driving Skills/Knowledge/Experience,1,No Controls,1,No Controls,1,Clear,1,Daylight,1,Not Divided,1,Dry,3,Free Flow,1,No Defects,O40,O9,41.8942337,-87.8028259,41.8942528,-87.8032684,1128690.13,1904493.25
30197,24 03593,2403593,X003465880,2024-06-26,14:22:00,2024-06-26 14:22:00,2024-06-27 09:02:10,Lake St/N Harlem Ave,,LAKE ST,N HARLEM AVE,1,1,0,0,Property Damage,No Injuries,Car,11,Front To Rear,2,2,0,4,"$501 to $1,500",1,0,0,0,0,0,0,03,Following Too Closely,03,Following Too Closely,3,Traffic Signal,4,Functioning Properly,1,Clear,1,Daylight,4,Two-Way Continuous Left-Turn Lane,9,Unknown,2,Stopped,99,Unknown,O40,O9,41.8885536,-87.8050537,41.8885841,-87.8050537,1128096.13,1902419.63
30195,24 03596,2403596,X003465879,2024-06-26,15:23:00,2024-06-26 15:23:00,2024-06-27 09:02:09,N Harlem Ave/Randolph St,,N HARLEM AVE,RANDOLPH ST,0,1,0,1,Injury,C Injury Crash,Car,10,Turning (At Least One Vehicle),2,2,0,5,"Over $1,500",0,1,0,0,0,1,1,02,Failing To Yield Right-Of-Way,99,Not Applicable,1,No Controls,1,No Controls,1,Clear,1,Daylight,8,Other,1,Dry,3,Free Flow,1,No Defects,F1,FPPD,41.8832092,-87.8048935,41.8832283,-87.8048630,1128150.63,1900472.25
30207,24 03603,2403603,X003466119,2024-06-26,17:50:00,2024-06-26 17:50:00,2024-06-28 09:39:08,S Oak Park Ave/Randolph St,,S OAK PARK AVE,RANDOLPH ST,1,1,0,1,Property Damage,No Injuries,Car,13,Sideswipe - Opposite Direction,2,2,0,4,"$501 to $1,500",1,0,0,0,0,0,0,18,Unable To Determine,99,Not Applicable,2,Stop Sign,4,Functioning Properly,1,Clear,1,Daylight,1,Not Divided,1,Dry,1,Slow,1,No Defects,O60,O11,41.8832970,-87.7943268,41.8834534,-87.7943649,1131028.38,1900522.88
30199,24 03605,2403605,X003465883,2024-06-26,20:15:00,2024-06-26 20:15:00,2024-06-27 09:02:10,S Austin Blvd/I290 Expy W,,S AUSTIN BLVD,I290 EXPY W,1,1,0,1,Property Damage,No Injuries,Car,10,Turning (At Least One Vehicle),2,2,0,3,$500 or less,1,0,0,0,0,0,0,06,Improper Turning/No Signal,99,Not Applicable,3,Traffic Signal,4,Functioning Properly,1,Clear,1,Daylight,14,Four-Way Intersection,1,Dry,1,Slow,1,No Defects,O80,O13,41.8712502,-87.7743759,41.8712502,-87.7743378,1136490.13,1896166.00
30198,24 03606,2403606,X003465882,2024-06-27,00:23:00,2024-06-27 00:23:00,2024-06-27 09:02:10,N Oak Park Ave/Chicago Ave,,N OAK PARK AVE,CHICAGO AVE,1,0,0,1,Property Damage,No Injuries,Car,11,Front To Rear,2,2,0,5,"Over $1,500",1,0,0,0,0,0,0,28,Failing To Reduce Speed To Avoid Crash,15,Driving Skills/Knowledge/Experience,3,Traffic Signal,4,Functioning Properly,1,Clear,1,Daylight,4,Two-Way Continuous Left-Turn Lane,1,Dry,2,Stopped,1,No Defects,O40,O9,41.8944054,-87.7947082,41.8944054,-87.7946777,1130898.00,1904568.63
30209,24 03608,2403608,X003466133,2024-06-27,07:29:00,2024-06-27 07:29:00,2024-06-28 09:39:09,Madison St/S Taylor Ave,,MADISON ST,S TAYLOR AVE,0,0,0,0,Property Damage,No Injuries,Car,11,Front To Rear,2,2,0,4,"$501 to $1,500",1,0,0,0,0,0,0,28,Failing To Reduce Speed To Avoid Crash,99,Not Applicable,1,No Controls,1,No Controls,1,Clear,1,Daylight,2,"Divided, No Median Barrier",1,Dry,2,Stopped,1,No Defects,O80,O13,41.8800087,-87.7779312,41.8800316,-87.7783203,1135501.50,1899352.50
30208,24 03616,2403616,X003466208,2024-06-27,13:27:00,2024-06-27 13:27:00,2024-06-28 09:39:08,S Marion St/South Blvd,,S MARION ST,SOUTH BLVD,0,0,0,0,Property Damage,No Injuries,Car,9,Parked Motor Vehicle,2,2,0,5,"Over $1,500",1,0,0,0,0,0,0,20,Improper Lane Usage,28,Failing To Reduce Speed To Avoid Crash,13,Other,4,Functioning Properly,1,Clear,1,Daylight,7,Parking Lot,1,Dry,1,Slow,1,No Defects,O70,O12,41.8867378,-87.8024979,41.8867378,-87.8025360,1128796.25,1901762.25
30205,24 03620,2403620,X003466213,2024-06-27,15:19:00,2024-06-27 15:19:00,2024-06-28 09:39:08,330 N Austin Blvd,330,N AUSTIN BLVD,,0,0,0,1,Property Damage,No Injuries,Car,12,Sideswipe - Same Direction,3,3,0,5,"Over $1,500",0,1,0,0,0,0,0,99,Not Applicable,99,Not Applicable,1,No Controls,1,No Controls,1,Clear,1,Daylight,1,Not Divided,1,Dry,3,Free Flow,1,No Defects,O50,O10,41.8855820,-87.7748108,41.8865318,-87.7750702,1136337.25,1901388.63
30233,24 03622,2403622,X003471258,2024-06-27,15:54:00,2024-06-27 15:54:00,2024-07-02 16:44:20,S Austin Blvd/Garfield St,,S AUSTIN BLVD,GARFIELD ST,1,1,0,0,Property Damage,No Injuries,Car,10,Turning (At Least One Vehicle),2,2,0,5,"Over $1,500",0,1,0,0,0,0,0,02,Failing To Yield Right-Of-Way,28,Failing To Reduce Speed To Avoid Crash,2,Stop Sign,4,Functioning Properly,1,Clear,1,Daylight,1,Not Divided,1,Dry,3,Free Flow,1,No Defects,O90,O16,41.8704185,-87.7743530,41.8704224,-87.7743149,1136497.13,1895864.88
30203,24 03623,2403623,X003466217,2024-06-27,16:01:00,2024-06-27 16:01:00,2024-06-28 09:33:37,Madison St/Clinton Ave,,MADISON ST,CLINTON AVE,0,0,0,0,Property Damage,No Injuries,Car,10,Turning (At Least One Vehicle),2,2,0,5,"Over $1,500",1,0,0,0,0,0,0,06,Improper Turning/No Signal,02,Failing To Yield Right-Of-Way,13,Other,4,Functioning Properly,1,Clear,1,Daylight,2,"Divided, No Median Barrier",1,Dry,3,Free Flow,1,No Defects,O70,O12,41.8797226,-87.7988281,41.8796921,-87.7988281,1129811.75,1899211.38
30206,24 03624,2403624,X003466226,2024-06-27,16:06:00,2024-06-27 16:06:00,2024-06-28 09:39:08,North Blvd/N Oak Park Ave,,NORTH BLVD,N OAK PARK AVE,0,0,0,0,Property Damage,No Injuries,Car,9,Parked Motor Vehicle,2,2,0,5,"Over $1,500",1,0,0,0,0,0,0,30,Improper Backing,99,Not Applicable,1,No Controls,1,No Controls,1,Clear,1,Daylight,10,One-Way,1,Dry,3,Free Flow,1,No Defects,O30,O8,41.8872833,-87.7944717,41.8873138,-87.7944794,1130980.38,1901974.00
30240,24 03641,2403641,X003472458,2024-06-28,12:27:00,2024-06-28 12:27:00,2024-07-03 17:24:22,S Oak Park Ave/Randolph St,,S OAK PARK AVE,RANDOLPH ST,1,1,0,1,Property Damage,No Injuries,Car,11,Front To Rear,2,2,0,3,$500 or less,1,0,0,0,0,0,0,03,Following Too Closely,28,Failing To Reduce Speed To Avoid Crash,1,No Controls,1,No Controls,8,Cloudy/Overcast,1,Daylight,1,Not Divided,2,Wet,3,Free Flow,1,No Defects,O60,O11,41.8832970,-87.7943268,41.8834534,-87.7943649,1131028.38,1900522.88
30221,24 03647,2403647,X003469134,2024-06-28,18:02:00,2024-06-28 18:02:00,2024-07-01 09:43:04,S Oak Park Ave/Roosevelt Rd,,S OAK PARK AVE,ROOSEVELT RD,0,0,0,0,Property Damage,No Injuries,Car,11,Front To Rear,2,2,0,4,"$501 to $1,500",1,0,0,0,0,0,0,28,Failing To Reduce Speed To Avoid Crash,03,Following Too Closely,1,No Controls,1,No Controls,2,Rain,1,Daylight,1,Not Divided,2,Wet,1,Slow,1,No Defects,O90,O17,41.8651657,-87.7937164,41.8651657,-87.7937546,1131236.00,1893916.13
30222,24 03648,2403648,X003469144,2024-06-28,18:46:00,2024-06-28 18:46:00,2024-07-01 09:43:04,Madison St/S Maple Ave,,MADISON ST,S MAPLE AVE,1,1,0,0,Injury,B Injury Crash,Car,15,Angle,2,2,0,5,"Over $1,500",0,1,0,0,1,0,1,28,Failing To Reduce Speed To Avoid Crash,02,Failing To Yield Right-Of-Way,1,No Controls,1,No Controls,2,Rain,1,Daylight,1,Not Divided,2,Wet,3,Free Flow,1,No Defects,O60,O15,41.8795929,-87.8038635,41.8796196,-87.8038635,1128439.38,1899156.50
30279,24 03656,2403656,X003479333,2024-06-29,00:11:00,2024-06-29 00:11:00,2024-07-10 16:30:50,Washington Blvd/S Elmwood Ave,,WASHINGTON BLVD,S ELMWOOD AVE,1,0,0,0,Property Damage,No Injuries,Car,9,Parked Motor Vehicle,2,2,0,3,$500 or less,0,1,0,0,0,0,0,99,Not Applicable,99,Not Applicable,1,No Controls,1,No Controls,2,Rain,5,"Darkness, Lighted Road",1,Not Divided,2,Wet,3,Free Flow,99,Unknown,O60,O11,41.8816643,-87.7861404,41.8816872,-87.7861404,1133261.63,1899941.13
30213,24 03675,2403675,X003469986,2024-06-29,10:32:00,2024-06-29 10:32:00,2024-07-01 09:15:37,N Austin Blvd/Division St,,N AUSTIN BLVD,DIVISION ST,0,0,0,0,Property Damage,No Injuries,Car,10,Turning (At Least One Vehicle),2,2,0,5,"Over $1,500",1,0,0,0,0,0,0,06,Improper Turning/No Signal,99,Not Applicable,1,No Controls,1,No Controls,1,Clear,2,Dawn,1,Not Divided,1,Dry,3,Free Flow,1,No Defects,O10,O4,41.9019966,-87.7753296,41.9020004,-87.7753677,1136156.75,1907368.88
30211,24 03660,2403660,X003467860,2024-06-29,11:49:00,2024-06-29 11:49:00,2024-06-29 13:42:25,Randolph St/Home Ave,,RANDOLPH ST,HOME AVE,1,1,0,0,Property Damage,No Injuries,Car,15,Angle,2,2,0,5,"Over $1,500",1,0,0,0,0,0,0,23,Disregarding Stop Sign,99,Not Applicable,2,Stop Sign,4,Functioning Properly,1,Clear,1,Daylight,1,Not Divided,1,Dry,3,Free Flow,1,No Defects,O70,O12,41.8832932,-87.8000031,41.8833275,-87.8000031,1129483.88,1900511.75
30216,24 03661,2403661,X003469154,2024-06-29,13:22:00,2024-06-29 13:22:00,2024-07-01 09:37:29,N Humphrey Ave/Lake St,,N HUMPHREY AVE,LAKE ST,1,0,0,0,Property Damage,No Injuries,Car,15,Angle,2,2,0,5,"Over $1,500",1,0,0,0,0,0,0,02,Failing To Yield Right-Of-Way,28,Failing To Reduce Speed To Avoid Crash,1,No Controls,1,No Controls,1,Clear,1,Daylight,1,Not Divided,1,Dry,3,Free Flow,1,No Defects,O30,O7,41.8880768,-87.7765961,41.8880806,-87.7765579,1135846.75,1902294.00
30219,24 03667,2403667,X003469161,2024-06-29,18:05:00,2024-06-29 18:05:00,2024-07-01 09:43:03,North Blvd/N Oak Park Ave,,NORTH BLVD,N OAK PARK AVE,1,1,0,0,Property Damage,No Injuries,Car,10,Turning (At Least One Vehicle),3,3,0,5,"Over $1,500",1,0,0,0,0,0,0,20,Improper Lane Usage,18,Unable To Determine,3,Traffic Signal,4,Functioning Properly,1,Clear,1,Daylight,14,Four-Way Intersection,1,Dry,3,Free Flow,1,No Defects,O30,O8,41.8872833,-87.7944717,41.8873138,-87.7944794,1130980.38,1901974.00
30217,24 03668,2403668,X003469990,2024-06-29,20:32:00,2024-06-29 20:32:00,2024-07-01 09:43:03,430 N Austin Blvd,430,N AUSTIN BLVD,,0,0,0,0,Injury,B Injury Crash,Car,11,Front To Rear,2,2,0,4,"$501 to $1,500",0,1,0,0,1,0,1,28,Failing To Reduce Speed To Avoid Crash,99,Not Applicable,1,No Controls,1,No Controls,1,Clear,3,Dusk,2,"Divided, No Median Barrier",1,Dry,2,Stopped,1,No Defects,O30,O7,41.8884811,-87.7749252,41.8885727,-87.7750855,1136300.63,1902445.88
30223,24 03676,2403676,X003469995,2024-06-30,11:00:00,2024-06-30 11:00:00,2024-07-01 09:43:04,S Ridgeland Ave/Roosevelt Rd,,S RIDGELAND AVE,ROOSEVELT RD,1,0,0,0,Property Damage,No Injuries,Car,11,Front To Rear,2,2,0,4,"$501 to $1,500",1,0,0,0,0,0,0,28,Failing To Reduce Speed To Avoid Crash,99,Not Applicable,3,Traffic Signal,4,Functioning Properly,1,Clear,1,Daylight,2,"Divided, No Median Barrier",1,Dry,2,Stopped,1,No Defects,O90,O17,41.8653374,-87.7839279,41.8653374,-87.7839661,1133901.50,1893995.88
30214,24 03681,2403681,X003469988,2024-06-30,14:34:00,2024-06-30 14:34:00,2024-07-01 09:10:09,N Oak Park Ave/Erie St,,N OAK PARK AVE,ERIE ST,0,0,0,1,Property Damage,No Injuries,Car,9,Parked Motor Vehicle,2,2,0,5,"Over $1,500",1,0,0,0,0,0,0,99,Not Applicable,99,Not Applicable,1,No Controls,1,No Controls,1,Clear,5,"Darkness, Lighted Road",1,Not Divided,1,Dry,3,Free Flow,1,No Defects,O40,O9,41.8915558,-87.7946396,41.8915520,-87.7946014,1130925.00,1903530.00
30220,24 03686,2403686,X003469992,2024-07-01,04:54:00,2024-07-01 04:54:00,2024-07-01 09:43:03,S Harlem Ave/Lexington St,,S HARLEM AVE,LEXINGTON ST,0,0,0,0,Property Damage,No Injuries,Car,10,Turning (At Least One Vehicle),2,2,0,5,"Over $1,500",1,0,0,0,0,0,0,28,Failing To Reduce Speed To Avoid Crash,06,Improper Turning/No Signal,1,No Controls,1,No Controls,1,Clear,2,Dawn,2,"Divided, No Median Barrier",1,Dry,3,Free Flow,1,No Defects,O90,O18,41.8704796,-87.8043671,41.8704834,-87.8043976,1128323.00,1895834.00
30224,24 03687,2403687,X003469996,2024-07-01,06:24:00,2024-07-01 06:24:00,2024-07-01 16:21:40,N Oak Park Ave/Chicago Ave,,N OAK PARK AVE,CHICAGO AVE,1,1,0,0,Property Damage,No Injuries,Car,15,Angle,2,2,0,4,"$501 to $1,500",1,0,0,0,0,0,0,25,Disregarding Traffic Signals,99,Not Applicable,3,Traffic Signal,4,Functioning Properly,1,Clear,1,Daylight,2,"Divided, No Median Barrier",1,Dry,3,Free Flow,1,No Defects,O40,O9,41.8944054,-87.7947082,41.8944054,-87.7946777,1130898.00,1904568.63
30228,24 03689,2403689,X003470000,2024-07-01,07:04:00,2024-07-01 07:04:00,2024-07-01 16:27:15,N East Ave/North Blvd,,N EAST AVE,NORTH BLVD,1,0,0,1,Property Damage,No Injuries,Car,14,Front To Front,2,2,0,4,"$501 to $1,500",1,0,0,0,0,0,0,05,Driving On Wrong Side/Wrong Way,99,Not Applicable,1,No Controls,1,No Controls,1,Clear,4,Darkness,1,Not Divided,9,Unknown,3,Free Flow,99,Unknown,O30,O8,41.8873940,-87.7896118,41.8874054,-87.7895737,1132303.75,1902023.63
30225,24 03688,2403688,X003469997,2024-07-01,07:12:00,2024-07-01 07:12:00,2024-07-01 16:21:42,North Ave/N Taylor Ave,,NORTH AVE,N TAYLOR AVE,0,0,0,0,Property Damage,No Injuries,Car,11,Front To Rear,2,2,0,4,"$501 to $1,500",1,0,0,0,0,0,0,28,Failing To Reduce Speed To Avoid Crash,15,Driving Skills/Knowledge/Experience,1,No Controls,1,No Controls,1,Clear,1,Daylight,1,Not Divided,1,Dry,2,Stopped,1,No Defects,O10,O1,41.9091988,-87.7782135,41.9092293,-87.7782135,1135355.38,1909988.38