record_id,report_number,crash_id,idot_crash_number,date,time,occurred_at,record_added_at,location,street_number,street_name,cross_street,at_intersection,intersection_related,private_property,hit_and_run,crash_severity,crash_injury_severity,crash_mode,crash_type_code,crash_type,total_units,num_motor_vehicles,dooring_pedalcyclist,damage_code,damage,no_injury_drive_away,injury_or_towed,fatalities,a_injuries,b_injuries,c_injuries,total_injured,cause1_code,cause1,cause2_code,cause2,traffic_control_code,traffic_control,device_condition_code,device_condition,weather_code,weather,lighting_code,lighting,trafficway_code,trafficway,road_surface_code,road_surface,flow_condition_code,flow_condition,road_defects_code,road_defects,beat_zone,post_district,latitude,longitude,latitude_geocoded,longitude_geocoded,state_plane_x,state_plane_y
30227,24 03690,2403690,X003469999,2024-07-01,07:47:00,2024-07-01 07:47:00,2024-07-01 16:27:14,N Ridgeland Ave/Division St,,N RIDGELAND AVE,DIVISION ST,0,0,0,1,Property Damage,No Injuries,Car,9,Parked Motor Vehicle,2,2,0,5,"Over $1,500",0,1,0,0,0,0,0,18,Unable To Determine,18,Unable To Determine,1,No Controls,1,No Controls,1,Clear,1,Daylight,1,Not Divided,1,Dry,3,Free Flow,1,No Defects,O20,O2,41.9018860,-87.7849121,41.9018860,-87.7848740,1133548.63,1907311.13
30226,24 03692,2403692,X003469998,2024-07-01,08:47:00,2024-07-01 08:47:00,2024-07-01 16:21:42,Fillmore St/S East Ave,,FILLMORE ST,S EAST AVE,1,1,0,0,Property Damage,No Injuries,Car,15,Angle,2,2,0,4,"$501 to $1,500",1,0,0,0,0,0,0,30,Improper Backing,28,Failing To Reduce Speed To Avoid Crash,1,No Controls,1,No Controls,1,Clear,1,Daylight,1,Not Divided,1,Dry,3,Free Flow,1,No Defects,O90,O17,41.8670425,-87.7889252,41.8670731,-87.7889328,1132536.75,1894608.00
30229,24 03693,2403693,X003470001,2024-07-01,09:17:00,2024-07-01 09:17:00,2024-07-01 16:27:15,N Ridgeland Ave/Erie St,,N RIDGELAND AVE,ERIE ST,1,0,0,0,Property Damage,No Injuries,Car,11,Front To Rear,2,2,0,4,"$501 to $1,500",1,0,0,0,0,0,0,28,Failing To Reduce Speed To Avoid Crash,99,Not Applicable,1,No Controls,1,No Controls,1,Clear,1,Daylight,1,Not Divided,9,Unknown,3,Free Flow,99,Unknown,O30,O8,41.8917160,-87.7848282,41.8917236,-87.7847977,1133594.00,1903606.63
30262,24 03704,2403704,X003477009,2024-07-01,18:03:00,2024-07-01 18:03:00,2024-07-08 10:49:45,N Oak Park Ave/Chicago Ave,,N OAK PARK AVE,CHICAGO AVE,1,0,0,0,Property Damage,No Injuries,Car,9,Parked Motor Vehicle,2,2,0,5,"Over $1,500",1,0,0,0,0,0,0,02,Failing To Yield Right-Of-Way,99,Not Applicable,1,No Controls,1,No Controls,1,Clear,1,Daylight,1,Not Divided,1,Dry,1,Slow,1,No Defects,O40,O9,41.8944054,-87.7947082,41.8944054,-87.7946777,1130898.00,1904568.63
30272,24 03702,2403702,X003477019,2024-07-01,18:47:00,2024-07-01 18:47:00,2024-07-08 11:11:48,North Blvd/N Euclid Ave,,NORTH BLVD,N EUCLID AVE,1,0,0,1,Property Damage,No Injuries,Car,9,Parked Motor Vehicle,2,2,0,3,$500 or less,1,0,0,0,0,0,0,30,Improper Backing,99,Not Applicable,1,No Controls,1,No Controls,1,Clear,1,Daylight,7,Parking Lot,1,Dry,3,Free Flow,1,No Defects,O30,O8,41.8873024,-87.7926788,41.8873329,-87.7926788,1131467.38,1901984.25
30234,24 03715,2403715,X003471259,2024-07-02,10:01:00,2024-07-02 10:01:00,2024-07-02 16:44:20,Madison St/S Humphrey Ave,,MADISON ST,S HUMPHREY AVE,1,0,0,1,Property Damage,No Injuries,Car,11,Front To Rear,2,2,0,4,"$501 to $1,500",1,0,0,0,0,0,0,06,Improper Turning/No Signal,99,Not Applicable,1,No Controls,1,No Controls,8,Cloudy/Overcast,1,Daylight,7,Parking Lot,9,Unknown,2,Stopped,99,Unknown,O80,O13,41.8800392,-87.7758865,41.8800697,-87.7758865,1136058.00,1899366.00
30266,24 03779,2403779,X003477014,2024-07-02,10:11:00,2024-07-02 10:11:00,2024-07-08 11:06:17,Gunderson Ave/Fillmore St,,GUNDERSON AVE,FILLMORE ST,0,0,0,0,Property Damage,No Injuries,Car,9,Parked Motor Vehicle,2,2,0,5,"Over $1,500",1,0,0,0,0,0,0,15,Driving Skills/Knowledge/Experience,20,Improper Lane Usage,13,Other,4,Functioning Properly,1,Clear,1,Daylight,1,Not Divided,1,Dry,3,Free Flow,1,No Defects,O90,O17,41.8671150,-87.7864380,41.8671188,-87.7864761,1133213.00,1894639.63
30232,24 03720,2403720,X003471257,2024-07-02,12:12:00,2024-07-02 12:12:00,2024-07-02 16:44:19,460 N Austin Blvd,460,N AUSTIN BLVD,,0,0,0,0,Property Damage,No Injuries,Car,11,Front To Rear,3,3,0,4,"$501 to $1,500",1,0,0,0,0,0,0,18,Unable To Determine,18,Unable To Determine,1,No Controls,1,No Controls,8,Cloudy/Overcast,1,Daylight,1,Not Divided,1,Dry,1,Slow,1,No Defects,O30,O7,41.8895035,-87.7749481,41.8895187,-87.7751617,1136290.38,1902817.63
30270,24 03809,2403809,X003477017,2024-07-02,14:18:00,2024-07-02 14:18:00,2024-07-08 11:11:47,Chicago Ave/N Austin Blvd,,CHICAGO AVE,N AUSTIN BLVD,1,0,0,1,Injury,B Injury Crash,Car,11,Front To Rear,4,4,0,4,"$501 to $1,500",0,1,0,0,1,0,1,28,Failing To Reduce Speed To Avoid Crash,03,Following Too Closely,1,No Controls,1,No Controls,9,Unknown,1,Daylight,2,"Divided, No Median Barrier",9,Unknown,1,Slow,99,Unknown,O10,O4,41.8946877,-87.7751389,41.8947105,-87.7751389,1136227.25,1904705.00
30235,24 03730,2403730,X003471260,2024-07-02,18:37:00,2024-07-02 18:37:00,2024-07-02 19:33:27,Jackson Blvd/Home Ave,,JACKSON BLVD,HOME AVE,0,0,0,0,Property Damage,No Injuries,Car,11,Front To Rear,2,2,0,5,"Over $1,500",1,0,0,0,0,0,0,03,Following Too Closely,28,Failing To Reduce Speed To Avoid Crash,2,Stop Sign,4,Functioning Properly,1,Clear,1,Daylight,2,"Divided, No Median Barrier",1,Dry,2,Stopped,1,No Defects,O60,O15,41.8753929,-87.7997131,41.8754234,-87.7997131,1129579.00,1897632.63
30241,24 03739,2403739,X003473367,2024-07-03,08:25:00,2024-07-03 08:25:00,2024-07-03 17:29:54,Madison St/Wisconsin Ave,,MADISON ST,WISCONSIN AVE,0,0,0,0,Property Damage,No Injuries,Car,18,Rear To Front,2,2,0,5,"Over $1,500",1,0,0,0,0,0,0,30,Improper Backing,99,Not Applicable,1,No Controls,1,No Controls,8,Cloudy/Overcast,1,Daylight,1,Not Divided,1,Dry,3,Free Flow,1,No Defects,O60,O15,41.8796082,-87.8023148,41.8796387,-87.8023148,1128861.88,1899164.00
30244,24 03744,2403744,X003472462,2024-07-03,13:09:00,2024-07-03 13:09:00,2024-07-03 17:29:55,Madison St/Highland Ave,,MADISON ST,HIGHLAND AVE,1,0,0,0,Property Damage,No Injuries,Car,11,Front To Rear,2,2,0,5,"Over $1,500",0,1,0,0,0,0,0,03,Following Too Closely,28,Failing To Reduce Speed To Avoid Crash,1,No Controls,1,No Controls,1,Clear,1,Daylight,1,Not Divided,1,Dry,3,Free Flow,1,No Defects,O80,O13,41.8799438,-87.7820053,41.8799706,-87.7820053,1134391.38,1899321.25
30302,24 03745,2403745,X003483795,2024-07-03,13:35:00,2024-07-03 13:35:00,2024-07-15 10:04:53,S Austin Blvd/Jackson Blvd,,S AUSTIN BLVD,JACKSON BLVD,1,0,0,0,Injury,B Injury Crash,Car,11,Front To Rear,4,4,0,5,"Over $1,500",0,1,0,0,2,0,2,28,Failing To Reduce Speed To Avoid Crash,99,Not Applicable,1,No Controls,1,No Controls,1,Clear,1,Daylight,2,"Divided, No Median Barrier",1,Dry,2,Stopped,1,No Defects,O80,O13,41.8764229,-87.7745743,41.8764229,-87.7745361,1136424.63,1898051.75
30243,24 03747,2403747,X003472460,2024-07-03,14:10:00,2024-07-03 14:10:00,2024-07-03 17:29:55,Chicago Ave/N Humphrey Ave,,CHICAGO AVE,N HUMPHREY AVE,1,0,0,0,Property Damage,No Injuries,Car,10,Turning (At Least One Vehicle),2,2,0,5,"Over $1,500",1,0,0,0,0,0,0,02,Failing To Yield Right-Of-Way,28,Failing To Reduce Speed To Avoid Crash,1,No Controls,1,No Controls,1,Clear,1,Daylight,2,"Divided, No Median Barrier",1,Dry,,,1,No Defects,O10,O4,41.8947144,-87.7767563,41.8946838,-87.7767563,1135785.50,1904712.25
30254,24 03811,2403811,X003476554,2024-07-03,15:30:00,2024-07-03 15:30:00,2024-07-08 10:44:14,Adams/610 S Maple Ave,,ADAMS,610 S MAPLE AVE,0,0,0,1,Property Damage,No Injuries,Car,9,Parked Motor Vehicle,2,2,0,3,$500 or less,1,0,0,0,0,0,0,28,Failing To Reduce Speed To Avoid Crash,18,Unable To Determine,1,No Controls,1,No Controls,9,Unknown,1,Daylight,7,Parking Lot,1,Dry,3,Free Flow,1,No Defects,O60,O15,41.8767433,-87.8037643,41.8779373,-87.8035507,1128473.25,1898117.38
30242,24 03749,2403749,X003472459,2024-07-03,15:32:00,2024-07-03 15:32:00,2024-07-03 17:29:55,N Harlem Ave/Le Moyne Pkwy,,N HARLEM AVE,LE MOYNE PKWY,0,0,0,0,Property Damage,No Injuries,Car,11,Front To Rear,2,2,0,5,"Over $1,500",1,0,0,0,0,0,0,03,Following Too Closely,28,Failing To Reduce Speed To Avoid Crash,1,No Controls,1,No Controls,1,Clear,1,Daylight,2,"Divided, No Median Barrier",1,Dry,2,Stopped,1,No Defects,O20,O3,41.9070358,-87.8057632,41.9070435,-87.8057251,1127861.38,1909153.88
30245,24 03751,2403751,X003473401,2024-07-03,17:32:00,2024-07-03 17:32:00,2024-07-05 08:12:42,S Harlem Ave/Lexington St,,S HARLEM AVE,LEXINGTON ST,0,0,0,0,Property Damage,No Injuries,Car,12,Sideswipe - Same Direction,2,2,0,4,"$501 to $1,500",1,0,0,0,0,0,0,20,Improper Lane Usage,02,Failing To Yield Right-Of-Way,1,No Controls,1,No Controls,1,Clear,1,Daylight,2,"Divided, No Median Barrier",1,Dry,3,Free Flow,1,No Defects,O90,O18,41.8704796,-87.8043671,41.8704834,-87.8043976,1128323.00,1895834.00
30246,24 03761,2403761,X003473425,2024-07-04,08:28:00,2024-07-04 08:28:00,2024-07-05 08:12:42,Roosevelt Rd/Wisconsin Ave,,ROOSEVELT RD,WISCONSIN AVE,1,0,0,0,Property Damage,No Injuries,Car,10,Turning (At Least One Vehicle),2,2,0,5,"Over $1,500",0,1,0,0,0,0,0,02,Failing To Yield Right-Of-Way,06,Improper Turning/No Signal,1,No Controls,1,No Controls,1,Clear,1,Daylight,2,"Divided, No Median Barrier",1,Dry,3,Free Flow,1,No Defects,O90,O18,41.8650513,-87.8015976,41.8650207,-87.8017807,1129090.75,1893861.00
30247,24 03766,2403766,X003473427,2024-07-04,15:31:00,2024-07-04 15:31:00,2024-07-05 08:18:12,901 Madison St,901,MADISON ST,,0,0,0,0,Property Damage,No Injuries,Car,9,Parked Motor Vehicle,2,2,0,4,"$501 to $1,500",1,0,0,0,0,0,0,20,Improper Lane Usage,28,Failing To Reduce Speed To Avoid Crash,1,No Controls,1,No Controls,2,Rain,1,Daylight,2,"Divided, No Median Barrier",2,Wet,3,Free Flow,1,No Defects,O60,O15,41.8796921,-87.7973251,41.8794937,-87.7977982,1130220.75,1899203.75
30265,24 03775,2403775,X003477012,2024-07-05,01:06:00,2024-07-05 01:06:00,2024-07-08 11:00:46,S Austin Blvd/Harrison St,,S AUSTIN BLVD,HARRISON ST,0,0,0,0,Property Damage,No Injuries,Car,9,Parked Motor Vehicle,2,2,0,5,"Over $1,500",0,1,0,0,0,0,0,28,Failing To Reduce Speed To Avoid Crash,18,Unable To Determine,1,No Controls,1,No Controls,1,Clear,5,"Darkness, Lighted Road",2,"Divided, No Median Barrier",1,Dry,3,Free Flow,1,No Defects,O80,O13,41.8727799,-87.7744522,41.8727799,-87.7744141,1136465.25,1896723.75
30269,24 03780,2403780,X003477179,2024-07-05,10:02:00,2024-07-05 10:02:00,2024-07-08 11:06:17,N Oak Park Ave/Ontario St,,N OAK PARK AVE,ONTARIO ST,0,0,0,0,Property Damage,No Injuries,Car,9,Parked Motor Vehicle,2,2,0,4,"$501 to $1,500",1,0,0,0,0,0,0,10,Equipment - Vehicle Condition,18,Unable To Determine,1,No Controls,1,No Controls,1,Clear,1,Daylight,1,Not Divided,1,Dry,3,Free Flow,1,No Defects,O40,O9,41.8902016,-87.7946014,41.8902016,-87.7945557,1130938.75,1903037.00
30252,24 03783,2403783,X003477000,2024-07-05,11:31:00,2024-07-05 11:31:00,2024-07-08 10:38:44,6927 North Ave,6927,NORTH AVE,WOODBINE AVE,1,0,0,0,Property Damage,No Injuries,Car,9,Parked Motor Vehicle,2,2,0,3,$500 or less,1,0,0,0,0,0,0,15,Driving Skills/Knowledge/Experience,18,Unable To Determine,1,No Controls,1,No Controls,1,Clear,1,Daylight,1,Not Divided,1,Dry,3,Free Flow,1,No Defects,O20,O3,41.9089356,-87.7996063,41.9089088,-87.7995453,1129533.50,1909855.38
30250,24 03801,2403801,X003474793,2024-07-06,02:59:00,2024-07-06 02:59:00,2024-07-06 20:18:05,Madison St/S Harvey Ave,,MADISON ST,S HARVEY AVE,1,0,0,0,Property Damage,No Injuries,Car,6,Fixed Object,1,1,0,5,"Over $1,500",0,1,0,0,0,0,0,28,Failing To Reduce Speed To Avoid Crash,08,Under The Influence Of Alc/Drugs-Use For Dui,1,No Controls,1,No Controls,1,Clear,5,"Darkness, Lighted Road",3,Divided With Median Barrier,1,Dry,3,Free Flow,1,No Defects,O80,O13,41.8799553,-87.7811890,41.8799896,-87.7807999,1134614.75,1899326.50
30256,24 03807,2403807,X003477002,2024-07-06,13:55:00,2024-07-06 13:55:00,2024-07-08 10:44:15,S Lombard Ave/Van Buren St,,S LOMBARD AVE,VAN BUREN ST,1,0,0,1,Property Damage,No Injuries,Car,9,Parked Motor Vehicle,2,2,0,3,$500 or less,1,0,0,0,0,0,0,28,Failing To Reduce Speed To Avoid Crash,18,Unable To Determine,1,No Controls,1,No Controls,8,Cloudy/Overcast,1,Daylight,1,Not Divided,1,Dry,3,Free Flow,1,No Defects,O80,O13,41.8745346,-87.7793350,41.8745346,-87.7793655,1135131.88,1897355.00
30258,24 03808,2403808,X003477004,2024-07-06,14:40:00,2024-07-06 14:40:00,2024-07-08 10:38:44,113 Madison St,113,MADISON ST,,1,0,0,0,Property Damage,No Injuries,Car,9,Parked Motor Vehicle,2,2,0,5,"Over $1,500",1,0,0,0,0,0,0,06,Improper Turning/No Signal,28,Failing To Reduce Speed To Avoid Crash,13,Other,4,Functioning Properly,1,Clear,1,Daylight,7,Parking Lot,1,Dry,3,Free Flow,1,No Defects,O80,O13,41.8800392,-87.7758865,41.8799858,-87.7778473,1136058.00,1899366.00
30257,24 03810,2403810,X003477003,2024-07-06,15:08:00,2024-07-06 15:08:00,2024-07-08 10:44:15,S Austin Blvd/Harrison St,,S AUSTIN BLVD,HARRISON ST,1,0,0,0,Property Damage,No Injuries,Car,11,Front To Rear,2,2,0,3,$500 or less,1,0,0,0,0,0,0,03,Following Too Closely,28,Failing To Reduce Speed To Avoid Crash,1,No Controls,1,No Controls,8,Cloudy/Overcast,1,Daylight,1,Not Divided,1,Dry,2,Stopped,1,No Defects,O80,O13,41.8727799,-87.7744522,41.8727799,-87.7744141,1136465.25,1896723.75
30283,24 03905,2403905,X003480527,2024-07-06,17:11:00,2024-07-06 17:11:00,2024-07-11 10:23:17,Home Ave/Washington Blvd,,HOME AVE,WASHINGTON BLVD,1,1,0,0,Property Damage,No Injuries,Car,10,Turning (At Least One Vehicle),2,2,0,5,"Over $1,500",1,0,0,0,0,0,0,25,Disregarding Traffic Signals,28,Failing To Reduce Speed To Avoid Crash,3,Traffic Signal,4,Functioning Properly,1,Clear,1,Daylight,2,"Divided, No Median Barrier",1,Dry,1,Slow,1,No Defects,O70,O12,41.8814888,-87.7999039,41.8814812,-87.7999344,1129514.50,1899853.50
30260,24 03813,2403813,X003477007,2024-07-06,18:12:00,2024-07-06 18:12:00,2024-07-08 10:49:45,Augusta St/N East Ave,,AUGUSTA ST,N EAST AVE,0,0,0,0,Property Damage,No Injuries,Car,11,Front To Rear,2,2,0,4,"$501 to $1,500",0,1,0,0,0,0,0,28,Failing To Reduce Speed To Avoid Crash,99,Not Applicable,2,Stop Sign,4,Functioning Properly,1,Clear,1,Daylight,1,Not Divided,1,Dry,2,Stopped,1,No Defects,O20,O5,41.8981171,-87.7898865,41.8981514,-87.7898865,1132203.63,1905930.38
30255,24 03814,2403814,X003477242,2024-07-06,18:44:00,2024-07-06 18:44:00,2024-07-08 10:44:14,N Austin Blvd/Augusta Blvd,,N AUSTIN BLVD,AUGUSTA BLVD,1,0,0,0,Injury,C Injury Crash,Car,18,Rear To Front,2,2,0,5,"Over $1,500",0,1,0,0,0,1,1,18,Unable To Determine,99,Not Applicable,3,Traffic Signal,4,Functioning Properly,1,Clear,1,Daylight,1,Not Divided,1,Dry,3,Free Flow,1,No Defects,O10,O4,41.8983650,-87.7752228,41.8983650,-87.7752533,1136195.75,1906045.00
30263,24 03815,2403815,X003477010,2024-07-06,18:52:00,2024-07-06 18:52:00,2024-07-08 10:55:15,Madison St/S Ridgeland Ave,,MADISON ST,S RIDGELAND AVE,1,0,0,1,Property Damage,No Injuries,Car,11,Front To Rear,2,2,0,5,"Over $1,500",1,0,0,0,0,0,0,28,Failing To Reduce Speed To Avoid Crash,15,Driving Skills/Knowledge/Experience,3,Traffic Signal,4,Functioning Properly,1,Clear,1,Daylight,4,Two-Way Continuous Left-Turn Lane,1,Dry,2,Stopped,1,No Defects,O80,O13,41.8799019,-87.7844620,41.8799324,-87.7844620,1133723.63,1899302.88
30264,24 03829,2403829,X003476548,2024-07-07,17:36:00,2024-07-07 17:36:00,2024-07-08 11:00:46,S Harlem Ave/I290W,,S HARLEM AVE,I290W,1,1,0,0,Injury,B Injury Crash,Car,10,Turning (At Least One Vehicle),2,2,0,5,"Over $1,500",0,1,0,0,1,0,1,20,Improper Lane Usage,28,Failing To Reduce Speed To Avoid Crash,3,Traffic Signal,4,Functioning Properly,2,Rain,1,Daylight,2,"Divided, No Median Barrier",2,Wet,3,Free Flow,1,No Defects,O60,O15,41.8738365,-87.8045273,41.8736153,-87.8045197,1128272.75,1897057.13
30268,24 03835,2403835,X003477249,2024-07-07,22:28:00,2024-07-07 22:28:00,2024-07-08 11:06:17,S Harlem Ave/I290 Expy W,,S HARLEM AVE,I290 EXPY W,1,0,0,1,Property Damage,No Injuries,Car,18,Rear To Front,2,2,0,3,$500 or less,1,0,0,0,0,0,0,28,Failing To Reduce Speed To Avoid Crash,18,Unable To Determine,3,Traffic Signal,4,Functioning Properly,1,Clear,5,"Darkness, Lighted Road",3,Divided With Median Barrier,1,Dry,3,Free Flow,1,No Defects,O60,O15,41.8737946,-87.8044968,41.8738136,-87.8045197,1128281.50,1897042.00
30274,24 03848,2403848,X003478186,2024-07-08,12:51:00,2024-07-08 12:51:00,2024-07-09 09:24:01,Washington Blvd/Wesley Ave,,WASHINGTON BLVD,WESLEY AVE,1,0,0,1,Property Damage,No Injuries,Car,9,Parked Motor Vehicle,2,2,0,5,"Over $1,500",1,0,0,0,0,0,0,28,Failing To Reduce Speed To Avoid Crash,20,Improper Lane Usage,1,No Controls,1,No Controls,9,Unknown,9,Unknown,2,"Divided, No Median Barrier",9,Unknown,3,Free Flow,1,No Defects,O60,O11,41.8815804,-87.7910461,41.8816071,-87.7910461,1131926.50,1899901.88
30278,24 03846,2403846,X003479332,2024-07-08,14:41:00,2024-07-08 14:41:00,2024-07-10 16:30:49,Division St/N Lombard Ave,,DIVISION ST,N LOMBARD AVE,0,1,0,0,Property Damage,No Injuries,Car,13,Sideswipe - Opposite Direction,2,2,0,4,"$501 to $1,500",1,0,0,0,0,0,0,05,Driving On Wrong Side/Wrong Way,17,Physical Condition Of Driver,1,No Controls,1,No Controls,1,Clear,1,Daylight,2,"Divided, No Median Barrier",1,Dry,3,Free Flow,1,No Defects,O10,O4,41.9019089,-87.7802353,41.9019394,-87.7802429,1134821.13,1907328.75
30275,24 03859,2403859,X003478187,2024-07-09,07:45:00,2024-07-09 07:45:00,2024-07-09 14:30:02,S Maple Ave/Madison St,,S MAPLE AVE,MADISON ST,0,0,0,0,Injury,B Injury Crash,Car,9,Parked Motor Vehicle,2,2,0,5,"Over $1,500",0,1,0,0,1,0,1,28,Failing To Reduce Speed To Avoid Crash,20,Improper Lane Usage,1,No Controls,1,No Controls,8,Cloudy/Overcast,1,Daylight,1,Not Divided,1,Dry,3,Free Flow,1,No Defects,O70,O12,41.8796234,-87.8038330,41.8796196,-87.8038635,1128448.88,1899167.25
30280,24 03881,2403881,X003479334,2024-07-09,15:55:00,2024-07-09 15:55:00,2024-07-10 16:30:50,North Ave/N Austin Blvd,,NORTH AVE,N AUSTIN BLVD,0,1,0,0,Property Damage,No Injuries,Car,12,Sideswipe - Same Direction,2,2,0,5,"Over $1,500",1,0,0,0,0,0,0,20,Improper Lane Usage,15,Driving Skills/Knowledge/Experience,1,No Controls,1,No Controls,1,Clear,1,Daylight,3,Divided With Median Barrier,1,Dry,3,Free Flow,1,No Defects,O10,O1,41.9092293,-87.7755890,41.9092560,-87.7755890,1136069.63,1910004.63
30276,24 03886,2403886,X003480669,2024-07-09,20:58:00,2024-07-09 20:58:00,2024-07-10 16:30:49,N Ridgeland Ave/Ontario St,,N RIDGELAND AVE,ONTARIO ST,0,0,0,1,Injury,B Injury Crash,Car,9,Parked Motor Vehicle,2,2,0,5,"Over $1,500",0,1,0,0,1,0,1,20,Improper Lane Usage,28,Failing To Reduce Speed To Avoid Crash,1,No Controls,1,No Controls,2,Rain,5,"Darkness, Lighted Road",1,Not Divided,2,Wet,3,Free Flow,1,No Defects,O30,O8,41.8903580,-87.7847900,41.8903656,-87.7847519,1133608.00,1903111.25
30281,24 03890,2403890,X003479335,2024-07-10,09:40:00,2024-07-10 09:40:00,2024-07-10 16:30:50,S Austin Blvd/Garfield St,,S AUSTIN BLVD,GARFIELD ST,1,1,0,0,Property Damage,No Injuries,Car,10,Turning (At Least One Vehicle),2,2,0,5,"Over $1,500",1,0,0,0,0,0,0,02,Failing To Yield Right-Of-Way,28,Failing To Reduce Speed To Avoid Crash,2,Stop Sign,4,Functioning Properly,8,Cloudy/Overcast,1,Daylight,1,Not Divided,2,Wet,3,Free Flow,1,No Defects,O90,O16,41.8704185,-87.7743530,41.8704224,-87.7743149,1136497.13,1895864.88
30289,24 03906,2403906,X003481606,2024-07-10,17:11:00,2024-07-10 17:11:00,2024-07-12 08:19:27,Madison St/S Ridgeland Ave,,MADISON ST,S RIDGELAND AVE,0,0,0,0,Injury,B Injury Crash,Car,12,Sideswipe - Same Direction,2,2,0,4,"$501 to $1,500",0,1,0,0,1,0,1,28,Failing To Reduce Speed To Avoid Crash,99,Not Applicable,1,No Controls,1,No Controls,1,Clear,1,Daylight,3,Divided With Median Barrier,1,Dry,3,Free Flow,1,No Defects,O80,O13,41.8799019,-87.7844620,41.8799324,-87.7844620,1133723.63,1899302.88
30288,24 03914,2403914,X003481605,2024-07-11,13:30:00,2024-07-11 13:30:00,2024-07-12 08:19:27,North Blvd/N Oak Park Ave,,NORTH BLVD,N OAK PARK AVE,0,0,0,1,Property Damage,No Injuries,Car,11,Front To Rear,2,2,0,3,$500 or less,1,0,0,0,0,0,0,18,Unable To Determine,18,Unable To Determine,1,No Controls,1,No Controls,1,Clear,1,Daylight,10,One-Way,1,Dry,1,Slow,1,No Defects,O30,O8,41.8872833,-87.7944717,41.8873138,-87.7944794,1130980.38,1901974.00
30286,24 03923,2403923,X003481603,2024-07-11,16:34:00,2024-07-11 16:34:00,2024-07-12 08:13:46,S Austin Blvd/Jackson Blvd,,S AUSTIN BLVD,JACKSON BLVD,0,0,0,0,Property Damage,No Injuries,Car,11,Front To Rear,2,2,0,4,"$501 to $1,500",1,0,0,0,0,0,0,18,Unable To Determine,18,Unable To Determine,3,Traffic Signal,4,Functioning Properly,1,Clear,1,Daylight,1,Not Divided,1,Dry,2,Stopped,1,No Defects,O80,O13,41.8764229,-87.7745743,41.8764229,-87.7745361,1136424.63,1898051.75
30284,24 03926,2403926,X003481601,2024-07-11,17:02:00,2024-07-11 17:02:00,2024-07-12 08:13:45,Lake St/N Harvey Ave,,LAKE ST,N HARVEY AVE,0,0,0,0,Property Damage,No Injuries,Car,9,Parked Motor Vehicle,2,2,0,5,"Over $1,500",1,0,0,0,0,0,0,06,Improper Turning/No Signal,99,Not Applicable,1,No Controls,1,No Controls,1,Clear,1,Daylight,1,Not Divided,1,Dry,3,Free Flow,1,No Defects,O30,O7,41.8881989,-87.7814407,41.8882217,-87.7814407,1134526.25,1902330.00
30287,24 03928,2403928,X003481604,2024-07-11,19:42:00,2024-07-11 19:42:00,2024-07-12 08:13:46,N Harlem Ave/Thomas St,,N HARLEM AVE,THOMAS ST,1,0,0,1,Property Damage,No Injuries,Car,11,Front To Rear,2,2,0,4,"$501 to $1,500",1,0,0,0,0,0,0,03,Following Too Closely,99,Not Applicable,3,Traffic Signal,4,Functioning Properly,1,Clear,1,Daylight,14,Four-Way Intersection,1,Dry,1,Slow,1,No Defects,O20,O6,41.8997498,-87.8054886,41.8997536,-87.8054504,1127951.75,1906498.38
30285,24 03931,2403931,X003481602,2024-07-12,02:45:00,2024-07-12 02:45:00,2024-07-12 08:13:46,142 N Ridgeland Ave,142,N RIDGELAND AVE,,0,0,0,0,Property Damage,No Injuries,Car,6,Fixed Object,2,1,0,5,"Over $1,500",0,1,0,0,0,0,0,08,Under The Influence Of Alc/Drugs-Use For Dui,28,Failing To Reduce Speed To Avoid Crash,2,Stop Sign,4,Functioning Properly,1,Clear,5,"Darkness, Lighted Road",1,Not Divided,1,Dry,3,Free Flow,1,No Defects,O30,O8,41.8888588,-87.7847519,41.8889809,-87.7844238,1133622.50,1902565.38
30292,24 03933,2403933,X003481607,2024-07-12,09:09:00,2024-07-12 09:09:00,2024-07-12 10:54:58,Lake St/N Oak Park Ave,,LAKE ST,N OAK PARK AVE,0,0,0,0,Property Damage,No Injuries,Car,12,Sideswipe - Same Direction,2,2,0,4,"$501 to $1,500",1,0,0,0,0,0,0,02,Failing To Yield Right-Of-Way,20,Improper Lane Usage,1,No Controls,1,No Controls,1,Clear,1,Daylight,4,Two-Way Continuous Left-Turn Lane,1,Dry,3,Free Flow,1,No Defects,O40,O9,41.8886185,-87.7945175,41.8886452,-87.7945251,1130963.00,1902460.13
30293,24 03934,2403934,X003481608,2024-07-12,09:23:00,2024-07-12 09:23:00,2024-07-12 13:36:01,Augusta St/N Lombard Ave,,AUGUSTA ST,N LOMBARD AVE,1,1,0,0,Property Damage,No Injuries,Car,15,Angle,2,2,0,4,"$501 to $1,500",1,0,0,0,0,0,0,02,Failing To Yield Right-Of-Way,28,Failing To Reduce Speed To Avoid Crash,2,Stop Sign,4,Functioning Properly,1,Clear,1,Daylight,14,Four-Way Intersection,1,Dry,1,Slow,1,No Defects,O10,O4,41.8982620,-87.7801209,41.8982849,-87.7801209,1134861.50,1905999.13
30303,24 03953,2403953,X003485885,2024-07-12,20:55:00,2024-07-12 20:55:00,2024-07-15 10:04:53,Columbian Ave/Greenfield St,,COLUMBIAN AVE,GREENFIELD ST,1,0,0,0,Property Damage,No Injuries,Car,15,Angle,2,2,0,5,"Over $1,500",0,1,0,0,0,0,0,28,Failing To Reduce Speed To Avoid Crash,23,Disregarding Stop Sign,1,No Controls,1,No Controls,1,Clear,5,"Darkness, Lighted Road",1,Not Divided,1,Dry,3,Free Flow,1,No Defects,O20,O2,41.9056129,-87.7913666,41.9056206,-87.7913284,1131783.38,1908659.88