record_id,report_number,crash_id,idot_crash_number,date,time,occurred_at,record_added_at,location,street_number,street_name,cross_street,at_intersection,intersection_related,private_property,hit_and_run,crash_severity,crash_injury_severity,crash_mode,crash_type_code,crash_type,total_units,num_motor_vehicles,dooring_pedalcyclist,damage_code,damage,no_injury_drive_away,injury_or_towed,fatalities,a_injuries,b_injuries,c_injuries,total_injured,cause1_code,cause1,cause2_code,cause2,traffic_control_code,traffic_control,device_condition_code,device_condition,weather_code,weather,lighting_code,lighting,trafficway_code,trafficway,road_surface_code,road_surface,flow_condition_code,flow_condition,road_defects_code,road_defects,beat_zone,post_district,latitude,longitude,latitude_geocoded,longitude_geocoded,state_plane_x,state_plane_y
30307,24 03954,2403954,X003485891,2024-07-12,22:02:00,2024-07-12 22:02:00,2024-07-15 10:16:10,South Blvd/S Grove Ave,,SOUTH BLVD,S GROVE AVE,0,0,0,1,Property Damage,No Injuries,Car,9,Parked Motor Vehicle,2,2,0,5,"Over $1,500",1,0,0,0,0,0,0,99,Not Applicable,99,Not Applicable,1,No Controls,1,No Controls,1,Clear,5,"Darkness, Lighted Road",10,One-Way,1,Dry,2,Stopped,1,No Defects,O70,O12,41.8868523,-87.7958069,41.8868828,-87.7958069,1130617.88,1901815.00
30300,24 03959,2403959,X003485879,2024-07-13,08:25:00,2024-07-13 08:25:00,2024-07-15 10:04:52,N Harlem Ave/Augusta St,,N HARLEM AVE,AUGUSTA ST,1,0,0,1,Property Damage,No Injuries,Car,12,Sideswipe - Same Direction,2,2,0,5,"Over $1,500",1,0,0,0,0,0,0,28,Failing To Reduce Speed To Avoid Crash,99,Not Applicable,1,No Controls,1,No Controls,1,Clear,1,Daylight,2,"Divided, No Median Barrier",1,Dry,3,Free Flow,1,No Defects,O20,O6,41.8978958,-87.8054199,41.8978996,-87.8053818,1127974.75,1905822.13
30301,24 03962,2403962,X003485881,2024-07-13,12:09:00,2024-07-13 12:09:00,2024-07-15 10:04:52,S Lombard Ave/Garfield St,,S LOMBARD AVE,GARFIELD ST,1,1,0,0,Property Damage,No Injuries,Car,15,Angle,2,2,0,5,"Over $1,500",0,1,0,0,0,0,0,23,Disregarding Stop Sign,99,Not Applicable,2,Stop Sign,1,No Controls,1,Clear,1,Daylight,1,Not Divided,1,Dry,1,Slow,1,No Defects,O90,O16,41.8707886,-87.7792053,41.8707886,-87.7792358,1135176.63,1895989.75
30363,24 03970,2403970,X003494388,2024-07-13,16:00:00,2024-07-13 16:00:00,2024-07-24 10:08:08,Chicago Ave/Belleforte,,CHICAGO AVE,BELLEFORTE,0,0,0,0,Property Damage,No Injuries,Car,9,Parked Motor Vehicle,2,2,0,4,"$501 to $1,500",1,0,0,0,0,0,0,18,Unable To Determine,18,Unable To Determine,1,No Controls,1,No Controls,9,Unknown,1,Daylight,1,Not Divided,1,Dry,3,Free Flow,1,No Defects,O40,O9,41.8942490,-87.8019180,41.8942795,-87.8019180,1128936.00,1904500.63
30297,24 03976,2403976,X003485875,2024-07-13,16:22:00,2024-07-13 16:22:00,2024-07-15 09:48:05,N Ridgeland Ave/Lake St,,N RIDGELAND AVE,LAKE ST,0,0,0,0,Property Damage,No Injuries,Car,11,Front To Rear,2,2,0,5,"Over $1,500",1,0,0,0,0,0,0,03,Following Too Closely,99,Not Applicable,3,Traffic Signal,4,Functioning Properly,1,Clear,1,Daylight,2,"Divided, No Median Barrier",1,Dry,2,Stopped,1,No Defects,O30,O8,41.8883209,-87.7847366,41.8883209,-87.7846985,1133628.00,1902369.13
30298,24 03973,2403973,X003485876,2024-07-13,17:23:00,2024-07-13 17:23:00,2024-07-15 09:48:05,Madison St/S Taylor Ave,,MADISON ST,S TAYLOR AVE,1,1,0,0,Injury,B Injury Crash,Car,10,Turning (At Least One Vehicle),2,2,0,5,"Over $1,500",0,1,0,0,1,0,1,28,Failing To Reduce Speed To Avoid Crash,99,Not Applicable,1,No Controls,1,No Controls,1,Clear,1,Daylight,2,"Divided, No Median Barrier",1,Dry,3,Free Flow,1,No Defects,O80,O13,41.8800087,-87.7779312,41.8800316,-87.7783203,1135501.50,1899352.50
30440,24 04498,2404498,X003508931,2024-07-13,17:51:00,2024-07-13 17:51:00,2024-08-07 12:44:42,Ontario St/N Oak Park Ave,,ONTARIO ST,N OAK PARK AVE,1,0,0,0,Property Damage,No Injuries,Car,11,Front To Rear,2,2,0,5,"Over $1,500",1,0,0,0,0,0,0,03,Following Too Closely,28,Failing To Reduce Speed To Avoid Crash,1,No Controls,1,No Controls,9,Unknown,1,Daylight,1,Not Divided,1,Dry,1,Slow,1,No Defects,O30,O8,41.8901749,-87.7945557,41.8902016,-87.7945557,1130949.88,1903028.13
30306,24 03978,2403978,X003485090,2024-07-13,20:18:00,2024-07-13 20:18:00,2024-07-15 10:16:10,Washington Blvd/S Ridgeland Ave,,WASHINGTON BLVD,S RIDGELAND AVE,1,0,0,0,Injury,C Injury Crash,Car,15,Angle,2,2,0,5,"Over $1,500",0,1,0,0,0,1,1,28,Failing To Reduce Speed To Avoid Crash,25,Disregarding Traffic Signals,3,Traffic Signal,4,Functioning Properly,1,Clear,3,Dusk,1,Not Divided,1,Dry,3,Free Flow,1,No Defects,O50,O10,41.8816948,-87.7845154,41.8817253,-87.7845154,1133704.88,1899954.38
30305,24 03982,2403982,X003485888,2024-07-13,23:10:00,2024-07-13 23:10:00,2024-07-15 10:16:10,N Austin Blvd/Washington Blvd,,N AUSTIN BLVD,WASHINGTON BLVD,0,0,0,0,Property Damage,No Injuries,Car,11,Front To Rear,3,3,0,5,"Over $1,500",0,1,0,0,0,0,0,03,Following Too Closely,18,Unable To Determine,1,No Controls,1,No Controls,2,Rain,5,"Darkness, Lighted Road",2,"Divided, No Median Barrier",2,Wet,2,Stopped,1,No Defects,O50,O10,41.8821068,-87.7746887,41.8821106,-87.7747269,1136378.00,1900122.38
30357,24 04109,2404109,X003494138,2024-07-14,12:29:00,2024-07-14 12:29:00,2024-07-23 17:35:44,S Grove Ave/Adams St,,S GROVE AVE,ADAMS ST,1,0,0,0,Property Damage,No Injuries,Car,9,Parked Motor Vehicle,2,2,0,4,"$501 to $1,500",1,0,0,0,0,0,0,30,Improper Backing,99,Not Applicable,1,No Controls,1,No Controls,9,Unknown,9,Unknown,1,Not Divided,1,Dry,3,Free Flow,1,No Defects,O60,O15,41.8779259,-87.7953567,41.8779182,-87.7953949,1130760.63,1898562.25
30299,24 03995,2403995,X003485877,2024-07-14,19:04:00,2024-07-14 19:04:00,2024-07-15 10:04:52,N Austin Blvd/Thomas St,,N AUSTIN BLVD,THOMAS ST,1,0,0,0,Property Damage,No Injuries,Car,9,Parked Motor Vehicle,2,2,0,4,"$501 to $1,500",1,0,0,0,0,0,0,28,Failing To Reduce Speed To Avoid Crash,99,Not Applicable,1,No Controls,1,No Controls,1,Clear,1,Daylight,1,Not Divided,1,Dry,3,Free Flow,1,No Defects,O10,O4,41.9001732,-87.7752686,41.9001732,-87.7753067,1136177.00,1906704.38
30309,24 04003,2404003,X003485894,2024-07-15,08:31:00,2024-07-15 08:31:00,2024-07-15 17:07:35,S Elmwood Ave/Jackson Blvd,,S ELMWOOD AVE,JACKSON BLVD,0,0,0,0,Property Damage,No Injuries,Car,11,Front To Rear,2,2,0,5,"Over $1,500",1,0,0,0,0,0,0,41,Distraction - From Inside Vehicle,28,Failing To Reduce Speed To Avoid Crash,2,Stop Sign,4,Functioning Properly,1,Clear,1,Daylight,1,Not Divided,1,Dry,3,Free Flow,1,No Defects,O60,O14,41.8762627,-87.7855301,41.8762627,-87.7855606,1133440.38,1897974.38
30319,24 04072,2404072,X003487134,2024-07-15,09:10:00,2024-07-15 09:10:00,2024-07-17 16:33:06,Jackson Blvd/S Lombard Ave,,JACKSON BLVD,S LOMBARD AVE,0,0,0,1,Property Damage,No Injuries,Car,11,Front To Rear,2,2,0,5,"Over $1,500",1,0,0,0,0,0,0,03,Following Too Closely,28,Failing To Reduce Speed To Avoid Crash,1,No Controls,1,No Controls,9,Unknown,9,Unknown,2,"Divided, No Median Barrier",9,Unknown,3,Free Flow,9,Debris On Roadway,O80,O13,41.8764229,-87.7794342,41.8763237,-87.7794342,1135099.88,1898042.50
30308,24 04014,2404014,X003485893,2024-07-15,14:42:00,2024-07-15 14:42:00,2024-07-15 16:22:59,Augusta St/Belleforte Ave,,AUGUSTA ST,BELLEFORTE AVE,1,1,0,0,Injury,B Injury Crash,Pedalcyclist,2,Pedalcyclist,2,1,0,4,"$501 to $1,500",0,1,0,0,1,0,1,20,Improper Lane Usage,15,Driving Skills/Knowledge/Experience,1,No Controls,1,No Controls,1,Clear,1,Daylight,1,Not Divided,1,Dry,3,Free Flow,1,No Defects,O20,O6,41.8979530,-87.8023453,41.8979263,-87.8023453,1128812.00,1905848.75
30312,24 04015,2404015,X003485897,2024-07-15,14:59:00,2024-07-15 14:59:00,2024-07-16 10:33:24,Washington Blvd/N Austin Blvd,,WASHINGTON BLVD,N AUSTIN BLVD,0,0,0,1,Property Damage,No Injuries,Car,12,Sideswipe - Same Direction,2,2,0,3,$500 or less,1,0,0,0,0,0,0,04,Improper Overtaking/Passing,28,Failing To Reduce Speed To Avoid Crash,3,Traffic Signal,4,Functioning Properly,1,Clear,1,Daylight,1,Not Divided,1,Dry,,,1,No Defects,O50,O10,41.8820839,-87.7747269,41.8821106,-87.7747269,1136369.63,1900113.38
30313,24 04017,2404017,X003485898,2024-07-15,15:22:00,2024-07-15 15:22:00,2024-07-16 10:33:24,S Harlem Ave/Madison St,,S HARLEM AVE,MADISON ST,1,1,0,0,Property Damage,No Injuries,Car,10,Turning (At Least One Vehicle),2,2,0,5,"Over $1,500",1,0,0,0,0,0,0,25,Disregarding Traffic Signals,28,Failing To Reduce Speed To Avoid Crash,3,Traffic Signal,4,Functioning Properly,1,Clear,1,Daylight,4,Two-Way Continuous Left-Turn Lane,1,Dry,3,Free Flow,1,No Defects,O70,O12,41.8796730,-87.8047028,41.8796654,-87.8047333,1128211.38,1899183.38
30311,24 04032,2404032,X003485896,2024-07-15,23:20:00,2024-07-15 23:20:00,2024-07-16 02:57:10,S Oak Park Ave/Garfield St,,S OAK PARK AVE,GARFIELD ST,0,0,0,0,Property Damage,No Injuries,Car,7,Other Object,1,1,0,3,$500 or less,1,0,0,0,0,0,0,11,Weather,28,Failing To Reduce Speed To Avoid Crash,1,No Controls,1,No Controls,2,Rain,5,"Darkness, Lighted Road",12,Alley,2,Wet,,,1,No Defects,O90,O17,41.8720245,-87.7939529,41.8720245,-87.7939911,1131156.25,1896415.88
30315,24 04042,2404042,X003485899,2024-07-16,08:27:00,2024-07-16 08:27:00,2024-07-16 16:45:32,Jackson Blvd/S Oak Park Ave,,JACKSON BLVD,S OAK PARK AVE,0,0,0,0,Property Damage,No Injuries,Car,11,Front To Rear,2,2,0,3,$500 or less,1,0,0,0,0,0,0,03,Following Too Closely,28,Failing To Reduce Speed To Avoid Crash,3,Traffic Signal,4,Functioning Properly,1,Clear,1,Daylight,1,Not Divided,6,Other,2,Stopped,1,No Defects,O60,O14,41.8760872,-87.7941284,41.8761177,-87.7941284,1131099.00,1897894.88
30316,24 04044,2404044,X003485900,2024-07-16,09:30:00,2024-07-16 09:30:00,2024-07-16 16:51:14,S Harlem Ave/Madison St,,S HARLEM AVE,MADISON ST,0,0,0,0,Property Damage,No Injuries,Car,12,Sideswipe - Same Direction,2,2,0,5,"Over $1,500",0,1,0,0,0,0,0,28,Failing To Reduce Speed To Avoid Crash,15,Driving Skills/Knowledge/Experience,1,No Controls,1,No Controls,1,Clear,1,Daylight,1,Not Divided,1,Dry,2,Stopped,1,No Defects,O70,O12,41.8796730,-87.8047028,41.8796654,-87.8047333,1128211.38,1899183.38
30314,24 04046,2404046,X003486357,2024-07-16,10:22:00,2024-07-16 10:22:00,2024-07-16 16:28:52,Iowa St/N Ridgeland Ave,,IOWA ST,N RIDGELAND AVE,0,1,0,0,Property Damage,No Injuries,Car,18,Rear To Front,2,2,0,5,"Over $1,500",1,0,0,0,0,0,0,30,Improper Backing,99,Not Applicable,2,Stop Sign,4,Functioning Properly,1,Clear,1,Daylight,1,Not Divided,1,Dry,2,Stopped,1,No Defects,O10,O4,41.8963699,-87.7849350,41.8963966,-87.7849350,1133555.88,1905301.25
30320,24 04077,2404077,X003487135,2024-07-17,12:16:00,2024-07-17 12:16:00,2024-07-17 16:27:31,Lake St/N Lombard Ave,,LAKE ST,N LOMBARD AVE,1,1,0,0,Injury,B Injury Crash,Car,15,Angle,2,2,0,5,"Over $1,500",0,1,0,0,2,0,2,02,Failing To Yield Right-Of-Way,18,Unable To Determine,2,Stop Sign,4,Functioning Properly,1,Clear,1,Daylight,14,Four-Way Intersection,1,Dry,3,Free Flow,1,No Defects,O30,O7,41.8881493,-87.7798080,41.8881798,-87.7798080,1134970.38,1902315.25
30318,24 04080,2404080,X003487133,2024-07-17,13:16:00,2024-07-17 13:16:00,2024-07-17 16:27:30,S Ridgeland Ave/Fillmore St,,S RIDGELAND AVE,FILLMORE ST,1,1,0,0,Property Damage,No Injuries,Car,15,Angle,2,2,0,4,"$501 to $1,500",1,0,0,0,0,0,0,02,Failing To Yield Right-Of-Way,99,Not Applicable,2,Stop Sign,4,Functioning Properly,1,Clear,1,Daylight,2,"Divided, No Median Barrier",1,Dry,3,Free Flow,1,No Defects,O90,O16,41.8671608,-87.7839889,41.8671532,-87.7840271,1133880.25,1894659.13
30321,24 04084,2404084,X003488351,2024-07-17,17:30:00,2024-07-17 17:30:00,2024-07-18 10:10:20,S Maple Ave/Monroe St,,S MAPLE AVE,MONROE ST,1,0,0,0,Property Damage,No Injuries,Car,9,Parked Motor Vehicle,2,2,0,5,"Over $1,500",1,0,0,0,0,0,0,28,Failing To Reduce Speed To Avoid Crash,18,Unable To Determine,1,No Controls,1,No Controls,1,Clear,1,Daylight,2,"Divided, No Median Barrier",1,Dry,2,Stopped,1,No Defects,O60,O15,41.8781815,-87.8037796,41.8781776,-87.8038177,1128465.25,1898641.75
30328,24 04092,2404092,X003491578,2024-07-18,05:42:00,2024-07-18 05:42:00,2024-07-22 10:23:16,S Austin Blvd/Roosevelt Rd,,S AUSTIN BLVD,ROOSEVELT RD,1,1,0,0,Injury,B Injury Crash,Car,10,Turning (At Least One Vehicle),2,2,0,4,"$501 to $1,500",0,1,0,0,1,0,1,18,Unable To Determine,99,Not Applicable,3,Traffic Signal,4,Functioning Properly,1,Clear,1,Daylight,2,"Divided, No Median Barrier",1,Dry,1,Slow,1,No Defects,O90,O16,41.8654671,-87.7741699,41.8654709,-87.7741394,1136559.00,1894060.13
30330,24 04105,2404105,X003491592,2024-07-18,12:00:00,2024-07-18 12:00:00,2024-07-22 10:23:17,S Harvey Ave/Washington Blvd,,S HARVEY AVE,WASHINGTON BLVD,0,0,0,0,Property Damage,No Injuries,Car,9,Parked Motor Vehicle,2,2,0,5,"Over $1,500",1,0,0,0,0,0,0,28,Failing To Reduce Speed To Avoid Crash,99,Not Applicable,1,No Controls,1,No Controls,1,Clear,1,Daylight,1,Not Divided,9,Unknown,3,Free Flow,1,No Defects,O50,O10,41.8817749,-87.7812119,41.8817711,-87.7812500,1134603.25,1899989.50
30327,24 04107,2404107,X003491593,2024-07-18,12:24:00,2024-07-18 12:24:00,2024-07-22 10:23:15,N Humphrey Ave/Chicago Ave,,N HUMPHREY AVE,CHICAGO AVE,0,0,0,0,Property Damage,No Injuries,Car,9,Parked Motor Vehicle,2,2,0,4,"$501 to $1,500",1,0,0,0,0,0,0,28,Failing To Reduce Speed To Avoid Crash,99,Not Applicable,1,No Controls,1,No Controls,1,Clear,1,Daylight,1,Not Divided,1,Dry,1,Slow,1,No Defects,O30,O7,41.8946800,-87.7767944,41.8946838,-87.7767563,1135775.25,1904700.63
30331,24 04111,2404111,X003491596,2024-07-18,13:57:00,2024-07-18 13:57:00,2024-07-22 10:23:17,S Lombard Ave/Washington Blvd,,S LOMBARD AVE,WASHINGTON BLVD,0,0,0,1,Property Damage,No Injuries,Car,9,Parked Motor Vehicle,2,2,0,5,"Over $1,500",1,0,0,0,0,0,0,04,Improper Overtaking/Passing,18,Unable To Determine,1,No Controls,1,No Controls,9,Unknown,9,Unknown,1,Not Divided,9,Unknown,3,Free Flow,1,No Defects,O50,O10,41.8819313,-87.7795868,41.8819237,-87.7796173,1135046.75,1900049.63
30329,24 04112,2404112,X003491599,2024-07-18,14:09:00,2024-07-18 14:09:00,2024-07-22 10:23:16,1046 Susan Collins Ln,1046,SUSAN COLLINS LN,,0,0,0,0,Property Damage,No Injuries,Pedalcyclist,2,Pedalcyclist,2,1,0,5,"Over $1,500",1,0,0,0,0,0,0,28,Failing To Reduce Speed To Avoid Crash,18,Unable To Determine,1,No Controls,1,No Controls,1,Clear,1,Daylight,1,Not Divided,1,Dry,1,Slow,1,No Defects,O70,O12,41.8800201,-87.8017273,41.8800240,-87.8020859,1129020.63,1899315.13
30491,24 04738,2404738,X003519225,2024-07-18,17:07:00,2024-07-18 17:07:00,2024-08-16 09:35:44,S Oak Park Ave/Harrison St,,S OAK PARK AVE,HARRISON ST,0,1,0,0,Property Damage,No Injuries,Car,11,Front To Rear,2,2,0,5,"Over $1,500",1,0,0,0,0,0,0,03,Following Too Closely,99,Not Applicable,3,Traffic Signal,4,Functioning Properly,1,Clear,1,Daylight,2,"Divided, No Median Barrier",1,Dry,2,Stopped,1,No Defects,O60,O14,41.8728065,-87.7939758,41.8728065,-87.7940140,1131147.75,1896700.00
30332,24 04119,2404119,X003492542,2024-07-18,17:39:00,2024-07-18 17:39:00,2024-07-22 10:23:17,S Oak Park Ave/Lexington St,,S OAK PARK AVE,LEXINGTON ST,1,1,0,0,Property Damage,No Injuries,Car,15,Angle,3,3,0,5,"Over $1,500",0,1,0,0,0,0,0,02,Failing To Yield Right-Of-Way,14,"Vision Obscured (Signs, Tree Limbs, Buildings",2,Stop Sign,4,Functioning Properly,1,Clear,1,Daylight,14,Four-Way Intersection,1,Dry,2,Stopped,1,No Defects,O90,O17,41.8706436,-87.7939072,41.8706360,-87.7939453,1131171.25,1895911.75
30335,24 04120,2404120,X003492559,2024-07-18,17:54:00,2024-07-18 17:54:00,2024-07-22 10:21:06,N Marion St/Chicago Ave,,N MARION ST,CHICAGO AVE,1,1,0,0,Injury,B Injury Crash,Pedestrian,1,Pedestrian,2,1,0,3,$500 or less,0,1,0,0,1,0,1,02,Failing To Yield Right-Of-Way,99,Not Applicable,3,Traffic Signal,4,Functioning Properly,1,Clear,1,Daylight,2,"Divided, No Median Barrier",1,Dry,3,Free Flow,1,No Defects,O40,O9,41.8942604,-87.8028641,41.8942528,-87.8032684,1128678.38,1904502.00
30334,24 04121,2404121,X003492562,2024-07-18,18:26:00,2024-07-18 18:26:00,2024-07-22 10:23:18,Garfield St/Home Ave,,GARFIELD ST,HOME AVE,0,0,0,0,Property Damage,No Injuries,Car,13,Sideswipe - Opposite Direction,2,2,0,4,"$501 to $1,500",1,0,0,0,0,0,0,20,Improper Lane Usage,28,Failing To Reduce Speed To Avoid Crash,1,No Controls,1,No Controls,1,Clear,1,Daylight,2,"Divided, No Median Barrier",1,Dry,3,Free Flow,1,No Defects,O90,O18,41.8724022,-87.7991257,41.8723755,-87.7992401,1129746.75,1896543.25
30340,24 04133,2404133,X003492565,2024-07-19,13:38:00,2024-07-19 13:38:00,2024-07-22 10:23:20,North Ave/N Oak Park Ave,,NORTH AVE,N OAK PARK AVE,0,0,0,1,Property Damage,No Injuries,Car,11,Front To Rear,2,2,0,5,"Over $1,500",1,0,0,0,0,0,0,28,Failing To Reduce Speed To Avoid Crash,18,Unable To Determine,3,Traffic Signal,4,Functioning Properly,1,Clear,1,Daylight,1,Not Divided,1,Dry,2,Stopped,1,No Defects,O20,O2,41.9089928,-87.7947922,41.9090233,-87.7950592,1130843.13,1909884.38
30342,24 04136,2404136,X003492585,2024-07-19,14:25:00,2024-07-19 14:25:00,2024-07-22 10:23:21,Garfield St/Clarence Ave,,GARFIELD ST,CLARENCE AVE,1,1,0,0,Property Damage,No Injuries,Car,10,Turning (At Least One Vehicle),2,2,0,5,"Over $1,500",1,0,0,0,0,0,0,02,Failing To Yield Right-Of-Way,28,Failing To Reduce Speed To Avoid Crash,2,Stop Sign,4,Functioning Properly,1,Clear,1,Daylight,2,"Divided, No Median Barrier",1,Dry,3,Free Flow,1,No Defects,O90,O17,41.8717461,-87.7903061,41.8717155,-87.7903137,1132149.88,1896319.13
30339,24 04135,2404135,X003492576,2024-07-19,14:31:00,2024-07-19 14:31:00,2024-07-22 10:23:20,Madison St/S Scoville Ave,,MADISON ST,S SCOVILLE AVE,1,0,0,0,Injury,B Injury Crash,Car,11,Front To Rear,2,2,0,5,"Over $1,500",0,1,0,0,1,0,1,28,Failing To Reduce Speed To Avoid Crash,99,Not Applicable,3,Traffic Signal,4,Functioning Properly,1,Clear,1,Daylight,1,Not Divided,1,Dry,1,Slow,1,No Defects,O60,O14,41.8798523,-87.7877274,41.8798714,-87.7881393,1132834.25,1899277.13
30341,24 04137,2404137,X003492587,2024-07-19,15:15:00,2024-07-19 15:15:00,2024-07-22 10:23:21,S Oak Park Ave/Pleasant St,,S OAK PARK AVE,PLEASANT ST,1,1,0,0,Property Damage,No Injuries,Car,10,Turning (At Least One Vehicle),2,2,0,5,"Over $1,500",1,0,0,0,0,0,0,03,Following Too Closely,28,Failing To Reduce Speed To Avoid Crash,3,Traffic Signal,4,Functioning Properly,1,Clear,1,Daylight,1,Not Divided,1,Dry,3,Free Flow,1,No Defects,O60,O11,41.8850441,-87.7943802,41.8851891,-87.7944183,1131010.00,1901158.75
30345,24 04138,2404138,X003492588,2024-07-19,16:00:00,2024-07-19 16:00:00,2024-07-22 10:23:22,S Austin Blvd/Garfield St,,S AUSTIN BLVD,GARFIELD ST,1,1,0,0,Injury,B Injury Crash,Car,10,Turning (At Least One Vehicle),2,2,0,5,"Over $1,500",0,1,0,0,1,0,1,06,Improper Turning/No Signal,15,Driving Skills/Knowledge/Experience,2,Stop Sign,4,Functioning Properly,1,Clear,1,Daylight,15,T-Intersection,1,Dry,,,1,No Defects,O90,O16,41.8704185,-87.7743530,41.8704224,-87.7743149,1136497.13,1895864.88
30348,24 04140,2404140,X003492591,2024-07-19,16:32:00,2024-07-19 16:32:00,2024-07-22 10:23:23,S Ridgeland Ave/Adams St,,S RIDGELAND AVE,ADAMS ST,1,1,0,0,Property Damage,No Injuries,Car,11,Front To Rear,2,2,0,4,"$501 to $1,500",1,0,0,0,0,0,0,03,Following Too Closely,28,Failing To Reduce Speed To Avoid Crash,1,No Controls,1,No Controls,1,Clear,1,Daylight,1,Not Divided,1,Dry,3,Free Flow,1,No Defects,O80,O13,41.8780823,-87.7843704,41.8780785,-87.7844009,1133752.38,1898639.50
30344,24 04145,2404145,X003492600,2024-07-19,22:02:00,2024-07-19 22:02:00,2024-07-22 10:23:22,Madison St/Clinton Ave,,MADISON ST,CLINTON AVE,1,1,0,0,Property Damage,No Injuries,Car,11,Front To Rear,2,2,0,5,"Over $1,500",1,0,0,0,0,0,0,03,Following Too Closely,28,Failing To Reduce Speed To Avoid Crash,1,No Controls,1,No Controls,1,Clear,1,Daylight,1,Not Divided,1,Dry,3,Free Flow,1,No Defects,O70,O12,41.8797226,-87.7988281,41.8796921,-87.7988281,1129811.75,1899211.38
30337,24 04158,2404158,X003492624,2024-07-20,10:04:00,2024-07-20 10:04:00,2024-07-22 10:23:19,S Harlem Ave/Jackson Blvd,,S HARLEM AVE,JACKSON BLVD,0,0,0,0,Property Damage,No Injuries,Car,11,Front To Rear,2,2,0,3,$500 or less,1,0,0,0,0,0,0,03,Following Too Closely,28,Failing To Reduce Speed To Avoid Crash,3,Traffic Signal,4,Functioning Properly,1,Clear,1,Daylight,1,Not Divided,1,Dry,1,Slow,1,No Defects,O60,O15,41.8759766,-87.8045654,41.8759842,-87.8046036,1128256.50,1897837.00
30343,24 04157,2404157,X003492602,2024-07-20,10:04:00,2024-07-20 10:04:00,2024-07-22 10:23:21,Roosevelt Rd/East Ave,,ROOSEVELT RD,EAST AVE,0,0,0,0,Property Damage,No Injuries,Car,11,Front To Rear,2,2,0,3,$500 or less,1,0,0,0,0,0,0,28,Failing To Reduce Speed To Avoid Crash,03,Following Too Closely,3,Traffic Signal,4,Functioning Properly,1,Clear,1,Daylight,1,Not Divided,1,Dry,2,Stopped,1,No Defects,O90,O17,41.8652763,-87.7888641,41.8652534,-87.7888641,1132558.38,1893964.75
30336,24 04163,2404163,X003492632,2024-07-20,17:01:00,2024-07-20 17:01:00,2024-07-22 10:23:19,N Austin Blvd/Lake St,,N AUSTIN BLVD,LAKE ST,1,0,0,1,Injury,B Injury Crash,Car,11,Front To Rear,2,2,0,4,"$501 to $1,500",0,1,0,0,2,0,2,28,Failing To Reduce Speed To Avoid Crash,03,Following Too Closely,1,No Controls,1,No Controls,1,Clear,1,Daylight,2,"Divided, No Median Barrier",1,Dry,1,Slow,1,No Defects,O30,O7,41.8880272,-87.7748947,41.8880234,-87.7749329,1136309.00,1902279.13
30346,24 04164,2404164,X003492633,2024-07-20,18:34:00,2024-07-20 18:34:00,2024-07-22 10:23:23,N Ridgeland Ave/Le Moyne Pkwy,,N RIDGELAND AVE,LE MOYNE PKWY,1,1,0,0,Property Damage,No Injuries,Car,15,Angle,2,2,0,4,"$501 to $1,500",0,1,0,0,0,0,0,02,Failing To Yield Right-Of-Way,99,Not Applicable,2,Stop Sign,4,Functioning Properly,1,Clear,1,Daylight,2,"Divided, No Median Barrier",1,Dry,1,Slow,1,No Defects,O20,O2,41.9073372,-87.7833481,41.9073372,-87.7833099,1133961.88,1909300.50
30351,24 04170,2404170,X003492636,2024-07-20,21:48:00,2024-07-20 21:48:00,2024-07-22 10:21:07,S Austin Blvd/Jackson Blvd,,S AUSTIN BLVD,JACKSON BLVD,1,0,0,1,Property Damage,No Injuries,Car,9,Parked Motor Vehicle,2,2,0,5,"Over $1,500",1,0,0,0,0,0,0,18,Unable To Determine,99,Not Applicable,1,No Controls,1,No Controls,1,Clear,5,"Darkness, Lighted Road",2,"Divided, No Median Barrier",1,Dry,,,1,No Defects,O80,O13,41.8764229,-87.7745743,41.8764229,-87.7745361,1136424.63,1898051.75
30350,24 04180,2404180,X003492645,2024-07-21,15:26:00,2024-07-21 15:26:00,2024-07-22 10:23:24,Washington Blvd/S Humphrey Ave,,WASHINGTON BLVD,S HUMPHREY AVE,1,0,0,0,Property Damage,No Injuries,Car,18,Rear To Front,2,2,0,3,$500 or less,1,0,0,0,0,0,0,30,Improper Backing,30,Improper Backing,1,No Controls,1,No Controls,1,Clear,1,Daylight,7,Parking Lot,1,Dry,1,Slow,1,No Defects,O50,O10,41.8820534,-87.7763519,41.8820839,-87.7763596,1135925.38,1900100.88
30374,24 04186,2404186,X003496344,2024-07-21,21:23:00,2024-07-21 21:23:00,2024-07-26 09:50:37,N Austin Blvd/Washington Blvd,,N AUSTIN BLVD,WASHINGTON BLVD,0,0,0,0,Injury,B Injury Crash,Car,9,Parked Motor Vehicle,2,2,0,5,"Over $1,500",0,1,0,0,1,0,1,28,Failing To Reduce Speed To Avoid Crash,20,Improper Lane Usage,1,No Controls,1,No Controls,1,Clear,5,"Darkness, Lighted Road",1,Not Divided,1,Dry,3,Free Flow,1,No Defects,O50,O10,41.8821068,-87.7746887,41.8821106,-87.7747269,1136378.00,1900122.38