record_id,report_number,crash_id,idot_crash_number,date,time,occurred_at,record_added_at,location,street_number,street_name,cross_street,at_intersection,intersection_related,private_property,hit_and_run,crash_severity,crash_injury_severity,crash_mode,crash_type_code,crash_type,total_units,num_motor_vehicles,dooring_pedalcyclist,damage_code,damage,no_injury_drive_away,injury_or_towed,fatalities,a_injuries,b_injuries,c_injuries,total_injured,cause1_code,cause1,cause2_code,cause2,traffic_control_code,traffic_control,device_condition_code,device_condition,weather_code,weather,lighting_code,lighting,trafficway_code,trafficway,road_surface_code,road_surface,flow_condition_code,flow_condition,road_defects_code,road_defects,beat_zone,post_district,latitude,longitude,latitude_geocoded,longitude_geocoded,state_plane_x,state_plane_y
30354,24 04194,2404194,X003494140,2024-07-22,09:23:00,2024-07-22 09:23:00,2024-07-23 08:27:01,East Ave/Harrison St,,EAST AVE,HARRISON ST,1,1,0,0,Property Damage,No Injuries,Car,15,Angle,2,2,0,5,"Over $1,500",1,0,0,0,0,0,0,02,Failing To Yield Right-Of-Way,99,Not Applicable,2,Stop Sign,4,Functioning Properly,1,Clear,1,Daylight,14,Four-Way Intersection,1,Dry,3,Free Flow,1,No Defects,O60,O14,41.8725624,-87.7890854,41.8725624,-87.7891159,1132481.88,1896619.88
30352,24 04202,2404202,X003494143,2024-07-22,13:23:00,2024-07-22 13:23:00,2024-07-23 08:21:24,S Maple Ave/Monroe St,,S MAPLE AVE,MONROE ST,1,0,0,1,Property Damage,No Injuries,Car,9,Parked Motor Vehicle,2,2,0,4,"$501 to $1,500",1,0,0,0,0,0,0,18,Unable To Determine,28,Failing To Reduce Speed To Avoid Crash,1,No Controls,1,No Controls,1,Clear,1,Daylight,7,Parking Lot,1,Dry,3,Free Flow,1,No Defects,O60,O15,41.8781815,-87.8037796,41.8781776,-87.8038177,1128465.25,1898641.75
30353,24 04205,2404205,X003494177,2024-07-22,15:49:00,2024-07-22 15:49:00,2024-07-23 08:27:01,Madison St/S Oak Park Ave,,MADISON ST,S OAK PARK AVE,1,1,0,1,Property Damage,No Injuries,Car,11,Front To Rear,2,2,0,4,"$501 to $1,500",1,0,0,0,0,0,0,28,Failing To Reduce Speed To Avoid Crash,99,Not Applicable,3,Traffic Signal,4,Functioning Properly,1,Clear,1,Daylight,14,Four-Way Intersection,1,Dry,2,Stopped,8,,O60,O14,41.8797417,-87.7942505,41.8797722,-87.7942581,1131056.50,1899226.38
30358,24 04211,2404211,X003494251,2024-07-23,08:45:00,2024-07-23 08:45:00,2024-07-23 17:35:45,S Harlem Ave/Monroe St,,S HARLEM AVE,MONROE ST,1,1,0,0,Injury,B Injury Crash,Car,10,Turning (At Least One Vehicle),2,2,0,5,"Over $1,500",0,1,0,0,1,0,1,20,Improper Lane Usage,02,Failing To Yield Right-Of-Way,2,Stop Sign,4,Functioning Properly,1,Clear,1,Daylight,3,Divided With Median Barrier,1,Dry,2,Stopped,1,No Defects,O70,O12,41.8796730,-87.8047028,41.8781700,-87.8046799,1128211.38,1899183.38
30360,24 04227,2404227,X003494268,2024-07-23,17:35:00,2024-07-23 17:35:00,2024-07-23 18:58:43,S Oak Park Ave/Adams St,,S OAK PARK AVE,ADAMS ST,1,1,0,0,Property Damage,No Injuries,Car,11,Front To Rear,2,2,0,5,"Over $1,500",1,0,0,0,0,0,0,03,Following Too Closely,28,Failing To Reduce Speed To Avoid Crash,1,No Controls,1,No Controls,1,Clear,1,Daylight,1,Not Divided,1,Dry,3,Free Flow,1,No Defects,O60,O14,41.8779449,-87.7941589,41.8779373,-87.7941971,1131086.38,1898571.25
30362,24 04226,2404226,X003494263,2024-07-23,17:41:00,2024-07-23 17:41:00,2024-07-24 10:08:07,S Maple Ave/Washington Blvd,,S MAPLE AVE,WASHINGTON BLVD,1,0,0,0,Property Damage,No Injuries,Car,13,Sideswipe - Opposite Direction,2,2,0,5,"Over $1,500",1,0,0,0,0,0,0,28,Failing To Reduce Speed To Avoid Crash,06,Improper Turning/No Signal,1,No Controls,1,No Controls,1,Clear,1,Daylight,2,"Divided, No Median Barrier",1,Dry,3,Free Flow,1,No Defects,O70,O12,41.8814201,-87.8038940,41.8814201,-87.8039246,1128428.25,1899821.25
30367,24 04247,2404247,X003496346,2024-07-24,16:19:00,2024-07-24 16:19:00,2024-07-25 11:00:49,S Ridgeland Ave/Harvard St,,S RIDGELAND AVE,HARVARD ST,0,0,0,0,Property Damage,No Injuries,Car,9,Parked Motor Vehicle,2,2,0,3,$500 or less,1,0,0,0,0,0,0,30,Improper Backing,28,Failing To Reduce Speed To Avoid Crash,1,No Controls,1,No Controls,1,Clear,1,Daylight,1,Not Divided,1,Dry,3,Free Flow,1,No Defects,O90,O16,41.8689842,-87.7840500,41.8689804,-87.7840881,1133859.50,1895323.25
30368,24 04248,2404248,X003496347,2024-07-24,16:26:00,2024-07-24 16:26:00,2024-07-25 11:06:26,N Marion St/Augusta St,,N MARION ST,AUGUSTA ST,1,0,0,0,Property Damage,No Injuries,Car,9,Parked Motor Vehicle,2,2,0,4,"$501 to $1,500",1,0,0,0,0,0,0,28,Failing To Reduce Speed To Avoid Crash,30,Improper Backing,1,No Controls,1,No Controls,1,Clear,1,Daylight,2,"Divided, No Median Barrier",1,Dry,3,Free Flow,1,No Defects,O20,O6,41.8979034,-87.8034134,41.8978996,-87.8038635,1128521.25,1905828.50
30369,24 04265,2404265,X003496361,2024-07-25,08:03:00,2024-07-25 08:03:00,2024-07-25 16:55:46,S Humphrey Ave/Jackson Blvd,,S HUMPHREY AVE,JACKSON BLVD,1,1,0,0,Property Damage,No Injuries,Pedalcyclist,2,Pedalcyclist,2,1,0,5,"Over $1,500",1,0,0,0,0,0,0,02,Failing To Yield Right-Of-Way,28,Failing To Reduce Speed To Avoid Crash,2,Stop Sign,4,Functioning Properly,1,Clear,1,Daylight,2,"Divided, No Median Barrier",1,Dry,3,Free Flow,1,No Defects,O80,O13,41.8763886,-87.7757263,41.8764496,-87.7757645,1136109.50,1898036.88
30381,24 04292,2404292,X003500338,2024-07-25,08:45:00,2024-07-25 08:45:00,2024-07-26 17:08:26,Chicago Ave/N Ridgeland Ave,,CHICAGO AVE,N RIDGELAND AVE,1,1,0,0,Property Damage,No Injuries,Car,11,Front To Rear,2,2,0,5,"Over $1,500",1,0,0,0,0,0,0,03,Following Too Closely,28,Failing To Reduce Speed To Avoid Crash,3,Traffic Signal,4,Functioning Properly,1,Clear,1,Daylight,1,Not Divided,1,Dry,3,Free Flow,1,No Defects,O30,O7,41.8945465,-87.7848740,41.8945770,-87.7848740,1133576.63,1904637.00
30370,24 04273,2404273,X003496398,2024-07-25,12:45:00,2024-07-25 12:45:00,2024-07-25 16:55:46,Madison St/Clinton Ave,,MADISON ST,CLINTON AVE,0,0,0,0,Injury,B Injury Crash,Car,15,Angle,2,2,0,5,"Over $1,500",0,1,0,0,3,3,6,02,Failing To Yield Right-Of-Way,99,Not Applicable,1,No Controls,1,No Controls,1,Clear,1,Daylight,1,Not Divided,1,Dry,3,Free Flow,1,No Defects,O70,O12,41.8797226,-87.7988281,41.8796921,-87.7988281,1129811.75,1899211.38
30377,24 04280,2404280,X003496407,2024-07-25,17:00:00,2024-07-25 17:00:00,2024-07-26 09:56:14,Woodbine Ave/Thomas St,,WOODBINE AVE,THOMAS ST,0,0,0,0,Property Damage,No Injuries,Car,9,Parked Motor Vehicle,2,2,0,5,"Over $1,500",1,0,0,0,0,0,0,30,Improper Backing,15,Driving Skills/Knowledge/Experience,1,No Controls,1,No Controls,1,Clear,1,Daylight,1,Not Divided,1,Dry,3,Free Flow,1,No Defects,O20,O6,41.8997994,-87.7993622,41.8998070,-87.7993164,1129620.38,1906526.75
30373,24 04283,2404283,X003496416,2024-07-25,19:29:00,2024-07-25 19:29:00,2024-07-26 09:50:37,S Taylor Ave/Madison St,,S TAYLOR AVE,MADISON ST,0,0,0,0,Property Damage,No Injuries,Car,15,Angle,2,2,0,5,"Over $1,500",1,0,0,0,0,0,0,28,Failing To Reduce Speed To Avoid Crash,99,Not Applicable,1,No Controls,1,No Controls,1,Clear,1,Daylight,2,"Divided, No Median Barrier",1,Dry,3,Free Flow,1,No Defects,O80,O13,41.8800430,-87.7778931,41.8800316,-87.7783203,1135511.00,1899364.25
30375,24 04285,2404285,X003496438,2024-07-25,20:31:00,2024-07-25 20:31:00,2024-07-26 09:50:38,S Harvey Ave/Washington Blvd,,S HARVEY AVE,WASHINGTON BLVD,0,0,0,0,Property Damage,No Injuries,Car,12,Sideswipe - Same Direction,2,2,0,4,"$501 to $1,500",1,0,0,0,0,0,0,28,Failing To Reduce Speed To Avoid Crash,20,Improper Lane Usage,1,No Controls,1,No Controls,1,Clear,1,Daylight,2,"Divided, No Median Barrier",1,Dry,3,Free Flow,1,No Defects,O50,O10,41.8817749,-87.7812119,41.8817711,-87.7812500,1134603.25,1899989.50
30378,24 04271,2404271,X003496377,2024-07-25,23:05:00,2024-07-25 23:05:00,2024-07-26 09:56:14,Washington Blvd/S Oak Park Ave,,WASHINGTON BLVD,S OAK PARK AVE,1,1,0,1,Property Damage,No Injuries,Car,11,Front To Rear,2,2,0,3,$500 or less,1,0,0,0,0,0,0,03,Following Too Closely,99,Not Applicable,3,Traffic Signal,4,Functioning Properly,1,Clear,1,Daylight,14,Four-Way Intersection,1,Dry,1,Slow,1,No Defects,O60,O11,41.8815384,-87.7943115,41.8815613,-87.7943115,1131037.25,1899880.13
30376,24 04289,2404289,X003496470,2024-07-26,00:19:00,2024-07-26 00:19:00,2024-07-26 09:50:38,S Humphrey Ave/Randolph St,,S HUMPHREY AVE,RANDOLPH ST,1,0,0,1,Property Damage,No Injuries,Car,7,Other Object,2,1,0,4,"$501 to $1,500",0,1,0,0,0,0,0,08,Under The Influence Of Alc/Drugs-Use For Dui,20,Improper Lane Usage,1,No Controls,1,No Controls,1,Clear,5,"Darkness, Lighted Road",8,Other,1,Dry,3,Free Flow,1,No Defects,O50,O10,41.8840294,-87.7763824,41.8840294,-87.7764130,1135913.38,1900820.75
30391,24 04301,2404301,X003500341,2024-07-26,14:12:00,2024-07-26 14:12:00,2024-07-29 10:40:06,N Marion St/North Blvd,,N MARION ST,NORTH BLVD,0,1,0,0,Property Damage,No Injuries,Pedalcyclist,2,Pedalcyclist,2,1,0,5,"Over $1,500",1,0,0,0,0,0,0,20,Improper Lane Usage,28,Failing To Reduce Speed To Avoid Crash,1,No Controls,1,No Controls,1,Clear,1,Daylight,1,Not Divided,1,Dry,3,Free Flow,1,No Defects,O40,O9,41.8871956,-87.8024368,41.8871880,-87.8023987,1128811.38,1901928.38
30395,24 04308,2404308,X003500344,2024-07-27,00:12:00,2024-07-27 00:12:00,2024-07-29 10:40:07,Madison St/S East Ave,,MADISON ST,S EAST AVE,0,0,0,1,Property Damage,No Injuries,Car,11,Front To Rear,2,2,0,4,"$501 to $1,500",1,0,0,0,0,0,0,28,Failing To Reduce Speed To Avoid Crash,99,Not Applicable,3,Traffic Signal,4,Functioning Properly,1,Clear,5,"Darkness, Lighted Road",1,Not Divided,1,Dry,2,Stopped,1,No Defects,O60,O14,41.8798218,-87.7893600,41.8798523,-87.7893600,1132389.38,1899263.88
30392,24 04312,2404312,X003500346,2024-07-27,07:50:00,2024-07-27 07:50:00,2024-07-29 10:40:06,Madison St/N Harlem Ave,,MADISON ST,N HARLEM AVE,0,0,0,0,Property Damage,No Injuries,Car,11,Front To Rear,2,2,0,5,"Over $1,500",1,0,0,0,0,0,0,28,Failing To Reduce Speed To Avoid Crash,18,Unable To Determine,1,No Controls,1,No Controls,1,Clear,1,Daylight,1,Not Divided,1,Dry,1,Slow,1,No Defects,O60,O15,41.8796349,-87.8047333,41.8796654,-87.8047333,1128202.63,1899169.38
30386,24 04314,2404314,X003500349,2024-07-27,10:15:00,2024-07-27 10:15:00,2024-07-29 10:28:51,S Ridgeland Ave/Madison St,,S RIDGELAND AVE,MADISON ST,0,0,0,0,Property Damage,No Injuries,Car,10,Turning (At Least One Vehicle),2,2,0,5,"Over $1,500",0,1,0,0,0,0,0,06,Improper Turning/No Signal,28,Failing To Reduce Speed To Avoid Crash,1,No Controls,1,No Controls,1,Clear,1,Daylight,1,Not Divided,1,Dry,1,Slow,1,No Defects,O80,O13,41.8799324,-87.7844238,41.8799324,-87.7844620,1133732.63,1899313.88
30390,24 04320,2404320,X003500352,2024-07-27,15:59:00,2024-07-27 15:59:00,2024-07-29 10:23:15,N Harlem Ave/Washington Blvd,,N HARLEM AVE,WASHINGTON BLVD,0,0,0,0,Property Damage,No Injuries,Car,11,Front To Rear,2,2,0,5,"Over $1,500",1,0,0,0,0,0,0,28,Failing To Reduce Speed To Avoid Crash,18,Unable To Determine,1,No Controls,1,No Controls,1,Clear,1,Daylight,1,Not Divided,1,Dry,1,Slow,1,No Defects,O70,O12,41.8813934,-87.8048325,41.8814087,-87.8047943,1128172.13,1899810.88
30394,24 04325,2404325,X003500384,2024-07-27,21:48:00,2024-07-27 21:48:00,2024-07-29 10:40:07,S Harlem Ave/Monroe St,,S HARLEM AVE,MONROE ST,1,1,0,0,Injury,A Injury Crash,Pedalcyclist,2,Pedalcyclist,2,1,0,4,"$501 to $1,500",0,1,0,1,0,0,1,20,Improper Lane Usage,28,Failing To Reduce Speed To Avoid Crash,1,No Controls,1,No Controls,1,Clear,5,"Darkness, Lighted Road",1,Not Divided,1,Dry,3,Free Flow,1,No Defects,O60,O15,41.8781509,-87.8046494,41.8781700,-87.8046799,1128229.00,1898629.25
30389,24 04334,2404334,X003500386,2024-07-28,13:26:00,2024-07-28 13:26:00,2024-07-29 10:28:51,N Austin Blvd/Washington Blvd,,N AUSTIN BLVD,WASHINGTON BLVD,1,0,0,0,Property Damage,No Injuries,Car,12,Sideswipe - Same Direction,2,2,0,5,"Over $1,500",1,0,0,0,0,0,0,28,Failing To Reduce Speed To Avoid Crash,18,Unable To Determine,3,Traffic Signal,4,Functioning Properly,1,Clear,1,Daylight,2,"Divided, No Median Barrier",1,Dry,3,Free Flow,1,No Defects,O50,O10,41.8821068,-87.7746887,41.8821106,-87.7747269,1136378.00,1900122.38
30474,24 04680,2404680,X003516318,2024-07-28,13:53:00,2024-07-28 13:53:00,2024-08-14 09:09:38,Ontario St/N Harlem Ave,,ONTARIO ST,N HARLEM AVE,1,0,0,0,Property Damage,No Injuries,Car,9,Parked Motor Vehicle,2,2,0,4,"$501 to $1,500",1,0,0,0,0,0,0,18,Unable To Determine,18,Unable To Determine,1,No Controls,1,No Controls,1,Clear,1,Daylight,7,Parking Lot,1,Dry,1,Slow,1,No Defects,O40,O9,41.8905182,-87.8051224,41.8905449,-87.8051224,1128072.00,1903134.50
30382,24 04341,2404341,X003500402,2024-07-28,17:42:00,2024-07-28 17:42:00,2024-07-28 19:38:50,Randolph St/Pennsylvania Way,,RANDOLPH ST,PENNSYLVANIA WAY,0,0,0,1,Property Damage,No Injuries,Car,12,Sideswipe - Same Direction,2,2,0,4,"$501 to $1,500",1,0,0,0,0,0,0,18,Unable To Determine,28,Failing To Reduce Speed To Avoid Crash,1,No Controls,1,No Controls,1,Clear,1,Daylight,2,"Divided, No Median Barrier",1,Dry,3,Free Flow,1,No Defects,O70,O12,41.8833122,-87.8016205,41.8832893,-87.8016205,1129042.50,1900515.75
30387,24 04343,2404343,X003500407,2024-07-28,18:17:00,2024-07-28 18:17:00,2024-07-29 10:23:14,N Harlem Ave/Randolph St,,N HARLEM AVE,RANDOLPH ST,1,0,0,0,Property Damage,No Injuries,Car,11,Front To Rear,2,2,0,5,"Over $1,500",0,1,0,0,0,0,0,28,Failing To Reduce Speed To Avoid Crash,03,Following Too Closely,1,No Controls,1,No Controls,1,Clear,1,Daylight,1,Not Divided,1,Dry,3,Free Flow,1,No Defects,O70,O12,41.8832092,-87.8048935,41.8832283,-87.8048630,1128150.63,1900472.25
30393,24 04349,2404349,X003500415,2024-07-28,22:21:00,2024-07-28 22:21:00,2024-07-29 10:40:06,Division St/N Oak Park Ave,,DIVISION ST,N OAK PARK AVE,1,1,0,0,Property Damage,No Injuries,Car,11,Front To Rear,2,2,0,3,$500 or less,1,0,0,0,0,0,0,28,Failing To Reduce Speed To Avoid Crash,18,Unable To Determine,3,Traffic Signal,4,Functioning Properly,1,Clear,5,"Darkness, Lighted Road",14,Four-Way Intersection,2,Wet,2,Stopped,1,No Defects,O20,O5,41.9016762,-87.7948608,41.9017067,-87.7948685,1130840.88,1907218.25
30396,24 04367,2404367,X003500417,2024-07-29,17:57:00,2024-07-29 17:57:00,2024-07-30 08:50:17,S Harlem Ave/Lexington St,,S HARLEM AVE,LEXINGTON ST,1,1,0,0,Property Damage,No Injuries,Car,12,Sideswipe - Same Direction,2,2,0,5,"Over $1,500",1,0,0,0,0,0,0,20,Improper Lane Usage,99,Not Applicable,1,No Controls,1,No Controls,1,Clear,1,Daylight,14,Four-Way Intersection,1,Dry,1,Slow,1,No Defects,O90,O18,41.8704796,-87.8043671,41.8704834,-87.8043976,1128323.00,1895834.00
30425,24 04371,2404371,X003506362,2024-07-29,21:10:00,2024-07-29 21:10:00,2024-08-05 09:42:10,S Austin Blvd/Jackson Blvd,,S AUSTIN BLVD,JACKSON BLVD,1,1,0,0,Injury,A Injury Crash,Car,15,Angle,2,2,0,5,"Over $1,500",0,1,0,1,2,0,3,20,Improper Lane Usage,25,Disregarding Traffic Signals,3,Traffic Signal,4,Functioning Properly,1,Clear,5,"Darkness, Lighted Road",14,Four-Way Intersection,1,Dry,3,Free Flow,1,No Defects,O80,O13,41.8764229,-87.7745743,41.8764229,-87.7745361,1136424.63,1898051.75
30397,24 04381,2404381,X003501450,2024-07-30,12:30:00,2024-07-30 12:30:00,2024-07-30 17:03:25,Madison St/Wesley Ave,,MADISON ST,WESLEY AVE,0,0,0,0,Property Damage,No Injuries,Pedalcyclist,2,Pedalcyclist,2,1,0,3,$500 or less,1,0,0,0,0,0,0,28,Failing To Reduce Speed To Avoid Crash,18,Unable To Determine,1,No Controls,1,No Controls,1,Clear,1,Daylight,4,Two-Way Continuous Left-Turn Lane,1,Dry,3,Free Flow,10,Other,O60,O14,41.8797798,-87.7918091,41.8798065,-87.7918091,1131722.38,1899244.13
30405,24 04405,2404405,X003503363,2024-07-30,12:57:00,2024-07-30 12:57:00,2024-08-01 09:34:47,6831 North Ave,6831,NORTH AVE,,0,0,0,0,Property Damage,No Injuries,Car,12,Sideswipe - Same Direction,2,2,0,4,"$501 to $1,500",1,0,0,0,0,0,0,04,Improper Overtaking/Passing,99,Not Applicable,1,No Controls,1,No Controls,9,Unknown,1,Daylight,2,"Divided, No Median Barrier",9,Unknown,2,Stopped,99,Unknown,O20,O3,41.9089699,-87.7968369,41.9088592,-87.7967758,1130286.88,1909872.63
30401,24 04385,2404385,X003501451,2024-07-30,14:19:00,2024-07-30 14:19:00,2024-07-31 09:40:37,S Oak Park Ave/Roosevelt Rd,,S OAK PARK AVE,ROOSEVELT RD,0,0,0,1,Property Damage,No Injuries,Car,11,Front To Rear,2,2,0,4,"$501 to $1,500",1,0,0,0,0,0,0,28,Failing To Reduce Speed To Avoid Crash,03,Following Too Closely,1,No Controls,1,No Controls,1,Clear,1,Daylight,1,Not Divided,1,Dry,1,Slow,1,No Defects,O90,O17,41.8651657,-87.7937164,41.8651657,-87.7937546,1131236.00,1893916.13
30407,24 04411,2404411,X003503366,2024-07-30,15:05:00,2024-07-30 15:05:00,2024-08-01 10:35:57,515 N Lombard Ave,515,N LOMBARD AVE,,0,0,0,0,Property Damage,No Injuries,Car,9,Parked Motor Vehicle,2,2,0,3,$500 or less,1,0,0,0,0,0,0,18,Unable To Determine,28,Failing To Reduce Speed To Avoid Crash,1,No Controls,1,No Controls,1,Clear,1,Daylight,1,Not Divided,1,Dry,3,Free Flow,1,No Defects,O10,O4,41.8952484,-87.7799912,41.8953247,-87.7802429,1134904.88,1904901.75
30691,24 04386,2404386,X004191923,2024-07-30,15:07:00,2024-07-30 15:07:00,2024-09-12 23:34:46,Wisconsin Ave/Madison St,,WISCONSIN AVE,MADISON ST,0,0,0,1,Property Damage,No Injuries,Car,9,Parked Motor Vehicle,2,2,0,3,$500 or less,1,0,0,0,0,0,0,28,Failing To Reduce Speed To Avoid Crash,18,Unable To Determine,1,No Controls,1,No Controls,1,Clear,1,Daylight,1,Not Divided,1,Dry,3,Free Flow,1,No Defects,O70,O12,41.8796387,-87.8022842,41.8796387,-87.8023148,1128870.63,1899175.13
30403,24 04393,2404393,X003501467,2024-07-30,19:13:00,2024-07-30 19:13:00,2024-07-31 09:57:18,Pleasant Pl/S Marion St,,PLEASANT PL,S MARION ST,0,0,0,0,Property Damage,No Injuries,Car,9,Parked Motor Vehicle,2,2,0,3,$500 or less,1,0,0,0,0,0,0,18,Unable To Determine,18,Unable To Determine,1,No Controls,1,No Controls,1,Clear,1,Daylight,2,"Divided, No Median Barrier",1,Dry,1,Slow,1,No Defects,O70,O12,41.8842316,-87.8024674,41.8842545,-87.8024674,1128810.50,1900848.00
30429,24 04400,2404400,X003506379,2024-07-31,05:38:00,2024-07-31 05:38:00,2024-08-05 09:53:28,N Harlem Ave/Washington Blvd,,N HARLEM AVE,WASHINGTON BLVD,1,1,0,1,Property Damage,No Injuries,Car,10,Turning (At Least One Vehicle),2,2,0,4,"$501 to $1,500",1,0,0,0,0,0,0,20,Improper Lane Usage,99,Not Applicable,3,Traffic Signal,4,Functioning Properly,1,Clear,1,Daylight,14,Four-Way Intersection,1,Dry,1,Slow,1,No Defects,O70,O12,41.8813934,-87.8048325,41.8814087,-87.8047943,1128172.13,1899810.88
30409,24 04413,2404413,X003503368,2024-07-31,16:11:00,2024-07-31 16:11:00,2024-08-01 14:06:53,N East Ave/Chicago Ave,,N EAST AVE,CHICAGO AVE,1,1,0,0,Property Damage,No Injuries,Car,15,Angle,2,2,0,5,"Over $1,500",1,0,0,0,0,0,0,02,Failing To Yield Right-Of-Way,28,Failing To Reduce Speed To Avoid Crash,1,No Controls,1,No Controls,1,Clear,1,Daylight,1,Not Divided,1,Dry,3,Free Flow,1,No Defects,O30,O8,41.8944893,-87.7898178,41.8944855,-87.7897720,1132231.75,1904607.13
30406,24 04414,2404414,X003503364,2024-07-31,18:01:00,2024-07-31 18:01:00,2024-08-01 09:34:47,South Blvd/N Harlem Ave,,SOUTH BLVD,N HARLEM AVE,0,0,0,0,Property Damage,No Injuries,Car,11,Front To Rear,2,2,0,5,"Over $1,500",1,0,0,0,0,0,0,03,Following Too Closely,28,Failing To Reduce Speed To Avoid Crash,3,Traffic Signal,4,Functioning Properly,1,Clear,1,Daylight,2,"Divided, No Median Barrier",1,Dry,2,Stopped,1,No Defects,O70,O12,41.8866806,-87.8049850,41.8867111,-87.8049927,1128118.25,1901736.75
30408,24 04418,2404418,X003503367,2024-08-01,06:58:00,2024-08-01 06:58:00,2024-08-01 14:01:19,North Ave/Harlem Ave,,NORTH AVE,HARLEM AVE,1,1,0,0,Property Damage,No Injuries,Car,12,Sideswipe - Same Direction,2,2,0,5,"Over $1,500",0,1,0,0,0,0,0,02,Failing To Yield Right-Of-Way,28,Failing To Reduce Speed To Avoid Crash,3,Traffic Signal,4,Functioning Properly,8,Cloudy/Overcast,1,Daylight,14,Four-Way Intersection,1,Dry,1,Slow,1,No Defects,O20,O3,41.9088554,-87.8057556,41.9088860,-87.8057556,1127858.75,1909816.50
30410,24 04426,2404426,X003504475,2024-08-01,14:01:00,2024-08-01 14:01:00,2024-08-02 09:34:47,N Ridgeland Ave/Augusta St,,N RIDGELAND AVE,AUGUSTA ST,1,1,0,0,Property Damage,No Injuries,Car,11,Front To Rear,2,2,0,4,"$501 to $1,500",1,0,0,0,0,0,0,03,Following Too Closely,28,Failing To Reduce Speed To Avoid Crash,3,Traffic Signal,4,Functioning Properly,8,Cloudy/Overcast,1,Daylight,14,Four-Way Intersection,1,Dry,1,Slow,1,No Defects,O20,O5,41.8982162,-87.7850418,41.8982239,-87.7850037,1133522.63,1905974.50
30417,24 04428,2404428,X003506400,2024-08-01,14:07:00,2024-08-01 14:07:00,2024-08-05 06:48:31,140 N Cuyler Ave,140,N CUYLER AVE,,0,0,0,0,Property Damage,No Injuries,Car,10,Turning (At Least One Vehicle),2,2,0,5,"Over $1,500",1,0,0,0,0,0,0,02,Failing To Yield Right-Of-Way,28,Failing To Reduce Speed To Avoid Crash,1,No Controls,1,No Controls,1,Clear,1,Daylight,1,Not Divided,1,Dry,3,Free Flow,1,No Defects,O30,O7,41.8888855,-87.7830505,41.8889084,-87.7827759,1134085.13,1902578.75
30697,24 04431,2404431,X003549968,2024-08-01,16:27:00,2024-08-01 16:27:00,2024-09-13 09:36:53,Madison St/S Scoville Ave,,MADISON ST,S SCOVILLE AVE,0,1,0,0,Property Damage,No Injuries,Car,10,Turning (At Least One Vehicle),2,2,0,4,"$501 to $1,500",1,0,0,0,0,0,0,06,Improper Turning/No Signal,18,Unable To Determine,1,No Controls,1,No Controls,1,Clear,1,Daylight,2,"Divided, No Median Barrier",1,Dry,3,Free Flow,1,No Defects,O60,O14,41.8798523,-87.7877274,41.8798714,-87.7881393,1132834.25,1899277.13
30411,24 04434,2404434,X003504477,2024-08-01,19:16:00,2024-08-01 19:16:00,2024-08-02 09:34:47,N Lombard Ave/Thomas St,,N LOMBARD AVE,THOMAS ST,1,0,0,0,Property Damage,No Injuries,Car,12,Sideswipe - Same Direction,2,2,0,4,"$501 to $1,500",1,0,0,0,0,0,0,20,Improper Lane Usage,99,Not Applicable,1,No Controls,1,No Controls,1,Clear,3,Dusk,1,Not Divided,1,Dry,3,Free Flow,1,No Defects,O10,O4,41.8999672,-87.7801361,41.9001121,-87.7801743,1134853.50,1906620.25
30498,24 04654,2404654,X003521679,2024-08-02,00:00:00,2024-08-02 00:00:00,2024-08-19 10:41:41,Randolph St/S Ridgeland Ave,,RANDOLPH ST,S RIDGELAND AVE,1,1,0,0,Property Damage,No Injuries,Car,15,Angle,2,2,0,3,$500 or less,1,0,0,0,0,0,0,02,Failing To Yield Right-Of-Way,28,Failing To Reduce Speed To Avoid Crash,2,Stop Sign,4,Functioning Properly,1,Clear,3,Dusk,2,"Divided, No Median Barrier",1,Dry,1,Slow,1,No Defects,O50,O10,41.8834267,-87.7845535,41.8834534,-87.7845612,1133689.63,1900585.25
30433,24 04440,2404440,X003507656,2024-08-02,01:44:00,2024-08-02 01:44:00,2024-08-06 11:17:38,N Lombard Ave/Berkshire St,,N LOMBARD AVE,BERKSHIRE ST,1,0,0,0,Property Damage,No Injuries,Car,6,Fixed Object,3,1,0,4,"$501 to $1,500",0,1,0,0,0,0,0,28,Failing To Reduce Speed To Avoid Crash,50,"Oper. Veh. In Erratic,Reckless,Careless Manne",1,No Controls,1,No Controls,1,Clear,4,Darkness,1,Not Divided,2,Wet,3,Free Flow,1,No Defects,O10,O1,41.9038467,-87.7803497,41.9038544,-87.7803116,1134785.88,1908034.63
30414,24 04442,2404442,X003504478,2024-08-02,05:54:00,2024-08-02 05:54:00,2024-08-02 16:54:03,Lake St/N Kenilworth Ave,,LAKE ST,N KENILWORTH AVE,1,0,0,0,Property Damage,No Injuries,Car,9,Parked Motor Vehicle,2,2,0,5,"Over $1,500",0,1,0,0,0,0,0,28,Failing To Reduce Speed To Avoid Crash,18,Unable To Determine,1,No Controls,1,No Controls,1,Clear,5,"Darkness, Lighted Road",2,"Divided, No Median Barrier",1,Dry,3,Free Flow,1,No Defects,O40,O9,41.8886719,-87.7971573,41.8886986,-87.7975082,1130245.50,1902475.38