record_id,report_number,crash_id,idot_crash_number,date,time,occurred_at,record_added_at,location,street_number,street_name,cross_street,at_intersection,intersection_related,private_property,hit_and_run,crash_severity,crash_injury_severity,crash_mode,crash_type_code,crash_type,total_units,num_motor_vehicles,dooring_pedalcyclist,damage_code,damage,no_injury_drive_away,injury_or_towed,fatalities,a_injuries,b_injuries,c_injuries,total_injured,cause1_code,cause1,cause2_code,cause2,traffic_control_code,traffic_control,device_condition_code,device_condition,weather_code,weather,lighting_code,lighting,trafficway_code,trafficway,road_surface_code,road_surface,flow_condition_code,flow_condition,road_defects_code,road_defects,beat_zone,post_district,latitude,longitude,latitude_geocoded,longitude_geocoded,state_plane_x,state_plane_y
30415,24 04444,2404444,X003504479,2024-08-02,08:50:00,2024-08-02 08:50:00,2024-08-02 16:54:04,S Harlem Ave/I290 Ramp W,,S HARLEM AVE,I290 RAMP W,1,1,0,0,Injury,B Injury Crash,Car,10,Turning (At Least One Vehicle),2,2,0,5,"Over $1,500",0,1,0,0,1,0,1,02,Failing To Yield Right-Of-Way,06,Improper Turning/No Signal,3,Traffic Signal,4,Functioning Properly,1,Clear,1,Daylight,3,Divided With Median Barrier,1,Dry,1,Slow,1,No Defects,O60,O15,41.8736649,-87.8044891,41.8736877,-87.8045197,1128282.13,1896995.00
30428,24 04450,2404450,X003506434,2024-08-02,12:23:00,2024-08-02 12:23:00,2024-08-05 09:53:27,S East Ave/Adams St,,S EAST AVE,ADAMS ST,1,1,0,0,Injury,B Injury Crash,Car,15,Angle,4,2,0,5,"Over $1,500",0,1,0,0,1,0,1,28,Failing To Reduce Speed To Avoid Crash,99,Not Applicable,2,Stop Sign,4,Functioning Properly,1,Clear,1,Daylight,14,Four-Way Intersection,1,Dry,1,Slow,1,No Defects,O60,O14,41.8780289,-87.7892685,41.8780250,-87.7893066,1132418.88,1898610.88
30424,24 04465,2404465,X003506435,2024-08-03,15:10:00,2024-08-03 15:10:00,2024-08-05 09:47:50,Garfield St/S Austin Blvd,,GARFIELD ST,S AUSTIN BLVD,0,0,0,1,Property Damage,No Injuries,Car,9,Parked Motor Vehicle,2,2,0,5,"Over $1,500",1,0,0,0,0,0,0,18,Unable To Determine,99,Not Applicable,2,Stop Sign,4,Functioning Properly,1,Clear,1,Daylight,1,Not Divided,1,Dry,1,Slow,1,No Defects,O90,O16,41.8703918,-87.7743225,41.8704224,-87.7743149,1136506.38,1895854.13
30423,24 04467,2404467,X003506439,2024-08-03,17:43:00,2024-08-03 17:43:00,2024-08-05 09:47:49,Lake St/N Maple Ave,,LAKE ST,N MAPLE AVE,1,0,0,1,Property Damage,No Injuries,Car,9,Parked Motor Vehicle,2,2,0,3,$500 or less,1,0,0,0,0,0,0,28,Failing To Reduce Speed To Avoid Crash,99,Not Applicable,1,No Controls,1,No Controls,1,Clear,1,Daylight,2,"Divided, No Median Barrier",1,Dry,3,Free Flow,1,No Defects,O40,O9,41.8885727,-87.8040466,41.8885994,-87.8040466,1128369.50,1902427.75
30416,24 04470,2404470,X003506073,2024-08-03,22:52:00,2024-08-03 22:52:00,2024-08-04 20:14:18,N Cuyler Ave/Ontario St,,N CUYLER AVE,ONTARIO ST,0,0,0,1,Property Damage,No Injuries,Car,9,Parked Motor Vehicle,2,2,0,5,"Over $1,500",1,0,0,0,0,0,0,18,Unable To Determine,18,Unable To Determine,1,No Controls,1,No Controls,1,Clear,1,Daylight,1,Not Divided,1,Dry,3,Free Flow,1,No Defects,O30,O7,41.8903809,-87.7831650,41.8903847,-87.7831345,1134050.00,1903122.63
30422,24 04472,2404472,X003506524,2024-08-04,01:05:00,2024-08-04 01:05:00,2024-08-05 09:47:49,Madison St/N Austin Blvd,,MADISON ST,N AUSTIN BLVD,0,0,0,0,Property Damage,No Injuries,Car,12,Sideswipe - Same Direction,2,2,0,5,"Over $1,500",1,0,0,0,0,0,0,02,Failing To Yield Right-Of-Way,99,Not Applicable,1,No Controls,1,No Controls,1,Clear,5,"Darkness, Lighted Road",1,Not Divided,1,Dry,3,Free Flow,1,No Defects,O80,O13,41.8800621,-87.7746582,41.8800888,-87.7746582,1136392.88,1899377.50
30427,24 04474,2404474,X003506538,2024-08-04,05:34:00,2024-08-04 05:34:00,2024-08-05 09:47:50,N Harvey Ave/Ontario St,,N HARVEY AVE,ONTARIO ST,1,0,0,1,Property Damage,No Injuries,Car,6,Fixed Object,2,1,0,5,"Over $1,500",0,1,0,0,0,0,0,24,Disregarding Other Traffic Signs,28,Failing To Reduce Speed To Avoid Crash,10,Other Regulatory Sign,4,Functioning Properly,1,Clear,1,Daylight,8,Other,1,Dry,3,Free Flow,1,No Defects,O30,O7,41.8904076,-87.7815475,41.8904114,-87.7815018,1134492.75,1903134.50
30426,24 04480,2404480,X003506544,2024-08-04,12:24:00,2024-08-04 12:24:00,2024-08-05 09:47:50,Clinton Ave/South Blvd,,CLINTON AVE,SOUTH BLVD,0,0,0,0,Property Damage,No Injuries,Car,15,Angle,2,2,0,5,"Over $1,500",1,0,0,0,0,0,0,28,Failing To Reduce Speed To Avoid Crash,02,Failing To Yield Right-Of-Way,1,No Controls,1,No Controls,1,Clear,1,Daylight,1,Not Divided,1,Dry,3,Free Flow,1,No Defects,O70,O12,41.8868408,-87.7985992,41.8868370,-87.7986374,1129856.38,1901805.75
30442,24 04482,2404482,X003509724,2024-08-04,16:06:00,2024-08-04 16:06:00,2024-08-07 16:22:06,S Ridgeland Ave/Washington Blvd,,S RIDGELAND AVE,WASHINGTON BLVD,0,0,0,0,Property Damage,No Injuries,Car,11,Front To Rear,2,2,0,5,"Over $1,500",1,0,0,0,0,0,0,28,Failing To Reduce Speed To Avoid Crash,99,Not Applicable,3,Traffic Signal,4,Functioning Properly,1,Clear,1,Daylight,1,Not Divided,1,Dry,1,Slow,1,No Defects,O50,O10,41.8817215,-87.7844772,41.8817253,-87.7845154,1133714.00,1899965.25
30470,24 04488,2404488,X003515340,2024-08-04,20:30:00,2024-08-04 20:30:00,2024-08-13 10:31:25,Lake St/Forest Ave,,LAKE ST,FOREST AVE,1,0,0,1,Property Damage,No Injuries,Car,6,Fixed Object,3,1,0,5,"Over $1,500",1,0,0,0,0,0,0,18,Unable To Determine,18,Unable To Determine,1,No Controls,1,No Controls,1,Clear,5,"Darkness, Lighted Road",2,"Divided, No Median Barrier",1,Dry,3,Free Flow,1,No Defects,O40,O9,41.8886337,-87.8007965,41.8886642,-87.8007965,1129255.38,1902455.88
30434,24 04501,2404501,X003507669,2024-08-05,14:54:00,2024-08-05 14:54:00,2024-08-06 11:17:39,N Elmwood Ave/Augusta St,,N ELMWOOD AVE,AUGUSTA ST,1,1,0,1,Property Damage,No Injuries,Car,15,Angle,2,2,0,5,"Over $1,500",1,0,0,0,0,0,0,23,Disregarding Stop Sign,02,Failing To Yield Right-Of-Way,2,Stop Sign,4,Functioning Properly,1,Clear,1,Daylight,14,Four-Way Intersection,1,Dry,1,Slow,1,No Defects,O20,O5,41.8981934,-87.7866669,41.8981934,-87.7866287,1133079.25,1905963.00
30432,24 04505,2404505,X003507678,2024-08-05,15:49:00,2024-08-05 15:49:00,2024-08-06 11:12:03,N Marion St/Lake St,,N MARION ST,LAKE ST,0,0,0,0,Property Damage,No Injuries,Car,11,Front To Rear,4,4,0,5,"Over $1,500",1,0,0,0,0,0,0,28,Failing To Reduce Speed To Avoid Crash,30,Improper Backing,3,Traffic Signal,4,Functioning Properly,1,Clear,1,Daylight,1,Not Divided,1,Dry,,,1,No Defects,O40,O9,41.8886414,-87.8025055,41.8886452,-87.8026276,1128789.13,1902455.00
30439,24 04527,2404527,X003508963,2024-08-06,15:12:00,2024-08-06 15:12:00,2024-08-07 12:44:42,S Lombard Ave/Madison St,,S LOMBARD AVE,MADISON ST,1,0,0,0,Property Damage,No Injuries,Car,15,Angle,2,2,0,5,"Over $1,500",0,1,0,0,0,0,0,02,Failing To Yield Right-Of-Way,28,Failing To Reduce Speed To Avoid Crash,3,Traffic Signal,4,Functioning Properly,1,Clear,1,Daylight,1,Not Divided,1,Dry,3,Free Flow,1,No Defects,O80,O13,41.8800278,-87.7795258,41.8800240,-87.7795563,1135067.63,1899356.00
30438,24 04536,2404536,X003508979,2024-08-07,07:55:00,2024-08-07 07:55:00,2024-08-07 10:19:50,S Taylor Ave/Roosevelt Rd,,S TAYLOR AVE,ROOSEVELT RD,1,0,0,0,Property Damage,No Injuries,Car,12,Sideswipe - Same Direction,2,2,0,5,"Over $1,500",0,1,0,0,0,0,0,20,Improper Lane Usage,99,Not Applicable,1,No Controls,1,No Controls,1,Clear,1,Daylight,1,Not Divided,1,Dry,3,Free Flow,1,No Defects,O90,O16,41.8654213,-87.7777863,41.8654175,-87.7778244,1135574.63,1894036.00
30469,24 04562,2404562,X003515352,2024-08-07,08:44:00,2024-08-07 08:44:00,2024-08-13 10:31:25,S Harlem Ave/Garfield St,,S HARLEM AVE,GARFIELD ST,1,1,0,0,Property Damage,No Injuries,Car,11,Front To Rear,3,3,0,4,"$501 to $1,500",1,0,0,0,0,0,0,28,Failing To Reduce Speed To Avoid Crash,03,Following Too Closely,3,Traffic Signal,4,Functioning Properly,1,Clear,1,Daylight,2,"Divided, No Median Barrier",1,Dry,1,Slow,1,No Defects,O90,O18,41.8723068,-87.8044357,41.8723183,-87.8044663,1128300.88,1896500.75
30441,24 04539,2404539,X003510113,2024-08-07,10:37:00,2024-08-07 10:37:00,2024-08-07 16:22:06,S Ridgeland Ave/North Blvd,,S RIDGELAND AVE,NORTH BLVD,1,0,0,0,Property Damage,No Injuries,Car,6,Fixed Object,2,1,0,5,"Over $1,500",1,0,0,0,0,0,0,15,Driving Skills/Knowledge/Experience,28,Failing To Reduce Speed To Avoid Crash,11,Other Warning Sign,1,No Controls,1,Clear,1,Daylight,1,Not Divided,1,Dry,1,Slow,1,No Defects,O90,O16,41.8653374,-87.7839279,41.8873596,-87.7846451,1133901.50,1893995.88
30466,24 04541,2404541,X003514607,2024-08-07,11:31:00,2024-08-07 11:31:00,2024-08-12 16:38:35,Lake St/N East Ave,,LAKE ST,N EAST AVE,1,1,0,0,Property Damage,No Injuries,Car,9,Parked Motor Vehicle,2,2,0,5,"Over $1,500",0,1,0,0,0,0,0,10,Equipment - Vehicle Condition,28,Failing To Reduce Speed To Avoid Crash,1,No Controls,1,No Controls,1,Clear,1,Daylight,4,Two-Way Continuous Left-Turn Lane,1,Dry,3,Free Flow,1,No Defects,O30,O8,41.8884582,-87.7895889,41.8884849,-87.7895889,1132306.13,1902410.38
30456,24 04568,2404568,X003513824,2024-08-07,12:04:00,2024-08-07 12:04:00,2024-08-12 10:53:41,Madison St/Wesley Ave,,MADISON ST,WESLEY AVE,1,1,0,0,Property Damage,No Injuries,Car,11,Front To Rear,2,2,0,4,"$501 to $1,500",1,0,0,0,0,0,0,03,Following Too Closely,99,Not Applicable,1,No Controls,1,No Controls,1,Clear,1,Daylight,1,Not Divided,1,Dry,2,Stopped,1,No Defects,O60,O14,41.8797798,-87.7918091,41.8798065,-87.7918091,1131722.38,1899244.13
30478,24 04657,2404657,X003516187,2024-08-07,12:41:00,2024-08-07 12:41:00,2024-08-14 09:09:39,S Harlem Ave/Garfield St,,S HARLEM AVE,GARFIELD ST,1,0,0,0,Property Damage,No Injuries,Car,11,Front To Rear,2,2,0,4,"$501 to $1,500",1,0,0,0,0,0,0,03,Following Too Closely,28,Failing To Reduce Speed To Avoid Crash,3,Traffic Signal,4,Functioning Properly,1,Clear,1,Daylight,2,"Divided, No Median Barrier",1,Dry,1,Slow,1,No Defects,O90,O18,41.8723068,-87.8044357,41.8723183,-87.8044663,1128300.88,1896500.75
30445,24 04538,2404538,X003510105,2024-08-07,13:14:00,2024-08-07 13:14:00,2024-08-08 10:15:20,S Harlem Ave/Madison St,,S HARLEM AVE,MADISON ST,1,1,0,0,Property Damage,No Injuries,Car,11,Front To Rear,2,2,0,4,"$501 to $1,500",1,0,0,0,0,0,0,03,Following Too Closely,99,Not Applicable,3,Traffic Signal,4,Functioning Properly,1,Clear,5,"Darkness, Lighted Road",1,Not Divided,9,Unknown,2,Stopped,1,No Defects,O70,O12,41.8796730,-87.8047028,41.8796654,-87.8047333,1128211.38,1899183.38
30443,24 04552,2404552,X003509725,2024-08-07,16:20:00,2024-08-07 16:20:00,2024-08-08 05:09:07,S Euclid Ave/Van Buren St,,S EUCLID AVE,VAN BUREN ST,1,0,0,1,Property Damage,No Injuries,Car,9,Parked Motor Vehicle,2,2,0,5,"Over $1,500",0,1,0,0,0,0,0,28,Failing To Reduce Speed To Avoid Crash,15,Driving Skills/Knowledge/Experience,1,No Controls,1,No Controls,9,Unknown,9,Unknown,1,Not Divided,1,Dry,3,Free Flow,1,No Defects,O60,O14,41.8743134,-87.7928085,41.8743095,-87.7928390,1131463.00,1897250.75
30444,24 04550,2404550,X003510116,2024-08-07,17:42:00,2024-08-07 17:42:00,2024-08-08 10:15:19,Madison St/S Taylor Ave,,MADISON ST,S TAYLOR AVE,1,0,0,0,Property Damage,No Injuries,Car,9,Parked Motor Vehicle,2,2,0,5,"Over $1,500",1,0,0,0,0,0,0,04,Improper Overtaking/Passing,15,Driving Skills/Knowledge/Experience,1,No Controls,1,No Controls,1,Clear,1,Daylight,3,Divided With Median Barrier,1,Dry,3,Free Flow,1,No Defects,O80,O13,41.8800087,-87.7779312,41.8800316,-87.7783203,1135501.50,1899352.50
30461,24 04564,2404564,X003513817,2024-08-08,11:24:00,2024-08-08 11:24:00,2024-08-12 11:04:57,North Ave/N Newland Ave,,NORTH AVE,N NEWLAND AVE,1,0,0,1,Property Damage,No Injuries,Car,9,Parked Motor Vehicle,2,2,0,4,"$501 to $1,500",1,0,0,0,0,0,0,18,Unable To Determine,99,Not Applicable,1,No Controls,1,No Controls,1,Clear,1,Daylight,1,Not Divided,1,Dry,3,Free Flow,1,No Defects,O20,O3,41.9089470,-87.7984467,41.9090729,-87.7906723,1129847.00,1909861.13
30450,24 04567,2404567,X003511003,2024-08-08,11:31:00,2024-08-08 11:31:00,2024-08-09 09:58:40,S Austin Blvd/Jackson Blvd,,S AUSTIN BLVD,JACKSON BLVD,0,0,0,0,Property Damage,No Injuries,Car,12,Sideswipe - Same Direction,2,2,0,3,$500 or less,1,0,0,0,0,0,0,28,Failing To Reduce Speed To Avoid Crash,99,Not Applicable,3,Traffic Signal,4,Functioning Properly,1,Clear,1,Daylight,4,Two-Way Continuous Left-Turn Lane,1,Dry,1,Slow,1,No Defects,O80,O13,41.8764229,-87.7745743,41.8764229,-87.7745361,1136424.63,1898051.75
30449,24 04572,2404572,X003511021,2024-08-08,15:46:00,2024-08-08 15:46:00,2024-08-09 09:58:39,N Grove Ave/Erie St,,N GROVE AVE,ERIE ST,0,0,0,0,Property Damage,No Injuries,Car,10,Turning (At Least One Vehicle),2,2,0,4,"$501 to $1,500",1,0,0,0,0,0,0,18,Unable To Determine,18,Unable To Determine,1,No Controls,1,No Controls,1,Clear,1,Daylight,1,Not Divided,1,Dry,3,Free Flow,1,No Defects,O40,O9,41.8913040,-87.7961273,41.8913116,-87.7960892,1130519.75,1903436.38
30452,24 04574,2404574,X003511047,2024-08-08,17:36:00,2024-08-08 17:36:00,2024-08-09 09:58:40,Washington Blvd/S Ridgeland Ave,,WASHINGTON BLVD,S RIDGELAND AVE,1,0,0,0,Property Damage,No Injuries,Car,11,Front To Rear,2,2,0,5,"Over $1,500",1,0,0,0,0,0,0,28,Failing To Reduce Speed To Avoid Crash,15,Driving Skills/Knowledge/Experience,3,Traffic Signal,4,Functioning Properly,1,Clear,1,Daylight,2,"Divided, No Median Barrier",1,Dry,3,Free Flow,1,No Defects,O50,O10,41.8816948,-87.7845154,41.8817253,-87.7845154,1133704.88,1899954.38
30453,24 04581,2404581,X003511072,2024-08-09,00:54:00,2024-08-09 00:54:00,2024-08-09 09:58:41,S Austin Blvd/Jackson Blvd,,S AUSTIN BLVD,JACKSON BLVD,1,1,0,0,Property Damage,No Injuries,Car,11,Front To Rear,2,2,0,5,"Over $1,500",1,0,0,0,0,0,0,28,Failing To Reduce Speed To Avoid Crash,15,Driving Skills/Knowledge/Experience,3,Traffic Signal,4,Functioning Properly,1,Clear,5,"Darkness, Lighted Road",1,Not Divided,1,Dry,3,Free Flow,1,No Defects,O80,O13,41.8764229,-87.7745743,41.8764229,-87.7745361,1136424.63,1898051.75
30574,24 05020,2405020,X003532606,2024-08-09,08:42:00,2024-08-09 08:42:00,2024-08-28 08:49:04,S Austin Blvd/Garfield St,,S AUSTIN BLVD,GARFIELD ST,1,1,0,0,Property Damage,No Injuries,Car,12,Sideswipe - Same Direction,2,2,0,4,"$501 to $1,500",1,0,0,0,0,0,0,02,Failing To Yield Right-Of-Way,99,Not Applicable,3,Traffic Signal,4,Functioning Properly,9,Unknown,1,Daylight,2,"Divided, No Median Barrier",9,Unknown,3,Free Flow,99,Unknown,O90,O16,41.8704185,-87.7743530,41.8704224,-87.7743149,1136497.13,1895864.88
30457,24 04605,2404605,X003513829,2024-08-10,00:58:00,2024-08-10 00:58:00,2024-08-12 11:04:56,N Harlem Ave/Greenfield St,,N HARLEM AVE,GREENFIELD ST,1,0,0,0,Property Damage,No Injuries,Car,9,Parked Motor Vehicle,2,2,0,5,"Over $1,500",0,1,0,0,0,0,0,28,Failing To Reduce Speed To Avoid Crash,99,Not Applicable,1,No Controls,1,No Controls,1,Clear,5,"Darkness, Lighted Road",2,"Divided, No Median Barrier",1,Dry,3,Free Flow,1,No Defects,O20,O3,41.9052124,-87.8056869,41.9052162,-87.8056488,1127886.25,1908488.50
30458,24 04609,2404609,X003513834,2024-08-10,10:15:00,2024-08-10 10:15:00,2024-08-12 10:59:18,S Ridgeland Ave/Van Buren St,,S RIDGELAND AVE,VAN BUREN ST,1,0,0,1,Injury,B Injury Crash,Car,15,Angle,2,2,0,5,"Over $1,500",0,1,0,0,1,0,1,02,Failing To Yield Right-Of-Way,28,Failing To Reduce Speed To Avoid Crash,2,Stop Sign,4,Functioning Properly,1,Clear,1,Daylight,2,"Divided, No Median Barrier",1,Dry,3,Free Flow,1,No Defects,O80,O13,41.8744621,-87.7842407,41.8744621,-87.7842789,1133795.00,1897319.63
30482,24 04621,2404621,X003517080,2024-08-10,17:03:00,2024-08-10 17:03:00,2024-08-14 16:23:40,S Austin Blvd/Jackson Blvd,,S AUSTIN BLVD,JACKSON BLVD,1,1,0,0,Property Damage,No Injuries,Car,10,Turning (At Least One Vehicle),2,2,0,5,"Over $1,500",0,1,0,0,0,0,0,02,Failing To Yield Right-Of-Way,18,Unable To Determine,3,Traffic Signal,4,Functioning Properly,1,Clear,1,Daylight,1,Not Divided,1,Dry,3,Free Flow,1,No Defects,O80,O13,41.8764229,-87.7745743,41.8764229,-87.7745361,1136424.63,1898051.75
30463,24 04624,2404624,X003513840,2024-08-10,19:01:00,2024-08-10 19:01:00,2024-08-12 11:10:36,Chicago Ave/N Elmwood Ave,,CHICAGO AVE,N ELMWOOD AVE,1,1,0,0,Injury,B Injury Crash,Car,10,Turning (At Least One Vehicle),2,2,0,5,"Over $1,500",0,1,0,0,4,1,5,02,Failing To Yield Right-Of-Way,28,Failing To Reduce Speed To Avoid Crash,1,No Controls,1,No Controls,1,Clear,2,Dawn,1,Not Divided,1,Dry,3,Free Flow,1,No Defects,O30,O8,41.8945160,-87.7864990,41.8945503,-87.7865067,1133133.00,1904623.88
30464,24 04627,2404627,X003513842,2024-08-10,22:52:00,2024-08-10 22:52:00,2024-08-12 11:10:37,S Ridgeland Ave/Washington Blvd,,S RIDGELAND AVE,WASHINGTON BLVD,1,1,0,1,Property Damage,No Injuries,Pedalcyclist,2,Pedalcyclist,2,1,0,3,$500 or less,1,0,0,0,0,0,0,18,Unable To Determine,99,Not Applicable,3,Traffic Signal,4,Functioning Properly,1,Clear,4,Darkness,15,T-Intersection,1,Dry,3,Free Flow,1,No Defects,O50,O10,41.8817215,-87.7844772,41.8817253,-87.7845154,1133714.00,1899965.25
30459,24 04628,2404628,X003513866,2024-08-10,23:22:00,2024-08-10 23:22:00,2024-08-12 11:04:56,N Oak Park Ave/Berkshire St,,N OAK PARK AVE,BERKSHIRE ST,1,0,0,0,Injury,B Injury Crash,Car,9,Parked Motor Vehicle,2,2,0,5,"Over $1,500",0,1,0,0,1,0,1,20,Improper Lane Usage,28,Failing To Reduce Speed To Avoid Crash,1,No Controls,1,No Controls,1,Clear,4,Darkness,1,Not Divided,1,Dry,3,Free Flow,1,No Defects,O20,O3,41.9035797,-87.7949524,41.9035873,-87.7949143,1130812.13,1907912.00
30479,24 04671,2404671,X003516245,2024-08-11,10:03:00,2024-08-11 10:03:00,2024-08-14 09:09:40,S Scoville Ave/Adams St,,S SCOVILLE AVE,ADAMS ST,1,0,0,1,Property Damage,No Injuries,Car,9,Parked Motor Vehicle,2,2,0,5,"Over $1,500",1,0,0,0,0,0,0,28,Failing To Reduce Speed To Avoid Crash,18,Unable To Determine,1,No Controls,1,No Controls,1,Clear,1,Daylight,2,"Divided, No Median Barrier",1,Dry,3,Free Flow,1,No Defects,O60,O14,41.8780479,-87.7880402,41.8780441,-87.7880783,1132752.63,1898619.63
30460,24 04634,2404634,X003513869,2024-08-11,12:49:00,2024-08-11 12:49:00,2024-08-12 10:59:18,N Grove Ave/North Ave,,N GROVE AVE,NORTH AVE,0,0,0,0,Property Damage,No Injuries,Car,9,Parked Motor Vehicle,2,2,0,3,$500 or less,1,0,0,0,0,0,0,20,Improper Lane Usage,04,Improper Overtaking/Passing,1,No Controls,1,No Controls,1,Clear,1,Daylight,1,Not Divided,1,Dry,3,Free Flow,1,No Defects,O20,O3,41.9089966,-87.7965927,41.9090042,-87.7965546,1130352.00,1909882.75
30467,24 04652,2404652,X003514608,2024-08-12,12:17:00,2024-08-12 12:17:00,2024-08-12 16:38:36,N Harlem Ave/Lake St,,N HARLEM AVE,LAKE ST,1,1,0,1,Property Damage,No Injuries,Car,10,Turning (At Least One Vehicle),2,2,0,3,$500 or less,1,0,0,0,0,0,0,18,Unable To Determine,18,Unable To Determine,3,Traffic Signal,4,Functioning Properly,1,Clear,1,Daylight,14,Four-Way Intersection,1,Dry,3,Free Flow,1,No Defects,O40,O9,41.8885765,-87.8050919,41.8885841,-87.8050537,1128084.88,1902427.75
30468,24 04667,2404667,X003515361,2024-08-12,20:56:00,2024-08-12 20:56:00,2024-08-13 10:31:24,Washington Blvd/S Harvey Ave,,WASHINGTON BLVD,S HARVEY AVE,1,1,0,0,Property Damage,No Injuries,Pedalcyclist,2,Pedalcyclist,2,1,0,3,$500 or less,1,0,0,0,0,0,0,05,Driving On Wrong Side/Wrong Way,20,Improper Lane Usage,2,Stop Sign,4,Functioning Properly,1,Clear,5,"Darkness, Lighted Road",1,Not Divided,1,Dry,3,Free Flow,1,No Defects,O50,O10,41.8817978,-87.7812500,41.8817711,-87.7812500,1134593.75,1899998.50
30477,24 04670,2404670,X003516242,2024-08-13,08:49:00,2024-08-13 08:49:00,2024-08-14 09:09:39,Le Moyne Pkwy/Fair Oaks Ave,,LE MOYNE PKWY,FAIR OAKS AVE,1,1,0,0,Injury,B Injury Crash,Pedalcyclist,2,Pedalcyclist,2,1,0,4,"$501 to $1,500",0,1,0,0,1,0,1,02,Failing To Yield Right-Of-Way,28,Failing To Reduce Speed To Avoid Crash,1,No Controls,4,Functioning Properly,1,Clear,1,Daylight,1,Not Divided,1,Dry,3,Free Flow,1,No Defects,O20,O2,41.9072418,-87.7887039,41.9072685,-87.7887116,1132503.13,1909256.63
30476,24 04687,2404687,X003516320,2024-08-13,16:16:00,2024-08-13 16:16:00,2024-08-14 09:09:38,S Harlem Ave/Garfield St,,S HARLEM AVE,GARFIELD ST,0,0,0,0,Property Damage,No Injuries,Car,11,Front To Rear,2,2,0,4,"$501 to $1,500",0,1,0,0,0,0,0,03,Following Too Closely,28,Failing To Reduce Speed To Avoid Crash,3,Traffic Signal,4,Functioning Properly,1,Clear,1,Daylight,4,Two-Way Continuous Left-Turn Lane,1,Dry,2,Stopped,1,No Defects,O90,O18,41.8723068,-87.8044357,41.8723183,-87.8044663,1128300.88,1896500.75
30480,24 04688,2404688,X003516321,2024-08-13,17:18:00,2024-08-13 17:18:00,2024-08-14 09:09:40,S Oak Park Ave/Van Buren St,,S OAK PARK AVE,VAN BUREN ST,0,1,0,0,Property Damage,No Injuries,Car,11,Front To Rear,2,2,0,4,"$501 to $1,500",1,0,0,0,0,0,0,28,Failing To Reduce Speed To Avoid Crash,99,Not Applicable,1,No Controls,1,No Controls,1,Clear,1,Daylight,2,"Divided, No Median Barrier",1,Dry,3,Free Flow,1,No Defects,O60,O14,41.8742905,-87.7940292,41.8742905,-87.7940674,1131129.38,1897240.63
30475,24 04690,2404690,X003516326,2024-08-13,18:26:00,2024-08-13 18:26:00,2024-08-14 09:09:38,N Harlem Ave/Chicago Ave,,N HARLEM AVE,CHICAGO AVE,0,1,0,0,Property Damage,No Injuries,Car,11,Front To Rear,2,2,0,3,$500 or less,1,0,0,0,0,0,0,03,Following Too Closely,28,Failing To Reduce Speed To Avoid Crash,3,Traffic Signal,4,Functioning Properly,1,Clear,1,Daylight,1,Not Divided,1,Dry,3,Free Flow,1,No Defects,O40,O9,41.8942261,-87.8052826,41.8942337,-87.8052445,1128020.38,1904486.00
30483,24 04703,2404703,X003517082,2024-08-14,13:11:00,2024-08-14 13:11:00,2024-08-14 16:29:21,Lake St/N Ridgeland Ave,,LAKE ST,N RIDGELAND AVE,1,1,0,0,Property Damage,No Injuries,Car,11,Front To Rear,2,2,0,5,"Over $1,500",1,0,0,0,0,0,0,28,Failing To Reduce Speed To Avoid Crash,17,Physical Condition Of Driver,3,Traffic Signal,4,Functioning Properly,1,Clear,1,Daylight,14,Four-Way Intersection,1,Dry,2,Stopped,1,No Defects,O30,O7,41.8882980,-87.7846985,41.8883209,-87.7846985,1133638.38,1902360.50
30481,24 04705,2404705,X003517079,2024-08-14,13:43:00,2024-08-14 13:43:00,2024-08-14 16:29:20,N Harlem Ave/Chicago Ave,,N HARLEM AVE,CHICAGO AVE,0,0,0,0,Property Damage,No Injuries,Car,10,Turning (At Least One Vehicle),2,2,0,5,"Over $1,500",1,0,0,0,0,0,0,02,Failing To Yield Right-Of-Way,28,Failing To Reduce Speed To Avoid Crash,1,No Controls,1,No Controls,1,Clear,1,Daylight,2,"Divided, No Median Barrier",1,Dry,1,Slow,1,No Defects,O40,O9,41.8942261,-87.8052826,41.8942337,-87.8052445,1128020.38,1904486.00
30526,24 04714,2404714,X003524833,2024-08-14,17:59:00,2024-08-14 17:59:00,2024-08-22 05:17:14,N Harlem Ave/Pleasant St,,N HARLEM AVE,PLEASANT ST,1,0,0,0,Property Damage,No Injuries,Car,10,Turning (At Least One Vehicle),2,2,0,4,"$501 to $1,500",1,0,0,0,0,0,0,02,Failing To Yield Right-Of-Way,99,Not Applicable,1,No Controls,1,No Controls,1,Clear,1,Daylight,1,Not Divided,1,Dry,3,Free Flow,1,No Defects,O70,O12,41.8853912,-87.8049774,41.8854065,-87.8049393,1128124.38,1901267.88
30485,24 04712,2404712,X003518241,2024-08-14,18:52:00,2024-08-14 18:52:00,2024-08-15 09:50:54,7017 North Ave,7017,NORTH AVE,,0,0,0,0,Property Damage,No Injuries,Car,11,Front To Rear,2,2,0,5,"Over $1,500",0,1,0,0,0,0,0,20,Improper Lane Usage,99,Not Applicable,1,No Controls,1,No Controls,1,Clear,1,Daylight,3,Divided With Median Barrier,1,Dry,3,Free Flow,1,No Defects,O20,O3,41.9089012,-87.8021240,41.9087791,-87.8020859,1128848.88,1909838.25