record_id,report_number,crash_id,idot_crash_number,date,time,occurred_at,record_added_at,location,street_number,street_name,cross_street,at_intersection,intersection_related,private_property,hit_and_run,crash_severity,crash_injury_severity,crash_mode,crash_type_code,crash_type,total_units,num_motor_vehicles,dooring_pedalcyclist,damage_code,damage,no_injury_drive_away,injury_or_towed,fatalities,a_injuries,b_injuries,c_injuries,total_injured,cause1_code,cause1,cause2_code,cause2,traffic_control_code,traffic_control,device_condition_code,device_condition,weather_code,weather,lighting_code,lighting,trafficway_code,trafficway,road_surface_code,road_surface,flow_condition_code,flow_condition,road_defects_code,road_defects,beat_zone,post_district,latitude,longitude,latitude_geocoded,longitude_geocoded,state_plane_x,state_plane_y
30543,24 04922,2404922,X003526170,2024-08-22,15:40:00,2024-08-22 15:40:00,2024-08-23 09:35:13,Randolph St/S Grove Ave,,RANDOLPH ST,S GROVE AVE,1,0,0,0,Property Damage,No Injuries,Car,9,Parked Motor Vehicle,2,2,0,5,"Over $1,500",1,0,0,0,0,0,0,28,Failing To Reduce Speed To Avoid Crash,99,Not Applicable,1,No Controls,1,No Controls,1,Clear,1,Daylight,1,Not Divided,1,Dry,3,Free Flow,1,No Defects,O70,O12,41.8833923,-87.7956924,41.8834267,-87.7957001,1130655.00,1900554.75
30545,24 04924,2404924,X003526173,2024-08-22,15:47:00,2024-08-22 15:47:00,2024-08-23 09:35:14,S Oak Park Ave/Washington Blvd,,S OAK PARK AVE,WASHINGTON BLVD,1,0,0,0,Property Damage,No Injuries,Car,12,Sideswipe - Same Direction,2,2,0,4,"$501 to $1,500",1,0,0,0,0,0,0,02,Failing To Yield Right-Of-Way,99,Not Applicable,1,No Controls,1,No Controls,1,Clear,1,Daylight,2,"Divided, No Median Barrier",1,Dry,1,Slow,1,No Defects,O60,O11,41.8815651,-87.7942734,41.8815613,-87.7943115,1131046.38,1899891.13
30541,24 04923,2404923,X003525947,2024-08-22,15:55:00,2024-08-22 15:55:00,2024-08-22 18:50:38,Washington Blvd/S Oak Park Ave,,WASHINGTON BLVD,S OAK PARK AVE,1,0,0,1,Property Damage,No Injuries,Car,11,Front To Rear,2,2,0,4,"$501 to $1,500",1,0,0,0,0,0,0,28,Failing To Reduce Speed To Avoid Crash,15,Driving Skills/Knowledge/Experience,3,Traffic Signal,4,Functioning Properly,1,Clear,1,Daylight,1,Not Divided,1,Dry,2,Stopped,1,No Defects,O60,O11,41.8815384,-87.7943115,41.8815613,-87.7943115,1131037.25,1899880.13
30544,24 04927,2404927,X003526174,2024-08-22,20:37:00,2024-08-22 20:37:00,2024-08-23 09:35:13,North Blvd/N Marion St,,NORTH BLVD,N MARION ST,1,0,0,0,Injury,B Injury Crash,Pedestrian,1,Pedestrian,2,1,0,3,$500 or less,0,1,0,0,1,0,1,18,Unable To Determine,18,Unable To Determine,1,No Controls,1,No Controls,1,Clear,5,"Darkness, Lighted Road",7,Parking Lot,1,Dry,1,Slow,1,No Defects,O40,O9,41.8871651,-87.8023834,41.8871880,-87.8023987,1128825.38,1901917.75
30547,24 04932,2404932,X003526176,2024-08-23,06:46:00,2024-08-23 06:46:00,2024-08-23 09:40:49,Home Ave/Roosevelt Rd,,HOME AVE,ROOSEVELT RD,1,1,0,0,Property Damage,No Injuries,Car,15,Angle,2,2,0,5,"Over $1,500",1,0,0,0,0,0,0,28,Failing To Reduce Speed To Avoid Crash,18,Unable To Determine,1,No Controls,1,No Controls,1,Clear,1,Daylight,15,T-Intersection,1,Dry,1,Slow,1,No Defects,O92,O18,41.8650742,-87.7989502,41.8650742,-87.7989807,1129811.75,1893873.75
30583,24 04937,2404937,X003533857,2024-08-23,09:57:00,2024-08-23 09:57:00,2024-08-29 09:13:16,S Oak Park Ave/Washington Blvd,,S OAK PARK AVE,WASHINGTON BLVD,0,0,0,0,Property Damage,No Injuries,Car,12,Sideswipe - Same Direction,2,2,0,5,"Over $1,500",1,0,0,0,0,0,0,28,Failing To Reduce Speed To Avoid Crash,18,Unable To Determine,3,Traffic Signal,4,Functioning Properly,1,Clear,1,Daylight,1,Not Divided,1,Dry,1,Slow,1,No Defects,O60,O11,41.8815651,-87.7942734,41.8815613,-87.7943115,1131046.38,1899891.13
30565,24 04945,2404945,X003529146,2024-08-23,15:27:00,2024-08-23 15:27:00,2024-08-26 10:44:22,S Oak Park Ave/Randolph St,,S OAK PARK AVE,RANDOLPH ST,1,0,0,0,Property Damage,No Injuries,Car,11,Front To Rear,2,2,0,5,"Over $1,500",1,0,0,0,0,0,0,28,Failing To Reduce Speed To Avoid Crash,18,Unable To Determine,1,No Controls,1,No Controls,1,Clear,1,Daylight,1,Not Divided,1,Dry,1,Slow,1,No Defects,O60,O11,41.8832970,-87.7943268,41.8834534,-87.7943649,1131028.38,1900522.88
30563,24 04946,2404946,X003529154,2024-08-23,15:45:00,2024-08-23 15:45:00,2024-08-26 10:27:29,Augusta St/N East Ave,,AUGUSTA ST,N EAST AVE,1,1,0,0,Injury,B Injury Crash,Car,15,Angle,2,2,0,5,"Over $1,500",0,1,0,0,2,0,2,02,Failing To Yield Right-Of-Way,99,Not Applicable,2,Stop Sign,4,Functioning Properly,1,Clear,1,Daylight,14,Four-Way Intersection,1,Dry,1,Slow,1,No Defects,O20,O5,41.8981171,-87.7898865,41.8981514,-87.7898865,1132203.63,1905930.38
30559,24 04947,2404947,X003529157,2024-08-23,17:44:00,2024-08-23 17:44:00,2024-08-26 10:21:53,Lake St/N Harlem Ave,,LAKE ST,N HARLEM AVE,1,0,0,0,Property Damage,No Injuries,Car,12,Sideswipe - Same Direction,2,2,0,5,"Over $1,500",1,0,0,0,0,0,0,24,Disregarding Other Traffic Signs,28,Failing To Reduce Speed To Avoid Crash,3,Traffic Signal,4,Functioning Properly,1,Clear,1,Daylight,1,Not Divided,1,Dry,1,Slow,1,No Defects,O40,O9,41.8885536,-87.8050537,41.8885841,-87.8050537,1128096.13,1902419.63
30562,24 04951,2404951,X003529158,2024-08-23,17:48:00,2024-08-23 17:48:00,2024-08-26 10:27:29,N Oak Park Ave/Lake St,,N OAK PARK AVE,LAKE ST,1,0,0,1,Property Damage,No Injuries,Car,15,Angle,2,2,0,5,"Over $1,500",1,0,0,0,0,0,0,28,Failing To Reduce Speed To Avoid Crash,04,Improper Overtaking/Passing,3,Traffic Signal,4,Functioning Properly,1,Clear,1,Daylight,1,Not Divided,1,Dry,2,Stopped,1,No Defects,O40,O9,41.8886414,-87.7945633,41.8886452,-87.7945251,1130952.25,1902468.88
30549,24 04948,2404948,X003526978,2024-08-23,18:29:00,2024-08-23 18:29:00,2024-08-23 20:58:49,Lake St/N East Ave,,LAKE ST,N EAST AVE,0,0,0,1,Property Damage,No Injuries,Car,13,Sideswipe - Opposite Direction,2,2,0,4,"$501 to $1,500",1,0,0,0,0,0,0,02,Failing To Yield Right-Of-Way,28,Failing To Reduce Speed To Avoid Crash,1,No Controls,1,No Controls,1,Clear,1,Daylight,2,"Divided, No Median Barrier",1,Dry,1,Slow,1,No Defects,O30,O8,41.8884582,-87.7895889,41.8884849,-87.7895889,1132306.13,1902410.38
30556,24 04953,2404953,X003529163,2024-08-23,21:40:00,2024-08-23 21:40:00,2024-08-26 10:16:14,I290 Expy W/S Harlem Ave,,I290 EXPY W,S HARLEM AVE,1,1,0,0,Property Damage,No Injuries,Car,12,Sideswipe - Same Direction,2,2,0,5,"Over $1,500",1,0,0,0,0,0,0,02,Failing To Yield Right-Of-Way,99,Not Applicable,3,Traffic Signal,4,Functioning Properly,1,Clear,5,"Darkness, Lighted Road",2,"Divided, No Median Barrier",1,Dry,1,Slow,1,No Defects,O60,O15,41.8738327,-87.8045197,41.8738136,-87.8045197,1128274.75,1897056.88
30581,24 04957,2404957,X003533854,2024-08-24,10:22:00,2024-08-24 10:22:00,2024-08-29 09:18:55,S Ridgeland Ave/South Blvd,,S RIDGELAND AVE,SOUTH BLVD,1,1,0,0,Injury,B Injury Crash,Car,10,Turning (At Least One Vehicle),2,2,0,5,"Over $1,500",0,1,0,0,1,0,1,02,Failing To Yield Right-Of-Way,99,Not Applicable,3,Traffic Signal,4,Functioning Properly,1,Clear,1,Daylight,1,Not Divided,1,Dry,3,Free Flow,1,No Defects,O50,O10,41.8869591,-87.7846298,41.8869553,-87.7846603,1133661.75,1901873.50
30561,24 04958,2404958,X003529167,2024-08-24,10:48:00,2024-08-24 10:48:00,2024-08-26 10:16:15,N Oak Park Ave/Chicago Ave,,N OAK PARK AVE,CHICAGO AVE,0,0,0,0,Injury,B Injury Crash,Car,9,Parked Motor Vehicle,3,3,0,5,"Over $1,500",0,1,0,0,1,0,1,18,Unable To Determine,20,Improper Lane Usage,1,No Controls,1,No Controls,1,Clear,1,Daylight,2,"Divided, No Median Barrier",1,Dry,3,Free Flow,1,No Defects,O40,O9,41.8944054,-87.7947082,41.8944054,-87.7946777,1130898.00,1904568.63
30557,24 04962,2404962,X003529179,2024-08-24,14:16:00,2024-08-24 14:16:00,2024-08-26 10:16:14,Lake St/N Lombard Ave,,LAKE ST,N LOMBARD AVE,1,1,0,0,Property Damage,No Injuries,Car,10,Turning (At Least One Vehicle),2,2,0,5,"Over $1,500",1,0,0,0,0,0,0,02,Failing To Yield Right-Of-Way,99,Not Applicable,2,Stop Sign,4,Functioning Properly,1,Clear,1,Daylight,14,Four-Way Intersection,1,Dry,3,Free Flow,1,No Defects,O30,O7,41.8881493,-87.7798080,41.8881798,-87.7798080,1134970.38,1902315.25
30558,24 04963,2404963,X003529185,2024-08-24,14:31:00,2024-08-24 14:31:00,2024-08-26 10:16:15,Randolph St/Home Ave,,RANDOLPH ST,HOME AVE,1,0,0,0,Property Damage,No Injuries,Car,9,Parked Motor Vehicle,2,2,0,4,"$501 to $1,500",1,0,0,0,0,0,0,28,Failing To Reduce Speed To Avoid Crash,18,Unable To Determine,1,No Controls,1,No Controls,1,Clear,1,Daylight,1,Not Divided,1,Dry,1,Slow,1,No Defects,O70,O12,41.8832932,-87.8000031,41.8833275,-87.8000031,1129483.88,1900511.75
30564,24 04968,2404968,X003529189,2024-08-24,16:13:00,2024-08-24 16:13:00,2024-08-26 10:27:30,Oak Park Ave/S Oak Park Ave,,OAK PARK AVE,S OAK PARK AVE,1,1,0,0,Property Damage,No Injuries,Car,11,Front To Rear,2,2,0,4,"$501 to $1,500",1,0,0,0,0,0,0,28,Failing To Reduce Speed To Avoid Crash,18,Unable To Determine,3,Traffic Signal,4,Functioning Properly,1,Clear,1,Daylight,15,T-Intersection,1,Dry,1,Slow,1,No Defects,O90,O18,41.8651619,-87.7937927,41.8871155,-87.7944717,1131216.00,1893914.50
30560,24 04972,2404972,X003529200,2024-08-24,16:44:00,2024-08-24 16:44:00,2024-08-26 10:21:53,Fillmore St/S Oak Park Ave,,FILLMORE ST,S OAK PARK AVE,1,0,0,1,Property Damage,No Injuries,Car,12,Sideswipe - Same Direction,2,2,0,4,"$501 to $1,500",1,0,0,0,0,0,0,20,Improper Lane Usage,99,Not Applicable,1,No Controls,1,No Controls,1,Clear,1,Daylight,1,Not Divided,1,Dry,3,Free Flow,1,No Defects,O90,O17,41.8669586,-87.7938080,41.8669815,-87.7938156,1131206.63,1894569.00
30567,24 04996,2404996,X003529991,2024-08-26,07:19:00,2024-08-26 07:19:00,2024-08-26 15:44:59,S Humphrey Ave/Madison St,,S HUMPHREY AVE,MADISON ST,1,1,0,0,Injury,B Injury Crash,Car,10,Turning (At Least One Vehicle),2,2,0,5,"Over $1,500",0,1,0,0,2,0,2,02,Failing To Yield Right-Of-Way,20,Improper Lane Usage,1,No Controls,1,No Controls,1,Clear,1,Daylight,3,Divided With Median Barrier,1,Dry,3,Free Flow,1,No Defects,O80,O13,41.8800659,-87.7762527,41.8800697,-87.7758865,1135957.25,1899375.88
30571,24 05003,2405003,X003530810,2024-08-26,10:53:00,2024-08-26 10:53:00,2024-08-27 08:37:43,N Marion St/Westgate St,,N MARION ST,WESTGATE ST,0,0,0,1,Property Damage,No Injuries,Car,9,Parked Motor Vehicle,2,2,0,3,$500 or less,1,0,0,0,0,0,0,30,Improper Backing,18,Unable To Determine,1,No Controls,1,No Controls,1,Clear,1,Daylight,12,Alley,1,Dry,3,Free Flow,1,No Defects,O40,O9,41.8879013,-87.8024674,41.8879089,-87.8024368,1128800.25,1902186.50
30575,24 05011,2405011,X003539547,2024-08-26,16:36:00,2024-08-26 16:36:00,2024-08-28 08:43:28,610 Madison St,610,MADISON ST,S EAST AVE,0,0,0,1,Property Damage,No Injuries,Car,18,Rear To Front,2,2,0,4,"$501 to $1,500",1,0,0,0,0,0,0,30,Improper Backing,15,Driving Skills/Knowledge/Experience,1,No Controls,1,No Controls,1,Clear,1,Daylight,7,Parking Lot,1,Dry,1,Slow,1,No Defects,O60,O14,41.8798218,-87.7893600,41.8800507,-87.7901230,1132389.38,1899263.88
30602,24 05042,2405042,X003538928,2024-08-27,08:50:00,2024-08-27 08:50:00,2024-09-03 10:01:16,N Austin Blvd/Augusta St,,N AUSTIN BLVD,AUGUSTA ST,1,1,0,0,Property Damage,No Injuries,Car,15,Angle,2,2,0,4,"$501 to $1,500",1,0,0,0,0,0,0,18,Unable To Determine,99,Not Applicable,3,Traffic Signal,9,Unknown,1,Clear,1,Daylight,1,Not Divided,1,Dry,2,Stopped,1,No Defects,O10,O4,41.8983650,-87.7752228,41.8983650,-87.7752533,1136195.75,1906045.00
30577,24 05027,2405027,X003532608,2024-08-27,12:59:00,2024-08-27 12:59:00,2024-08-28 08:49:05,Ridgeland Ave/Thomas,,RIDGELAND AVE,THOMAS,1,0,0,0,Property Damage,No Injuries,Car,12,Sideswipe - Same Direction,2,2,0,5,"Over $1,500",1,0,0,0,0,0,0,28,Failing To Reduce Speed To Avoid Crash,99,Not Applicable,1,No Controls,1,No Controls,1,Clear,1,Daylight,2,"Divided, No Median Barrier",1,Dry,3,Free Flow,1,No Defects,O20,O5,41.8998909,-87.7851028,41.8998947,-87.7850571,1133502.50,1906584.25
30671,24 05029,2405029,X003547155,2024-08-27,14:19:00,2024-08-27 14:19:00,2024-09-10 14:39:54,East Ave / South Blvd/South Blvd,,EAST AVE / SOUTH BLVD,SOUTH BLVD,1,0,0,1,Property Damage,No Injuries,Car,9,Parked Motor Vehicle,2,2,0,5,"Over $1,500",1,0,0,0,0,0,0,20,Improper Lane Usage,28,Failing To Reduce Speed To Avoid Crash,2,Stop Sign,4,Functioning Properly,1,Clear,1,Daylight,1,Not Divided,1,Dry,3,Free Flow,1,No Defects,O30,O8,41.8879166,-87.7896271,41.8869362,-87.7895584,1132298.13,1902213.75
30579,24 05030,2405030,X003532610,2024-08-27,15:16:00,2024-08-27 15:16:00,2024-08-28 08:54:41,Highland Ave/Jackson Blvd,,HIGHLAND AVE,JACKSON BLVD,1,1,0,0,Injury,B Injury Crash,Car,11,Front To Rear,2,2,0,5,"Over $1,500",0,1,0,0,1,0,1,10,Equipment - Vehicle Condition,28,Failing To Reduce Speed To Avoid Crash,3,Traffic Signal,4,Functioning Properly,1,Clear,1,Daylight,2,"Divided, No Median Barrier",1,Dry,2,Stopped,1,No Defects,O80,O13,41.8763237,-87.7818451,41.8763237,-87.7818832,1134443.25,1898002.75
30572,24 05031,2405031,X003531369,2024-08-27,15:29:00,2024-08-27 15:29:00,2024-08-27 17:37:03,Augusta St/N Cuyler,,AUGUSTA ST,N CUYLER,0,0,0,1,Property Damage,No Injuries,Car,9,Parked Motor Vehicle,2,2,0,5,"Over $1,500",1,0,0,0,0,0,0,28,Failing To Reduce Speed To Avoid Crash,99,Not Applicable,1,No Controls,1,No Controls,1,Clear,1,Daylight,2,"Divided, No Median Barrier",1,Dry,3,Free Flow,1,No Defects,O10,O4,41.8982162,-87.7833786,41.8982506,-87.7833786,1133975.38,1905977.50
30578,24 05032,2405032,X003532609,2024-08-27,16:17:00,2024-08-27 16:17:00,2024-08-28 08:49:05,S Lombard Ave/Madison St,,S LOMBARD AVE,MADISON ST,0,0,0,0,Property Damage,No Injuries,Car,10,Turning (At Least One Vehicle),2,2,0,4,"$501 to $1,500",1,0,0,0,0,0,0,02,Failing To Yield Right-Of-Way,28,Failing To Reduce Speed To Avoid Crash,1,No Controls,1,No Controls,1,Clear,1,Daylight,1,Not Divided,1,Dry,3,Free Flow,1,No Defects,O80,O13,41.8800278,-87.7795258,41.8800240,-87.7795563,1135067.63,1899356.00
30593,24 05058,2405058,X003539647,2024-08-28,16:03:00,2024-08-28 16:03:00,2024-08-30 10:20:16,Lake St/Forest Pl,,LAKE ST,FOREST PL,1,1,0,0,Property Damage,No Injuries,Car,18,Rear To Front,2,2,0,5,"Over $1,500",1,0,0,0,0,0,0,28,Failing To Reduce Speed To Avoid Crash,18,Unable To Determine,3,Traffic Signal,4,Functioning Properly,1,Clear,1,Daylight,1,Not Divided,1,Dry,1,Slow,1,No Defects,O40,O9,41.8886528,-87.7999115,41.8886833,-87.7999115,1129496.00,1902464.38
30580,24 05059,2405059,X003532611,2024-08-28,16:06:00,2024-08-28 16:06:00,2024-08-28 21:58:53,Randolph St/Wisconsin Ave,,RANDOLPH ST,WISCONSIN AVE,1,0,0,0,Property Damage,No Injuries,Car,9,Parked Motor Vehicle,2,2,0,5,"Over $1,500",1,0,0,0,0,0,0,28,Failing To Reduce Speed To Avoid Crash,99,Not Applicable,1,No Controls,1,No Controls,1,Clear,1,Daylight,1,Not Divided,1,Dry,1,Slow,1,No Defects,O70,O12,41.8832359,-87.8024368,41.8832626,-87.8024368,1128820.13,1900485.88
30584,24 05069,2405069,X003533858,2024-08-28,18:33:00,2024-08-28 18:33:00,2024-08-29 09:18:55,N Kenilworth Ave/North Blvd,,N KENILWORTH AVE,NORTH BLVD,1,0,0,0,Property Damage,No Injuries,Car,12,Sideswipe - Same Direction,2,2,0,4,"$501 to $1,500",0,1,0,0,0,0,0,20,Improper Lane Usage,99,Not Applicable,1,No Controls,1,No Controls,1,Clear,1,Daylight,1,Not Divided,1,Dry,3,Free Flow,1,No Defects,O40,O9,41.8872261,-87.7971649,41.8872337,-87.7971268,1130246.50,1901949.25
30618,24 05093,2405093,X003538953,2024-08-29,09:19:00,2024-08-29 09:19:00,2024-09-03 10:12:41,S East Ave/South Blvd,,S EAST AVE,SOUTH BLVD,1,1,0,0,Property Damage,No Injuries,Car,15,Angle,2,2,0,5,"Over $1,500",1,0,0,0,0,0,0,02,Failing To Yield Right-Of-Way,28,Failing To Reduce Speed To Avoid Crash,2,Stop Sign,4,Functioning Properly,1,Clear,1,Daylight,1,Not Divided,1,Dry,1,Slow,1,No Defects,O60,O11,41.8869438,-87.7895279,41.8869362,-87.7895584,1132327.88,1901858.13
30591,24 05082,2405082,X003534972,2024-08-29,16:12:00,2024-08-29 16:12:00,2024-08-30 10:26:00,S Euclid Ave/Washington Blvd,,S EUCLID AVE,WASHINGTON BLVD,1,0,0,1,Property Damage,No Injuries,Car,10,Turning (At Least One Vehicle),2,2,0,5,"Over $1,500",1,0,0,0,0,0,0,20,Improper Lane Usage,28,Failing To Reduce Speed To Avoid Crash,1,No Controls,1,No Controls,1,Clear,1,Daylight,1,Not Divided,1,Dry,3,Free Flow,1,No Defects,O60,O11,41.8815842,-87.7926407,41.8815804,-87.7926712,1131492.00,1899900.50
30587,24 05083,2405083,X003534969,2024-08-29,17:07:00,2024-08-29 17:07:00,2024-08-30 10:20:14,North Blvd/N Marion St,,NORTH BLVD,N MARION ST,1,0,0,0,Property Damage,No Injuries,Car,11,Front To Rear,2,2,0,5,"Over $1,500",1,0,0,0,0,0,0,03,Following Too Closely,18,Unable To Determine,2,Stop Sign,4,Functioning Properly,1,Clear,1,Daylight,1,Not Divided,1,Dry,1,Slow,1,No Defects,O40,O9,41.8871651,-87.8023834,41.8871880,-87.8023987,1128825.38,1901917.75
30589,24 05087,2405087,X003534970,2024-08-29,21:43:00,2024-08-29 21:43:00,2024-08-30 10:20:15,6249 North Ave,6249,NORTH AVE,,0,0,0,1,Injury,B Injury Crash,Pedalcyclist,2,Pedalcyclist,2,1,0,5,"Over $1,500",0,1,0,0,1,0,1,99,Not Applicable,99,Not Applicable,3,Traffic Signal,4,Functioning Properly,1,Clear,1,Daylight,2,"Divided, No Median Barrier",1,Dry,3,Free Flow,1,No Defects,O10,O1,41.9091492,-87.7824249,41.9089584,-87.7831039,1134209.38,1909962.25
30612,24 05091,2405091,X003538946,2024-08-30,07:34:00,2024-08-30 07:34:00,2024-09-03 10:12:39,Garfield St/S Austin Blvd,,GARFIELD ST,S AUSTIN BLVD,0,0,0,1,Property Damage,No Injuries,Car,7,Other Object,2,1,0,3,$500 or less,1,0,0,0,0,0,0,30,Improper Backing,99,Not Applicable,1,No Controls,1,No Controls,9,Unknown,9,Unknown,1,Not Divided,9,Unknown,3,Free Flow,1,No Defects,O90,O16,41.8703918,-87.7743225,41.8704224,-87.7743149,1136506.38,1895854.13
30613,24 05108,2405108,X003540976,2024-08-30,20:44:00,2024-08-30 20:44:00,2024-09-03 10:12:39,Chicago Ave/N Kenilworth Ave,,CHICAGO AVE,N KENILWORTH AVE,0,0,0,1,Property Damage,No Injuries,Car,9,Parked Motor Vehicle,2,2,0,5,"Over $1,500",1,0,0,0,0,0,0,18,Unable To Determine,18,Unable To Determine,3,Traffic Signal,4,Functioning Properly,1,Clear,5,"Darkness, Lighted Road",1,Not Divided,1,Dry,3,Free Flow,1,No Defects,O40,O9,41.8943253,-87.7976685,41.8943520,-87.7976761,1130093.38,1904535.50
30617,24 05109,2405109,X003540977,2024-08-30,21:23:00,2024-08-30 21:23:00,2024-09-03 10:12:41,436 S Ridgeland Ave,436,S RIDGELAND AVE,,0,0,0,1,Property Damage,No Injuries,Car,9,Parked Motor Vehicle,2,2,0,3,$500 or less,1,0,0,0,0,0,0,30,Improper Backing,99,Not Applicable,1,No Controls,1,No Controls,1,Clear,1,Daylight,1,Not Divided,1,Dry,3,Free Flow,1,No Defects,O60,O11,41.8804588,-87.7845154,41.8804016,-87.7843247,1133706.75,1899504.13
30609,24 05111,2405111,X003538939,2024-08-30,23:59:00,2024-08-30 23:59:00,2024-09-03 10:12:38,Garfield St/Lyman Ave,,GARFIELD ST,LYMAN AVE,1,1,0,1,Property Damage,No Injuries,Car,13,Sideswipe - Opposite Direction,2,2,0,4,"$501 to $1,500",1,0,0,0,0,0,0,18,Unable To Determine,99,Not Applicable,1,No Controls,1,No Controls,1,Clear,5,"Darkness, Lighted Road",1,Not Divided,1,Dry,1,Slow,1,No Defects,O90,O16,41.8705521,-87.7767716,41.8705826,-87.7767639,1135839.50,1895908.25
30605,24 05115,2405115,X003538933,2024-08-31,09:48:00,2024-08-31 09:48:00,2024-09-03 10:01:17,Monroe St/S Harlem Ave,,MONROE ST,S HARLEM AVE,1,0,0,0,Property Damage,No Injuries,Car,11,Front To Rear,2,2,0,4,"$501 to $1,500",1,0,0,0,0,0,0,28,Failing To Reduce Speed To Avoid Crash,03,Following Too Closely,3,Traffic Signal,4,Functioning Properly,1,Clear,1,Daylight,1,Not Divided,1,Dry,1,Slow,1,No Defects,O60,O15,41.8781395,-87.8046799,41.8781700,-87.8046799,1128221.63,1898624.25
30601,24 05130,2405130,X003538926,2024-08-31,19:47:00,2024-08-31 19:47:00,2024-09-03 10:01:15,Madison St/S Oak Park Ave,,MADISON ST,S OAK PARK AVE,1,1,0,0,Property Damage,No Injuries,Car,14,Front To Front,2,2,0,5,"Over $1,500",1,0,0,0,0,0,0,02,Failing To Yield Right-Of-Way,15,Driving Skills/Knowledge/Experience,3,Traffic Signal,4,Functioning Properly,1,Clear,1,Daylight,4,Two-Way Continuous Left-Turn Lane,1,Dry,3,Free Flow,1,No Defects,O60,O14,41.8797417,-87.7942505,41.8797722,-87.7942581,1131056.50,1899226.38
30606,24 05135,2405135,X003538935,2024-09-01,01:43:00,2024-09-01 01:43:00,2024-09-03 10:01:17,Adams St/S East Ave,,ADAMS ST,S EAST AVE,1,0,0,0,Property Damage,No Injuries,Car,6,Fixed Object,1,1,0,5,"Over $1,500",0,1,0,0,0,0,0,29,Passing Stopped School Bus,08,Under The Influence Of Alc/Drugs-Use For Dui,1,No Controls,1,No Controls,1,Clear,5,"Darkness, Lighted Road",1,Not Divided,1,Dry,1,Slow,1,No Defects,O60,O14,41.8779983,-87.7892990,41.8780250,-87.7893066,1132409.88,1898599.13
30610,24 05136,2405136,X003538941,2024-09-01,03:47:00,2024-09-01 03:47:00,2024-09-03 10:06:57,N Austin Blvd/Augusta St,,N AUSTIN BLVD,AUGUSTA ST,1,0,0,1,Property Damage,No Injuries,Car,9,Parked Motor Vehicle,2,2,0,4,"$501 to $1,500",1,0,0,0,0,0,0,18,Unable To Determine,99,Not Applicable,3,Traffic Signal,4,Functioning Properly,1,Clear,5,"Darkness, Lighted Road",1,Not Divided,1,Dry,1,Slow,1,No Defects,O10,O4,41.8983650,-87.7752228,41.8983650,-87.7752533,1136195.75,1906045.00
30615,24 05146,2405146,X003538950,2024-09-01,16:58:00,2024-09-01 16:58:00,2024-09-03 10:12:40,Ridgeland/Madison,,RIDGELAND,MADISON,1,1,0,0,Property Damage,No Injuries,Car,11,Front To Rear,2,2,0,5,"Over $1,500",1,0,0,0,0,0,0,41,Distraction - From Inside Vehicle,28,Failing To Reduce Speed To Avoid Crash,3,Traffic Signal,4,Functioning Properly,1,Clear,1,Daylight,4,Two-Way Continuous Left-Turn Lane,1,Dry,2,Stopped,1,No Defects,O80,O13,41.8799324,-87.7844238,41.8799324,-87.7844620,1133732.63,1899313.88
30616,24 05148,2405148,X003538952,2024-09-01,18:14:00,2024-09-01 18:14:00,2024-09-03 10:12:41,904 S Lombard,904,S LOMBARD,,0,0,0,0,Property Damage,No Injuries,Car,9,Parked Motor Vehicle,2,2,0,4,"$501 to $1,500",1,0,0,0,0,0,0,30,Improper Backing,99,Not Applicable,1,No Controls,1,No Controls,1,Clear,1,Daylight,2,"Divided, No Median Barrier",1,Dry,3,Free Flow,1,No Defects,O50,O10,41.8857384,-87.7797012,41.8724747,-87.7791443,1135006.63,1901437.88
30604,24 05149,2405149,X003538931,2024-09-01,20:14:00,2024-09-01 20:14:00,2024-09-03 09:55:32,S Harlem Ave/Madison St,,S HARLEM AVE,MADISON ST,0,0,0,0,Injury,B Injury Crash,Car,10,Turning (At Least One Vehicle),2,2,0,5,"Over $1,500",0,1,0,0,1,0,1,28,Failing To Reduce Speed To Avoid Crash,99,Not Applicable,1,No Controls,1,No Controls,1,Clear,5,"Darkness, Lighted Road",1,Not Divided,1,Dry,1,Slow,1,No Defects,O70,O12,41.8796730,-87.8047028,41.8796654,-87.8047333,1128211.38,1899183.38
30603,24 05151,2405151,X003538929,2024-09-01,20:56:00,2024-09-01 20:56:00,2024-09-03 10:01:16,S Harlem Ave/Jackson Blvd,,S HARLEM AVE,JACKSON BLVD,1,1,0,1,Property Damage,No Injuries,Car,13,Sideswipe - Opposite Direction,2,2,0,5,"Over $1,500",1,0,0,0,0,0,0,18,Unable To Determine,15,Driving Skills/Knowledge/Experience,3,Traffic Signal,4,Functioning Properly,1,Clear,5,"Darkness, Lighted Road",4,Two-Way Continuous Left-Turn Lane,1,Dry,3,Free Flow,1,No Defects,O60,O15,41.8759766,-87.8045654,41.8759842,-87.8046036,1128256.50,1897837.00
30608,24 05153,2405153,X003547381,2024-09-01,21:18:00,2024-09-01 21:18:00,2024-09-03 10:06:58,S Lombard Ave/Washington Blvd,,S LOMBARD AVE,WASHINGTON BLVD,0,1,0,0,Property Damage,No Injuries,Car,15,Angle,3,3,0,5,"Over $1,500",0,1,0,0,0,0,0,02,Failing To Yield Right-Of-Way,28,Failing To Reduce Speed To Avoid Crash,1,No Controls,1,No Controls,1,Clear,5,"Darkness, Lighted Road",1,Not Divided,1,Dry,3,Free Flow,1,No Defects,O50,O10,41.8819313,-87.7795868,41.8819237,-87.7796173,1135046.75,1900049.63