record_id,report_number,crash_id,idot_crash_number,date,time,occurred_at,record_added_at,location,street_number,street_name,cross_street,at_intersection,intersection_related,private_property,hit_and_run,crash_severity,crash_injury_severity,crash_mode,crash_type_code,crash_type,total_units,num_motor_vehicles,dooring_pedalcyclist,damage_code,damage,no_injury_drive_away,injury_or_towed,fatalities,a_injuries,b_injuries,c_injuries,total_injured,cause1_code,cause1,cause2_code,cause2,traffic_control_code,traffic_control,device_condition_code,device_condition,weather_code,weather,lighting_code,lighting,trafficway_code,trafficway,road_surface_code,road_surface,flow_condition_code,flow_condition,road_defects_code,road_defects,beat_zone,post_district,latitude,longitude,latitude_geocoded,longitude_geocoded,state_plane_x,state_plane_y
30611,24 05156,2405156,X003538944,2024-09-02,08:15:00,2024-09-02 08:15:00,2024-09-03 10:12:39,Garfield St/S Lombard Ave,,GARFIELD ST,S LOMBARD AVE,1,1,0,0,Property Damage,No Injuries,Car,11,Front To Rear,2,2,0,5,"Over $1,500",1,0,0,0,0,0,0,04,Improper Overtaking/Passing,04,Improper Overtaking/Passing,2,Stop Sign,4,Functioning Properly,1,Clear,1,Daylight,1,Not Divided,1,Dry,3,Free Flow,1,No Defects,O90,O16,41.8707581,-87.7792358,41.8707886,-87.7792358,1135166.13,1895978.38
30607,24 05161,2405161,X003538937,2024-09-02,18:21:00,2024-09-02 18:21:00,2024-09-03 10:01:17,S Cuyler Ave/Washington Blvd,,S CUYLER AVE,WASHINGTON BLVD,1,1,0,0,Property Damage,No Injuries,Car,15,Angle,2,2,0,4,"$501 to $1,500",1,0,0,0,0,0,0,28,Failing To Reduce Speed To Avoid Crash,99,Not Applicable,2,Stop Sign,4,Functioning Properly,1,Clear,1,Daylight,15,T-Intersection,1,Dry,3,Free Flow,1,No Defects,O50,O10,41.8817482,-87.7828445,41.8817444,-87.7828751,1134159.63,1899977.88
30625,24 05165,2405165,X003540552,2024-09-03,07:53:00,2024-09-03 07:53:00,2024-09-04 11:00:09,N Oak Park Ave/Erie St,,N OAK PARK AVE,ERIE ST,0,0,0,0,Injury,A Injury Crash,Car,11,Front To Rear,2,2,0,5,"Over $1,500",0,1,0,1,1,0,2,28,Failing To Reduce Speed To Avoid Crash,03,Following Too Closely,1,No Controls,1,No Controls,1,Clear,1,Daylight,1,Not Divided,1,Dry,2,Stopped,1,No Defects,O40,O9,41.8915558,-87.7946396,41.8915520,-87.7946014,1130925.00,1903530.00
30623,24 05167,2405167,X003540549,2024-09-03,09:11:00,2024-09-03 09:11:00,2024-09-04 11:05:52,North Ave/Elmwood Ave,,NORTH AVE,ELMWOOD AVE,0,0,0,0,Property Damage,No Injuries,Car,12,Sideswipe - Same Direction,2,2,0,3,$500 or less,1,0,0,0,0,0,0,20,Improper Lane Usage,99,Not Applicable,1,No Controls,1,No Controls,1,Clear,1,Daylight,2,"Divided, No Median Barrier",1,Dry,3,Free Flow,1,No Defects,O20,O2,41.9090843,-87.7873535,41.9091110,-87.7873535,1132868.88,1909931.63
30622,24 05169,2405169,X003540548,2024-09-03,09:55:00,2024-09-03 09:55:00,2024-09-04 11:00:08,S Oak Park Ave/Lexington St,,S OAK PARK AVE,LEXINGTON ST,1,1,0,0,Property Damage,No Injuries,Car,15,Angle,2,2,0,5,"Over $1,500",1,0,0,0,0,0,0,28,Failing To Reduce Speed To Avoid Crash,18,Unable To Determine,1,No Controls,1,No Controls,1,Clear,1,Daylight,15,T-Intersection,1,Dry,3,Free Flow,1,No Defects,O90,O17,41.8706436,-87.7939072,41.8706360,-87.7939453,1131171.25,1895911.75
30637,24 05199,2405199,X003541834,2024-09-03,14:35:00,2024-09-03 14:35:00,2024-09-05 10:58:03,Carpenter Ave/Jackson Blvd,,CARPENTER AVE,JACKSON BLVD,0,0,0,1,Property Damage,No Injuries,Car,9,Parked Motor Vehicle,2,2,0,4,"$501 to $1,500",1,0,0,0,0,0,0,28,Failing To Reduce Speed To Avoid Crash,18,Unable To Determine,2,Stop Sign,4,Functioning Properly,1,Clear,9,Unknown,1,Not Divided,1,Dry,1,Slow,1,No Defects,O60,O15,41.8754883,-87.7960968,41.8754883,-87.7961349,1130563.00,1897673.00
30638,24 05189,2405189,X003541835,2024-09-04,09:25:00,2024-09-04 09:25:00,2024-09-05 11:03:42,S Oak Park Ave/Roosevelt Rd,,S OAK PARK AVE,ROOSEVELT RD,0,1,0,0,Property Damage,No Injuries,Car,10,Turning (At Least One Vehicle),2,2,0,3,$500 or less,1,0,0,0,0,0,0,18,Unable To Determine,18,Unable To Determine,3,Traffic Signal,4,Functioning Properly,1,Clear,1,Daylight,1,Not Divided,1,Dry,3,Free Flow,1,No Defects,O90,O17,41.8651657,-87.7937164,41.8651657,-87.7937546,1131236.00,1893916.13
30634,24 05192,2405192,X003541832,2024-09-04,10:43:00,2024-09-04 10:43:00,2024-09-05 10:58:02,N Austin Blvd/Washington Blvd,,N AUSTIN BLVD,WASHINGTON BLVD,1,1,0,0,Injury,C Injury Crash,Car,10,Turning (At Least One Vehicle),2,2,0,4,"$501 to $1,500",0,1,0,0,0,1,1,20,Improper Lane Usage,18,Unable To Determine,3,Traffic Signal,4,Functioning Properly,1,Clear,1,Daylight,8,Other,1,Dry,3,Free Flow,1,No Defects,O50,O10,41.8821068,-87.7746887,41.8821106,-87.7747269,1136378.00,1900122.38
30635,24 05194,2405194,X003541833,2024-09-04,12:15:00,2024-09-04 12:15:00,2024-09-05 10:58:03,N Oak Park Ave/Ontario St,,N OAK PARK AVE,ONTARIO ST,1,1,0,0,Injury,B Injury Crash,Car,15,Angle,2,2,0,5,"Over $1,500",0,1,0,0,1,0,1,02,Failing To Yield Right-Of-Way,99,Not Applicable,2,Stop Sign,4,Functioning Properly,1,Clear,1,Daylight,2,"Divided, No Median Barrier",1,Dry,3,Free Flow,1,No Defects,O40,O9,41.8902016,-87.7946014,41.8902016,-87.7945557,1130938.75,1903037.00
30632,24 05198,2405198,X003541830,2024-09-04,15:25:00,2024-09-04 15:25:00,2024-09-05 10:52:18,Chicago Ave/N East Ave,,CHICAGO AVE,N EAST AVE,0,0,0,0,Property Damage,No Injuries,Car,11,Front To Rear,2,2,0,4,"$501 to $1,500",1,0,0,0,0,0,0,18,Unable To Determine,18,Unable To Determine,1,No Controls,1,No Controls,1,Clear,1,Daylight,1,Not Divided,1,Dry,3,Free Flow,1,No Defects,O30,O8,41.8944626,-87.7897720,41.8944855,-87.7897720,1132242.63,1904598.50
30633,24 05201,2405201,X003541831,2024-09-04,17:48:00,2024-09-04 17:48:00,2024-09-05 10:58:02,S Ridgeland Ave/Van Buren St,,S RIDGELAND AVE,VAN BUREN ST,0,0,0,1,Property Damage,No Injuries,Car,9,Parked Motor Vehicle,2,2,0,5,"Over $1,500",0,1,0,0,0,0,0,20,Improper Lane Usage,28,Failing To Reduce Speed To Avoid Crash,2,Stop Sign,4,Functioning Properly,1,Clear,1,Daylight,1,Not Divided,1,Dry,3,Free Flow,1,No Defects,O80,O13,41.8744621,-87.7842407,41.8744621,-87.7842789,1133795.00,1897319.63
30640,24 05216,2405216,X003542969,2024-09-05,09:27:00,2024-09-05 09:27:00,2024-09-06 09:25:33,N Austin Blvd/Augusta Blvd,,N AUSTIN BLVD,AUGUSTA BLVD,0,0,0,0,Injury,B Injury Crash,Car,11,Front To Rear,3,3,0,5,"Over $1,500",0,1,0,0,1,0,1,28,Failing To Reduce Speed To Avoid Crash,15,Driving Skills/Knowledge/Experience,3,Traffic Signal,4,Functioning Properly,1,Clear,1,Daylight,1,Not Divided,1,Dry,2,Stopped,1,No Defects,O10,O4,41.8983650,-87.7752228,41.8983650,-87.7752533,1136195.75,1906045.00
30641,24 05226,2405226,X003542970,2024-09-05,16:30:00,2024-09-05 16:30:00,2024-09-06 09:25:34,Madison St/S Humphrey Ave,,MADISON ST,S HUMPHREY AVE,1,0,0,0,Property Damage,No Injuries,Car,9,Parked Motor Vehicle,2,2,0,3,$500 or less,1,0,0,0,0,0,0,20,Improper Lane Usage,99,Not Applicable,1,No Controls,1,No Controls,1,Clear,1,Daylight,3,Divided With Median Barrier,1,Dry,3,Free Flow,1,No Defects,O80,O13,41.8800392,-87.7758865,41.8800697,-87.7758865,1136058.00,1899366.00
30649,24 04954,2404954,X003545905,2024-09-06,07:06:00,2024-09-06 07:06:00,2024-09-09 10:15:37,Oak Park/Jackson Blvd,,OAK PARK,JACKSON BLVD,1,0,0,1,Property Damage,No Injuries,Car,13,Sideswipe - Opposite Direction,2,2,0,5,"Over $1,500",1,0,0,0,0,0,0,28,Failing To Reduce Speed To Avoid Crash,18,Unable To Determine,1,No Controls,1,No Controls,1,Clear,1,Daylight,1,Not Divided,1,Dry,3,Free Flow,1,No Defects,O60,O14,41.8761177,-87.7940979,41.8761177,-87.7941284,1131107.63,1897906.13
30650,24 05236,2405236,X003545906,2024-09-06,07:30:00,2024-09-06 07:30:00,2024-09-09 10:15:37,S East Ave/Roosevelt Rd,,S EAST AVE,ROOSEVELT RD,1,1,0,0,Property Damage,No Injuries,Car,15,Angle,2,2,0,5,"Over $1,500",1,0,0,0,0,0,0,18,Unable To Determine,18,Unable To Determine,3,Traffic Signal,4,Functioning Properly,1,Clear,1,Daylight,1,Not Divided,1,Dry,1,Slow,1,No Defects,O90,O17,41.8652496,-87.7888260,41.8652534,-87.7888641,1132567.50,1893955.88
30688,24 05238,2405238,X003549491,2024-09-06,08:40:00,2024-09-06 08:40:00,2024-09-12 15:58:28,S Harvey Ave/Washington Blvd,,S HARVEY AVE,WASHINGTON BLVD,0,0,0,0,Property Damage,No Injuries,Car,9,Parked Motor Vehicle,2,2,0,5,"Over $1,500",1,0,0,0,0,0,0,15,Driving Skills/Knowledge/Experience,99,Not Applicable,1,No Controls,1,No Controls,1,Clear,1,Daylight,1,Not Divided,1,Dry,3,Free Flow,1,No Defects,O50,O10,41.8817749,-87.7812119,41.8817711,-87.7812500,1134603.25,1899989.50
30664,24 05241,2405241,X003545929,2024-09-06,09:20:00,2024-09-06 09:20:00,2024-09-09 11:28:23,Lake St/N Euclid Ave,,LAKE ST,N EUCLID AVE,1,0,0,0,Property Damage,No Injuries,Car,9,Parked Motor Vehicle,2,2,0,5,"Over $1,500",1,0,0,0,0,0,0,28,Failing To Reduce Speed To Avoid Crash,18,Unable To Determine,1,No Controls,1,No Controls,1,Clear,1,Daylight,7,Parking Lot,1,Dry,1,Slow,1,No Defects,O30,O8,41.8885574,-87.7926941,41.8885841,-87.7926941,1131461.00,1902441.13
30687,24 05245,2405245,X003549490,2024-09-06,12:19:00,2024-09-06 12:19:00,2024-09-12 15:58:27,Home Ave/Garfield St,,HOME AVE,GARFIELD ST,0,0,0,0,Property Damage,No Injuries,Car,9,Parked Motor Vehicle,2,2,0,5,"Over $1,500",1,0,0,0,0,0,0,15,Driving Skills/Knowledge/Experience,99,Not Applicable,1,No Controls,1,No Controls,1,Clear,1,Daylight,1,Not Divided,1,Dry,3,Free Flow,1,No Defects,O90,O18,41.8723946,-87.7992630,41.8723755,-87.7992401,1129709.25,1896540.75
30663,24 05253,2405253,X003545928,2024-09-06,15:12:00,2024-09-06 15:12:00,2024-09-09 11:28:22,N Ridgeland Ave/Lake St,,N RIDGELAND AVE,LAKE ST,0,0,0,0,Property Damage,No Injuries,Car,12,Sideswipe - Same Direction,2,2,0,5,"Over $1,500",1,0,0,0,0,0,0,28,Failing To Reduce Speed To Avoid Crash,99,Not Applicable,1,No Controls,1,No Controls,1,Clear,1,Daylight,2,"Divided, No Median Barrier",9,Unknown,1,Slow,1,No Defects,O30,O8,41.8883209,-87.7847366,41.8883209,-87.7846985,1133628.00,1902369.13
30652,24 05250,2405250,X003545908,2024-09-06,15:28:00,2024-09-06 15:28:00,2024-09-09 10:21:12,N Ridgeland Ave/Augusta St,,N RIDGELAND AVE,AUGUSTA ST,1,1,0,0,Property Damage,No Injuries,Car,11,Front To Rear,2,2,0,4,"$501 to $1,500",1,0,0,0,0,0,0,03,Following Too Closely,28,Failing To Reduce Speed To Avoid Crash,3,Traffic Signal,4,Functioning Properly,1,Clear,1,Daylight,2,"Divided, No Median Barrier",1,Dry,1,Slow,1,No Defects,O20,O5,41.8982162,-87.7850418,41.8982239,-87.7850037,1133522.63,1905974.50
30651,24 05256,2405256,X003545907,2024-09-06,17:06:00,2024-09-06 17:06:00,2024-09-09 10:15:38,Garfield St/Wisconsin Ave,,GARFIELD ST,WISCONSIN AVE,1,0,0,0,Property Damage,No Injuries,Car,10,Turning (At Least One Vehicle),2,2,0,4,"$501 to $1,500",1,0,0,0,0,0,0,41,Distraction - From Inside Vehicle,99,Not Applicable,2,Stop Sign,4,Functioning Properly,1,Clear,1,Daylight,2,"Divided, No Median Barrier",1,Dry,1,Slow,1,No Defects,O90,O18,41.8722954,-87.8020477,41.8723183,-87.8020477,1128951.63,1896500.00
30661,24 05257,2405257,X003545926,2024-09-06,17:24:00,2024-09-06 17:24:00,2024-09-09 11:28:22,S Oak Park Ave/Adams St,,S OAK PARK AVE,ADAMS ST,1,1,0,0,Injury,B Injury Crash,Car,10,Turning (At Least One Vehicle),2,2,0,5,"Over $1,500",0,1,0,0,2,0,2,02,Failing To Yield Right-Of-Way,28,Failing To Reduce Speed To Avoid Crash,2,Stop Sign,4,Functioning Properly,1,Clear,1,Daylight,2,"Divided, No Median Barrier",1,Dry,3,Free Flow,1,No Defects,O60,O14,41.8779449,-87.7941589,41.8779373,-87.7941971,1131086.38,1898571.25
30662,24 05260,2405260,X003545927,2024-09-06,20:06:00,2024-09-06 20:06:00,2024-09-09 11:28:22,N Harlem Ave/Westgate St,,N HARLEM AVE,WESTGATE ST,1,0,0,0,Property Damage,No Injuries,Car,11,Front To Rear,2,2,0,5,"Over $1,500",1,0,0,0,0,0,0,20,Improper Lane Usage,99,Not Applicable,3,Traffic Signal,4,Functioning Properly,1,Clear,5,"Darkness, Lighted Road",1,Not Divided,1,Dry,3,Free Flow,1,No Defects,R83,RFPD,41.8878517,-87.8050537,41.8878555,-87.8050232,1128096.13,1902163.25
30658,24 05270,2405270,X003545919,2024-09-07,08:36:00,2024-09-07 08:36:00,2024-09-09 11:22:41,Linden Ave/Greenfield St,,LINDEN AVE,GREENFIELD ST,1,1,0,0,Property Damage,No Injuries,Car,15,Angle,2,2,0,5,"Over $1,500",1,0,0,0,0,0,0,02,Failing To Yield Right-Of-Way,28,Failing To Reduce Speed To Avoid Crash,2,Stop Sign,4,Functioning Properly,1,Clear,1,Daylight,1,Not Divided,1,Dry,3,Free Flow,1,No Defects,O20,O2,41.9056015,-87.7925796,41.9056015,-87.7925415,1131453.75,1908652.75
30656,24 05272,2405272,X003545915,2024-09-07,09:44:00,2024-09-07 09:44:00,2024-09-09 11:22:40,N Austin Blvd/Washington Blvd,,N AUSTIN BLVD,WASHINGTON BLVD,1,0,0,0,Property Damage,No Injuries,Car,11,Front To Rear,2,2,0,4,"$501 to $1,500",1,0,0,0,0,0,0,03,Following Too Closely,10,Equipment - Vehicle Condition,3,Traffic Signal,4,Functioning Properly,1,Clear,1,Daylight,1,Not Divided,1,Dry,2,Stopped,1,No Defects,O50,O10,41.8821068,-87.7746887,41.8821106,-87.7747269,1136378.00,1900122.38
30653,24 05273,2405273,X003547459,2024-09-07,09:52:00,2024-09-07 09:52:00,2024-09-09 11:00:16,Washington Blvd/N Austin Blvd,,WASHINGTON BLVD,N AUSTIN BLVD,1,0,0,0,Property Damage,No Injuries,Car,18,Rear To Front,2,2,0,5,"Over $1,500",1,0,0,0,0,0,0,28,Failing To Reduce Speed To Avoid Crash,03,Following Too Closely,3,Traffic Signal,4,Functioning Properly,1,Clear,1,Daylight,1,Not Divided,1,Dry,3,Free Flow,1,No Defects,O50,O10,41.8820839,-87.7747269,41.8821106,-87.7747269,1136369.63,1900113.38
30677,24 05276,2405276,X003547558,2024-09-07,13:29:00,2024-09-07 13:29:00,2024-09-11 09:36:57,Roosevelt Rd/Kenilworth Ave,,ROOSEVELT RD,KENILWORTH AVE,0,0,0,0,Property Damage,No Injuries,Car,11,Front To Rear,2,2,0,5,"Over $1,500",1,0,0,0,0,0,0,28,Failing To Reduce Speed To Avoid Crash,03,Following Too Closely,1,No Controls,1,No Controls,1,Clear,1,Daylight,1,Not Divided,1,Dry,3,Free Flow,1,No Defects,O90,O18,41.8651428,-87.7963638,41.8651199,-87.7963715,1130514.50,1893903.50
30657,24 05283,2405283,X003545918,2024-09-07,17:25:00,2024-09-07 17:25:00,2024-09-09 11:17:02,S Ridgeland Ave/Madison St,,S RIDGELAND AVE,MADISON ST,1,0,0,0,Injury,B Injury Crash,Car,9,Parked Motor Vehicle,3,2,0,5,"Over $1,500",0,1,0,0,1,0,1,20,Improper Lane Usage,28,Failing To Reduce Speed To Avoid Crash,1,No Controls,1,No Controls,1,Clear,1,Daylight,1,Not Divided,1,Dry,3,Free Flow,1,No Defects,O80,O13,41.8799324,-87.7844238,41.8799324,-87.7844620,1133732.63,1899313.88
30819,24 05286,2405286,X003571684,2024-09-07,20:18:00,2024-09-07 20:18:00,2024-10-01 09:08:00,Chicago Ave/Taylor,,CHICAGO AVE,TAYLOR,1,0,0,1,Property Damage,No Injuries,Car,9,Parked Motor Vehicle,2,2,0,4,"$501 to $1,500",1,0,0,0,0,0,0,28,Failing To Reduce Speed To Avoid Crash,18,Unable To Determine,1,No Controls,1,No Controls,1,Clear,5,"Darkness, Lighted Road",1,Not Divided,1,Dry,3,Free Flow,1,No Defects,O30,O7,41.8946419,-87.7783737,41.8946686,-87.7783814,1135345.25,1904683.38
30670,24 05290,2405290,X003547154,2024-09-08,09:03:00,2024-09-08 09:03:00,2024-09-10 13:05:21,1000 Highland,1000,HIGHLAND,,0,0,0,1,Property Damage,No Injuries,Car,6,Fixed Object,2,1,0,5,"Over $1,500",1,0,0,0,0,0,0,18,Unable To Determine,28,Failing To Reduce Speed To Avoid Crash,1,No Controls,1,No Controls,1,Clear,4,Darkness,1,Not Divided,1,Dry,3,Free Flow,1,No Defects,O90,O16,41.8708267,-87.7817307,41.8707085,-87.7815018,1134487.75,1895999.00
30660,24 05291,2405291,X003545925,2024-09-08,09:19:00,2024-09-08 09:19:00,2024-09-09 11:22:41,N Harlem Ave/Superior St,,N HARLEM AVE,SUPERIOR ST,1,0,0,1,Property Damage,No Injuries,Car,11,Front To Rear,3,3,0,3,$500 or less,1,0,0,0,0,0,0,28,Failing To Reduce Speed To Avoid Crash,99,Not Applicable,1,No Controls,1,No Controls,1,Clear,1,Daylight,1,Not Divided,1,Dry,3,Free Flow,1,No Defects,O40,O9,41.8930359,-87.8052368,41.8930397,-87.8051987,1128035.38,1904052.50
30655,24 05297,2405297,X003545911,2024-09-08,16:03:00,2024-09-08 16:03:00,2024-09-09 11:17:02,S Ridgeland Ave/Washington Blvd,,S RIDGELAND AVE,WASHINGTON BLVD,1,0,0,0,Property Damage,No Injuries,Car,11,Front To Rear,2,2,0,5,"Over $1,500",1,0,0,0,0,0,0,03,Following Too Closely,28,Failing To Reduce Speed To Avoid Crash,1,No Controls,1,No Controls,1,Clear,1,Daylight,2,"Divided, No Median Barrier",1,Dry,1,Slow,1,No Defects,O50,O10,41.8817215,-87.7844772,41.8817253,-87.7845154,1133714.00,1899965.25
30659,24 05299,2405299,X003545921,2024-09-08,18:53:00,2024-09-08 18:53:00,2024-09-09 11:28:21,S Harlem Ave/Jackson Blvd,,S HARLEM AVE,JACKSON BLVD,1,0,0,0,Property Damage,No Injuries,Car,11,Front To Rear,2,2,0,5,"Over $1,500",0,1,0,0,0,0,0,28,Failing To Reduce Speed To Avoid Crash,18,Unable To Determine,1,No Controls,1,No Controls,1,Clear,3,Dusk,1,Not Divided,1,Dry,3,Free Flow,1,No Defects,O60,O15,41.8759766,-87.8045654,41.8759842,-87.8046036,1128256.50,1897837.00
30666,24 05307,2405307,X003545931,2024-09-09,07:34:00,2024-09-09 07:34:00,2024-09-09 15:27:59,Madison St/S Kenilworth Ave,,MADISON ST,S KENILWORTH AVE,1,0,0,0,Injury,C Injury Crash,Car,11,Front To Rear,2,2,0,5,"Over $1,500",0,1,0,0,0,6,6,03,Following Too Closely,28,Failing To Reduce Speed To Avoid Crash,17,Pedestrian Crossing Sign,4,Functioning Properly,1,Clear,1,Daylight,2,"Divided, No Median Barrier",1,Dry,2,Stopped,1,No Defects,O70,O12,41.8797531,-87.7969131,41.8797264,-87.7969208,1130331.13,1899226.75
30648,24 05306,2405306,X003545904,2024-09-09,07:53:00,2024-09-09 07:53:00,2024-09-09 09:46:55,N Ridgeland Ave/Lake St,,N RIDGELAND AVE,LAKE ST,1,1,0,0,Property Damage,No Injuries,Car,10,Turning (At Least One Vehicle),2,2,0,4,"$501 to $1,500",1,0,0,0,0,0,0,18,Unable To Determine,18,Unable To Determine,3,Traffic Signal,4,Functioning Properly,1,Clear,1,Daylight,14,Four-Way Intersection,1,Dry,3,Free Flow,1,No Defects,O30,O8,41.8883209,-87.7847366,41.8883209,-87.7846985,1133628.00,1902369.13
30667,24 05313,2405313,X003550020,2024-09-09,09:24:00,2024-09-09 09:24:00,2024-09-09 15:27:59,Madison St/S Oak Park Ave,,MADISON ST,S OAK PARK AVE,1,0,0,0,Property Damage,No Injuries,Car,11,Front To Rear,2,2,0,5,"Over $1,500",1,0,0,0,0,0,0,28,Failing To Reduce Speed To Avoid Crash,15,Driving Skills/Knowledge/Experience,3,Traffic Signal,4,Functioning Properly,1,Clear,1,Daylight,1,Not Divided,1,Dry,1,Slow,1,No Defects,O60,O14,41.8797417,-87.7942505,41.8797722,-87.7942581,1131056.50,1899226.38
30665,24 05312,2405312,X003545930,2024-09-09,09:38:00,2024-09-09 09:38:00,2024-09-09 15:27:58,S Harlem Ave/Madison St,,S HARLEM AVE,MADISON ST,0,1,0,0,Property Damage,No Injuries,Car,11,Front To Rear,2,2,0,5,"Over $1,500",1,0,0,0,0,0,0,03,Following Too Closely,99,Not Applicable,3,Traffic Signal,4,Functioning Properly,1,Clear,1,Daylight,2,"Divided, No Median Barrier",1,Dry,2,Stopped,1,No Defects,O70,O12,41.8796730,-87.8047028,41.8796654,-87.8047333,1128211.38,1899183.38
30668,24 05320,2405320,X003547152,2024-09-09,16:18:00,2024-09-09 16:18:00,2024-09-10 09:11:45,N Oak Park Ave/North Ave,,N OAK PARK AVE,NORTH AVE,0,0,0,0,Property Damage,No Injuries,Car,11,Front To Rear,2,2,0,5,"Over $1,500",1,0,0,0,0,0,0,28,Failing To Reduce Speed To Avoid Crash,15,Driving Skills/Knowledge/Experience,3,Traffic Signal,4,Functioning Properly,1,Clear,1,Daylight,1,Not Divided,1,Dry,2,Stopped,1,No Defects,O20,O3,41.9090157,-87.7950974,41.9090233,-87.7950592,1130760.13,1909892.25
30672,24 05321,2405321,X003547156,2024-09-09,16:49:00,2024-09-09 16:49:00,2024-09-10 15:13:31,Lake St/N Oak Park Ave,,LAKE ST,N OAK PARK AVE,0,0,0,0,Property Damage,No Injuries,Car,12,Sideswipe - Same Direction,2,2,0,5,"Over $1,500",1,0,0,0,0,0,0,28,Failing To Reduce Speed To Avoid Crash,20,Improper Lane Usage,1,No Controls,1,No Controls,1,Clear,1,Daylight,2,"Divided, No Median Barrier",1,Dry,1,Slow,1,No Defects,O40,O9,41.8886185,-87.7945175,41.8886452,-87.7945251,1130963.00,1902460.13
30669,24 05326,2405326,X003547153,2024-09-09,17:55:00,2024-09-09 17:55:00,2024-09-10 09:11:46,438 Madison St,438,MADISON ST,,0,0,0,0,Property Damage,No Injuries,Car,16,Rear To Side,2,2,0,5,"Over $1,500",1,0,0,0,0,0,0,30,Improper Backing,15,Driving Skills/Knowledge/Experience,1,No Controls,1,No Controls,1,Clear,1,Daylight,7,Parking Lot,1,Dry,3,Free Flow,1,No Defects,O60,O11,41.8799248,-87.7863770,41.8800697,-87.7867050,1133201.50,1899307.38
30713,24 05327,2405327,X003552811,2024-09-09,20:47:00,2024-09-09 20:47:00,2024-09-16 09:51:01,S Oak Park Ave/Garfield St,,S OAK PARK AVE,GARFIELD ST,1,1,0,0,Property Damage,No Injuries,Car,15,Angle,2,2,0,5,"Over $1,500",1,0,0,0,0,0,0,25,Disregarding Traffic Signals,99,Not Applicable,3,Traffic Signal,4,Functioning Properly,1,Clear,5,"Darkness, Lighted Road",14,Four-Way Intersection,1,Dry,3,Free Flow,1,No Defects,O90,O17,41.8720245,-87.7939529,41.8720245,-87.7939911,1131156.25,1896415.88
30704,24 05329,2405329,X003553877,2024-09-09,23:59:00,2024-09-09 23:59:00,2024-09-16 09:39:32,S Harlem Ave/I290 W,,S HARLEM AVE,I290 W,1,1,0,0,Property Damage,No Injuries,Car,11,Front To Rear,2,2,0,3,$500 or less,1,0,0,0,0,0,0,20,Improper Lane Usage,99,Not Applicable,3,Traffic Signal,4,Functioning Properly,1,Clear,3,Dusk,3,Divided With Median Barrier,1,Dry,1,Slow,1,No Defects,O60,O15,41.8737946,-87.8044968,41.8738136,-87.8045197,1128281.50,1897042.00
30675,24 05336,2405336,X003548373,2024-09-10,12:02:00,2024-09-10 12:02:00,2024-09-11 09:36:56,Holley Ct/N Marion St,,HOLLEY CT,N MARION ST,0,0,0,0,Property Damage,No Injuries,Car,6,Fixed Object,2,1,0,5,"Over $1,500",1,0,0,0,0,0,0,40,Distraction - From Outside Vehicle,28,Failing To Reduce Speed To Avoid Crash,10,Other Regulatory Sign,4,Functioning Properly,1,Clear,1,Daylight,7,Parking Lot,1,Dry,2,Stopped,1,No Defects,O40,O9,41.8897591,-87.8026810,41.8897362,-87.8026733,1128739.88,1902862.88
30710,24 05345,2405345,X003553882,2024-09-10,16:54:00,2024-09-10 16:54:00,2024-09-16 09:51:00,S Ridgeland Ave/Adams,,S RIDGELAND AVE,ADAMS,0,0,0,0,Injury,B Injury Crash,Car,15,Angle,2,2,0,5,"Over $1,500",0,1,0,0,2,0,2,23,Disregarding Stop Sign,15,Driving Skills/Knowledge/Experience,2,Stop Sign,1,No Controls,1,Clear,1,Daylight,1,Not Divided,1,Dry,3,Free Flow,1,No Defects,O80,O13,41.8780823,-87.7843704,41.8780785,-87.7844009,1133752.38,1898639.50
30699,24 05346,2405346,X003550733,2024-09-10,17:33:00,2024-09-10 17:33:00,2024-09-13 15:33:06,N Lombard Av/Erie,,N LOMBARD AV,ERIE,1,1,0,0,Property Damage,No Injuries,Car,15,Angle,2,2,0,5,"Over $1,500",0,1,0,0,0,0,0,02,Failing To Yield Right-Of-Way,28,Failing To Reduce Speed To Avoid Crash,2,Stop Sign,4,Functioning Properly,1,Clear,1,Daylight,1,Not Divided,1,Dry,3,Free Flow,1,No Defects,O30,O7,41.8917885,-87.7799606,41.8917961,-87.7799225,1134921.50,1903640.63
30676,24 05347,2405347,X003548375,2024-09-10,20:28:00,2024-09-10 20:28:00,2024-09-11 09:36:56,S Austin Blvd/I290 Expy E,,S AUSTIN BLVD,I290 EXPY E,1,0,0,1,Property Damage,No Injuries,Car,12,Sideswipe - Same Direction,2,2,0,5,"Over $1,500",1,0,0,0,0,0,0,04,Improper Overtaking/Passing,15,Driving Skills/Knowledge/Experience,3,Traffic Signal,4,Functioning Properly,1,Clear,5,"Darkness, Lighted Road",4,Two-Way Continuous Left-Turn Lane,1,Dry,3,Free Flow,1,No Defects,O90,O16,41.8709297,-87.7743607,41.8709335,-87.7743301,1136494.13,1896049.75