record_id,report_number,crash_id,idot_crash_number,date,time,occurred_at,record_added_at,location,street_number,street_name,cross_street,at_intersection,intersection_related,private_property,hit_and_run,crash_severity,crash_injury_severity,crash_mode,crash_type_code,crash_type,total_units,num_motor_vehicles,dooring_pedalcyclist,damage_code,damage,no_injury_drive_away,injury_or_towed,fatalities,a_injuries,b_injuries,c_injuries,total_injured,cause1_code,cause1,cause2_code,cause2,traffic_control_code,traffic_control,device_condition_code,device_condition,weather_code,weather,lighting_code,lighting,trafficway_code,trafficway,road_surface_code,road_surface,flow_condition_code,flow_condition,road_defects_code,road_defects,beat_zone,post_district,latitude,longitude,latitude_geocoded,longitude_geocoded,state_plane_x,state_plane_y
30678,24 05351,2405351,X003547555,2024-09-11,01:31:00,2024-09-11 01:31:00,2024-09-11 09:36:57,Madison St/S Ridgeland Ave,,MADISON ST,S RIDGELAND AVE,1,0,0,0,Property Damage,No Injuries,Car,15,Angle,2,2,0,5,"Over $1,500",1,0,0,0,0,0,0,02,Failing To Yield Right-Of-Way,15,Driving Skills/Knowledge/Experience,3,Traffic Signal,4,Functioning Properly,1,Clear,5,"Darkness, Lighted Road",4,Two-Way Continuous Left-Turn Lane,1,Dry,3,Free Flow,1,No Defects,O80,O13,41.8799019,-87.7844620,41.8799324,-87.7844620,1133723.63,1899302.88
30683,24 05355,2405355,X003549486,2024-09-11,08:17:00,2024-09-11 08:17:00,2024-09-12 09:33:52,Harrison St/S Humphrey Ave,,HARRISON ST,S HUMPHREY AVE,0,0,0,0,Property Damage,No Injuries,Car,9,Parked Motor Vehicle,2,2,0,5,"Over $1,500",1,0,0,0,0,0,0,15,Driving Skills/Knowledge/Experience,18,Unable To Determine,1,No Controls,1,No Controls,1,Clear,1,Daylight,1,Not Divided,1,Dry,3,Free Flow,1,No Defects,O80,O13,41.8727913,-87.7756271,41.8727684,-87.7756271,1136146.00,1896726.88
30685,24 05371,2405371,X003549488,2024-09-11,13:24:00,2024-09-11 13:24:00,2024-09-12 09:33:52,South Blvd/S Lombard Ave,,SOUTH BLVD,S LOMBARD AVE,0,0,0,1,Property Damage,No Injuries,Car,9,Parked Motor Vehicle,2,2,0,5,"Over $1,500",1,0,0,0,0,0,0,15,Driving Skills/Knowledge/Experience,18,Unable To Determine,1,No Controls,1,No Controls,1,Clear,4,Darkness,7,Parking Lot,1,Dry,2,Stopped,1,No Defects,O50,O10,41.8870468,-87.7797699,41.8870697,-87.7797699,1134983.13,1901913.00
30684,24 05367,2405367,X003549487,2024-09-11,14:46:00,2024-09-11 14:46:00,2024-09-12 09:28:15,1116 Garfield St,1116,GARFIELD ST,,0,0,0,0,Property Damage,No Injuries,Car,9,Parked Motor Vehicle,2,2,0,4,"$501 to $1,500",1,0,0,0,0,0,0,30,Improper Backing,99,Not Applicable,1,No Controls,1,No Controls,1,Clear,1,Daylight,7,Parking Lot,1,Dry,3,Free Flow,1,No Defects,O90,O18,41.8723373,-87.8027649,41.8724365,-87.8027649,1128756.13,1896514.63
30893,24 05410,2405410,X003582764,2024-09-12,00:00:00,2024-09-12 00:00:00,2024-10-11 11:35:40,South Blvd/S Scoville Ave,,SOUTH BLVD,S SCOVILLE AVE,0,0,0,0,Property Damage,No Injuries,Pedalcyclist,2,Pedalcyclist,2,1,0,3,$500 or less,1,0,0,0,0,0,0,28,Failing To Reduce Speed To Avoid Crash,18,Unable To Determine,1,No Controls,1,No Controls,1,Clear,5,"Darkness, Lighted Road",2,"Divided, No Median Barrier",1,Dry,3,Free Flow,1,No Defects,O60,O11,41.8869362,-87.7879181,41.8869629,-87.7879181,1132765.25,1901858.13
30686,24 05381,2405381,X003549489,2024-09-12,07:14:00,2024-09-12 07:14:00,2024-09-12 15:58:27,N Lombard Ave/Chicago Ave,,N LOMBARD AVE,CHICAGO AVE,1,1,0,0,Property Damage,No Injuries,Car,11,Front To Rear,2,2,0,5,"Over $1,500",1,0,0,0,0,0,0,03,Following Too Closely,28,Failing To Reduce Speed To Avoid Crash,2,Stop Sign,4,Functioning Properly,1,Clear,1,Daylight,1,Not Divided,1,Dry,3,Free Flow,1,No Defects,O30,O7,41.8946419,-87.7800446,41.8946495,-87.7800064,1134891.50,1904680.63
30698,24 05382,2405382,X003550732,2024-09-12,08:17:00,2024-09-12 08:17:00,2024-09-13 09:36:53,Madison St/S Grove Ave,,MADISON ST,S GROVE AVE,0,1,0,1,Property Damage,No Injuries,Car,11,Front To Rear,2,2,0,5,"Over $1,500",1,0,0,0,0,0,0,28,Failing To Reduce Speed To Avoid Crash,99,Not Applicable,3,Traffic Signal,4,Functioning Properly,1,Clear,1,Daylight,1,Not Divided,1,Dry,3,Free Flow,1,No Defects,O60,O15,41.8797226,-87.7955780,41.8797531,-87.7954559,1130695.00,1899217.25
30693,24 05392,2405392,X003550729,2024-09-12,12:15:00,2024-09-12 12:15:00,2024-09-13 09:08:53,Division St/N East Ave,,DIVISION ST,N EAST AVE,1,1,0,0,Property Damage,No Injuries,Car,15,Angle,2,2,0,4,"$501 to $1,500",1,0,0,0,0,0,0,02,Failing To Yield Right-Of-Way,28,Failing To Reduce Speed To Avoid Crash,2,Stop Sign,4,Functioning Properly,1,Clear,1,Daylight,14,Four-Way Intersection,1,Dry,2,Stopped,1,No Defects,O20,O5,41.9017601,-87.7899933,41.9017868,-87.7899933,1132165.38,1907257.00
30696,24 05402,2405402,X003550731,2024-09-12,15:39:00,2024-09-12 15:39:00,2024-09-13 09:36:52,North Ave/Rossell Ave,,NORTH AVE,ROSSELL AVE,1,1,0,0,Property Damage,No Injuries,Car,10,Turning (At Least One Vehicle),2,2,0,5,"Over $1,500",0,1,0,0,0,0,0,02,Failing To Yield Right-Of-Way,28,Failing To Reduce Speed To Avoid Crash,1,No Controls,1,No Controls,1,Clear,1,Daylight,15,T-Intersection,1,Dry,1,Slow,1,No Defects,O20,O2,41.9091034,-87.7860489,41.9091301,-87.7860565,1133222.13,1909939.63
30692,24 05412,2405412,X003550728,2024-09-12,21:05:00,2024-09-12 21:05:00,2024-09-13 09:08:52,905 S Lombard Ave,905,S LOMBARD AVE,,0,0,0,1,Property Damage,No Injuries,Car,9,Parked Motor Vehicle,2,2,0,4,"$501 to $1,500",1,0,0,0,0,0,0,20,Improper Lane Usage,28,Failing To Reduce Speed To Avoid Crash,1,No Controls,1,No Controls,1,Clear,5,"Darkness, Lighted Road",1,Not Divided,1,Dry,3,Free Flow,1,No Defects,O80,O13,41.8725014,-87.7792664,41.8724289,-87.7794418,1135155.50,1896614.25
30695,24 05414,2405414,X003550730,2024-09-13,01:48:00,2024-09-13 01:48:00,2024-09-13 09:31:14,S Harlem Ave/I290 E,,S HARLEM AVE,I290 E,1,1,0,0,Property Damage,No Injuries,Car,10,Turning (At Least One Vehicle),2,2,0,5,"Over $1,500",1,0,0,0,0,0,0,20,Improper Lane Usage,28,Failing To Reduce Speed To Avoid Crash,3,Traffic Signal,4,Functioning Properly,1,Clear,1,Daylight,3,Divided With Median Barrier,1,Dry,3,Free Flow,1,No Defects,O90,O18,41.8734703,-87.8044891,41.8736153,-87.8045197,1128282.00,1896923.25
30700,24 05418,2405418,X003550734,2024-09-13,09:25:00,2024-09-13 09:25:00,2024-09-13 15:33:06,Harvard St/Austin Blvd,,HARVARD ST,AUSTIN BLVD,0,0,0,0,Property Damage,No Injuries,Car,12,Sideswipe - Same Direction,2,2,0,5,"Over $1,500",1,0,0,0,0,0,0,02,Failing To Yield Right-Of-Way,28,Failing To Reduce Speed To Avoid Crash,1,No Controls,1,No Controls,1,Clear,1,Daylight,2,"Divided, No Median Barrier",1,Dry,3,Free Flow,1,No Defects,O90,O16,41.8690681,-87.7742691,41.8690987,-87.7742691,1136524.13,1895371.63
30857,24 05495,2405495,X003577427,2024-09-13,13:00:00,2024-09-13 13:00:00,2024-10-07 09:14:33,S Marion St/South Blvd,,S MARION ST,SOUTH BLVD,0,0,0,1,Property Damage,No Injuries,Car,9,Parked Motor Vehicle,2,2,0,3,$500 or less,1,0,0,0,0,0,0,18,Unable To Determine,15,Driving Skills/Knowledge/Experience,1,No Controls,1,No Controls,1,Clear,1,Daylight,1,Not Divided,1,Dry,1,Slow,1,No Defects,O70,O12,41.8867378,-87.8024979,41.8867378,-87.8025360,1128796.25,1901762.25
30709,24 05429,2405429,X003553881,2024-09-13,16:35:00,2024-09-13 16:35:00,2024-09-16 09:39:34,Jackson Blvd/S Ridgeland Ave,,JACKSON BLVD,S RIDGELAND AVE,1,1,0,0,Property Damage,No Injuries,Car,11,Front To Rear,2,2,0,3,$500 or less,1,0,0,0,0,0,0,28,Failing To Reduce Speed To Avoid Crash,15,Driving Skills/Knowledge/Experience,3,Traffic Signal,4,Functioning Properly,1,Clear,1,Daylight,2,"Divided, No Median Barrier",1,Dry,2,Stopped,1,No Defects,O80,O13,41.8762550,-87.7843399,41.8762817,-87.7843475,1133765.00,1897972.88
30705,24 05443,2405443,X003553878,2024-09-14,05:33:00,2024-09-14 05:33:00,2024-09-16 09:39:33,108 S Austin Blvd,108,S AUSTIN BLVD,,0,0,0,0,Property Damage,No Injuries,Car,9,Parked Motor Vehicle,2,2,0,5,"Over $1,500",1,0,0,0,0,0,0,28,Failing To Reduce Speed To Avoid Crash,18,Unable To Determine,1,No Controls,1,No Controls,1,Clear,5,"Darkness, Lighted Road",2,"Divided, No Median Barrier",1,Dry,3,Free Flow,1,No Defects,O80,O13,41.8786430,-87.7746506,41.8787537,-87.7748032,1136397.75,1898860.50
30707,24 05449,2405449,X003553879,2024-09-14,10:16:00,2024-09-14 10:16:00,2024-09-16 09:39:33,Lake St/N Elmwood Ave,,LAKE ST,N ELMWOOD AVE,0,0,0,0,Property Damage,No Injuries,Car,15,Angle,2,2,0,4,"$501 to $1,500",1,0,0,0,0,0,0,18,Unable To Determine,18,Unable To Determine,1,No Controls,1,No Controls,1,Clear,1,Daylight,1,Not Divided,1,Dry,3,Free Flow,1,No Defects,O30,O8,41.8883514,-87.7863312,41.8883743,-87.7863312,1133194.00,1902377.25
30715,24 05450,2405450,X003553885,2024-09-14,10:49:00,2024-09-14 10:49:00,2024-09-16 09:51:02,1501 N Harlem Ave,,1501 N HARLEM AVE,NORTH AVE,0,0,0,0,Property Damage,No Injuries,Car,11,Front To Rear,2,2,0,3,$500 or less,1,0,0,0,0,0,0,28,Failing To Reduce Speed To Avoid Crash,15,Driving Skills/Knowledge/Experience,3,Traffic Signal,4,Functioning Properly,1,Clear,1,Daylight,1,Not Divided,1,Dry,2,Stopped,1,No Defects,R81,RFPD,41.9088783,-87.8057938,41.9071007,-87.8056488,1127849.25,1909824.75
30711,24 05454,2405454,X003553883,2024-09-14,12:33:00,2024-09-14 12:33:00,2024-09-16 09:51:00,1125 Ontario St,1125,ONTARIO ST,,0,0,0,0,Property Damage,No Injuries,Car,9,Parked Motor Vehicle,2,2,0,4,"$501 to $1,500",1,0,0,0,0,0,0,18,Unable To Determine,18,Unable To Determine,1,No Controls,1,No Controls,1,Clear,1,Daylight,7,Parking Lot,1,Dry,3,Free Flow,1,No Defects,O40,O9,41.8905373,-87.8039322,41.8897705,-87.8039246,1128396.75,1903143.13
30732,24 05459,2405459,X003556504,2024-09-14,17:42:00,2024-09-14 17:42:00,2024-09-18 13:45:35,S Cuyler Ave/Washington Blvd,,S CUYLER AVE,WASHINGTON BLVD,1,1,0,0,Property Damage,No Injuries,Car,10,Turning (At Least One Vehicle),2,2,0,5,"Over $1,500",0,1,0,0,0,0,0,02,Failing To Yield Right-Of-Way,15,Driving Skills/Knowledge/Experience,2,Stop Sign,4,Functioning Properly,1,Clear,1,Daylight,2,"Divided, No Median Barrier",1,Dry,3,Free Flow,1,No Defects,O50,O10,41.8817482,-87.7828445,41.8817444,-87.7828751,1134159.63,1899977.88
30714,24 05462,2405462,X003553884,2024-09-15,01:31:00,2024-09-15 01:31:00,2024-09-16 09:51:01,810 S Austin Blvd,810,S AUSTIN BLVD,,0,0,0,1,Property Damage,No Injuries,Car,9,Parked Motor Vehicle,4,4,0,5,"Over $1,500",1,0,0,0,0,0,0,18,Unable To Determine,99,Not Applicable,1,No Controls,1,No Controls,1,Clear,5,"Darkness, Lighted Road",12,Alley,1,Dry,3,Free Flow,1,No Defects,O90,O16,41.8700714,-87.7743530,41.8700447,-87.7744522,1136498.75,1895737.25
30712,24 05463,2405463,X003556688,2024-09-15,01:44:00,2024-09-15 01:44:00,2024-09-16 09:51:00,Roosevelt Rd/Clinton Ave,,ROOSEVELT RD,CLINTON AVE,1,0,0,1,Property Damage,No Injuries,Car,9,Parked Motor Vehicle,2,2,0,5,"Over $1,500",0,1,0,0,0,0,0,28,Failing To Reduce Speed To Avoid Crash,18,Unable To Determine,1,No Controls,1,No Controls,1,Clear,5,"Darkness, Lighted Road",1,Not Divided,1,Dry,1,Slow,1,No Defects,O90,O18,41.8651238,-87.7976685,41.8650932,-87.7976685,1130160.00,1893893.00
30736,24 05465,2405465,X003557075,2024-09-15,07:01:00,2024-09-15 07:01:00,2024-09-19 12:57:40,S Lombard Ave/Washington Blvd,,S LOMBARD AVE,WASHINGTON BLVD,0,0,0,0,Injury,B Injury Crash,Car,6,Fixed Object,6,5,0,5,"Over $1,500",0,1,0,0,1,0,1,20,Improper Lane Usage,28,Failing To Reduce Speed To Avoid Crash,3,Traffic Signal,4,Functioning Properly,1,Clear,1,Daylight,1,Not Divided,1,Dry,3,Free Flow,1,No Defects,O50,O10,41.8819313,-87.7795868,41.8819237,-87.7796173,1135046.75,1900049.63
30766,24 05475,2405475,X003565288,2024-09-15,18:19:00,2024-09-15 18:19:00,2024-09-24 08:27:21,100 N Lombard Ave,,100 N LOMBARD AVE,ONTARIO ST,1,0,0,0,Property Damage,No Injuries,Car,9,Parked Motor Vehicle,3,3,0,5,"Over $1,500",0,1,0,0,0,0,0,15,Driving Skills/Knowledge/Experience,41,Distraction - From Inside Vehicle,1,No Controls,1,No Controls,1,Clear,1,Daylight,2,"Divided, No Median Barrier",1,Dry,3,Free Flow,1,No Defects,O30,O7,41.8904266,-87.7799149,41.8875008,-87.7797089,1134936.00,1903145.50
30706,24 05478,2405478,X003556790,2024-09-15,21:36:00,2024-09-15 21:36:00,2024-09-16 09:39:33,Roosevelt Rd/Home Ave,,ROOSEVELT RD,HOME AVE,1,1,0,0,Property Damage,No Injuries,Car,6,Fixed Object,2,1,0,5,"Over $1,500",0,1,0,0,0,0,0,32,"Evasive Action Due To Animal, Object, Non-Mot",99,Not Applicable,17,Pedestrian Crossing Sign,4,Functioning Properly,1,Clear,5,"Darkness, Lighted Road",14,Four-Way Intersection,1,Dry,1,Slow,1,No Defects,O90,O18,41.8650971,-87.7989807,41.8650742,-87.7989807,1129802.63,1893882.25
30722,24 05484,2405484,X003555283,2024-09-16,07:54:00,2024-09-16 07:54:00,2024-09-17 08:41:13,Chicago Ave/N Kenilworth Ave,,CHICAGO AVE,N KENILWORTH AVE,0,0,0,0,Property Damage,No Injuries,Car,11,Front To Rear,2,2,0,5,"Over $1,500",1,0,0,0,0,0,0,03,Following Too Closely,28,Failing To Reduce Speed To Avoid Crash,3,Traffic Signal,4,Functioning Properly,1,Clear,1,Daylight,2,"Divided, No Median Barrier",1,Dry,1,Slow,1,No Defects,O40,O9,41.8943253,-87.7976685,41.8943520,-87.7976761,1130093.38,1904535.50
30721,24 05486,2405486,X003554498,2024-09-16,08:47:00,2024-09-16 08:47:00,2024-09-17 08:35:33,Carpenter Ave/Madison St,,CARPENTER AVE,MADISON ST,0,1,0,0,Property Damage,No Injuries,Car,11,Front To Rear,2,2,0,4,"$501 to $1,500",1,0,0,0,0,0,0,03,Following Too Closely,28,Failing To Reduce Speed To Avoid Crash,1,No Controls,1,No Controls,1,Clear,1,Daylight,1,Not Divided,1,Dry,1,Slow,1,No Defects,O60,O15,41.8797378,-87.7963257,41.8797378,-87.7962875,1130492.75,1899221.25
30723,24 05489,2405489,X003555284,2024-09-16,10:22:00,2024-09-16 10:22:00,2024-09-17 08:41:14,Madison St/S Ridgeland Ave,,MADISON ST,S RIDGELAND AVE,0,0,0,0,Property Damage,No Injuries,Car,15,Angle,3,3,0,5,"Over $1,500",0,1,0,0,0,0,0,02,Failing To Yield Right-Of-Way,28,Failing To Reduce Speed To Avoid Crash,1,No Controls,1,No Controls,1,Clear,1,Daylight,2,"Divided, No Median Barrier",1,Dry,3,Free Flow,1,No Defects,O80,O13,41.8799019,-87.7844620,41.8799324,-87.7844620,1133723.63,1899302.88
30717,24 05491,2405491,X003553886,2024-09-16,11:29:00,2024-09-16 11:29:00,2024-09-16 15:13:48,Superior St/N Cuyler Ave,,SUPERIOR ST,N CUYLER AVE,1,1,0,0,Injury,B Injury Crash,Car,15,Angle,2,2,0,5,"Over $1,500",0,1,0,0,1,0,1,02,Failing To Yield Right-Of-Way,99,Not Applicable,2,Stop Sign,4,Functioning Properly,1,Clear,1,Daylight,1,Not Divided,1,Dry,3,Free Flow,1,No Defects,O30,O7,41.8930931,-87.7832107,41.8931198,-87.7832107,1134033.63,1904110.13
30719,24 05498,2405498,X003553888,2024-09-16,14:48:00,2024-09-16 14:48:00,2024-09-16 18:50:50,Washington Blvd/S Ridgeland Ave,,WASHINGTON BLVD,S RIDGELAND AVE,1,0,0,1,Property Damage,No Injuries,Car,12,Sideswipe - Same Direction,2,2,0,4,"$501 to $1,500",1,0,0,0,0,0,0,20,Improper Lane Usage,18,Unable To Determine,3,Traffic Signal,4,Functioning Properly,1,Clear,1,Daylight,2,"Divided, No Median Barrier",1,Dry,3,Free Flow,1,No Defects,O50,O10,41.8816948,-87.7845154,41.8817253,-87.7845154,1133704.88,1899954.38
30729,24 05499,2405499,X003556501,2024-09-16,14:50:00,2024-09-16 14:50:00,2024-09-18 08:56:13,S Cuyler Ave/Van Buren St,,S CUYLER AVE,VAN BUREN ST,0,0,0,1,Property Damage,No Injuries,Car,9,Parked Motor Vehicle,2,2,0,3,$500 or less,1,0,0,0,0,0,0,30,Improper Backing,18,Unable To Determine,2,Stop Sign,4,Functioning Properly,1,Clear,1,Daylight,1,Not Divided,1,Dry,3,Free Flow,1,No Defects,O80,O13,41.8744812,-87.7830124,41.8744812,-87.7830505,1134130.00,1897328.50
30718,24 05502,2405502,X003553887,2024-09-16,15:29:00,2024-09-16 15:29:00,2024-09-16 17:38:21,N Scoville Ave/Chicago Ave,,N SCOVILLE AVE,CHICAGO AVE,1,0,0,1,Injury,C Injury Crash,Pedalcyclist,2,Pedalcyclist,2,1,0,3,$500 or less,0,1,0,0,0,1,1,02,Failing To Yield Right-Of-Way,28,Failing To Reduce Speed To Avoid Crash,17,Pedestrian Crossing Sign,4,Functioning Properly,1,Clear,1,Daylight,2,"Divided, No Median Barrier",9,Unknown,1,Slow,99,Unknown,O30,O8,41.8945160,-87.7881699,41.8945236,-87.7881317,1132678.38,1904620.38
30731,24 05528,2405528,X003556503,2024-09-17,14:52:00,2024-09-17 14:52:00,2024-09-18 08:50:33,N Austin Blvd/Madison St,,N AUSTIN BLVD,MADISON ST,0,0,0,0,Property Damage,No Injuries,Car,12,Sideswipe - Same Direction,2,2,0,5,"Over $1,500",0,1,0,0,0,0,0,02,Failing To Yield Right-Of-Way,20,Improper Lane Usage,1,No Controls,1,No Controls,1,Clear,1,Daylight,1,Not Divided,1,Dry,3,Free Flow,1,No Defects,O80,O13,41.8800926,-87.7746201,41.8800888,-87.7746582,1136401.50,1899388.00
30730,24 05530,2405530,X003556502,2024-09-17,15:37:00,2024-09-17 15:37:00,2024-09-18 08:56:13,Jackson Blvd/S Lombard Ave,,JACKSON BLVD,S LOMBARD AVE,0,0,0,1,Property Damage,No Injuries,Car,12,Sideswipe - Same Direction,2,2,0,3,$500 or less,1,0,0,0,0,0,0,04,Improper Overtaking/Passing,99,Not Applicable,2,Stop Sign,4,Functioning Properly,1,Clear,1,Daylight,3,Divided With Median Barrier,1,Dry,3,Free Flow,1,No Defects,O80,O13,41.8764229,-87.7794342,41.8763237,-87.7794342,1135099.88,1898042.50
30728,24 05542,2405542,X003556500,2024-09-17,21:17:00,2024-09-17 21:17:00,2024-09-18 08:56:12,841 S Oak Park Ave,841,S OAK PARK AVE,,0,0,0,0,Injury,B Injury Crash,Car,11,Front To Rear,2,2,0,4,"$501 to $1,500",0,1,0,0,1,0,1,99,Not Applicable,99,Not Applicable,3,Traffic Signal,4,Functioning Properly,1,Clear,5,"Darkness, Lighted Road",1,Not Divided,1,Dry,2,Stopped,1,No Defects,O60,O14,41.8729363,-87.7939835,41.8729134,-87.7941437,1131146.25,1896747.00
30735,24 05559,2405559,X003558084,2024-09-18,17:33:00,2024-09-18 17:33:00,2024-09-19 08:35:36,S East Ave/Washington Blvd,,S EAST AVE,WASHINGTON BLVD,0,0,0,0,Property Damage,No Injuries,Car,9,Parked Motor Vehicle,2,2,0,4,"$501 to $1,500",1,0,0,0,0,0,0,30,Improper Backing,18,Unable To Determine,1,No Controls,1,No Controls,1,Clear,9,Unknown,1,Not Divided,1,Dry,1,Slow,1,No Defects,O60,O11,41.8816414,-87.7893753,41.8816338,-87.7894134,1132380.13,1899926.50
30734,24 05560,2405560,X003557659,2024-09-18,19:25:00,2024-09-18 19:25:00,2024-09-19 08:35:36,N Oak Park Ave/Lake St,,N OAK PARK AVE,LAKE ST,1,1,0,0,Property Damage,No Injuries,Car,10,Turning (At Least One Vehicle),2,2,0,4,"$501 to $1,500",1,0,0,0,0,0,0,02,Failing To Yield Right-Of-Way,99,Not Applicable,3,Traffic Signal,4,Functioning Properly,1,Clear,4,Darkness,2,"Divided, No Median Barrier",1,Dry,3,Free Flow,1,No Defects,O40,O9,41.8886414,-87.7945633,41.8886452,-87.7945251,1130952.25,1902468.88
30746,24 05581,2405581,X003578802,2024-09-19,13:57:00,2024-09-19 13:57:00,2024-09-23 08:49:09,Lake St/N Marion St,,LAKE ST,N MARION ST,0,0,0,1,Property Damage,No Injuries,Car,9,Parked Motor Vehicle,3,3,0,5,"Over $1,500",0,1,0,0,0,0,0,28,Failing To Reduce Speed To Avoid Crash,28,Failing To Reduce Speed To Avoid Crash,1,No Controls,1,No Controls,1,Clear,1,Daylight,2,"Divided, No Median Barrier",1,Dry,1,Slow,1,No Defects,O40,O9,41.8886185,-87.8026276,41.8886452,-87.8026276,1128756.38,1902446.75
30737,24 05587,2405587,X003557878,2024-09-19,19:35:00,2024-09-19 19:35:00,2024-09-20 08:37:40,Chicago Ave/N Harlem Ave,,CHICAGO AVE,N HARLEM AVE,1,1,0,1,Property Damage,No Injuries,Car,12,Sideswipe - Same Direction,2,2,0,4,"$501 to $1,500",1,0,0,0,0,0,0,20,Improper Lane Usage,04,Improper Overtaking/Passing,3,Traffic Signal,4,Functioning Properly,1,Clear,1,Daylight,2,"Divided, No Median Barrier",1,Dry,3,Free Flow,1,No Defects,O40,O9,41.8942032,-87.8052445,41.8942337,-87.8052445,1128030.88,1904477.63
30738,24 05592,2405592,X003557882,2024-09-19,21:55:00,2024-09-19 21:55:00,2024-09-20 08:37:41,Madison St/N Austin Blvd,,MADISON ST,N AUSTIN BLVD,1,1,0,0,Property Damage,No Injuries,Pedestrian,1,Pedestrian,2,1,0,3,$500 or less,1,0,0,0,0,0,0,02,Failing To Yield Right-Of-Way,99,Not Applicable,3,Traffic Signal,4,Functioning Properly,1,Clear,4,Darkness,14,Four-Way Intersection,1,Dry,1,Slow,1,No Defects,O80,O13,41.8800621,-87.7746582,41.8800888,-87.7746582,1136391.38,1899377.50
30761,24 05632,2405632,X003561503,2024-09-20,09:59:00,2024-09-20 09:59:00,2024-09-23 09:06:26,N Kenilworth Ave/North Ave,,N KENILWORTH AVE,NORTH AVE,1,1,0,1,Property Damage,No Injuries,Car,11,Front To Rear,2,2,0,4,"$501 to $1,500",1,0,0,0,0,0,0,03,Following Too Closely,28,Failing To Reduce Speed To Avoid Crash,1,No Controls,1,No Controls,1,Clear,3,Dusk,15,T-Intersection,1,Dry,1,Slow,1,No Defects,O20,O3,41.9089813,-87.7979736,41.9089775,-87.7982559,1129977.88,1909874.75
30741,24 05601,2405601,X003558895,2024-09-20,10:10:00,2024-09-20 10:10:00,2024-09-20 15:18:54,S Ridgeland Ave/South Blvd,,S RIDGELAND AVE,SOUTH BLVD,1,0,0,0,Property Damage,No Injuries,Car,6,Fixed Object,2,1,0,5,"Over $1,500",0,1,0,0,0,0,0,28,Failing To Reduce Speed To Avoid Crash,15,Driving Skills/Knowledge/Experience,3,Traffic Signal,4,Functioning Properly,1,Clear,1,Daylight,3,Divided With Median Barrier,1,Dry,1,Slow,1,No Defects,O50,O10,41.8869591,-87.7846298,41.8869553,-87.7846603,1133661.75,1901873.50
30760,24 05620,2405620,X003561493,2024-09-20,12:33:00,2024-09-20 12:33:00,2024-09-23 09:12:17,N Harlem Ave/Division St,,N HARLEM AVE,DIVISION ST,1,1,0,1,Property Damage,No Injuries,Car,11,Front To Rear,2,2,0,4,"$501 to $1,500",1,0,0,0,0,0,0,28,Failing To Reduce Speed To Avoid Crash,18,Unable To Determine,3,Traffic Signal,4,Functioning Properly,1,Clear,1,Daylight,14,Four-Way Intersection,1,Dry,2,Stopped,1,No Defects,R81,RFPD,41.9015350,-87.8055573,41.9015427,-87.8055191,1127930.38,1907148.88
30763,24 05610,2405610,X003561504,2024-09-20,14:15:00,2024-09-20 14:15:00,2024-09-23 09:12:16,Madison St/Gunderson Ave,,MADISON ST,GUNDERSON AVE,1,1,0,0,Injury,B Injury Crash,Car,15,Angle,2,2,0,5,"Over $1,500",0,1,0,0,1,0,1,02,Failing To Yield Right-Of-Way,28,Failing To Reduce Speed To Avoid Crash,2,Stop Sign,4,Functioning Properly,1,Clear,1,Daylight,1,Not Divided,1,Dry,3,Free Flow,1,No Defects,O60,O14,41.8798637,-87.7869263,41.8798904,-87.7869263,1133052.38,1899283.13
30758,24 05611,2405611,X003561483,2024-09-20,15:27:00,2024-09-20 15:27:00,2024-09-23 09:06:26,N Scoville Ave/Lake St,,N SCOVILLE AVE,LAKE ST,1,1,0,0,Property Damage,No Injuries,Pedalcyclist,2,Pedalcyclist,2,1,0,3,$500 or less,1,0,0,0,0,0,0,18,Unable To Determine,18,Unable To Determine,2,Stop Sign,4,Functioning Properly,1,Clear,1,Daylight,1,Not Divided,1,Dry,,,1,No Defects,O30,O8,41.8884277,-87.7880020,41.8884315,-87.7879639,1132739.13,1902402.38
30742,24 05623,2405623,X003558896,2024-09-20,21:13:00,2024-09-20 21:13:00,2024-09-21 00:51:01,Linden Ave/Thomas St,,LINDEN AVE,THOMAS ST,1,1,0,0,Injury,A Injury Crash,Pedalcyclist,2,Pedalcyclist,2,1,0,5,"Over $1,500",0,1,0,1,2,0,3,02,Failing To Yield Right-Of-Way,23,Disregarding Stop Sign,2,Stop Sign,4,Functioning Properly,1,Clear,5,"Darkness, Lighted Road",14,Four-Way Intersection,1,Dry,3,Free Flow,1,No Defects,O20,O5,41.8997650,-87.7924194,41.8997688,-87.7923813,1131510.63,1906526.63
30750,24 05627,2405627,X003562139,2024-09-21,00:09:00,2024-09-21 00:09:00,2024-09-23 09:00:40,Roosevelt Rd/Cuyler Ave,,ROOSEVELT RD,CUYLER AVE,1,0,0,1,Property Damage,No Injuries,Car,10,Turning (At Least One Vehicle),2,2,0,3,$500 or less,1,0,0,0,0,0,0,28,Failing To Reduce Speed To Avoid Crash,18,Unable To Determine,1,No Controls,1,No Controls,1,Clear,5,"Darkness, Lighted Road",15,T-Intersection,1,Dry,3,Free Flow,1,No Defects,O90,O16,41.8653831,-87.7827148,41.8653526,-87.7827148,1134233.00,1894014.50