record_id,report_number,crash_id,idot_crash_number,date,time,occurred_at,record_added_at,location,street_number,street_name,cross_street,at_intersection,intersection_related,private_property,hit_and_run,crash_severity,crash_injury_severity,crash_mode,crash_type_code,crash_type,total_units,num_motor_vehicles,dooring_pedalcyclist,damage_code,damage,no_injury_drive_away,injury_or_towed,fatalities,a_injuries,b_injuries,c_injuries,total_injured,cause1_code,cause1,cause2_code,cause2,traffic_control_code,traffic_control,device_condition_code,device_condition,weather_code,weather,lighting_code,lighting,trafficway_code,trafficway,road_surface_code,road_surface,flow_condition_code,flow_condition,road_defects_code,road_defects,beat_zone,post_district,latitude,longitude,latitude_geocoded,longitude_geocoded,state_plane_x,state_plane_y
30787,24 05730,2405730,X003565489,2024-09-21,08:42:00,2024-09-21 08:42:00,2024-09-26 09:17:41,Roosevelt Rd/Home Ave,,ROOSEVELT RD,HOME AVE,1,1,0,0,Property Damage,No Injuries,Car,10,Turning (At Least One Vehicle),2,2,0,5,"Over $1,500",1,0,0,0,0,0,0,02,Failing To Yield Right-Of-Way,18,Unable To Determine,2,Stop Sign,4,Functioning Properly,1,Clear,1,Daylight,14,Four-Way Intersection,1,Dry,3,Free Flow,1,No Defects,O90,O18,41.8650971,-87.7989807,41.8650742,-87.7989807,1129802.63,1893882.25
30755,24 05631,2405631,X003561500,2024-09-21,10:45:00,2024-09-21 10:45:00,2024-09-23 09:00:39,S Kenilworth Ave/Washington Blvd,,S KENILWORTH AVE,WASHINGTON BLVD,1,1,0,0,Property Damage,No Injuries,Car,10,Turning (At Least One Vehicle),2,2,0,4,"$501 to $1,500",1,0,0,0,0,0,0,02,Failing To Yield Right-Of-Way,18,Unable To Determine,1,No Controls,1,No Controls,1,Clear,1,Daylight,2,"Divided, No Median Barrier",1,Dry,3,Free Flow,1,No Defects,O70,O12,41.8815575,-87.7969437,41.8815537,-87.7969742,1130320.38,1899883.00
30759,24 05634,2405634,X003561528,2024-09-21,11:18:00,2024-09-21 11:18:00,2024-09-23 09:12:16,Augusta Blvd/N Austin Blvd,,AUGUSTA BLVD,N AUSTIN BLVD,1,1,0,0,Property Damage,No Injuries,Car,12,Sideswipe - Same Direction,2,2,0,3,$500 or less,1,0,0,0,0,0,0,04,Improper Overtaking/Passing,02,Failing To Yield Right-Of-Way,3,Traffic Signal,4,Functioning Properly,1,Clear,1,Daylight,1,Not Divided,1,Dry,3,Free Flow,1,No Defects,O10,O4,41.8983345,-87.7752533,41.8983650,-87.7752533,1136187.38,1906035.63
30785,24 05638,2405638,X003565327,2024-09-21,17:00:00,2024-09-21 17:00:00,2024-09-26 09:17:40,1000 Lake St,1000,LAKE ST,,0,0,0,0,Property Damage,No Injuries,Car,9,Parked Motor Vehicle,2,2,0,4,"$501 to $1,500",1,0,0,0,0,0,0,30,Improper Backing,99,Not Applicable,1,No Controls,1,No Controls,1,Clear,1,Daylight,1,Not Divided,1,Dry,3,Free Flow,1,No Defects,O40,O9,41.8886871,-87.8007965,41.8887711,-87.8004150,1129255.00,1902475.88
30762,24 05639,2405639,X003561530,2024-09-21,17:25:00,2024-09-21 17:25:00,2024-09-23 09:06:27,Jackson Blvd/S Harlem Ave,,JACKSON BLVD,S HARLEM AVE,1,1,0,0,Property Damage,No Injuries,Car,12,Sideswipe - Same Direction,2,2,0,5,"Over $1,500",1,0,0,0,0,0,0,28,Failing To Reduce Speed To Avoid Crash,18,Unable To Determine,3,Traffic Signal,4,Functioning Properly,1,Clear,1,Daylight,1,Not Divided,1,Dry,2,Stopped,1,No Defects,O60,O15,41.8759575,-87.8045960,41.8759842,-87.8046036,1128248.63,1897829.75
30757,24 05661,2405661,X003561556,2024-09-22,10:33:00,2024-09-22 10:33:00,2024-09-23 09:06:26,Madison St/S Austin Blvd,,MADISON ST,S AUSTIN BLVD,1,0,0,1,Property Damage,No Injuries,Car,11,Front To Rear,4,4,0,5,"Over $1,500",1,0,0,0,0,0,0,28,Failing To Reduce Speed To Avoid Crash,18,Unable To Determine,3,Traffic Signal,4,Functioning Properly,2,Rain,1,Daylight,2,"Divided, No Median Barrier",2,Wet,2,Stopped,1,No Defects,O80,O13,41.8800621,-87.7746582,41.8800888,-87.7746582,1136391.38,1899377.50
30743,24 05656,2405656,X003560689,2024-09-22,11:45:00,2024-09-22 11:45:00,2024-09-22 16:21:01,Chicago Ave/N Oak Park Ave,,CHICAGO AVE,N OAK PARK AVE,1,1,0,0,Property Damage,No Injuries,Car,12,Sideswipe - Same Direction,3,3,0,4,"$501 to $1,500",1,0,0,0,0,0,0,28,Failing To Reduce Speed To Avoid Crash,18,Unable To Determine,3,Traffic Signal,4,Functioning Properly,2,Rain,1,Daylight,14,Four-Way Intersection,2,Wet,1,Slow,1,No Defects,O30,O8,41.8943825,-87.7946701,41.8944054,-87.7946777,1130909.25,1904560.00
30815,24 05833,2405833,X003570205,2024-09-22,11:54:00,2024-09-22 11:54:00,2024-09-30 15:37:51,S Oak Park Ave/Garfield St,,S OAK PARK AVE,GARFIELD ST,0,0,0,0,Property Damage,No Injuries,Car,12,Sideswipe - Same Direction,2,2,0,5,"Over $1,500",1,0,0,0,0,0,0,02,Failing To Yield Right-Of-Way,18,Unable To Determine,3,Traffic Signal,4,Functioning Properly,2,Rain,1,Daylight,1,Not Divided,2,Wet,3,Free Flow,1,No Defects,O90,O17,41.8720245,-87.7939529,41.8720245,-87.7939911,1131156.25,1896415.88
30786,24 05657,2405657,X003565328,2024-09-22,12:54:00,2024-09-22 12:54:00,2024-09-26 09:17:41,Madison St/S Austin Blvd,,MADISON ST,S AUSTIN BLVD,0,0,0,1,Property Damage,No Injuries,Car,9,Parked Motor Vehicle,2,2,0,5,"Over $1,500",1,0,0,0,0,0,0,20,Improper Lane Usage,18,Unable To Determine,1,No Controls,1,No Controls,2,Rain,1,Daylight,3,Divided With Median Barrier,2,Wet,3,Free Flow,1,No Defects,O80,O13,41.8800621,-87.7746582,41.8800888,-87.7746582,1136391.38,1899377.50
30794,24 05658,2405658,X003566297,2024-09-22,13:26:00,2024-09-22 13:26:00,2024-09-26 15:46:21,N Austin Blvd/Washington Blvd,,N AUSTIN BLVD,WASHINGTON BLVD,0,0,0,0,Property Damage,No Injuries,Car,11,Front To Rear,3,3,0,5,"Over $1,500",1,0,0,0,0,0,0,11,Weather,03,Following Too Closely,1,No Controls,1,No Controls,2,Rain,1,Daylight,2,"Divided, No Median Barrier",2,Wet,2,Stopped,1,No Defects,O50,O10,41.8821068,-87.7746887,41.8821106,-87.7747269,1136378.00,1900122.38
30764,24 05659,2405659,X003561552,2024-09-22,14:25:00,2024-09-22 14:25:00,2024-09-23 09:12:17,N Ridgeland Ave/Chicago Ave,,N RIDGELAND AVE,CHICAGO AVE,1,1,0,0,Property Damage,No Injuries,Car,11,Front To Rear,2,2,0,4,"$501 to $1,500",1,0,0,0,0,0,0,03,Following Too Closely,28,Failing To Reduce Speed To Avoid Crash,3,Traffic Signal,4,Functioning Properly,2,Rain,1,Daylight,14,Four-Way Intersection,2,Wet,1,Slow,1,No Defects,O30,O8,41.8945694,-87.7849121,41.8945770,-87.7848740,1133565.38,1904645.88
30781,24 05660,2405660,X003565334,2024-09-22,14:36:00,2024-09-22 14:36:00,2024-09-26 09:11:59,N Austin Blvd/Washington Blvd,,N AUSTIN BLVD,WASHINGTON BLVD,0,0,0,0,Property Damage,No Injuries,Car,11,Front To Rear,2,2,0,5,"Over $1,500",1,0,0,0,0,0,0,03,Following Too Closely,11,Weather,1,No Controls,1,No Controls,2,Rain,1,Daylight,2,"Divided, No Median Barrier",2,Wet,3,Free Flow,1,No Defects,O50,O10,41.8821068,-87.7746887,41.8821106,-87.7747269,1136378.00,1900122.38
30798,24 05663,2405663,X003566784,2024-09-22,16:34:00,2024-09-22 16:34:00,2024-09-27 09:43:30,N Humphrey Ave/Iowa St,,N HUMPHREY AVE,IOWA ST,0,0,0,1,Property Damage,No Injuries,Car,9,Parked Motor Vehicle,2,2,0,5,"Over $1,500",1,0,0,0,0,0,0,28,Failing To Reduce Speed To Avoid Crash,18,Unable To Determine,1,No Controls,1,No Controls,9,Unknown,9,Unknown,1,Not Divided,9,Unknown,1,Slow,99,Unknown,O10,O4,41.8965149,-87.7768555,41.8965225,-87.7768173,1135755.00,1905368.13
30754,24 05668,2405668,X003561557,2024-09-23,06:42:00,2024-09-23 06:42:00,2024-09-23 09:06:25,S Harlem Ave/Garfield St,,S HARLEM AVE,GARFIELD ST,0,0,0,0,Property Damage,No Injuries,Car,12,Sideswipe - Same Direction,2,2,0,3,$500 or less,1,0,0,0,0,0,0,18,Unable To Determine,18,Unable To Determine,3,Traffic Signal,4,Functioning Properly,8,Cloudy/Overcast,1,Daylight,1,Not Divided,1,Dry,1,Slow,1,No Defects,O90,O18,41.8723068,-87.8044357,41.8723183,-87.8044663,1128300.88,1896500.75
30770,24 05688,2405688,X003563553,2024-09-23,08:06:00,2024-09-23 08:06:00,2024-09-24 15:52:18,North Ave/Ridgeland Ave,,NORTH AVE,RIDGELAND AVE,1,1,0,0,Property Damage,No Injuries,Car,15,Angle,2,2,0,5,"Over $1,500",0,1,0,0,0,0,0,25,Disregarding Traffic Signals,02,Failing To Yield Right-Of-Way,3,Traffic Signal,4,Functioning Properly,1,Clear,1,Daylight,1,Not Divided,1,Dry,1,Slow,1,No Defects,O10,O1,41.9091339,-87.7833710,41.9091644,-87.7833710,1133952.25,1909956.38
30767,24 05676,2405676,X003562856,2024-09-23,13:09:00,2024-09-23 13:09:00,2024-09-24 08:27:22,Randolph St/S Maple Ave,,RANDOLPH ST,S MAPLE AVE,1,1,0,0,Property Damage,No Injuries,Car,10,Turning (At Least One Vehicle),2,2,0,5,"Over $1,500",0,1,0,0,0,0,0,02,Failing To Yield Right-Of-Way,15,Driving Skills/Knowledge/Experience,1,No Controls,1,No Controls,1,Clear,1,Daylight,2,"Divided, No Median Barrier",1,Dry,3,Free Flow,1,No Defects,O70,O12,41.8832130,-87.8039932,41.8832359,-87.8039932,1128397.38,1900474.13
30838,24 05713,2405713,X003574173,2024-09-23,15:05:00,2024-09-23 15:05:00,2024-10-03 15:50:40,Clinton Ave/Washington Blvd,,CLINTON AVE,WASHINGTON BLVD,0,0,0,1,Property Damage,No Injuries,Car,9,Parked Motor Vehicle,2,2,0,3,$500 or less,1,0,0,0,0,0,0,20,Improper Lane Usage,28,Failing To Reduce Speed To Avoid Crash,2,Stop Sign,4,Functioning Properly,2,Rain,1,Daylight,1,Not Divided,2,Wet,1,Slow,1,No Defects,O70,O12,41.8815117,-87.7984238,41.8815079,-87.7984543,1129917.25,1899864.88
30765,24 05687,2405687,X003562140,2024-09-23,17:08:00,2024-09-23 17:08:00,2024-09-23 18:39:40,Washington Blvd/S Oak Park Ave,,WASHINGTON BLVD,S OAK PARK AVE,1,1,0,1,Property Damage,No Injuries,Car,11,Front To Rear,2,2,0,3,$500 or less,1,0,0,0,0,0,0,03,Following Too Closely,15,Driving Skills/Knowledge/Experience,3,Traffic Signal,4,Functioning Properly,1,Clear,1,Daylight,4,Two-Way Continuous Left-Turn Lane,1,Dry,2,Stopped,1,No Defects,O60,O11,41.8815384,-87.7943115,41.8815613,-87.7943115,1131037.25,1899880.13
30774,24 05696,2405696,X003563835,2024-09-24,06:39:00,2024-09-24 06:39:00,2024-09-25 08:16:00,S Oak Park Ave/Washington Blvd,,S OAK PARK AVE,WASHINGTON BLVD,1,1,0,0,Injury,C Injury Crash,Pedestrian,1,Pedestrian,2,1,0,3,$500 or less,0,1,0,0,0,1,1,18,Unable To Determine,18,Unable To Determine,3,Traffic Signal,4,Functioning Properly,2,Rain,2,Dawn,14,Four-Way Intersection,2,Wet,3,Free Flow,1,No Defects,O60,O11,41.8815651,-87.7942734,41.8815613,-87.7943115,1131046.38,1899891.13
30776,24 05699,2405699,X003565035,2024-09-24,08:08:00,2024-09-24 08:08:00,2024-09-25 08:27:20,Chicago Ave/N Lombard Ave,,CHICAGO AVE,N LOMBARD AVE,1,1,0,0,Injury,B Injury Crash,Car,15,Angle,2,2,0,5,"Over $1,500",0,1,0,0,1,0,1,02,Failing To Yield Right-Of-Way,99,Not Applicable,2,Stop Sign,1,No Controls,1,Clear,1,Daylight,2,"Divided, No Median Barrier",1,Dry,3,Free Flow,1,No Defects,O30,O7,41.8946152,-87.7799988,41.8946495,-87.7800064,1134903.13,1904671.63
30788,24 05729,2405729,X003566292,2024-09-24,08:34:00,2024-09-24 08:34:00,2024-09-26 09:17:41,Chicago Ave/N Lombard Ave,,CHICAGO AVE,N LOMBARD AVE,1,1,0,0,Property Damage,No Injuries,Car,15,Angle,2,2,0,4,"$501 to $1,500",1,0,0,0,0,0,0,02,Failing To Yield Right-Of-Way,99,Not Applicable,2,Stop Sign,4,Functioning Properly,2,Rain,1,Daylight,2,"Divided, No Median Barrier",2,Wet,3,Free Flow,1,No Defects,O30,O7,41.8946152,-87.7799988,41.8946495,-87.7800064,1134903.13,1904671.63
30772,24 05712,2405712,X003563825,2024-09-24,15:09:00,2024-09-24 15:09:00,2024-09-25 08:21:40,Van Buren St/S East Ave,,VAN BUREN ST,S EAST AVE,1,0,0,0,Property Damage,No Injuries,Car,9,Parked Motor Vehicle,2,2,0,3,$500 or less,1,0,0,0,0,0,0,18,Unable To Determine,18,Unable To Determine,1,No Controls,1,No Controls,2,Rain,1,Daylight,1,Not Divided,2,Wet,3,Free Flow,1,No Defects,O60,O14,41.8743439,-87.7891769,41.8743706,-87.7891769,1132452.50,1897268.63
30773,24 05714,2405714,X003563785,2024-09-24,15:33:00,2024-09-24 15:33:00,2024-09-25 08:21:41,Lake St/Austin Blvd,,LAKE ST,AUSTIN BLVD,0,0,0,0,Property Damage,No Injuries,Car,18,Rear To Front,2,2,0,5,"Over $1,500",1,0,0,0,0,0,0,03,Following Too Closely,28,Failing To Reduce Speed To Avoid Crash,3,Traffic Signal,4,Functioning Properly,2,Rain,1,Daylight,1,Not Divided,2,Wet,3,Free Flow,1,No Defects,O30,O7,41.8880539,-87.7749329,41.8880234,-87.7749329,1136298.88,1902289.50
30771,24 05719,2405719,X003563786,2024-09-24,17:16:00,2024-09-24 17:16:00,2024-09-25 08:21:40,1005 S Ridgeland Ave,1005,S RIDGELAND AVE,,0,0,0,0,Property Damage,No Injuries,Car,12,Sideswipe - Same Direction,2,2,0,5,"Over $1,500",1,0,0,0,0,0,0,02,Failing To Yield Right-Of-Way,15,Driving Skills/Knowledge/Experience,1,No Controls,1,No Controls,2,Rain,1,Daylight,2,"Divided, No Median Barrier",2,Wet,3,Free Flow,1,No Defects,O90,O16,41.8706093,-87.7841110,41.8705559,-87.7843323,1133840.25,1895916.88
30775,24 05721,2405721,X003563766,2024-09-24,19:31:00,2024-09-24 19:31:00,2024-09-25 08:21:41,Clinton Ave/Lexington St,,CLINTON AVE,LEXINGTON ST,1,1,0,0,Injury,A Injury Crash,Pedestrian,1,Pedestrian,2,1,0,3,$500 or less,0,1,0,1,0,0,1,28,Failing To Reduce Speed To Avoid Crash,02,Failing To Yield Right-Of-Way,2,Stop Sign,4,Functioning Properly,8,Cloudy/Overcast,5,"Darkness, Lighted Road",1,Not Divided,2,Wet,3,Free Flow,1,No Defects,O90,O18,41.8705749,-87.7978363,41.8705749,-87.7978668,1130102.75,1895879.63
30782,24 05728,2405728,X003565537,2024-09-25,08:25:00,2024-09-25 08:25:00,2024-09-26 09:11:59,S East Ave/Fillmore St,,S EAST AVE,FILLMORE ST,1,1,0,0,Property Damage,No Injuries,Car,15,Angle,2,2,0,4,"$501 to $1,500",1,0,0,0,0,0,0,02,Failing To Yield Right-Of-Way,28,Failing To Reduce Speed To Avoid Crash,2,Stop Sign,4,Functioning Properly,1,Clear,1,Daylight,14,Four-Way Intersection,1,Dry,3,Free Flow,1,No Defects,O90,O17,41.8670731,-87.7888947,41.8670731,-87.7889328,1132545.13,1894619.13
30783,24 05734,2405734,X003565718,2024-09-25,12:17:00,2024-09-25 12:17:00,2024-09-26 09:11:59,Thomas St/N Harlem Ave,,THOMAS ST,N HARLEM AVE,1,1,0,0,Property Damage,No Injuries,Car,10,Turning (At Least One Vehicle),2,2,0,5,"Over $1,500",1,0,0,0,0,0,0,02,Failing To Yield Right-Of-Way,28,Failing To Reduce Speed To Avoid Crash,2,Stop Sign,4,Functioning Properly,1,Clear,1,Daylight,14,Four-Way Intersection,1,Dry,3,Free Flow,1,No Defects,O20,O6,41.8997269,-87.8054657,41.8997536,-87.8054504,1127958.25,1906490.00
30790,24 05738,2405738,X003566294,2024-09-25,14:31:00,2024-09-25 14:31:00,2024-09-26 09:17:42,North Ave/Rossell Ave,,NORTH AVE,ROSSELL AVE,0,0,0,0,Property Damage,No Injuries,Car,12,Sideswipe - Same Direction,2,2,0,3,$500 or less,1,0,0,0,0,0,0,28,Failing To Reduce Speed To Avoid Crash,15,Driving Skills/Knowledge/Experience,3,Traffic Signal,4,Functioning Properly,1,Clear,1,Daylight,2,"Divided, No Median Barrier",1,Dry,1,Slow,1,No Defects,O20,O2,41.9091034,-87.7860489,41.9091301,-87.7860565,1133222.13,1909939.63
30793,24 05739,2405739,X003566738,2024-09-25,14:34:00,2024-09-25 14:34:00,2024-09-26 15:46:21,N Austin Blvd/Madison St,,N AUSTIN BLVD,MADISON ST,0,0,0,0,Property Damage,No Injuries,Car,18,Rear To Front,2,2,0,5,"Over $1,500",1,0,0,0,0,0,0,03,Following Too Closely,99,Not Applicable,1,No Controls,1,No Controls,1,Clear,1,Daylight,1,Not Divided,1,Dry,3,Free Flow,1,No Defects,O80,O13,41.8800926,-87.7746201,41.8800888,-87.7746582,1136401.50,1899388.00
30789,24 05741,2405741,X003566293,2024-09-25,16:11:00,2024-09-25 16:11:00,2024-09-26 09:17:42,N Austin Blvd/W Le Moyne St,,N AUSTIN BLVD,W LE MOYNE ST,1,1,0,0,Property Damage,No Injuries,Car,10,Turning (At Least One Vehicle),2,2,0,5,"Over $1,500",1,0,0,0,0,0,0,02,Failing To Yield Right-Of-Way,28,Failing To Reduce Speed To Avoid Crash,1,No Controls,1,No Controls,1,Clear,1,Daylight,1,Not Divided,1,Dry,1,Slow,1,No Defects,O10,O1,41.9074402,-87.7755203,41.9074860,-87.7756500,1136093.75,1909352.88
30856,24 05742,2405742,X003580097,2024-09-25,18:27:00,2024-09-25 18:27:00,2024-10-07 09:14:32,6720 Roosevelt,6720,ROOSEVELT,,0,0,0,0,Property Damage,No Injuries,Pedalcyclist,2,Pedalcyclist,2,1,0,5,"Over $1,500",1,0,0,0,0,0,0,02,Failing To Yield Right-Of-Way,99,Not Applicable,1,No Controls,1,No Controls,1,Clear,1,Daylight,1,Not Divided,1,Dry,3,Free Flow,1,No Defects,O90,O17,41.8652153,-87.7924271,41.8652992,-87.7921372,1131586.63,1893936.13
30792,24 05744,2405744,X003566296,2024-09-25,19:33:00,2024-09-25 19:33:00,2024-09-26 09:17:43,699 Greenfield St,699,GREENFIELD ST,,0,0,0,0,Property Damage,No Injuries,Car,11,Front To Rear,2,2,0,4,"$501 to $1,500",1,0,0,0,0,0,0,28,Failing To Reduce Speed To Avoid Crash,20,Improper Lane Usage,1,No Controls,1,No Controls,1,Clear,5,"Darkness, Lighted Road",1,Not Divided,1,Dry,3,Free Flow,1,No Defects,O20,O2,41.9055748,-87.7925339,41.9055481,-87.7924576,1131465.00,1908643.50
30791,24 05745,2405745,X003566295,2024-09-25,19:54:00,2024-09-25 19:54:00,2024-09-26 09:17:42,Greenfield St/Linden Ave,,GREENFIELD ST,LINDEN AVE,0,0,0,1,Property Damage,No Injuries,Car,9,Parked Motor Vehicle,4,4,0,3,$500 or less,1,0,0,0,0,0,0,28,Failing To Reduce Speed To Avoid Crash,18,Unable To Determine,1,No Controls,1,No Controls,1,Clear,5,"Darkness, Lighted Road",1,Not Divided,1,Dry,3,Free Flow,1,No Defects,O20,O2,41.9055748,-87.7925339,41.9056015,-87.7925415,1131465.00,1908643.50
30784,24 05748,2405748,X003566291,2024-09-26,07:50:00,2024-09-26 07:50:00,2024-09-26 09:17:40,N Lombard Ave/Iowa St,,N LOMBARD AVE,IOWA ST,1,1,0,0,Property Damage,No Injuries,Car,15,Angle,2,2,0,3,$500 or less,1,0,0,0,0,0,0,02,Failing To Yield Right-Of-Way,28,Failing To Reduce Speed To Avoid Crash,2,Stop Sign,4,Functioning Properly,1,Clear,1,Daylight,1,Not Divided,1,Dry,1,Slow,1,No Defects,O10,O4,41.8964615,-87.7801056,41.8964653,-87.7800674,1134870.63,1905343.63
30795,24 05749,2405749,X003566298,2024-09-26,09:00:00,2024-09-26 09:00:00,2024-09-26 15:46:22,Home Ave/Roosevelt Rd,,HOME AVE,ROOSEVELT RD,0,1,0,0,Property Damage,No Injuries,Car,11,Front To Rear,2,2,0,4,"$501 to $1,500",1,0,0,0,0,0,0,03,Following Too Closely,28,Failing To Reduce Speed To Avoid Crash,1,No Controls,1,No Controls,1,Clear,1,Daylight,2,"Divided, No Median Barrier",1,Dry,1,Slow,1,No Defects,O92,O18,41.8650742,-87.7989502,41.8650742,-87.7989807,1129811.75,1893873.75
30817,24 05758,2405758,X003570490,2024-09-26,18:01:00,2024-09-26 18:01:00,2024-10-01 09:07:59,N Kenilworth Ave/Lake St,,N KENILWORTH AVE,LAKE ST,1,1,0,1,Property Damage,No Injuries,Car,12,Sideswipe - Same Direction,2,2,0,5,"Over $1,500",1,0,0,0,0,0,0,06,Improper Turning/No Signal,99,Not Applicable,3,Traffic Signal,4,Functioning Properly,1,Clear,1,Daylight,2,"Divided, No Median Barrier",1,Dry,2,Stopped,1,No Defects,O40,O9,41.8886948,-87.7971268,41.8886986,-87.7975082,1130254.25,1902484.38
30845,24 05762,2405762,X003591271,2024-09-27,08:05:00,2024-09-27 08:05:00,2024-10-04 09:25:21,North Blvd/N Harlem Ave,,NORTH BLVD,N HARLEM AVE,1,1,0,0,Property Damage,No Injuries,Car,15,Angle,2,2,0,5,"Over $1,500",0,1,0,0,0,0,0,02,Failing To Yield Right-Of-Way,28,Failing To Reduce Speed To Avoid Crash,3,Traffic Signal,4,Functioning Properly,1,Clear,1,Daylight,2,"Divided, No Median Barrier",1,Dry,3,Free Flow,1,No Defects,O40,O9,41.8871002,-87.8049927,41.8871231,-87.8049927,1128115.75,1901889.63
30834,24 05778,2405778,X003574168,2024-09-27,15:37:00,2024-09-27 15:37:00,2024-10-03 09:11:11,Augusta Blvd/N Austin Blvd,,AUGUSTA BLVD,N AUSTIN BLVD,0,1,0,0,Property Damage,No Injuries,Car,15,Angle,2,2,0,4,"$501 to $1,500",1,0,0,0,0,0,0,04,Improper Overtaking/Passing,20,Improper Lane Usage,3,Traffic Signal,4,Functioning Properly,1,Clear,1,Daylight,1,Not Divided,1,Dry,3,Free Flow,1,No Defects,O10,O4,41.8983345,-87.7752533,41.8983650,-87.7752533,1136187.38,1906035.63
30808,24 05776,2405776,X003570200,2024-09-27,16:06:00,2024-09-27 16:06:00,2024-09-30 09:36:57,S East Ave/South Blvd,,S EAST AVE,SOUTH BLVD,1,0,0,0,Property Damage,No Injuries,Car,9,Parked Motor Vehicle,2,2,0,4,"$501 to $1,500",1,0,0,0,0,0,0,15,Driving Skills/Knowledge/Experience,99,Not Applicable,1,No Controls,1,No Controls,1,Clear,1,Daylight,1,Not Divided,1,Dry,3,Free Flow,1,No Defects,O60,O11,41.8869438,-87.7895279,41.8869362,-87.7895584,1132327.88,1901858.13
30809,24 05775,2405775,X003570201,2024-09-27,16:17:00,2024-09-27 16:17:00,2024-09-30 09:42:35,N Humphrey Ave/North Ave,,N HUMPHREY AVE,NORTH AVE,1,0,0,1,Property Damage,No Injuries,Car,9,Parked Motor Vehicle,2,2,0,4,"$501 to $1,500",1,0,0,0,0,0,0,18,Unable To Determine,99,Not Applicable,1,No Controls,1,No Controls,1,Clear,1,Daylight,7,Parking Lot,1,Dry,3,Free Flow,1,No Defects,O10,O1,41.9092369,-87.7769470,41.9092483,-87.7769089,1135699.00,1910004.88
30810,24 05779,2405779,X003570202,2024-09-27,16:35:00,2024-09-27 16:35:00,2024-09-30 09:42:36,Madison St/S Grove Ave,,MADISON ST,S GROVE AVE,1,1,0,0,Injury,C Injury Crash,Pedalcyclist,2,Pedalcyclist,2,1,0,4,"$501 to $1,500",0,1,0,0,0,1,1,18,Unable To Determine,18,Unable To Determine,1,No Controls,1,No Controls,8,Cloudy/Overcast,1,Daylight,14,Four-Way Intersection,1,Dry,3,Free Flow,1,No Defects,O60,O15,41.8797226,-87.7955780,41.8797531,-87.7954559,1130695.00,1899217.25
30879,24 05782,2405782,X003581504,2024-09-27,18:39:00,2024-09-27 18:39:00,2024-10-09 10:19:16,North Ave/N Humphrey Ave,,NORTH AVE,N HUMPHREY AVE,1,1,0,0,Property Damage,No Injuries,Car,15,Angle,2,2,0,4,"$501 to $1,500",1,0,0,0,0,0,0,02,Failing To Yield Right-Of-Way,99,Not Applicable,3,Traffic Signal,4,Functioning Properly,1,Clear,1,Daylight,1,Not Divided,1,Dry,1,Slow,1,No Defects,O10,O1,41.9092140,-87.7769089,41.9092483,-87.7769089,1135710.63,1909996.50
30811,24 05790,2405790,X003570991,2024-09-28,01:06:00,2024-09-28 01:06:00,2024-09-30 09:42:36,N Austin Blvd/Washington Blvd,,N AUSTIN BLVD,WASHINGTON BLVD,1,0,0,0,Property Damage,No Injuries,Car,18,Rear To Front,2,2,0,3,$500 or less,1,0,0,0,0,0,0,03,Following Too Closely,99,Not Applicable,3,Traffic Signal,4,Functioning Properly,1,Clear,4,Darkness,14,Four-Way Intersection,1,Dry,1,Slow,1,No Defects,,,41.8821068,-87.7746887,41.8821106,-87.7747269,1136378.00,1900122.38
30812,24 05797,2405797,X003570203,2024-09-28,10:50:00,2024-09-28 10:50:00,2024-09-30 09:42:37,Harlem Ave/Chicago Ave,,HARLEM AVE,CHICAGO AVE,0,0,0,0,Property Damage,No Injuries,Car,15,Angle,2,2,0,5,"Over $1,500",1,0,0,0,0,0,0,02,Failing To Yield Right-Of-Way,99,Not Applicable,1,No Controls,1,No Controls,1,Clear,1,Daylight,2,"Divided, No Median Barrier",2,Wet,1,Slow,1,No Defects,R82,RFPD,41.8942261,-87.8052826,41.8942337,-87.8052445,1128020.38,1904486.00
30807,24 05798,2405798,X003570199,2024-09-28,11:13:00,2024-09-28 11:13:00,2024-09-30 09:36:56,N Ridgeland Ave/Ontario St,,N RIDGELAND AVE,ONTARIO ST,1,1,0,0,Injury,C Injury Crash,Car,15,Angle,2,2,0,5,"Over $1,500",0,1,0,0,0,1,1,18,Unable To Determine,18,Unable To Determine,2,Stop Sign,4,Functioning Properly,2,Rain,1,Daylight,14,Four-Way Intersection,2,Wet,3,Free Flow,1,No Defects,O30,O8,41.8903580,-87.7847900,41.8903656,-87.7847519,1133608.00,1903111.25
30813,24 05800,2405800,X003570204,2024-09-28,12:43:00,2024-09-28 12:43:00,2024-09-30 09:42:37,Ridgeland Ave/Roosevelt Rd,,RIDGELAND AVE,ROOSEVELT RD,0,0,0,0,Injury,C Injury Crash,Pedalcyclist,2,Pedalcyclist,2,1,0,3,$500 or less,0,1,0,0,0,1,1,15,Driving Skills/Knowledge/Experience,02,Failing To Yield Right-Of-Way,3,Traffic Signal,4,Functioning Properly,2,Rain,1,Daylight,12,Alley,2,Wet,1,Slow,1,No Defects,O90,O16,41.8653374,-87.7839279,41.8653374,-87.7839661,1133901.50,1893995.88
30814,24 05830,2405830,X003572049,2024-09-30,10:38:00,2024-09-30 10:38:00,2024-09-30 15:37:51,1130 Chicago Ave,1130,CHICAGO AVE,,0,0,0,0,Property Damage,No Injuries,Car,18,Rear To Front,2,2,0,3,$500 or less,1,0,0,0,0,0,0,30,Improper Backing,28,Failing To Reduce Speed To Avoid Crash,1,No Controls,1,No Controls,1,Clear,1,Daylight,1,Not Divided,1,Dry,2,Stopped,1,No Defects,O20,O6,41.8942604,-87.8043823,41.8943329,-87.8047180,1128266.88,1904500.50