record_id,report_number,crash_id,idot_crash_number,date,time,occurred_at,record_added_at,location,street_number,street_name,cross_street,at_intersection,intersection_related,private_property,hit_and_run,crash_severity,crash_injury_severity,crash_mode,crash_type_code,crash_type,total_units,num_motor_vehicles,dooring_pedalcyclist,damage_code,damage,no_injury_drive_away,injury_or_towed,fatalities,a_injuries,b_injuries,c_injuries,total_injured,cause1_code,cause1,cause2_code,cause2,traffic_control_code,traffic_control,device_condition_code,device_condition,weather_code,weather,lighting_code,lighting,trafficway_code,trafficway,road_surface_code,road_surface,flow_condition_code,flow_condition,road_defects_code,road_defects,beat_zone,post_district,latitude,longitude,latitude_geocoded,longitude_geocoded,state_plane_x,state_plane_y
30820,24 05841,2405841,X003571685,2024-09-30,17:38:00,2024-09-30 17:38:00,2024-10-01 15:19:53,Garfield St/S Oak Park Ave,,GARFIELD ST,S OAK PARK AVE,1,1,0,0,Injury,C Injury Crash,Car,15,Angle,2,2,0,5,"Over $1,500",0,1,0,0,0,1,1,25,Disregarding Traffic Signals,28,Failing To Reduce Speed To Avoid Crash,3,Traffic Signal,4,Functioning Properly,1,Clear,1,Daylight,2,"Divided, No Median Barrier",1,Dry,1,Slow,1,No Defects,O90,O18,41.8719978,-87.7939911,41.8720245,-87.7939911,1131146.25,1896404.88
30818,24 05840,2405840,X003571683,2024-09-30,17:58:00,2024-09-30 17:58:00,2024-10-01 09:07:59,Roosevelt Rd/Lombard Ave,,ROOSEVELT RD,LOMBARD AVE,0,0,0,0,Injury,B Injury Crash,Car,11,Front To Rear,2,2,0,4,"$501 to $1,500",0,1,0,0,1,0,1,03,Following Too Closely,18,Unable To Determine,1,No Controls,1,No Controls,1,Clear,1,Daylight,3,Divided With Median Barrier,1,Dry,3,Free Flow,1,No Defects,O90,O16,41.8654251,-87.7790527,41.8653984,-87.7790527,1135230.13,1894036.25
30828,24 05845,2405845,X003572212,2024-09-30,19:57:00,2024-09-30 19:57:00,2024-10-02 12:04:52,Randolph St/N Harlem Ave,,RANDOLPH ST,N HARLEM AVE,1,1,0,0,Property Damage,No Injuries,Car,12,Sideswipe - Same Direction,2,2,0,5,"Over $1,500",1,0,0,0,0,0,0,28,Failing To Reduce Speed To Avoid Crash,18,Unable To Determine,3,Traffic Signal,4,Functioning Properly,1,Clear,5,"Darkness, Lighted Road",2,"Divided, No Median Barrier",1,Dry,3,Free Flow,1,No Defects,O70,O12,41.8831978,-87.8048630,41.8832283,-87.8048630,1128160.88,1900467.50
30880,24 06051,2406051,X003580286,2024-10-01,10:51:00,2024-10-01 10:51:00,2024-10-09 10:19:16,S Austin Blvd/I290 Expy W,,S AUSTIN BLVD,I290 EXPY W,1,1,0,0,Property Damage,No Injuries,Car,10,Turning (At Least One Vehicle),2,2,0,4,"$501 to $1,500",1,0,0,0,0,0,0,20,Improper Lane Usage,28,Failing To Reduce Speed To Avoid Crash,3,Traffic Signal,4,Functioning Properly,9,Unknown,5,"Darkness, Lighted Road",1,Not Divided,1,Dry,3,Free Flow,1,No Defects,O80,O13,41.8712502,-87.7743759,41.8712502,-87.7743378,1136490.13,1896166.00
30826,24 05859,2405859,X003572213,2024-10-01,14:22:00,2024-10-01 14:22:00,2024-10-02 11:53:38,Roosevelt Rd/S Harvey Ave,,ROOSEVELT RD,S HARVEY AVE,1,0,0,0,Injury,C Injury Crash,Car,11,Front To Rear,2,2,0,5,"Over $1,500",0,1,0,0,0,2,2,28,Failing To Reduce Speed To Avoid Crash,18,Unable To Determine,2,Stop Sign,4,Functioning Properly,1,Clear,1,Daylight,4,Two-Way Continuous Left-Turn Lane,1,Dry,2,Stopped,1,No Defects,O90,O16,41.8654137,-87.7802734,41.8653908,-87.7802734,1134897.00,1894029.13
30827,24 05863,2405863,X003572214,2024-10-01,16:00:00,2024-10-01 16:00:00,2024-10-02 12:04:51,North Ave/Rossell Ave,,NORTH AVE,ROSSELL AVE,1,0,0,1,Property Damage,No Injuries,Car,15,Angle,2,2,0,5,"Over $1,500",1,0,0,0,0,0,0,02,Failing To Yield Right-Of-Way,28,Failing To Reduce Speed To Avoid Crash,2,Stop Sign,4,Functioning Properly,1,Clear,1,Daylight,1,Not Divided,1,Dry,3,Free Flow,1,No Defects,O20,O2,41.9091034,-87.7860489,41.9091301,-87.7860565,1133222.13,1909939.63
30825,24 05865,2405865,X003572215,2024-10-01,17:28:00,2024-10-01 17:28:00,2024-10-02 11:48:04,N Ridgeland Ave/Augusta St,,N RIDGELAND AVE,AUGUSTA ST,1,1,0,0,Property Damage,No Injuries,Car,10,Turning (At Least One Vehicle),2,2,0,3,$500 or less,1,0,0,0,0,0,0,02,Failing To Yield Right-Of-Way,28,Failing To Reduce Speed To Avoid Crash,3,Traffic Signal,4,Functioning Properly,1,Clear,1,Daylight,2,"Divided, No Median Barrier",1,Dry,1,Slow,1,No Defects,O20,O5,41.8982162,-87.7850418,41.8982239,-87.7850037,1133522.63,1905974.50
30829,24 05871,2405871,X003572217,2024-10-01,20:11:00,2024-10-01 20:11:00,2024-10-02 12:04:52,Roosevelt Rd/Oak Park Ave,,ROOSEVELT RD,OAK PARK AVE,1,1,0,0,Injury,B Injury Crash,Car,18,Rear To Front,2,2,0,3,$500 or less,0,1,0,0,1,0,1,28,Failing To Reduce Speed To Avoid Crash,03,Following Too Closely,3,Traffic Signal,4,Functioning Properly,1,Clear,5,"Darkness, Lighted Road",14,Four-Way Intersection,1,Dry,1,Slow,1,No Defects,O90,O17,41.8651924,-87.7937469,41.8651657,-87.7937546,1131227.00,1893925.00
30844,24 05911,2405911,X003577701,2024-10-02,11:23:00,2024-10-02 11:23:00,2024-10-04 09:25:20,N Harvey Ave/Lake St,,N HARVEY AVE,LAKE ST,1,0,0,0,Property Damage,No Injuries,Car,11,Front To Rear,2,2,0,5,"Over $1,500",1,0,0,0,0,0,0,03,Following Too Closely,99,Not Applicable,3,Traffic Signal,4,Functioning Properly,1,Clear,1,Daylight,15,T-Intersection,1,Dry,2,Stopped,1,No Defects,O30,O7,41.8882103,-87.7810822,41.8882217,-87.7814407,1134623.63,1902335.88
30860,24 05939,2405939,X003577730,2024-10-02,13:24:00,2024-10-02 13:24:00,2024-10-07 09:14:34,Roosevelt Rd/Euclid Ave,,ROOSEVELT RD,EUCLID AVE,0,0,0,1,Injury,B Injury Crash,Car,11,Front To Rear,2,2,0,5,"Over $1,500",0,1,0,0,1,0,1,18,Unable To Determine,18,Unable To Determine,1,No Controls,1,No Controls,1,Clear,1,Daylight,2,"Divided, No Median Barrier",1,Dry,2,Stopped,1,No Defects,O90,O17,41.8652153,-87.7925339,41.8651848,-87.7925415,1131557.50,1893935.13
30836,24 05895,2405895,X003573305,2024-10-02,16:35:00,2024-10-02 16:35:00,2024-10-03 09:11:12,Harlem/Plesant,,HARLEM,PLESANT,0,0,0,0,Property Damage,No Injuries,Car,11,Front To Rear,2,2,0,3,$500 or less,1,0,0,0,0,0,0,03,Following Too Closely,28,Failing To Reduce Speed To Avoid Crash,1,No Controls,1,No Controls,1,Clear,1,Daylight,2,"Divided, No Median Barrier",1,Dry,2,Stopped,1,No Defects,F1,FPPD,41.8853912,-87.8049774,41.8854065,-87.8049393,1128124.38,1901267.88
30835,24 05892,2405892,X003573364,2024-10-02,18:16:00,2024-10-02 18:16:00,2024-10-03 09:11:12,6132 Roosevelt Rd,,6132 ROOSEVELT RD,TAYLOR,0,0,0,1,Property Damage,No Injuries,Car,9,Parked Motor Vehicle,5,5,0,5,"Over $1,500",1,0,0,0,0,0,0,20,Improper Lane Usage,28,Failing To Reduce Speed To Avoid Crash,1,No Controls,1,No Controls,1,Clear,1,Daylight,2,"Divided, No Median Barrier",1,Dry,3,Free Flow,1,No Defects,O90,O16,41.8654442,-87.7778168,41.8655052,-87.7781448,1135565.00,1894044.38
30833,24 05893,2405893,X003573306,2024-10-02,19:00:00,2024-10-02 19:00:00,2024-10-03 09:05:36,S Austin Blvd/Jackson Blvd,,S AUSTIN BLVD,JACKSON BLVD,0,0,0,0,Property Damage,No Injuries,Car,11,Front To Rear,2,2,0,4,"$501 to $1,500",1,0,0,0,0,0,0,28,Failing To Reduce Speed To Avoid Crash,03,Following Too Closely,3,Traffic Signal,4,Functioning Properly,1,Clear,5,"Darkness, Lighted Road",1,Not Divided,1,Dry,1,Slow,1,No Defects,O80,O13,41.8764229,-87.7745743,41.8764229,-87.7745361,1136424.63,1898051.75
30837,24 05901,2405901,X003574171,2024-10-03,08:10:00,2024-10-03 08:10:00,2024-10-03 15:50:39,Washington Blvd/S East Ave,,WASHINGTON BLVD,S EAST AVE,1,1,0,0,Property Damage,No Injuries,Car,15,Angle,2,2,0,5,"Over $1,500",0,1,0,0,0,0,0,25,Disregarding Traffic Signals,15,Driving Skills/Knowledge/Experience,3,Traffic Signal,4,Functioning Properly,1,Clear,1,Daylight,2,"Divided, No Median Barrier",1,Dry,3,Free Flow,1,No Defects,O60,O11,41.8816071,-87.7894058,41.8816338,-87.7894134,1132371.63,1899914.88
30855,24 05908,2405908,X003577700,2024-10-03,12:27:00,2024-10-03 12:27:00,2024-10-07 09:08:52,Harvard/S Scoville,,HARVARD,S SCOVILLE,0,0,0,0,Property Damage,No Injuries,Pedalcyclist,2,Pedalcyclist,2,1,0,3,$500 or less,1,0,0,0,0,0,0,44,Texting,99,Not Applicable,1,No Controls,1,No Controls,1,Clear,1,Daylight,1,Not Divided,1,Dry,3,Free Flow,1,No Defects,O90,O17,41.8688888,-87.7877655,41.8689194,-87.7877655,1132849.38,1895283.25
30842,24 05918,2405918,X003575317,2024-10-03,19:10:00,2024-10-03 19:10:00,2024-10-04 09:25:19,S East Ave/Pleasant St,,S EAST AVE,PLEASANT ST,1,1,0,0,Property Damage,No Injuries,Car,15,Angle,2,2,0,5,"Over $1,500",0,1,0,0,0,0,0,23,Disregarding Stop Sign,28,Failing To Reduce Speed To Avoid Crash,2,Stop Sign,3,Functioning Improperly,1,Clear,5,"Darkness, Lighted Road",1,Not Divided,1,Dry,3,Free Flow,1,No Defects,O60,O11,41.8851280,-87.7894745,41.8851280,-87.7895126,1132345.38,1901197.13
30843,24 05924,2405924,X003577770,2024-10-03,20:17:00,2024-10-03 20:17:00,2024-10-04 09:25:20,Randolph St/N Harlem Ave,,RANDOLPH ST,N HARLEM AVE,1,1,0,0,Property Damage,No Injuries,Car,18,Rear To Front,2,2,0,4,"$501 to $1,500",1,0,0,0,0,0,0,02,Failing To Yield Right-Of-Way,99,Not Applicable,3,Traffic Signal,4,Functioning Properly,1,Clear,4,Darkness,2,"Divided, No Median Barrier",1,Dry,3,Free Flow,1,No Defects,O70,O12,41.8831978,-87.8048630,41.8832283,-87.8048630,1128160.88,1900467.50
30839,24 05925,2405925,X003574175,2024-10-03,20:54:00,2024-10-03 20:54:00,2024-10-04 02:17:34,746 Highland Ave,746,HIGHLAND AVE,,0,0,0,1,Property Damage,No Injuries,Car,5,Overturned,1,1,0,5,"Over $1,500",0,1,0,0,0,0,0,20,Improper Lane Usage,28,Failing To Reduce Speed To Avoid Crash,1,No Controls,1,No Controls,1,Clear,5,"Darkness, Lighted Road",2,"Divided, No Median Barrier",1,Dry,3,Free Flow,1,No Defects,O80,O13,41.8754730,-87.7818909,41.8746147,-87.7815552,1134433.13,1897692.00
30865,24 05930,2405930,X003577705,2024-10-04,10:14:00,2024-10-04 10:14:00,2024-10-07 09:14:35,S Oak Park Ave/Roosevelt Rd,,S OAK PARK AVE,ROOSEVELT RD,0,0,0,0,Property Damage,No Injuries,Car,9,Parked Motor Vehicle,2,2,0,5,"Over $1,500",1,0,0,0,0,0,0,41,Distraction - From Inside Vehicle,04,Improper Overtaking/Passing,1,No Controls,1,No Controls,1,Clear,1,Daylight,2,"Divided, No Median Barrier",1,Dry,3,Free Flow,1,No Defects,O90,O17,41.8651657,-87.7937164,41.8651657,-87.7937546,1131236.00,1893916.13
30846,24 05935,2405935,X003577731,2024-10-04,11:38:00,2024-10-04 11:38:00,2024-10-04 13:39:49,132 N Humphrey Ave,132,N HUMPHREY AVE,,0,0,0,1,Property Damage,No Injuries,Car,9,Parked Motor Vehicle,2,2,0,4,"$501 to $1,500",1,0,0,0,0,0,0,28,Failing To Reduce Speed To Avoid Crash,15,Driving Skills/Knowledge/Experience,1,No Controls,1,No Controls,1,Clear,9,Unknown,1,Not Divided,1,Dry,2,Stopped,1,No Defects,O30,O7,41.8886795,-87.7765350,41.8887901,-87.7761154,1135860.75,1902514.38
30850,24 05932,2405932,X003577728,2024-10-04,11:53:00,2024-10-04 11:53:00,2024-10-07 09:03:09,Randolph St/S Oak Park Ave,,RANDOLPH ST,S OAK PARK AVE,1,1,0,0,Property Damage,No Injuries,Car,10,Turning (At Least One Vehicle),2,2,0,3,$500 or less,1,0,0,0,0,0,0,03,Following Too Closely,28,Failing To Reduce Speed To Avoid Crash,2,Stop Sign,4,Functioning Properly,8,Cloudy/Overcast,1,Daylight,1,Not Divided,9,Unknown,1,Slow,1,No Defects,O60,O11,41.8832703,-87.7943573,41.8834534,-87.7943649,1131020.00,1900511.75
30858,24 05940,2405940,X003577732,2024-10-04,15:35:00,2024-10-04 15:35:00,2024-10-07 09:20:12,Chicago Ave/Ridgeland Ave,,CHICAGO AVE,RIDGELAND AVE,0,0,0,0,Injury,B Injury Crash,Pedalcyclist,2,Pedalcyclist,2,1,0,4,"$501 to $1,500",0,1,0,0,1,0,1,02,Failing To Yield Right-Of-Way,02,Failing To Yield Right-Of-Way,1,No Controls,1,No Controls,1,Clear,1,Daylight,2,"Divided, No Median Barrier",1,Dry,3,Free Flow,1,No Defects,O30,O7,41.8945465,-87.7848740,41.8945770,-87.7848740,1133576.63,1904637.00
30861,24 05941,2405941,X003577733,2024-10-04,15:40:00,2024-10-04 15:40:00,2024-10-07 09:14:34,Chicago Ave/N Elmwood Ave,,CHICAGO AVE,N ELMWOOD AVE,1,1,0,0,Property Damage,No Injuries,Car,15,Angle,2,2,0,5,"Over $1,500",1,0,0,0,0,0,0,02,Failing To Yield Right-Of-Way,28,Failing To Reduce Speed To Avoid Crash,2,Stop Sign,4,Functioning Properly,1,Clear,1,Daylight,2,"Divided, No Median Barrier",1,Dry,1,Slow,1,No Defects,O30,O8,41.8945160,-87.7864990,41.8945503,-87.7865067,1133133.00,1904623.88
30867,24 06019,2406019,X003578825,2024-10-04,16:50:00,2024-10-04 16:50:00,2024-10-08 08:15:57,Garfield St/S Austin Blvd,,GARFIELD ST,S AUSTIN BLVD,1,1,0,1,Property Damage,No Injuries,Car,11,Front To Rear,2,2,0,4,"$501 to $1,500",1,0,0,0,0,0,0,30,Improper Backing,99,Not Applicable,2,Stop Sign,4,Functioning Properly,1,Clear,5,"Darkness, Lighted Road",14,Four-Way Intersection,1,Dry,1,Slow,1,No Defects,O90,O16,41.8703918,-87.7743225,41.8704224,-87.7743149,1136506.38,1895854.13
30859,24 05951,2405951,X003577727,2024-10-04,19:48:00,2024-10-04 19:48:00,2024-10-07 09:14:33,12 Washington Blvd,12,WASHINGTON BLVD,,0,0,0,0,Property Damage,No Injuries,Car,9,Parked Motor Vehicle,3,3,0,5,"Over $1,500",0,1,0,0,0,0,0,28,Failing To Reduce Speed To Avoid Crash,08,Under The Influence Of Alc/Drugs-Use For Dui,1,No Controls,1,No Controls,1,Clear,5,"Darkness, Lighted Road",1,Not Divided,1,Dry,3,Free Flow,1,No Defects,O50,O10,41.8821220,-87.7758331,41.8822479,-87.7752686,1136067.50,1900125.00
30862,24 05956,2405956,X003577725,2024-10-04,21:24:00,2024-10-04 21:24:00,2024-10-07 09:08:50,Garfield St/S East Ave,,GARFIELD ST,S EAST AVE,1,1,0,0,Property Damage,No Injuries,Car,15,Angle,2,2,0,5,"Over $1,500",1,0,0,0,0,0,0,28,Failing To Reduce Speed To Avoid Crash,23,Disregarding Stop Sign,2,Stop Sign,4,Functioning Properly,1,Clear,5,"Darkness, Lighted Road",15,T-Intersection,1,Dry,1,Slow,1,No Defects,O90,O17,41.8715859,-87.7890854,41.8716087,-87.7890854,1132482.75,1896263.00
30864,24 05987,2405987,X003578819,2024-10-05,12:25:00,2024-10-05 12:25:00,2024-10-07 09:14:35,Lake St/N Scoville Ave,,LAKE ST,N SCOVILLE AVE,1,1,0,0,Property Damage,No Injuries,Car,10,Turning (At Least One Vehicle),2,2,0,5,"Over $1,500",1,0,0,0,0,0,0,02,Failing To Yield Right-Of-Way,28,Failing To Reduce Speed To Avoid Crash,17,Pedestrian Crossing Sign,4,Functioning Properly,1,Clear,1,Daylight,1,Not Divided,1,Dry,3,Free Flow,1,No Defects,O30,O8,41.8884010,-87.7879639,41.8884315,-87.7879639,1132749.63,1902393.50
30851,24 05967,2405967,X003577726,2024-10-05,15:56:00,2024-10-05 15:56:00,2024-10-07 09:08:51,Madison St/S Ridgeland Ave,,MADISON ST,S RIDGELAND AVE,0,0,0,0,Property Damage,No Injuries,Car,10,Turning (At Least One Vehicle),2,2,0,5,"Over $1,500",1,0,0,0,0,0,0,20,Improper Lane Usage,02,Failing To Yield Right-Of-Way,3,Traffic Signal,4,Functioning Properly,1,Clear,1,Daylight,2,"Divided, No Median Barrier",1,Dry,3,Free Flow,1,No Defects,O80,O13,41.8799019,-87.7844620,41.8799324,-87.7844620,1133723.63,1899302.88
30849,24 05968,2405968,X003602853,2024-10-05,15:57:00,2024-10-05 15:57:00,2024-10-07 09:03:10,Maple Ave/Madison St,,MAPLE AVE,MADISON ST,0,0,0,0,Property Damage,No Injuries,Car,9,Parked Motor Vehicle,2,2,0,5,"Over $1,500",1,0,0,0,0,0,0,28,Failing To Reduce Speed To Avoid Crash,15,Driving Skills/Knowledge/Experience,1,No Controls,1,No Controls,1,Clear,1,Daylight,7,Parking Lot,1,Dry,1,Slow,1,No Defects,O70,O12,41.8796234,-87.8038330,41.8796196,-87.8038635,1128448.88,1899167.25
30852,24 05982,2405982,X003578814,2024-10-06,11:48:00,2024-10-06 11:48:00,2024-10-07 09:08:51,N Ridgeland Ave/Greenfield St,,N RIDGELAND AVE,GREENFIELD ST,1,1,0,0,Property Damage,No Injuries,Car,11,Front To Rear,2,2,0,5,"Over $1,500",1,0,0,0,0,0,0,03,Following Too Closely,28,Failing To Reduce Speed To Avoid Crash,1,No Controls,1,No Controls,1,Clear,1,Daylight,14,Four-Way Intersection,1,Dry,2,Stopped,1,No Defects,O20,O2,41.9057922,-87.7834701,41.9057732,-87.7834396,1133932.38,1908738.25
30863,24 05984,2405984,X003578816,2024-10-06,13:09:00,2024-10-06 13:09:00,2024-10-07 09:14:34,Roosevelt Rd/Harlem Ave,,ROOSEVELT RD,HARLEM AVE,0,1,0,0,Property Damage,No Injuries,Car,15,Angle,2,2,0,5,"Over $1,500",0,1,0,0,0,0,0,02,Failing To Yield Right-Of-Way,28,Failing To Reduce Speed To Avoid Crash,3,Traffic Signal,4,Functioning Properly,1,Clear,1,Daylight,2,"Divided, No Median Barrier",1,Dry,1,Slow,1,No Defects,O90,O18,41.8650131,-87.8041992,41.8649864,-87.8042068,1128380.25,1893842.88
30854,24 05988,2405988,X003578820,2024-10-06,14:04:00,2024-10-06 14:04:00,2024-10-07 09:08:52,Madison St/S Oak Park Ave,,MADISON ST,S OAK PARK AVE,0,1,0,0,Property Damage,No Injuries,Car,11,Front To Rear,2,2,0,5,"Over $1,500",1,0,0,0,0,0,0,28,Failing To Reduce Speed To Avoid Crash,18,Unable To Determine,3,Traffic Signal,4,Functioning Properly,1,Clear,1,Daylight,2,"Divided, No Median Barrier",1,Dry,2,Stopped,1,No Defects,O60,O14,41.8797417,-87.7942505,41.8797722,-87.7942581,1131056.50,1899226.38
30853,24 05981,2405981,X003578808,2024-10-06,14:55:00,2024-10-06 14:55:00,2024-10-07 09:03:10,600 Harvard,600,HARVARD,,0,0,0,0,Injury,B Injury Crash,Pedestrian,1,Pedestrian,2,1,0,3,$500 or less,0,1,0,0,1,0,1,14,"Vision Obscured (Signs, Tree Limbs, Buildings",99,Not Applicable,1,No Controls,1,No Controls,1,Clear,1,Daylight,1,Not Divided,1,Dry,1,Slow,1,No Defects,O90,O17,41.8689232,-87.7889938,41.8689537,-87.7890701,1132513.88,1895293.50
30916,24 06134,2406134,X003591297,2024-10-06,15:20:00,2024-10-06 15:20:00,2024-10-14 10:19:09,S Harlem Ave/I-290 Ramp,,S HARLEM AVE,I-290 RAMP,1,1,0,0,Property Damage,No Injuries,Car,10,Turning (At Least One Vehicle),2,2,0,4,"$501 to $1,500",1,0,0,0,0,0,0,20,Improper Lane Usage,28,Failing To Reduce Speed To Avoid Crash,3,Traffic Signal,4,Functioning Properly,1,Clear,1,Daylight,1,Not Divided,1,Dry,3,Free Flow,1,No Defects,O50,O10,41.8853226,-87.7764587,41.8736153,-87.8045197,1135889.13,1901290.25
30868,24 05997,2405997,X003578821,2024-10-07,01:55:00,2024-10-07 01:55:00,2024-10-08 08:10:13,423 S Euclid Ave,423,S EUCLID AVE,,0,0,0,0,Injury,C Injury Crash,Pedestrian,1,Pedestrian,2,1,0,3,$500 or less,0,1,0,0,0,1,1,28,Failing To Reduce Speed To Avoid Crash,41,Distraction - From Inside Vehicle,1,No Controls,1,No Controls,1,Clear,4,Darkness,1,Not Divided,1,Dry,3,Free Flow,1,No Defects,O60,O11,41.8807945,-87.7926178,41.8806648,-87.7928238,1131500.38,1899613.88
30870,24 06001,2406001,X003578822,2024-10-07,08:20:00,2024-10-07 08:20:00,2024-10-08 08:15:57,S Austin Blvd/Harrison St,,S AUSTIN BLVD,HARRISON ST,1,1,0,0,Property Damage,No Injuries,Car,11,Front To Rear,2,2,0,5,"Over $1,500",1,0,0,0,0,0,0,28,Failing To Reduce Speed To Avoid Crash,99,Not Applicable,3,Traffic Signal,4,Functioning Properly,1,Clear,1,Daylight,1,Not Divided,1,Dry,3,Free Flow,1,No Defects,O80,O13,41.8727799,-87.7744522,41.8727799,-87.7744141,1136465.25,1896723.75
30869,24 06003,2406003,X003578823,2024-10-07,08:43:00,2024-10-07 08:43:00,2024-10-08 08:10:14,918 Madison St,918,MADISON ST,,0,0,0,0,Property Damage,No Injuries,Car,7,Other Object,2,1,0,4,"$501 to $1,500",1,0,0,0,0,0,0,28,Failing To Reduce Speed To Avoid Crash,18,Unable To Determine,1,No Controls,1,No Controls,1,Clear,1,Daylight,12,Alley,1,Dry,3,Free Flow,1,No Defects,O70,O12,41.8797378,-87.7980652,41.8798065,-87.7977676,1130018.13,1899218.00
30866,24 06010,2406010,X003578824,2024-10-07,12:32:00,2024-10-07 12:32:00,2024-10-08 08:10:14,Clinton Ave/Jackson Blvd,,CLINTON AVE,JACKSON BLVD,1,1,0,0,Property Damage,No Injuries,Car,15,Angle,2,2,0,5,"Over $1,500",1,0,0,0,0,0,0,02,Failing To Yield Right-Of-Way,15,Driving Skills/Knowledge/Experience,2,Stop Sign,4,Functioning Properly,1,Clear,1,Daylight,2,"Divided, No Median Barrier",1,Dry,3,Free Flow,1,No Defects,O60,O15,41.8754425,-87.7986450,41.8754425,-87.7986832,1129870.63,1897652.13
30872,24 06026,2406026,X003580162,2024-10-07,17:59:00,2024-10-07 17:59:00,2024-10-08 08:15:58,N Harlem Ave/Lake St,,N HARLEM AVE,LAKE ST,1,1,0,0,Property Damage,No Injuries,Car,11,Front To Rear,3,3,0,4,"$501 to $1,500",1,0,0,0,0,0,0,28,Failing To Reduce Speed To Avoid Crash,99,Not Applicable,15,Flashing Control Signal,4,Functioning Properly,1,Clear,1,Daylight,2,"Divided, No Median Barrier",1,Dry,1,Slow,1,No Defects,O40,O9,41.8885765,-87.8050919,41.8885841,-87.8050537,1128084.88,1902427.75
30873,24 06022,2406022,X003580155,2024-10-07,19:39:00,2024-10-07 19:39:00,2024-10-08 08:15:58,256 Washington Blvd,256,WASHINGTON BLVD,,0,0,0,0,Property Damage,No Injuries,Car,9,Parked Motor Vehicle,3,3,0,5,"Over $1,500",0,1,0,0,0,0,0,28,Failing To Reduce Speed To Avoid Crash,99,Not Applicable,1,No Controls,1,No Controls,1,Clear,4,Darkness,1,Not Divided,1,Dry,3,Free Flow,1,No Defects,O50,O10,41.8817825,-87.7823486,41.8819046,-87.7822723,1134293.88,1899990.50
30878,24 06035,2406035,X003580190,2024-10-08,07:35:00,2024-10-08 07:35:00,2024-10-09 10:13:35,Chicago Ave/N Euclid Ave,,CHICAGO AVE,N EUCLID AVE,1,1,0,0,Property Damage,No Injuries,Car,11,Front To Rear,2,2,0,4,"$501 to $1,500",1,0,0,0,0,0,0,28,Failing To Reduce Speed To Avoid Crash,99,Not Applicable,1,No Controls,1,No Controls,1,Clear,1,Daylight,1,Not Divided,1,Dry,3,Free Flow,1,No Defects,O30,O8,41.8944130,-87.7928543,41.8944435,-87.7928543,1131404.75,1904574.38
30883,24 06039,2406039,X003580198,2024-10-08,08:34:00,2024-10-08 08:34:00,2024-10-09 10:19:17,Roosevelt Rd/Wesley Ave,,ROOSEVELT RD,WESLEY AVE,0,0,0,0,Injury,B Injury Crash,Car,11,Front To Rear,2,2,0,4,"$501 to $1,500",0,1,0,0,1,0,1,28,Failing To Reduce Speed To Avoid Crash,03,Following Too Closely,1,No Controls,1,No Controls,1,Clear,1,Daylight,2,"Divided, No Median Barrier",1,Dry,1,Slow,1,No Defects,O90,O17,41.8652344,-87.7913208,41.8652115,-87.7913208,1131889.13,1893944.50
30881,24 06040,2406040,X003580207,2024-10-08,08:49:00,2024-10-08 08:49:00,2024-10-09 10:19:17,Madison St/S Oak Park Ave,,MADISON ST,S OAK PARK AVE,0,0,0,0,Property Damage,No Injuries,Car,12,Sideswipe - Same Direction,2,2,0,5,"Over $1,500",1,0,0,0,0,0,0,02,Failing To Yield Right-Of-Way,20,Improper Lane Usage,1,No Controls,1,No Controls,1,Clear,1,Daylight,2,"Divided, No Median Barrier",1,Dry,3,Free Flow,1,No Defects,O60,O14,41.8797417,-87.7942505,41.8797722,-87.7942581,1131056.50,1899226.38
30877,24 06042,2406042,X003580284,2024-10-08,09:08:00,2024-10-08 09:08:00,2024-10-09 10:13:35,Adams St/S Ridgeland Ave,,ADAMS ST,S RIDGELAND AVE,1,1,0,0,Property Damage,No Injuries,Car,15,Angle,2,2,0,5,"Over $1,500",0,1,0,0,0,0,0,02,Failing To Yield Right-Of-Way,28,Failing To Reduce Speed To Avoid Crash,2,Stop Sign,4,Functioning Properly,1,Clear,1,Daylight,1,Not Divided,1,Dry,3,Free Flow,1,No Defects,O80,O13,41.8780556,-87.7844009,41.8780785,-87.7844009,1133743.00,1898628.75
30885,24 06058,2406058,X003591278,2024-10-08,15:24:00,2024-10-08 15:24:00,2024-10-09 10:19:18,431 S East Ave,431,S EAST AVE,,0,0,0,0,Property Damage,No Injuries,Pedalcyclist,2,Pedalcyclist,2,1,0,3,$500 or less,1,0,0,0,0,0,0,02,Failing To Yield Right-Of-Way,14,"Vision Obscured (Signs, Tree Limbs, Buildings",1,No Controls,1,No Controls,1,Clear,1,Daylight,1,Not Divided,1,Dry,1,Slow,1,No Defects,O60,O11,41.8805046,-87.7893448,41.8804932,-87.7896423,1132391.38,1899512.38
30888,24 06063,2406063,X003582786,2024-10-08,16:14:00,2024-10-08 16:14:00,2024-10-11 11:35:39,S Harlem Ave/Garfield St,,S HARLEM AVE,GARFIELD ST,0,0,0,0,Property Damage,No Injuries,Car,11,Front To Rear,2,2,0,4,"$501 to $1,500",1,0,0,0,0,0,0,03,Following Too Closely,28,Failing To Reduce Speed To Avoid Crash,3,Traffic Signal,4,Functioning Properly,1,Clear,1,Daylight,1,Not Divided,1,Dry,2,Stopped,1,No Defects,O90,O18,41.8723068,-87.8044357,41.8723183,-87.8044663,1128300.88,1896500.75