record_id,report_number,crash_id,idot_crash_number,date,time,occurred_at,record_added_at,location,street_number,street_name,cross_street,at_intersection,intersection_related,private_property,hit_and_run,crash_severity,crash_injury_severity,crash_mode,crash_type_code,crash_type,total_units,num_motor_vehicles,dooring_pedalcyclist,damage_code,damage,no_injury_drive_away,injury_or_towed,fatalities,a_injuries,b_injuries,c_injuries,total_injured,cause1_code,cause1,cause2_code,cause2,traffic_control_code,traffic_control,device_condition_code,device_condition,weather_code,weather,lighting_code,lighting,trafficway_code,trafficway,road_surface_code,road_surface,flow_condition_code,flow_condition,road_defects_code,road_defects,beat_zone,post_district,latitude,longitude,latitude_geocoded,longitude_geocoded,state_plane_x,state_plane_y
31060,24 06070,2406070,X003606575,2024-10-08,16:51:00,2024-10-08 16:51:00,2024-10-31 08:12:25,800 Madison St,800,MADISON ST,,0,0,0,0,Property Damage,No Injuries,Car,16,Rear To Side,2,2,0,4,"$501 to $1,500",1,0,0,0,0,0,0,30,Improper Backing,28,Failing To Reduce Speed To Avoid Crash,1,No Controls,1,No Controls,1,Clear,1,Daylight,7,Parking Lot,1,Dry,1,Slow,1,No Defects,O60,O11,41.8797951,-87.7942581,41.8799324,-87.7946701,1131055.25,1899246.38
30884,24 06065,2406065,X003580354,2024-10-08,18:23:00,2024-10-08 18:23:00,2024-10-09 10:19:18,S Elmwood Ave/Roosevelt Rd,,S ELMWOOD AVE,ROOSEVELT RD,1,0,0,0,Property Damage,No Injuries,Car,10,Turning (At Least One Vehicle),2,2,0,4,"$501 to $1,500",1,0,0,0,0,0,0,28,Failing To Reduce Speed To Avoid Crash,99,Not Applicable,1,No Controls,1,No Controls,1,Clear,1,Daylight,1,Not Divided,1,Dry,1,Slow,1,No Defects,O90,O17,41.8653183,-87.7851562,41.8653183,-87.7851868,1133568.88,1893986.25
30902,24 06081,2406081,X003585682,2024-10-09,11:35:00,2024-10-09 11:35:00,2024-10-11 11:35:43,Garfield St/Lyman Ave,,GARFIELD ST,LYMAN AVE,0,0,0,0,Property Damage,No Injuries,Car,11,Front To Rear,2,2,0,3,$500 or less,1,0,0,0,0,0,0,28,Failing To Reduce Speed To Avoid Crash,99,Not Applicable,1,No Controls,1,No Controls,1,Clear,1,Daylight,1,Not Divided,1,Dry,3,Free Flow,1,No Defects,O90,O16,41.8705521,-87.7767716,41.8705826,-87.7767639,1135839.50,1895908.25
30896,24 06110,2406110,X003582884,2024-10-09,13:11:00,2024-10-09 13:11:00,2024-10-11 11:35:41,North Ave/N Oak Park Ave,,NORTH AVE,N OAK PARK AVE,0,0,0,0,Property Damage,No Injuries,Car,15,Angle,2,2,0,3,$500 or less,1,0,0,0,0,0,0,28,Failing To Reduce Speed To Avoid Crash,18,Unable To Determine,1,No Controls,1,No Controls,9,Unknown,1,Daylight,7,Parking Lot,9,Unknown,3,Free Flow,99,Unknown,O20,O2,41.9089928,-87.7947922,41.9090233,-87.7950592,1130843.13,1909884.38
30887,24 06086,2406086,X003585685,2024-10-09,14:24:00,2024-10-09 14:24:00,2024-10-11 11:35:38,S Oak Park Ave/Madison St,,S OAK PARK AVE,MADISON ST,1,0,0,1,Property Damage,No Injuries,Car,10,Turning (At Least One Vehicle),2,2,0,4,"$501 to $1,500",1,0,0,0,0,0,0,04,Improper Overtaking/Passing,28,Failing To Reduce Speed To Avoid Crash,3,Traffic Signal,4,Functioning Properly,1,Clear,1,Daylight,1,Not Divided,1,Dry,3,Free Flow,1,No Defects,O60,O11,41.8797722,-87.7942200,41.8797722,-87.7942581,1131065.38,1899237.25
30889,24 06090,2406090,X003585687,2024-10-09,15:47:00,2024-10-09 15:47:00,2024-10-11 11:35:39,Home Ave/Pleasant St,,HOME AVE,PLEASANT ST,0,0,0,0,Property Damage,No Injuries,Car,15,Angle,2,2,0,5,"Over $1,500",1,0,0,0,0,0,0,02,Failing To Yield Right-Of-Way,28,Failing To Reduce Speed To Avoid Crash,1,No Controls,1,No Controls,1,Clear,1,Daylight,1,Not Divided,1,Dry,1,Slow,1,No Defects,O70,O12,41.8857498,-87.8000565,41.8857498,-87.8000870,1129463.50,1901406.75
30890,24 06093,2406093,X003585688,2024-10-09,21:14:00,2024-10-09 21:14:00,2024-10-11 11:35:39,Ontario St/N Marion St,,ONTARIO ST,N MARION ST,1,1,0,0,Property Damage,No Injuries,Car,10,Turning (At Least One Vehicle),2,2,0,5,"Over $1,500",1,0,0,0,0,0,0,06,Improper Turning/No Signal,02,Failing To Yield Right-Of-Way,2,Stop Sign,4,Functioning Properly,1,Clear,4,Darkness,1,Not Divided,1,Dry,3,Free Flow,1,No Defects,O40,O9,41.8905601,-87.8027039,41.8905907,-87.8027115,1128730.75,1903154.00
30904,24 06097,2406097,X003589446,2024-10-10,06:21:00,2024-10-10 06:21:00,2024-10-11 15:50:58,N Austin Blvd/Washington Blvd,,N AUSTIN BLVD,WASHINGTON BLVD,1,1,0,1,Property Damage,No Injuries,Car,15,Angle,2,2,0,5,"Over $1,500",1,0,0,0,0,0,0,02,Failing To Yield Right-Of-Way,18,Unable To Determine,3,Traffic Signal,4,Functioning Properly,1,Clear,5,"Darkness, Lighted Road",1,Not Divided,1,Dry,3,Free Flow,1,No Defects,O50,O10,41.8821068,-87.7746887,41.8821106,-87.7747269,1136378.00,1900122.38
30891,24 06098,2406098,X003582928,2024-10-10,08:04:00,2024-10-10 08:04:00,2024-10-11 11:35:40,Lake St/N Oak Park Ave,,LAKE ST,N OAK PARK AVE,1,1,0,0,Property Damage,No Injuries,Car,11,Front To Rear,2,2,0,3,$500 or less,1,0,0,0,0,0,0,03,Following Too Closely,28,Failing To Reduce Speed To Avoid Crash,3,Traffic Signal,4,Functioning Properly,1,Clear,1,Daylight,2,"Divided, No Median Barrier",9,Unknown,1,Slow,99,Unknown,O40,O9,41.8886185,-87.7945175,41.8886452,-87.7945251,1130963.00,1902460.13
30892,24 06101,2406101,X003603817,2024-10-10,08:31:00,2024-10-10 08:31:00,2024-10-11 11:35:40,916 S Austin Blvd,916,S AUSTIN BLVD,,0,0,0,1,Injury,A Injury Crash,Pedestrian,1,Pedestrian,2,1,0,5,"Over $1,500",0,1,0,1,0,0,1,04,Improper Overtaking/Passing,28,Failing To Reduce Speed To Avoid Crash,1,No Controls,1,No Controls,1,Clear,1,Daylight,12,Alley,1,Dry,3,Free Flow,1,No Defects,O90,O16,41.8685684,-87.7742844,41.8684769,-87.7744369,1136520.25,1895190.00
30894,24 06106,2406106,X003603818,2024-10-10,11:12:00,2024-10-10 11:12:00,2024-10-11 11:35:41,Ontario St/Marion St,,ONTARIO ST,MARION ST,0,0,0,1,Property Damage,No Injuries,Car,9,Parked Motor Vehicle,2,2,0,5,"Over $1,500",1,0,0,0,0,0,0,28,Failing To Reduce Speed To Avoid Crash,18,Unable To Determine,1,No Controls,1,No Controls,1,Clear,1,Daylight,7,Parking Lot,9,Unknown,1,Slow,99,Unknown,O40,O9,41.8905792,-87.8019562,41.8905907,-87.8027115,1128934.88,1903162.50
30897,24 06116,2406116,X003603820,2024-10-10,16:56:00,2024-10-10 16:56:00,2024-10-11 11:35:41,S Ridgeland Ave/Adams St,,S RIDGELAND AVE,ADAMS ST,1,1,0,0,Property Damage,No Injuries,Car,15,Angle,2,2,0,5,"Over $1,500",0,1,0,0,0,0,0,02,Failing To Yield Right-Of-Way,99,Not Applicable,2,Stop Sign,4,Functioning Properly,1,Clear,1,Daylight,2,"Divided, No Median Barrier",1,Dry,3,Free Flow,1,No Defects,O80,O13,41.8780823,-87.7843704,41.8780785,-87.7844009,1133752.38,1898639.50
30910,24 06121,2406121,X003588744,2024-10-11,08:33:00,2024-10-11 08:33:00,2024-10-14 10:13:26,S Oak Park Ave/Jackson,,S OAK PARK AVE,JACKSON,1,1,0,0,Property Damage,No Injuries,Car,11,Front To Rear,2,2,0,5,"Over $1,500",1,0,0,0,0,0,0,28,Failing To Reduce Speed To Avoid Crash,99,Not Applicable,3,Traffic Signal,4,Functioning Properly,1,Clear,1,Daylight,1,Not Divided,1,Dry,3,Free Flow,1,No Defects,O60,O14,41.8761177,-87.7940979,41.8761177,-87.7941284,1131107.63,1897906.13
30903,24 06126,2406126,X003588745,2024-10-11,12:52:00,2024-10-11 12:52:00,2024-10-11 15:50:58,946 S Maple Ave,,946 S MAPLE AVE,LEXINGTON ST,0,0,0,0,Property Damage,No Injuries,Car,6,Fixed Object,2,1,0,5,"Over $1,500",0,1,0,0,0,0,0,28,Failing To Reduce Speed To Avoid Crash,99,Not Applicable,1,No Controls,1,No Controls,1,Clear,1,Daylight,1,Not Divided,1,Dry,3,Free Flow,1,No Defects,O90,O18,41.8704720,-87.8035049,41.8706284,-87.8033752,1128558.75,1895833.88
30917,24 06139,2406139,X003588748,2024-10-11,18:00:00,2024-10-11 18:00:00,2024-10-14 10:13:26,Harrison St/S Oak Park Ave,,HARRISON ST,S OAK PARK AVE,0,0,0,1,Property Damage,No Injuries,Car,13,Sideswipe - Opposite Direction,2,2,0,4,"$501 to $1,500",1,0,0,0,0,0,0,20,Improper Lane Usage,99,Not Applicable,1,No Controls,1,No Controls,1,Clear,1,Daylight,1,Not Divided,1,Dry,1,Slow,1,No Defects,O60,O15,41.8727799,-87.7940292,41.8728065,-87.7940140,1131133.75,1896689.63
30911,24 06140,2406140,X003588749,2024-10-11,19:18:00,2024-10-11 19:18:00,2024-10-14 10:13:26,S Ridgeland Ave/Van Buren St,,S RIDGELAND AVE,VAN BUREN ST,1,1,0,0,Property Damage,No Injuries,Pedalcyclist,2,Pedalcyclist,2,1,0,3,$500 or less,1,0,0,0,0,0,0,23,Disregarding Stop Sign,28,Failing To Reduce Speed To Avoid Crash,2,Stop Sign,4,Functioning Properly,1,Clear,5,"Darkness, Lighted Road",1,Not Divided,1,Dry,1,Slow,1,No Defects,O80,O13,41.8744621,-87.7842407,41.8744621,-87.7842789,1133795.00,1897319.63
30923,24 06142,2406142,X003588753,2024-10-11,19:45:00,2024-10-11 19:45:00,2024-10-14 10:24:51,Lake St/N East Ave,,LAKE ST,N EAST AVE,1,0,0,0,Property Damage,No Injuries,Car,9,Parked Motor Vehicle,2,2,0,5,"Over $1,500",1,0,0,0,0,0,0,28,Failing To Reduce Speed To Avoid Crash,15,Driving Skills/Knowledge/Experience,3,Traffic Signal,4,Functioning Properly,1,Clear,5,"Darkness, Lighted Road",1,Not Divided,1,Dry,1,Slow,1,No Defects,O30,O8,41.8884582,-87.7895889,41.8884849,-87.7895889,1132306.13,1902410.38
30914,24 06141,2406141,X003588751,2024-10-11,19:57:00,2024-10-11 19:57:00,2024-10-14 10:19:08,Division St/N Oak Park Ave,,DIVISION ST,N OAK PARK AVE,1,1,0,0,Property Damage,No Injuries,Car,15,Angle,2,2,0,3,$500 or less,1,0,0,0,0,0,0,18,Unable To Determine,18,Unable To Determine,2,Stop Sign,4,Functioning Properly,1,Clear,1,Daylight,2,"Divided, No Median Barrier",1,Dry,1,Slow,1,No Defects,O20,O5,41.9016762,-87.7948608,41.9017067,-87.7948685,1130840.88,1907218.25
30921,24 06150,2406150,X003588766,2024-10-12,09:28:00,2024-10-12 09:28:00,2024-10-14 10:24:51,N Oak Park Ave/Ontario St,,N OAK PARK AVE,ONTARIO ST,0,0,0,1,Property Damage,No Injuries,Car,9,Parked Motor Vehicle,2,2,0,4,"$501 to $1,500",1,0,0,0,0,0,0,28,Failing To Reduce Speed To Avoid Crash,20,Improper Lane Usage,1,No Controls,1,No Controls,1,Clear,1,Daylight,1,Not Divided,1,Dry,1,Slow,1,No Defects,O40,O9,41.8902016,-87.7946014,41.8902016,-87.7945557,1130938.75,1903037.00
30926,24 06155,2406155,X003588768,2024-10-12,13:55:00,2024-10-12 13:55:00,2024-10-14 10:24:52,N Ridgeland Ave/Lake St,,N RIDGELAND AVE,LAKE ST,1,1,0,1,Property Damage,No Injuries,Pedestrian,1,Pedestrian,2,1,0,3,$500 or less,1,0,0,0,0,0,0,02,Failing To Yield Right-Of-Way,15,Driving Skills/Knowledge/Experience,3,Traffic Signal,4,Functioning Properly,1,Clear,1,Daylight,4,Two-Way Continuous Left-Turn Lane,1,Dry,1,Slow,1,No Defects,O30,O8,41.8883209,-87.7847366,41.8883209,-87.7846985,1133628.00,1902369.13
30918,24 06159,2406159,X003589455,2024-10-12,16:13:00,2024-10-12 16:13:00,2024-10-14 10:19:09,1145 Westgate,1145,WESTGATE,,0,0,0,0,Property Damage,No Injuries,Car,18,Rear To Front,2,2,0,3,$500 or less,1,0,0,0,0,0,0,30,Improper Backing,28,Failing To Reduce Speed To Avoid Crash,1,No Controls,1,No Controls,1,Clear,1,Daylight,1,Not Divided,1,Dry,1,Slow,1,No Defects,O40,O9,41.8878555,-87.8040237,41.8878250,-87.8039780,1128378.75,1902166.13
30924,24 06163,2406163,X003588775,2024-10-12,17:33:00,2024-10-12 17:33:00,2024-10-14 10:24:52,N Ridgeland Ave/Greenfield St,,N RIDGELAND AVE,GREENFIELD ST,0,0,0,0,Property Damage,No Injuries,Car,10,Turning (At Least One Vehicle),2,2,0,3,$500 or less,1,0,0,0,0,0,0,18,Unable To Determine,18,Unable To Determine,1,No Controls,1,No Controls,1,Clear,1,Daylight,2,"Divided, No Median Barrier",1,Dry,1,Slow,1,No Defects,O20,O2,41.9057922,-87.7834701,41.9057732,-87.7834396,1133932.38,1908738.25
30957,24 06162,2406162,X003597014,2024-10-12,17:44:00,2024-10-12 17:44:00,2024-10-18 09:11:17,S Scoville Ave/Jackson Blvd,,S SCOVILLE AVE,JACKSON BLVD,0,1,0,0,Property Damage,No Injuries,Car,11,Front To Rear,2,2,0,3,$500 or less,1,0,0,0,0,0,0,03,Following Too Closely,28,Failing To Reduce Speed To Avoid Crash,1,No Controls,1,No Controls,1,Clear,1,Daylight,2,"Divided, No Median Barrier",1,Dry,1,Slow,1,No Defects,O60,O14,41.8762245,-87.7879791,41.8762169,-87.7880173,1132773.50,1897955.50
30919,24 06164,2406164,X003588776,2024-10-12,20:16:00,2024-10-12 20:16:00,2024-10-14 10:19:10,348 S Austin Blvd,348,S AUSTIN BLVD,,0,0,0,1,Property Damage,No Injuries,Car,9,Parked Motor Vehicle,2,2,0,5,"Over $1,500",0,1,0,0,0,0,0,18,Unable To Determine,15,Driving Skills/Knowledge/Experience,1,No Controls,1,No Controls,1,Clear,5,"Darkness, Lighted Road",2,"Divided, No Median Barrier",1,Dry,3,Free Flow,1,No Defects,O80,O13,41.8789635,-87.7746658,41.8748131,-87.7746582,1136393.88,1898977.38
30922,24 06179,2406179,X003588777,2024-10-13,09:52:00,2024-10-13 09:52:00,2024-10-14 10:24:51,Roosevelt Rd/S Maple Ave,,ROOSEVELT RD,S MAPLE AVE,1,1,0,0,Property Damage,No Injuries,Car,10,Turning (At Least One Vehicle),2,2,0,5,"Over $1,500",1,0,0,0,0,0,0,03,Following Too Closely,06,Improper Turning/No Signal,1,No Controls,1,No Controls,1,Clear,1,Daylight,1,Not Divided,1,Dry,3,Free Flow,1,No Defects,O90,O18,41.8650284,-87.8033371,41.8650017,-87.8033447,1128615.13,1893849.88
30913,24 06186,2406186,X003588779,2024-10-13,15:49:00,2024-10-13 15:49:00,2024-10-14 10:19:08,412 S Harvey Ave,412,S HARVEY AVE,,0,0,0,1,Property Damage,No Injuries,Car,9,Parked Motor Vehicle,2,2,0,3,$500 or less,1,0,0,0,0,0,0,28,Failing To Reduce Speed To Avoid Crash,15,Driving Skills/Knowledge/Experience,1,No Controls,1,No Controls,1,Clear,5,"Darkness, Lighted Road",1,Not Divided,1,Dry,3,Free Flow,1,No Defects,O50,O10,41.8811035,-87.7811890,41.8811455,-87.7811508,1134610.38,1899745.75
30912,24 06189,2406189,X003588784,2024-10-13,18:46:00,2024-10-13 18:46:00,2024-10-14 10:13:27,Washington Blvd/N Austin Blvd,,WASHINGTON BLVD,N AUSTIN BLVD,0,0,0,0,Property Damage,No Injuries,Car,12,Sideswipe - Same Direction,2,2,0,4,"$501 to $1,500",1,0,0,0,0,0,0,04,Improper Overtaking/Passing,28,Failing To Reduce Speed To Avoid Crash,1,No Controls,1,No Controls,1,Clear,5,"Darkness, Lighted Road",1,Not Divided,1,Dry,3,Free Flow,1,No Defects,O50,O10,41.8820839,-87.7747345,41.8821106,-87.7747269,1136367.88,1900113.38
30915,24 06191,2406191,X003588786,2024-10-13,19:50:00,2024-10-13 19:50:00,2024-10-14 10:19:09,333 S Oak Park Ave,333,S OAK PARK AVE,,0,0,0,0,Property Damage,No Injuries,Car,11,Front To Rear,2,2,0,3,$500 or less,1,0,0,0,0,0,0,03,Following Too Closely,99,Not Applicable,1,No Controls,1,No Controls,1,Clear,4,Darkness,1,Not Divided,1,Dry,1,Slow,1,No Defects,O60,O11,41.8820534,-87.7942886,41.8821945,-87.7944946,1131041.00,1900068.88
30920,24 06195,2406195,X003588787,2024-10-13,20:53:00,2024-10-13 20:53:00,2024-10-14 10:24:50,216 S Austin Blvd,216,S AUSTIN BLVD,,0,0,0,0,Property Damage,No Injuries,Car,11,Front To Rear,2,2,0,5,"Over $1,500",1,0,0,0,0,0,0,04,Improper Overtaking/Passing,15,Driving Skills/Knowledge/Experience,3,Traffic Signal,4,Functioning Properly,1,Clear,5,"Darkness, Lighted Road",3,Divided With Median Barrier,1,Dry,1,Slow,1,No Defects,O80,O13,41.8769608,-87.7745895,41.8770981,-87.7747574,1136418.38,1898247.75
30951,24 06200,2406200,X003591299,2024-10-14,05:54:00,2024-10-14 05:54:00,2024-10-18 09:11:14,6942 Roosevelt Rd,6942,ROOSEVELT RD,,0,0,0,0,Property Damage,No Injuries,Car,11,Front To Rear,3,3,0,5,"Over $1,500",1,0,0,0,0,0,0,03,Following Too Closely,15,Driving Skills/Knowledge/Experience,1,No Controls,1,No Controls,1,Clear,5,"Darkness, Lighted Road",2,"Divided, No Median Barrier",1,Dry,1,Slow,1,No Defects,O90,O18,41.8651085,-87.7983246,41.8651733,-87.7985001,1129981.88,1893887.63
30946,24 06203,2406203,X003591300,2024-10-14,07:46:00,2024-10-14 07:46:00,2024-10-18 09:11:13,S Harlem Ave/Lexington St,,S HARLEM AVE,LEXINGTON ST,1,1,0,0,Property Damage,No Injuries,Car,15,Angle,2,2,0,4,"$501 to $1,500",1,0,0,0,0,0,0,02,Failing To Yield Right-Of-Way,99,Not Applicable,2,Stop Sign,4,Functioning Properly,1,Clear,1,Daylight,2,"Divided, No Median Barrier",1,Dry,1,Slow,1,No Defects,O90,O18,41.8704796,-87.8043671,41.8704834,-87.8043976,1128323.00,1895834.00
30932,24 06233,2406233,X003602824,2024-10-14,15:18:00,2024-10-14 15:18:00,2024-10-18 09:11:09,N Austin Blvd/Washington Blvd,,N AUSTIN BLVD,WASHINGTON BLVD,1,1,0,0,Property Damage,No Injuries,Car,10,Turning (At Least One Vehicle),2,2,0,5,"Over $1,500",1,0,0,0,0,0,0,25,Disregarding Traffic Signals,99,Not Applicable,3,Traffic Signal,4,Functioning Properly,9,Unknown,9,Unknown,2,"Divided, No Median Barrier",9,Unknown,3,Free Flow,1,No Defects,O50,O10,41.8821068,-87.7746887,41.8821106,-87.7747269,1136378.00,1900122.38
31082,24 06234,2406234,X003611288,2024-10-15,00:06:00,2024-10-15 00:06:00,2024-11-04 09:13:22,Washington Blvd/S Ridgeland Ave,,WASHINGTON BLVD,S RIDGELAND AVE,1,1,0,0,Property Damage,No Injuries,Car,11,Front To Rear,2,2,0,4,"$501 to $1,500",1,0,0,0,0,0,0,28,Failing To Reduce Speed To Avoid Crash,18,Unable To Determine,1,No Controls,1,No Controls,1,Clear,1,Daylight,1,Not Divided,1,Dry,1,Slow,1,No Defects,O50,O10,41.8816948,-87.7845154,41.8817253,-87.7845154,1133704.88,1899954.38
30927,24 06214,2406214,X003603824,2024-10-15,08:05:00,2024-10-15 08:05:00,2024-10-18 09:11:07,N Ridgeland Ave/Chicago Ave,,N RIDGELAND AVE,CHICAGO AVE,1,1,0,0,Property Damage,No Injuries,Car,10,Turning (At Least One Vehicle),2,2,0,5,"Over $1,500",1,0,0,0,0,0,0,02,Failing To Yield Right-Of-Way,25,Disregarding Traffic Signals,3,Traffic Signal,4,Functioning Properly,2,Rain,1,Daylight,1,Not Divided,2,Wet,3,Free Flow,1,No Defects,O30,O8,41.8945694,-87.7849121,41.8945770,-87.7848740,1133565.38,1904645.88
30943,24 06218,2406218,X003603836,2024-10-15,09:00:00,2024-10-15 09:00:00,2024-10-18 09:11:12,S Harlem Ave/Roosevelt Rd,,S HARLEM AVE,ROOSEVELT RD,0,0,0,1,Property Damage,No Injuries,Car,12,Sideswipe - Same Direction,2,2,0,4,"$501 to $1,500",1,0,0,0,0,0,0,20,Improper Lane Usage,18,Unable To Determine,1,No Controls,1,No Controls,2,Rain,9,Unknown,2,"Divided, No Median Barrier",2,Wet,3,Free Flow,1,No Defects,O90,O18,41.8649864,-87.8041687,41.8649864,-87.8042068,1128389.25,1893832.00
30930,24 06223,2406223,X003603826,2024-10-15,12:23:00,2024-10-15 12:23:00,2024-10-18 09:11:08,S Austin Blvd/Harrison St,,S AUSTIN BLVD,HARRISON ST,1,1,0,0,Property Damage,No Injuries,Car,11,Front To Rear,2,2,0,5,"Over $1,500",1,0,0,0,0,0,0,28,Failing To Reduce Speed To Avoid Crash,99,Not Applicable,3,Traffic Signal,4,Functioning Properly,2,Rain,1,Daylight,2,"Divided, No Median Barrier",2,Wet,2,Stopped,1,No Defects,O80,O13,41.8727799,-87.7744522,41.8727799,-87.7744141,1136465.25,1896723.75
30931,24 06228,2406228,X003603827,2024-10-15,14:38:00,2024-10-15 14:38:00,2024-10-18 09:11:08,Lake St/N Ridgeland Ave,,LAKE ST,N RIDGELAND AVE,1,1,0,0,Property Damage,No Injuries,Car,11,Front To Rear,2,2,0,5,"Over $1,500",1,0,0,0,0,0,0,03,Following Too Closely,11,Weather,3,Traffic Signal,4,Functioning Properly,2,Rain,1,Daylight,1,Not Divided,2,Wet,3,Free Flow,1,No Defects,O30,O7,41.8882980,-87.7846985,41.8883209,-87.7846985,1133638.38,1902360.50
30934,24 06238,2406238,X003603829,2024-10-15,18:13:00,2024-10-15 18:13:00,2024-10-18 09:11:09,Austin Blvd/Erie Ct,,AUSTIN BLVD,ERIE CT,1,1,0,0,Property Damage,No Injuries,Car,11,Front To Rear,2,2,0,5,"Over $1,500",1,0,0,0,0,0,0,28,Failing To Reduce Speed To Avoid Crash,18,Unable To Determine,1,No Controls,1,No Controls,2,Rain,3,Dusk,1,Not Divided,2,Wet,1,Slow,1,No Defects,O30,O7,41.8919029,-87.7750168,41.8919029,-87.7750549,1136265.25,1903691.13
30935,24 06243,2406243,X003603830,2024-10-15,21:57:00,2024-10-15 21:57:00,2024-10-18 09:11:09,S Harlem Ave/I290 W,,S HARLEM AVE,I290 W,0,0,0,0,Property Damage,No Injuries,Car,10,Turning (At Least One Vehicle),2,2,0,5,"Over $1,500",0,1,0,0,0,0,0,28,Failing To Reduce Speed To Avoid Crash,18,Unable To Determine,1,No Controls,1,No Controls,1,Clear,5,"Darkness, Lighted Road",3,Divided With Median Barrier,1,Dry,3,Free Flow,1,No Defects,O60,O15,41.8737946,-87.8044968,41.8738136,-87.8045197,1128281.50,1897042.00
30937,24 06254,2406254,X003603832,2024-10-15,22:47:00,2024-10-15 22:47:00,2024-10-18 09:11:10,Roosevelt Rd/S Taylor Ave,,ROOSEVELT RD,S TAYLOR AVE,1,1,0,1,Property Damage,No Injuries,Car,10,Turning (At Least One Vehicle),2,2,0,4,"$501 to $1,500",1,0,0,0,0,0,0,02,Failing To Yield Right-Of-Way,28,Failing To Reduce Speed To Avoid Crash,2,Stop Sign,4,Functioning Properly,2,Rain,1,Daylight,4,Two-Way Continuous Left-Turn Lane,2,Wet,1,Slow,1,No Defects,O90,O16,41.8654442,-87.7778168,41.8654175,-87.7778244,1135565.00,1894044.38
30952,24 06244,2406244,X003603837,2024-10-16,07:00:00,2024-10-16 07:00:00,2024-10-18 09:11:15,Washington Blvd/Wisconsin Ave,,WASHINGTON BLVD,WISCONSIN AVE,0,1,0,0,Property Damage,No Injuries,Car,11,Front To Rear,2,2,0,4,"$501 to $1,500",1,0,0,0,0,0,0,18,Unable To Determine,18,Unable To Determine,3,Traffic Signal,4,Functioning Properly,1,Clear,2,Dawn,1,Not Divided,1,Dry,2,Stopped,1,No Defects,O70,O12,41.8814163,-87.8023682,41.8814468,-87.8023682,1128842.63,1899822.13
30929,24 06245,2406245,X003599516,2024-10-16,07:33:00,2024-10-16 07:33:00,2024-10-18 09:11:08,S Euclid Ave/Washington Blvd,,S EUCLID AVE,WASHINGTON BLVD,1,1,0,0,Injury,C Injury Crash,Car,10,Turning (At Least One Vehicle),2,2,0,5,"Over $1,500",0,1,0,0,0,1,1,02,Failing To Yield Right-Of-Way,15,Driving Skills/Knowledge/Experience,2,Stop Sign,4,Functioning Properly,1,Clear,1,Daylight,2,"Divided, No Median Barrier",1,Dry,3,Free Flow,1,No Defects,O60,O11,41.8815842,-87.7926407,41.8815804,-87.7926712,1131492.00,1899900.50
30936,24 06246,2406246,X003603831,2024-10-16,07:48:00,2024-10-16 07:48:00,2024-10-18 09:11:10,S Scoville Ave/Madison St,,S SCOVILLE AVE,MADISON ST,0,0,0,0,Property Damage,No Injuries,Car,11,Front To Rear,2,2,0,4,"$501 to $1,500",1,0,0,0,0,0,0,28,Failing To Reduce Speed To Avoid Crash,03,Following Too Closely,2,Stop Sign,4,Functioning Properly,1,Clear,1,Daylight,1,Not Divided,1,Dry,2,Stopped,1,No Defects,O60,O11,41.8798790,-87.7876892,41.8798714,-87.7881393,1132843.38,1899287.88
30941,24 06248,2406248,X003603834,2024-10-16,08:22:00,2024-10-16 08:22:00,2024-10-18 09:11:11,S Harvey Ave/Van Buren St,,S HARVEY AVE,VAN BUREN ST,0,0,0,0,Property Damage,No Injuries,Car,9,Parked Motor Vehicle,2,2,0,3,$500 or less,1,0,0,0,0,0,0,28,Failing To Reduce Speed To Avoid Crash,15,Driving Skills/Knowledge/Experience,1,No Controls,1,No Controls,1,Clear,1,Daylight,1,Not Divided,1,Dry,3,Free Flow,1,No Defects,O80,O13,41.8745155,-87.7805710,41.8745155,-87.7806015,1134794.88,1897346.63
31009,24 06446,2406446,X003598255,2024-10-16,08:54:00,2024-10-16 08:54:00,2024-10-24 08:22:47,N Austin Blvd/Augusta St,,N AUSTIN BLVD,AUGUSTA ST,1,1,0,0,Property Damage,No Injuries,Car,12,Sideswipe - Same Direction,2,2,0,4,"$501 to $1,500",1,0,0,0,0,0,0,02,Failing To Yield Right-Of-Way,28,Failing To Reduce Speed To Avoid Crash,3,Traffic Signal,4,Functioning Properly,1,Clear,1,Daylight,14,Four-Way Intersection,1,Dry,1,Slow,1,No Defects,O10,O4,41.8983650,-87.7752228,41.8983650,-87.7752533,1136195.75,1906045.00
30940,24 06260,2406260,X003603833,2024-10-16,14:11:00,2024-10-16 14:11:00,2024-10-18 09:11:11,Lake St/N Austin Blvd,,LAKE ST,N AUSTIN BLVD,1,1,0,0,Property Damage,No Injuries,Car,10,Turning (At Least One Vehicle),2,2,0,5,"Over $1,500",1,0,0,0,0,0,0,06,Improper Turning/No Signal,99,Not Applicable,3,Traffic Signal,4,Functioning Properly,1,Clear,1,Daylight,1,Not Divided,1,Dry,3,Free Flow,1,No Defects,O30,O7,41.8880539,-87.7749329,41.8880234,-87.7749329,1136298.88,1902289.50