record_id,report_number,crash_id,idot_crash_number,date,time,occurred_at,record_added_at,location,street_number,street_name,cross_street,at_intersection,intersection_related,private_property,hit_and_run,crash_severity,crash_injury_severity,crash_mode,crash_type_code,crash_type,total_units,num_motor_vehicles,dooring_pedalcyclist,damage_code,damage,no_injury_drive_away,injury_or_towed,fatalities,a_injuries,b_injuries,c_injuries,total_injured,cause1_code,cause1,cause2_code,cause2,traffic_control_code,traffic_control,device_condition_code,device_condition,weather_code,weather,lighting_code,lighting,trafficway_code,trafficway,road_surface_code,road_surface,flow_condition_code,flow_condition,road_defects_code,road_defects,beat_zone,post_district,latitude,longitude,latitude_geocoded,longitude_geocoded,state_plane_x,state_plane_y
30928,24 06262,2406262,X003603825,2024-10-16,15:25:00,2024-10-16 15:25:00,2024-10-18 09:11:07,N Harlem Ave/North Ave,,N HARLEM AVE,NORTH AVE,0,0,0,1,Property Damage,No Injuries,Car,11,Front To Rear,2,2,0,4,"$501 to $1,500",1,0,0,0,0,0,0,18,Unable To Determine,18,Unable To Determine,3,Traffic Signal,4,Functioning Properly,1,Clear,1,Daylight,2,"Divided, No Median Barrier",1,Dry,2,Stopped,1,No Defects,O20,O3,41.9088783,-87.8057938,41.9088860,-87.8057556,1127849.25,1909824.75
30942,24 06264,2406264,X003597070,2024-10-16,16:01:00,2024-10-16 16:01:00,2024-10-18 09:11:12,S Oak Park Ave/Lexington St,,S OAK PARK AVE,LEXINGTON ST,0,0,0,0,Property Damage,No Injuries,Car,11,Front To Rear,2,2,0,5,"Over $1,500",1,0,0,0,0,0,0,03,Following Too Closely,28,Failing To Reduce Speed To Avoid Crash,17,Pedestrian Crossing Sign,4,Functioning Properly,1,Clear,1,Daylight,1,Not Divided,1,Dry,3,Free Flow,1,No Defects,O90,O17,41.8706436,-87.7939072,41.8706360,-87.7939453,1131171.25,1895911.75
30955,24 06267,2406267,X003591265,2024-10-16,17:42:00,2024-10-16 17:42:00,2024-10-18 09:11:16,S Oak Park Ave/Roosevelt Rd,,S OAK PARK AVE,ROOSEVELT RD,0,0,0,0,Property Damage,No Injuries,Car,11,Front To Rear,2,2,0,5,"Over $1,500",1,0,0,0,0,0,0,28,Failing To Reduce Speed To Avoid Crash,99,Not Applicable,1,No Controls,1,No Controls,1,Clear,3,Dusk,1,Not Divided,1,Dry,3,Free Flow,1,No Defects,O90,O17,41.8651657,-87.7937164,41.8651657,-87.7937546,1131236.00,1893916.13
30965,24 06275,2406275,X003591263,2024-10-16,21:29:00,2024-10-16 21:29:00,2024-10-18 09:17:06,Harvard St/S Ridgeland Ave,,HARVARD ST,S RIDGELAND AVE,1,1,0,0,Property Damage,No Injuries,Car,12,Sideswipe - Same Direction,2,2,0,4,"$501 to $1,500",1,0,0,0,0,0,0,02,Failing To Yield Right-Of-Way,99,Not Applicable,3,Traffic Signal,4,Functioning Properly,1,Clear,5,"Darkness, Lighted Road",14,Four-Way Intersection,1,Dry,1,Slow,1,No Defects,O90,O16,41.8689537,-87.7840881,41.8689804,-87.7840881,1133850.25,1895312.50
30963,24 06281,2406281,X003590829,2024-10-17,03:17:00,2024-10-17 03:17:00,2024-10-18 09:17:06,913 Wisconsin Ave,913,WISCONSIN AVE,,0,0,0,1,Property Damage,No Injuries,Car,6,Fixed Object,2,1,0,4,"$501 to $1,500",1,0,0,0,0,0,0,50,"Oper. Veh. In Erratic,Reckless,Careless Manne",99,Not Applicable,1,No Controls,1,No Controls,1,Clear,5,"Darkness, Lighted Road",12,Alley,1,Dry,3,Free Flow,1,No Defects,O90,O18,41.8717651,-87.8019943,41.8718071,-87.8022156,1128967.13,1896306.75
30959,24 06283,2406283,X003590903,2024-10-17,08:49:00,2024-10-17 08:49:00,2024-10-18 09:11:15,S Lombard Ave/Madison St,,S LOMBARD AVE,MADISON ST,0,0,0,0,Property Damage,No Injuries,Car,10,Turning (At Least One Vehicle),2,2,0,3,$500 or less,1,0,0,0,0,0,0,02,Failing To Yield Right-Of-Way,99,Not Applicable,1,No Controls,1,No Controls,1,Clear,1,Daylight,1,Not Divided,1,Dry,3,Free Flow,1,No Defects,O80,O13,41.8800278,-87.7795258,41.8800240,-87.7795563,1135067.63,1899356.00
30962,24 06290,2406290,X003591262,2024-10-17,11:13:00,2024-10-17 11:13:00,2024-10-18 09:17:05,Harvey/North Ave,,HARVEY,NORTH AVE,0,0,0,0,Property Damage,No Injuries,Car,11,Front To Rear,2,2,0,4,"$501 to $1,500",1,0,0,0,0,0,0,28,Failing To Reduce Speed To Avoid Crash,99,Not Applicable,1,No Controls,1,No Controls,1,Clear,1,Daylight,1,Not Divided,1,Dry,2,Stopped,1,No Defects,O10,O1,41.9091721,-87.7821655,41.9091759,-87.7821274,1134279.63,1909972.50
30960,24 06292,2406292,X003591258,2024-10-17,12:28:00,2024-10-17 12:28:00,2024-10-18 09:17:05,S Austin Blvd/Harrison St,,S AUSTIN BLVD,HARRISON ST,1,1,0,0,Property Damage,No Injuries,Car,11,Front To Rear,2,2,0,4,"$501 to $1,500",1,0,0,0,0,0,0,41,Distraction - From Inside Vehicle,28,Failing To Reduce Speed To Avoid Crash,3,Traffic Signal,4,Functioning Properly,1,Clear,1,Daylight,2,"Divided, No Median Barrier",1,Dry,2,Stopped,1,No Defects,O80,O13,41.8727799,-87.7744522,41.8727799,-87.7744141,1136465.25,1896723.75
30966,24 06304,2406304,X003591255,2024-10-17,21:11:00,2024-10-17 21:11:00,2024-10-18 09:11:17,220 N Oak Park Ave,220,N OAK PARK AVE,,0,0,0,0,Injury,B Injury Crash,Pedestrian,1,Pedestrian,2,1,0,3,$500 or less,0,1,0,0,1,1,2,99,Not Applicable,18,Unable To Determine,1,No Controls,1,No Controls,1,Clear,5,"Darkness, Lighted Road",2,"Divided, No Median Barrier",1,Dry,1,Slow,1,No Defects,O30,O8,41.8909111,-87.7945480,41.8910675,-87.7942352,1130951.88,1903295.13
31041,24 06486,2406486,X003603866,2024-10-17,22:50:00,2024-10-17 22:50:00,2024-10-29 08:18:18,S Ridgeland Ave/Washington Blvd,,S RIDGELAND AVE,WASHINGTON BLVD,1,0,0,1,Property Damage,No Injuries,Car,12,Sideswipe - Same Direction,2,2,0,4,"$501 to $1,500",1,0,0,0,0,0,0,28,Failing To Reduce Speed To Avoid Crash,20,Improper Lane Usage,3,Traffic Signal,4,Functioning Properly,1,Clear,1,Daylight,1,Not Divided,1,Dry,3,Free Flow,1,No Defects,O50,O10,41.8817215,-87.7844772,41.8817253,-87.7845154,1133714.00,1899965.25
30964,24 06306,2406306,X003591252,2024-10-18,01:29:00,2024-10-18 01:29:00,2024-10-18 09:17:06,S Austin Blvd/I290 Expy W,,S AUSTIN BLVD,I290 EXPY W,1,0,0,1,Property Damage,No Injuries,Car,10,Turning (At Least One Vehicle),2,2,0,5,"Over $1,500",1,0,0,0,0,0,0,20,Improper Lane Usage,15,Driving Skills/Knowledge/Experience,3,Traffic Signal,4,Functioning Properly,1,Clear,5,"Darkness, Lighted Road",4,Two-Way Continuous Left-Turn Lane,1,Dry,3,Free Flow,1,No Defects,O80,O13,41.8712502,-87.7743759,41.8712502,-87.7743378,1136490.13,1896166.00
30972,24 06307,2406307,X003595200,2024-10-18,07:34:00,2024-10-18 07:34:00,2024-10-21 10:04:07,S Ridgeland Ave/Harvard St,,S RIDGELAND AVE,HARVARD ST,1,1,0,1,Property Damage,No Injuries,Car,10,Turning (At Least One Vehicle),2,2,0,4,"$501 to $1,500",1,0,0,0,0,0,0,28,Failing To Reduce Speed To Avoid Crash,04,Improper Overtaking/Passing,3,Traffic Signal,4,Functioning Properly,1,Clear,1,Daylight,2,"Divided, No Median Barrier",1,Dry,3,Free Flow,1,No Defects,O90,O16,41.8689842,-87.7840500,41.8689804,-87.7840881,1133859.50,1895323.25
30977,24 06323,2406323,X003595214,2024-10-18,15:11:00,2024-10-18 15:11:00,2024-10-21 10:26:33,111 Madison St,111,MADISON ST,,0,0,0,1,Property Damage,No Injuries,Car,18,Rear To Front,2,2,0,3,$500 or less,1,0,0,0,0,0,0,30,Improper Backing,99,Not Applicable,1,No Controls,1,No Controls,1,Clear,1,Daylight,7,Parking Lot,1,Dry,1,Slow,1,No Defects,O80,O13,41.8800049,-87.7784500,41.8798332,-87.7779541,1135359.50,1899349.63
30970,24 06337,2406337,X003595218,2024-10-19,08:44:00,2024-10-19 08:44:00,2024-10-21 10:04:07,45 Chicago Ave,45,CHICAGO AVE,,0,0,0,1,Property Damage,No Injuries,Car,9,Parked Motor Vehicle,2,2,0,5,"Over $1,500",1,0,0,0,0,0,0,28,Failing To Reduce Speed To Avoid Crash,18,Unable To Determine,1,No Controls,1,No Controls,1,Clear,1,Daylight,1,Not Divided,1,Dry,2,Stopped,1,No Defects,O30,O7,41.8946571,-87.7772675,41.8945236,-87.7774429,1135646.63,1904691.50
30980,24 06341,2406341,X003595220,2024-10-19,11:12:00,2024-10-19 11:12:00,2024-10-21 10:32:14,S Harvey Ave/Jackson Blvd,,S HARVEY AVE,JACKSON BLVD,1,1,0,0,Property Damage,No Injuries,Car,15,Angle,2,2,0,5,"Over $1,500",0,1,0,0,0,0,0,02,Failing To Yield Right-Of-Way,18,Unable To Determine,2,Stop Sign,4,Functioning Properly,1,Clear,1,Daylight,2,"Divided, No Median Barrier",1,Dry,3,Free Flow,1,No Defects,O80,O13,41.8763466,-87.7806396,41.8763428,-87.7806702,1134772.63,1898012.50
30981,24 06345,2406345,X003595250,2024-10-19,13:55:00,2024-10-19 13:55:00,2024-10-21 10:32:15,Garfield St/S Humphrey Ave,,GARFIELD ST,S HUMPHREY AVE,0,0,0,1,Property Damage,No Injuries,Car,11,Front To Rear,2,2,0,5,"Over $1,500",0,1,0,0,0,0,0,28,Failing To Reduce Speed To Avoid Crash,18,Unable To Determine,1,No Controls,1,No Controls,1,Clear,1,Daylight,1,Not Divided,1,Dry,3,Free Flow,1,No Defects,O90,O16,41.8704758,-87.7755432,41.8705025,-87.7755432,1136173.00,1895882.75
30982,24 06347,2406347,X003595252,2024-10-19,15:33:00,2024-10-19 15:33:00,2024-10-21 10:32:15,Roosevelt Rd/Home Ave,,ROOSEVELT RD,HOME AVE,0,0,0,0,Property Damage,No Injuries,Car,11,Front To Rear,2,2,0,5,"Over $1,500",0,1,0,0,0,0,0,28,Failing To Reduce Speed To Avoid Crash,03,Following Too Closely,1,No Controls,1,No Controls,1,Clear,1,Daylight,2,"Divided, No Median Barrier",1,Dry,1,Slow,1,No Defects,O90,O18,41.8650971,-87.7989807,41.8650742,-87.7989807,1129802.63,1893882.25
30976,24 06349,2406349,X003597015,2024-10-19,17:07:00,2024-10-19 17:07:00,2024-10-21 10:15:23,S Oak Park Ave/Randolph St,,S OAK PARK AVE,RANDOLPH ST,0,0,0,0,Injury,C Injury Crash,Car,14,Front To Front,3,3,0,5,"Over $1,500",0,1,0,0,0,1,1,20,Improper Lane Usage,28,Failing To Reduce Speed To Avoid Crash,1,No Controls,1,No Controls,1,Clear,1,Daylight,1,Not Divided,1,Dry,3,Free Flow,1,No Defects,O60,O11,41.8832970,-87.7943268,41.8834534,-87.7943649,1131028.38,1900522.88
31007,24 06352,2406352,X003597896,2024-10-20,02:45:00,2024-10-20 02:45:00,2024-10-24 08:22:47,Austin Blvd/Pleasant,,AUSTIN BLVD,PLEASANT,1,0,0,1,Injury,B Injury Crash,Car,14,Front To Front,2,2,0,5,"Over $1,500",0,1,0,0,1,0,1,20,Improper Lane Usage,18,Unable To Determine,1,No Controls,1,No Controls,1,Clear,5,"Darkness, Lighted Road",2,"Divided, No Median Barrier",1,Dry,3,Free Flow,1,No Defects,,,41.8821068,-87.7746887,41.8853836,-87.7749405,1136378.00,1900122.38
30969,24 06353,2406353,X003595258,2024-10-20,04:01:00,2024-10-20 04:01:00,2024-10-21 09:41:17,Washington Blvd/Chestnut Ln,,WASHINGTON BLVD,CHESTNUT LN,0,0,0,0,Property Damage,No Injuries,Car,9,Parked Motor Vehicle,3,3,0,5,"Over $1,500",0,1,0,0,0,0,0,28,Failing To Reduce Speed To Avoid Crash,17,Physical Condition Of Driver,1,No Controls,1,No Controls,1,Clear,5,"Darkness, Lighted Road",2,"Divided, No Median Barrier",1,Dry,3,Free Flow,1,No Defects,O70,O12,41.8814430,-87.8007507,41.8814735,-87.8007431,1129284.88,1899835.63
30978,24 06354,2406354,X003595259,2024-10-20,04:35:00,2024-10-20 04:35:00,2024-10-21 10:26:33,S Harlem Ave/I290 Expy E,,S HARLEM AVE,I290 EXPY E,1,0,0,1,Property Damage,No Injuries,Car,10,Turning (At Least One Vehicle),2,2,0,4,"$501 to $1,500",1,0,0,0,0,0,0,06,Improper Turning/No Signal,18,Unable To Determine,3,Traffic Signal,4,Functioning Properly,1,Clear,5,"Darkness, Lighted Road",16,Y-Intersection,1,Dry,3,Free Flow,1,No Defects,O90,O18,41.8734703,-87.8044891,41.8734894,-87.8045120,1128282.00,1896923.25
30975,24 06362,2406362,X003595260,2024-10-20,12:45:00,2024-10-20 12:45:00,2024-10-21 10:09:48,Washington/Austin,,WASHINGTON,AUSTIN,1,1,0,0,Property Damage,No Injuries,Car,10,Turning (At Least One Vehicle),2,2,0,5,"Over $1,500",1,0,0,0,0,0,0,28,Failing To Reduce Speed To Avoid Crash,18,Unable To Determine,3,Traffic Signal,4,Functioning Properly,1,Clear,9,Unknown,15,T-Intersection,1,Dry,1,Slow,1,No Defects,O50,O10,41.8820839,-87.7747345,41.8821106,-87.7747269,1136367.88,1900113.38
30974,24 06368,2406368,X003595267,2024-10-20,15:26:00,2024-10-20 15:26:00,2024-10-21 10:37:53,7036 Roosevelt Rd,7036,ROOSEVELT RD,,0,0,0,1,Property Damage,No Injuries,Car,12,Sideswipe - Same Direction,2,2,0,4,"$501 to $1,500",1,0,0,0,0,0,0,04,Improper Overtaking/Passing,18,Unable To Determine,1,No Controls,1,No Controls,1,Clear,1,Daylight,2,"Divided, No Median Barrier",1,Dry,3,Free Flow,1,No Defects,O90,O18,41.8650703,-87.8006592,41.8651390,-87.8002625,1129344.00,1893869.13
30971,24 06375,2406375,X003598007,2024-10-20,23:32:00,2024-10-20 23:32:00,2024-10-21 09:58:29,S Austin Blvd/Roosevelt Rd,,S AUSTIN BLVD,ROOSEVELT RD,1,0,0,1,Property Damage,No Injuries,Car,12,Sideswipe - Same Direction,2,2,0,5,"Over $1,500",1,0,0,0,0,0,0,50,"Oper. Veh. In Erratic,Reckless,Careless Manne",20,Improper Lane Usage,3,Traffic Signal,4,Functioning Properly,1,Clear,5,"Darkness, Lighted Road",2,"Divided, No Median Barrier",1,Dry,2,Stopped,1,No Defects,O90,O16,41.8654671,-87.7741699,41.8654709,-87.7741394,1136559.00,1894060.13
30999,24 06401,2406401,X003598015,2024-10-21,08:13:00,2024-10-21 08:13:00,2024-10-23 10:10:18,North Ave/Ridgeland,,NORTH AVE,RIDGELAND,1,1,0,0,Injury,C Injury Crash,Car,15,Angle,2,2,0,5,"Over $1,500",0,1,0,0,0,1,1,02,Failing To Yield Right-Of-Way,15,Driving Skills/Knowledge/Experience,3,Traffic Signal,4,Functioning Properly,1,Clear,1,Daylight,1,Not Divided,1,Dry,3,Free Flow,1,No Defects,O10,O1,41.9091339,-87.7833710,41.9091644,-87.7833710,1133952.25,1909956.38
30983,24 06383,2406383,X003595269,2024-10-21,08:30:00,2024-10-21 08:30:00,2024-10-21 10:37:53,N Oak Park/Erie,,N OAK PARK,ERIE,0,0,0,0,Property Damage,No Injuries,Car,11,Front To Rear,2,2,0,3,$500 or less,1,0,0,0,0,0,0,18,Unable To Determine,18,Unable To Determine,1,No Controls,1,No Controls,1,Clear,1,Daylight,2,"Divided, No Median Barrier",1,Dry,1,Slow,1,No Defects,O40,O9,41.8915558,-87.7946396,41.8915520,-87.7946014,1130925.00,1903530.00
30984,24 06384,2406384,X003595273,2024-10-21,09:02:00,2024-10-21 09:02:00,2024-10-21 10:37:53,911 Clinton Ave,,911 CLINTON AVE,GARFIELD ST,0,0,0,1,Property Damage,No Injuries,Car,9,Parked Motor Vehicle,2,2,0,3,$500 or less,1,0,0,0,0,0,0,18,Unable To Determine,28,Failing To Reduce Speed To Avoid Crash,1,No Controls,1,No Controls,9,Unknown,9,Unknown,1,Not Divided,1,Dry,3,Free Flow,1,No Defects,O90,O18,41.8723526,-87.7979660,41.8720398,-87.7980499,1130062.63,1896527.75
30993,24 06390,2406390,X003598010,2024-10-21,13:30:00,2024-10-21 13:30:00,2024-10-22 09:45:48,Lyman Ave/Harrison St,,LYMAN AVE,HARRISON ST,1,1,0,0,Property Damage,No Injuries,Car,10,Turning (At Least One Vehicle),2,2,0,5,"Over $1,500",0,1,0,0,0,0,0,02,Failing To Yield Right-Of-Way,28,Failing To Reduce Speed To Avoid Crash,2,Stop Sign,4,Functioning Properly,1,Clear,1,Daylight,2,"Divided, No Median Barrier",1,Dry,3,Free Flow,1,No Defects,O80,O13,41.8727493,-87.7768173,41.8727531,-87.7768478,1135822.00,1896709.13
30991,24 06392,2406392,X003598012,2024-10-21,13:36:00,2024-10-21 13:36:00,2024-10-22 09:45:47,116 N Oak Park Ave,116,N OAK PARK AVE,,0,0,0,0,Injury,C Injury Crash,Pedestrian,1,Pedestrian,2,1,0,3,$500 or less,0,1,0,0,0,1,1,02,Failing To Yield Right-Of-Way,18,Unable To Determine,17,Pedestrian Crossing Sign,4,Functioning Properly,1,Clear,1,Daylight,2,"Divided, No Median Barrier",1,Dry,1,Slow,1,No Defects,O30,O8,41.8879356,-87.7944717,41.8879967,-87.7943726,1130979.75,1902212.63
31000,24 06425,2406425,X003598032,2024-10-21,13:56:00,2024-10-21 13:56:00,2024-10-23 10:10:18,N Ridgeland Ave/Lake St,,N RIDGELAND AVE,LAKE ST,0,0,0,1,Property Damage,No Injuries,Car,12,Sideswipe - Same Direction,2,2,0,5,"Over $1,500",1,0,0,0,0,0,0,04,Improper Overtaking/Passing,28,Failing To Reduce Speed To Avoid Crash,3,Traffic Signal,4,Functioning Properly,1,Clear,1,Daylight,1,Not Divided,1,Dry,2,Stopped,1,No Defects,O30,O8,41.8883209,-87.7847366,41.8883209,-87.7846985,1133628.00,1902369.13
30994,24 06393,2406393,X003598013,2024-10-21,14:24:00,2024-10-21 14:24:00,2024-10-22 09:45:48,428 Wesley Ave,428,WESLEY AVE,,0,0,0,1,Property Damage,No Injuries,Car,9,Parked Motor Vehicle,2,2,0,4,"$501 to $1,500",1,0,0,0,0,0,0,28,Failing To Reduce Speed To Avoid Crash,15,Driving Skills/Knowledge/Experience,1,No Controls,1,No Controls,1,Clear,1,Daylight,1,Not Divided,1,Dry,3,Free Flow,1,No Defects,O60,O11,41.8804932,-87.7909775,41.8804741,-87.7907105,1131946.38,1899506.25
30992,24 06410,2406410,X003598017,2024-10-21,21:15:00,2024-10-21 21:15:00,2024-10-22 09:45:47,N Harlem Ave/North Ave,,N HARLEM AVE,NORTH AVE,0,0,0,0,Property Damage,No Injuries,Car,11,Front To Rear,2,2,0,3,$500 or less,1,0,0,0,0,0,0,28,Failing To Reduce Speed To Avoid Crash,17,Physical Condition Of Driver,3,Traffic Signal,4,Functioning Properly,1,Clear,5,"Darkness, Lighted Road",1,Not Divided,1,Dry,2,Stopped,1,No Defects,O20,O3,41.9088783,-87.8057938,41.9088860,-87.8057556,1127849.25,1909824.75
30990,24 06411,2406411,X003598026,2024-10-22,06:57:00,2024-10-22 06:57:00,2024-10-22 09:45:47,Roosevelt Rd/Wesley Ave,,ROOSEVELT RD,WESLEY AVE,0,0,0,0,Property Damage,No Injuries,Car,11,Front To Rear,2,2,0,5,"Over $1,500",1,0,0,0,0,0,0,03,Following Too Closely,28,Failing To Reduce Speed To Avoid Crash,1,No Controls,1,No Controls,1,Clear,2,Dawn,4,Two-Way Continuous Left-Turn Lane,1,Dry,2,Stopped,1,No Defects,O90,O17,41.8652344,-87.7913208,41.8652115,-87.7913208,1131889.13,1893944.50
31001,24 06414,2406414,X003598027,2024-10-22,09:29:00,2024-10-22 09:29:00,2024-10-23 10:10:19,324 N Oak Park Ave,324,N OAK PARK AVE,,0,0,0,0,Property Damage,No Injuries,Car,9,Parked Motor Vehicle,3,3,0,5,"Over $1,500",0,1,0,0,0,0,0,20,Improper Lane Usage,99,Not Applicable,1,No Controls,1,No Controls,1,Clear,1,Daylight,2,"Divided, No Median Barrier",1,Dry,3,Free Flow,1,No Defects,O30,O8,41.8915558,-87.7945633,41.8926887,-87.7944107,1130945.00,1903531.25
30997,24 06415,2406415,X003598028,2024-10-22,10:11:00,2024-10-22 10:11:00,2024-10-23 09:59:02,11 Madison St,11,MADISON ST,,0,0,0,1,Property Damage,No Injuries,Car,10,Turning (At Least One Vehicle),2,2,0,4,"$501 to $1,500",1,0,0,0,0,0,0,06,Improper Turning/No Signal,99,Not Applicable,1,No Controls,1,No Controls,1,Clear,1,Daylight,1,Not Divided,1,Dry,3,Free Flow,1,No Defects,O80,O13,41.8800507,-87.7751694,41.8799171,-87.7751694,1136252.38,1899372.38
30998,24 06416,2406416,X003598029,2024-10-22,11:04:00,2024-10-22 11:04:00,2024-10-23 10:04:38,Washington Blvd/S Ridgeland Ave,,WASHINGTON BLVD,S RIDGELAND AVE,0,0,0,0,Property Damage,No Injuries,Car,8,Other Non-Collision,1,1,0,5,"Over $1,500",1,0,0,0,0,0,0,18,Unable To Determine,99,Not Applicable,3,Traffic Signal,4,Functioning Properly,1,Clear,1,Daylight,4,Two-Way Continuous Left-Turn Lane,1,Dry,3,Free Flow,1,No Defects,O50,O10,41.8816948,-87.7845154,41.8817253,-87.7845154,1133704.88,1899954.38
30995,24 06423,2406423,X003598031,2024-10-22,13:41:00,2024-10-22 13:41:00,2024-10-22 15:58:20,Pleasant St/S Euclid Ave,,PLEASANT ST,S EUCLID AVE,0,0,0,1,Property Damage,No Injuries,Car,9,Parked Motor Vehicle,2,2,0,4,"$501 to $1,500",1,0,0,0,0,0,0,28,Failing To Reduce Speed To Avoid Crash,15,Driving Skills/Knowledge/Experience,1,No Controls,1,No Controls,1,Clear,9,Unknown,1,Not Divided,1,Dry,3,Free Flow,1,No Defects,O60,O11,41.8850403,-87.7927628,41.8850746,-87.7927704,1131449.00,1901160.75
31002,24 06424,2406424,X003598035,2024-10-22,13:57:00,2024-10-22 13:57:00,2024-10-23 10:10:19,S Ridgeland Ave/Fillmore St,,S RIDGELAND AVE,FILLMORE ST,1,1,0,0,Injury,B Injury Crash,Car,10,Turning (At Least One Vehicle),2,2,0,5,"Over $1,500",0,1,0,0,1,0,1,03,Following Too Closely,28,Failing To Reduce Speed To Avoid Crash,1,No Controls,1,No Controls,1,Clear,1,Daylight,1,Not Divided,1,Dry,3,Free Flow,1,No Defects,O90,O16,41.8671608,-87.7839889,41.8671532,-87.7840271,1133880.25,1894659.13
31036,24 06428,2406428,X003603860,2024-10-22,16:35:00,2024-10-22 16:35:00,2024-10-28 10:24:19,Roosevelt Rd/Kenilworth Ave,,ROOSEVELT RD,KENILWORTH AVE,1,1,0,0,Property Damage,No Injuries,Car,15,Angle,2,2,0,5,"Over $1,500",1,0,0,0,0,0,0,02,Failing To Yield Right-Of-Way,28,Failing To Reduce Speed To Avoid Crash,2,Stop Sign,4,Functioning Properly,1,Clear,1,Daylight,4,Two-Way Continuous Left-Turn Lane,1,Dry,2,Stopped,1,No Defects,O90,O18,41.8651428,-87.7963638,41.8651199,-87.7963715,1130514.50,1893903.50
31003,24 06436,2406436,X003598254,2024-10-22,18:33:00,2024-10-22 18:33:00,2024-10-23 10:10:19,Jackson Blvd/Euclid Ave,,JACKSON BLVD,EUCLID AVE,1,0,0,1,Property Damage,No Injuries,Car,11,Front To Rear,2,2,0,5,"Over $1,500",1,0,0,0,0,0,0,03,Following Too Closely,15,Driving Skills/Knowledge/Experience,1,No Controls,1,No Controls,1,Clear,1,Daylight,4,Two-Way Continuous Left-Turn Lane,1,Dry,1,Slow,1,No Defects,O60,O14,41.8761063,-87.7929077,41.8761368,-87.7929077,1131432.13,1897904.00
31021,24 06447,2406447,X003603846,2024-10-23,11:04:00,2024-10-23 11:04:00,2024-10-25 09:10:04,Lake St/N Lombard Ave,,LAKE ST,N LOMBARD AVE,1,1,0,0,Injury,B Injury Crash,Car,15,Angle,2,2,0,5,"Over $1,500",0,1,0,0,2,0,2,02,Failing To Yield Right-Of-Way,18,Unable To Determine,2,Stop Sign,4,Functioning Properly,1,Clear,1,Daylight,14,Four-Way Intersection,1,Dry,3,Free Flow,1,No Defects,O30,O7,41.8881493,-87.7798080,41.8881798,-87.7798080,1134970.38,1902315.25
31012,24 06454,2406454,X003598256,2024-10-23,15:17:00,2024-10-23 15:17:00,2024-10-24 08:22:48,Randolph St/Wisconsin Ave,,RANDOLPH ST,WISCONSIN AVE,0,0,0,0,Property Damage,No Injuries,Car,11,Front To Rear,2,2,0,5,"Over $1,500",1,0,0,0,0,0,0,03,Following Too Closely,28,Failing To Reduce Speed To Avoid Crash,1,No Controls,1,No Controls,1,Clear,1,Daylight,1,Not Divided,1,Dry,1,Slow,1,No Defects,O70,O12,41.8832359,-87.8024368,41.8832626,-87.8024368,1128820.13,1900485.88
31013,24 06455,2406455,X003598257,2024-10-23,15:26:00,2024-10-23 15:26:00,2024-10-24 08:22:48,111 S Ridgeland Ave,111,S RIDGELAND AVE,,0,0,0,1,Property Damage,No Injuries,Car,16,Rear To Side,2,2,0,3,$500 or less,1,0,0,0,0,0,0,30,Improper Backing,99,Not Applicable,1,No Controls,1,No Controls,1,Clear,1,Daylight,12,Alley,1,Dry,1,Slow,1,No Defects,O50,O10,41.8865433,-87.7846146,41.8865051,-87.7847977,1133665.88,1901721.88
31005,24 06458,2406458,X003598259,2024-10-23,16:05:00,2024-10-23 16:05:00,2024-10-24 08:17:07,Belleforte Ave/North Ave,,BELLEFORTE AVE,NORTH AVE,0,0,0,1,Property Damage,No Injuries,Car,9,Parked Motor Vehicle,2,2,0,4,"$501 to $1,500",1,0,0,0,0,0,0,28,Failing To Reduce Speed To Avoid Crash,99,Not Applicable,1,No Controls,1,No Controls,1,Clear,1,Daylight,1,Not Divided,1,Dry,1,Slow,1,No Defects,O20,O3,41.9089127,-87.8027268,41.9089127,-87.8026886,1128683.75,1909841.50
31006,24 06459,2406459,X003598260,2024-10-23,16:47:00,2024-10-23 16:47:00,2024-10-24 08:17:08,N Harlem Ave/South Blvd,,N HARLEM AVE,SOUTH BLVD,1,1,0,0,Property Damage,No Injuries,Car,11,Front To Rear,2,2,0,5,"Over $1,500",1,0,0,0,0,0,0,03,Following Too Closely,28,Failing To Reduce Speed To Avoid Crash,3,Traffic Signal,4,Functioning Properly,1,Clear,1,Daylight,2,"Divided, No Median Barrier",1,Dry,1,Slow,1,No Defects,F1,FPPD,41.8866921,-87.8050156,41.8867111,-87.8049927,1128109.63,1901740.13
31004,24 06466,2406466,X003598261,2024-10-23,23:50:00,2024-10-23 23:50:00,2024-10-24 00:55:13,604 S Humphrey Ave,604,S HUMPHREY AVE,,0,0,0,1,Property Damage,No Injuries,Car,9,Parked Motor Vehicle,2,2,0,5,"Over $1,500",1,0,0,0,0,0,0,18,Unable To Determine,28,Failing To Reduce Speed To Avoid Crash,1,No Controls,1,No Controls,1,Clear,3,Dusk,2,"Divided, No Median Barrier",1,Dry,3,Free Flow,1,No Defects,O80,O13,41.8780708,-87.7758713,41.8780174,-87.7756195,1136067.38,1898649.63