record_id,report_number,crash_id,idot_crash_number,date,time,occurred_at,record_added_at,location,street_number,street_name,cross_street,at_intersection,intersection_related,private_property,hit_and_run,crash_severity,crash_injury_severity,crash_mode,crash_type_code,crash_type,total_units,num_motor_vehicles,dooring_pedalcyclist,damage_code,damage,no_injury_drive_away,injury_or_towed,fatalities,a_injuries,b_injuries,c_injuries,total_injured,cause1_code,cause1,cause2_code,cause2,traffic_control_code,traffic_control,device_condition_code,device_condition,weather_code,weather,lighting_code,lighting,trafficway_code,trafficway,road_surface_code,road_surface,flow_condition_code,flow_condition,road_defects_code,road_defects,beat_zone,post_district,latitude,longitude,latitude_geocoded,longitude_geocoded,state_plane_x,state_plane_y
31019,24 06476,2406476,X003603844,2024-10-24,11:49:00,2024-10-24 11:49:00,2024-10-25 09:10:03,Division St/N Ridgeland Ave,,DIVISION ST,N RIDGELAND AVE,1,1,0,0,Property Damage,No Injuries,Car,12,Sideswipe - Same Direction,2,2,0,4,"$501 to $1,500",1,0,0,0,0,0,0,20,Improper Lane Usage,28,Failing To Reduce Speed To Avoid Crash,3,Traffic Signal,4,Functioning Properly,1,Clear,1,Daylight,14,Four-Way Intersection,1,Dry,3,Free Flow,1,No Defects,O10,O4,41.9018593,-87.7841949,41.9018860,-87.7848740,1133744.00,1907303.25
31018,24 06479,2406479,X003603843,2024-10-24,13:36:00,2024-10-24 13:36:00,2024-10-25 09:10:03,709 S Elmwood Ave,709,S ELMWOOD AVE,,0,0,0,0,Property Damage,No Injuries,Car,9,Parked Motor Vehicle,2,2,0,5,"Over $1,500",1,0,0,0,0,0,0,18,Unable To Determine,99,Not Applicable,1,No Controls,1,No Controls,1,Clear,1,Daylight,1,Not Divided,1,Dry,1,Slow,1,No Defects,O60,O14,41.8760986,-87.7855225,41.8758850,-87.7857284,1133442.38,1897913.50
31048,24 06484,2406484,X003603873,2024-10-24,15:39:00,2024-10-24 15:39:00,2024-10-29 08:29:49,719 Lake St,719,LAKE ST,,0,0,0,1,Property Damage,No Injuries,Car,9,Parked Motor Vehicle,2,2,0,5,"Over $1,500",0,1,0,0,0,0,0,28,Failing To Reduce Speed To Avoid Crash,99,Not Applicable,1,No Controls,1,No Controls,1,Clear,1,Daylight,1,Not Divided,1,Dry,3,Free Flow,1,No Defects,O30,O8,41.8885841,-87.7936020,41.8885536,-87.7935257,1131213.75,1902450.25
31020,24 06487,2406487,X003603845,2024-10-24,20:32:00,2024-10-24 20:32:00,2024-10-25 09:10:03,Roosevelt Rd/Clinton Ave,,ROOSEVELT RD,CLINTON AVE,0,0,0,1,Property Damage,No Injuries,Car,12,Sideswipe - Same Direction,2,2,0,3,$500 or less,1,0,0,0,0,0,0,28,Failing To Reduce Speed To Avoid Crash,20,Improper Lane Usage,1,No Controls,1,No Controls,1,Clear,5,"Darkness, Lighted Road",1,Not Divided,1,Dry,3,Free Flow,1,No Defects,O90,O18,41.8651238,-87.7976685,41.8650932,-87.7976685,1130160.00,1893893.00
31027,24 06492,2406492,X003603850,2024-10-25,08:43:00,2024-10-25 08:43:00,2024-10-28 10:07:16,N Oak Park Ave/North Blvd,,N OAK PARK AVE,NORTH BLVD,0,0,0,0,Property Damage,No Injuries,Car,11,Front To Rear,2,2,0,3,$500 or less,1,0,0,0,0,0,0,03,Following Too Closely,28,Failing To Reduce Speed To Avoid Crash,3,Traffic Signal,4,Functioning Properly,1,Clear,1,Daylight,2,"Divided, No Median Barrier",1,Dry,3,Free Flow,1,No Defects,O40,O9,41.8873062,-87.7945175,41.8873138,-87.7944794,1130966.88,1901982.38
31038,24 06493,2406493,X003603863,2024-10-25,09:28:00,2024-10-25 09:28:00,2024-10-28 10:24:20,S Oak Park Ave/Washington Blvd,,S OAK PARK AVE,WASHINGTON BLVD,0,0,0,0,Property Damage,No Injuries,Car,11,Front To Rear,3,3,0,4,"$501 to $1,500",1,0,0,0,0,0,0,18,Unable To Determine,18,Unable To Determine,3,Traffic Signal,4,Functioning Properly,8,Cloudy/Overcast,1,Daylight,1,Not Divided,2,Wet,1,Slow,1,No Defects,O60,O11,41.8815651,-87.7942734,41.8815613,-87.7943115,1131046.38,1899891.13
31028,24 06494,2406494,X003603851,2024-10-25,09:44:00,2024-10-25 09:44:00,2024-10-28 10:01:37,815 S Humphrey Ave,815,S HUMPHREY AVE,,0,0,0,1,Property Damage,No Injuries,Car,9,Parked Motor Vehicle,2,2,0,4,"$501 to $1,500",1,0,0,0,0,0,0,18,Unable To Determine,99,Not Applicable,1,No Controls,1,No Controls,1,Clear,1,Daylight,1,Not Divided,2,Wet,3,Free Flow,1,No Defects,O80,O13,41.8740578,-87.7756424,41.8740196,-87.7758865,1136138.88,1897187.88
31039,24 06502,2406502,X003603864,2024-10-25,14:54:00,2024-10-25 14:54:00,2024-10-28 10:24:20,111 Garfield St,111,GARFIELD ST,,0,0,0,1,Property Damage,No Injuries,Car,9,Parked Motor Vehicle,2,2,0,3,$500 or less,1,0,0,0,0,0,0,18,Unable To Determine,18,Unable To Determine,1,No Controls,1,No Controls,1,Clear,1,Daylight,1,Not Divided,1,Dry,3,Free Flow,1,No Defects,O90,O16,41.8705749,-87.7770538,41.8703308,-87.7773056,1135761.25,1895916.13
31032,24 06509,2406509,X003603857,2024-10-25,17:29:00,2024-10-25 17:29:00,2024-10-28 10:07:16,Lake St/N Oak Park Ave,,LAKE ST,N OAK PARK AVE,0,0,0,0,Property Damage,No Injuries,Car,11,Front To Rear,2,2,0,3,$500 or less,1,0,0,0,0,0,0,03,Following Too Closely,28,Failing To Reduce Speed To Avoid Crash,3,Traffic Signal,4,Functioning Properly,1,Clear,1,Daylight,1,Not Divided,1,Dry,3,Free Flow,1,No Defects,O40,O9,41.8886185,-87.7945175,41.8886452,-87.7945251,1130963.00,1902460.13
31037,24 06515,2406515,X003603861,2024-10-25,23:15:00,2024-10-25 23:15:00,2024-10-28 10:24:20,S Maple/Madison St,,S MAPLE,MADISON ST,0,0,0,0,Property Damage,No Injuries,Car,10,Turning (At Least One Vehicle),2,2,0,5,"Over $1,500",1,0,0,0,0,0,0,28,Failing To Reduce Speed To Avoid Crash,15,Driving Skills/Knowledge/Experience,2,Stop Sign,1,No Controls,1,Clear,5,"Darkness, Lighted Road",1,Not Divided,1,Dry,3,Free Flow,1,No Defects,O70,O12,41.8796234,-87.8038330,41.8796196,-87.8038635,1128448.88,1899167.25
31040,24 06522,2406522,X003603865,2024-10-26,10:15:00,2024-10-26 10:15:00,2024-10-28 10:24:21,Roosevelt Rd/Clarence Ave,,ROOSEVELT RD,CLARENCE AVE,1,1,0,0,Injury,C Injury Crash,Car,10,Turning (At Least One Vehicle),2,2,0,4,"$501 to $1,500",0,1,0,0,0,1,1,02,Failing To Yield Right-Of-Way,28,Failing To Reduce Speed To Avoid Crash,2,Stop Sign,4,Functioning Properly,1,Clear,1,Daylight,4,Two-Way Continuous Left-Turn Lane,1,Dry,2,Stopped,1,No Defects,O90,O17,41.8652534,-87.7900925,41.8652267,-87.7900925,1132223.25,1893954.50
31023,24 06524,2406524,X003603848,2024-10-26,11:35:00,2024-10-26 11:35:00,2024-10-26 12:49:03,S Harlem Ave/Lexington St,,S HARLEM AVE,LEXINGTON ST,1,1,0,0,Property Damage,No Injuries,Car,10,Turning (At Least One Vehicle),2,2,0,4,"$501 to $1,500",1,0,0,0,0,0,0,02,Failing To Yield Right-Of-Way,28,Failing To Reduce Speed To Avoid Crash,2,Stop Sign,4,Functioning Properly,1,Clear,1,Daylight,1,Not Divided,1,Dry,3,Free Flow,1,No Defects,O90,O18,41.8704796,-87.8043671,41.8704834,-87.8043976,1128323.00,1895834.00
31034,24 06529,2406529,X003603859,2024-10-26,15:03:00,2024-10-26 15:03:00,2024-10-28 10:24:18,Woodbine Ave/North Ave,,WOODBINE AVE,NORTH AVE,0,0,0,1,Property Damage,No Injuries,Car,9,Parked Motor Vehicle,2,2,0,4,"$501 to $1,500",1,0,0,0,0,0,0,30,Improper Backing,18,Unable To Determine,1,No Controls,1,No Controls,1,Clear,1,Daylight,1,Not Divided,1,Dry,3,Free Flow,1,No Defects,O20,O3,41.9089584,-87.7996445,41.9089699,-87.7996063,1129522.13,1909863.63
31031,24 06533,2406533,X003603856,2024-10-26,16:39:00,2024-10-26 16:39:00,2024-10-28 10:07:15,Jackson Blvd/S Taylor Ave,,JACKSON BLVD,S TAYLOR AVE,1,1,0,1,Property Damage,No Injuries,Car,15,Angle,2,2,0,5,"Over $1,500",1,0,0,0,0,0,0,02,Failing To Yield Right-Of-Way,28,Failing To Reduce Speed To Avoid Crash,1,No Controls,1,No Controls,1,Clear,1,Daylight,1,Not Divided,1,Dry,3,Free Flow,1,No Defects,O80,O13,41.8764420,-87.7781906,41.8764153,-87.7781982,1135438.00,1898051.75
31030,24 06534,2406534,X003603854,2024-10-26,18:33:00,2024-10-26 18:33:00,2024-10-28 10:12:53,1316 N Austin Blvd,1316,N AUSTIN BLVD,,0,0,0,0,Property Damage,No Injuries,Car,12,Sideswipe - Same Direction,2,2,0,3,$500 or less,1,0,0,0,0,0,0,02,Failing To Yield Right-Of-Way,18,Unable To Determine,1,No Controls,1,No Controls,1,Clear,5,"Darkness, Lighted Road",2,"Divided, No Median Barrier",1,Dry,3,Free Flow,1,No Defects,O10,O1,41.9044800,-87.7754135,41.9044952,-87.7756348,1136129.13,1908273.25
31035,24 06545,2406545,X003604405,2024-10-27,09:50:00,2024-10-27 09:50:00,2024-10-28 10:24:19,744 S East Ave,744,S EAST AVE,,0,0,0,1,Property Damage,No Injuries,Car,11,Front To Rear,2,2,0,4,"$501 to $1,500",1,0,0,0,0,0,0,18,Unable To Determine,18,Unable To Determine,2,Stop Sign,4,Functioning Properly,1,Clear,5,"Darkness, Lighted Road",1,Not Divided,1,Dry,3,Free Flow,1,No Defects,O60,O14,41.8753853,-87.7892456,41.8746147,-87.7890167,1132429.25,1897647.75
31033,24 06547,2406547,X003603858,2024-10-27,12:30:00,2024-10-27 12:30:00,2024-10-28 10:18:33,417 N Harlem Ave,417,N HARLEM AVE,,0,0,0,0,Property Damage,No Injuries,Car,11,Front To Rear,2,2,0,4,"$501 to $1,500",1,0,0,0,0,0,0,04,Improper Overtaking/Passing,99,Not Applicable,1,No Controls,1,No Controls,1,Clear,1,Daylight,1,Not Divided,1,Dry,3,Free Flow,1,No Defects,O40,O9,41.8877716,-87.8050537,41.8875923,-87.8048477,1128097.00,1902134.88
31024,24 06551,2406551,X003603849,2024-10-27,14:49:00,2024-10-27 14:49:00,2024-10-27 16:30:17,Ontario St/N Grove Ave,,ONTARIO ST,N GROVE AVE,1,1,0,0,Property Damage,No Injuries,Pedalcyclist,2,Pedalcyclist,2,1,0,3,$500 or less,1,0,0,0,0,0,0,02,Failing To Yield Right-Of-Way,28,Failing To Reduce Speed To Avoid Crash,2,Stop Sign,4,Functioning Properly,1,Clear,1,Daylight,1,Not Divided,1,Dry,1,Slow,1,No Defects,O40,O9,41.8901634,-87.7960587,41.8901939,-87.7960587,1130540.88,1903021.13
31049,24 06558,2406558,X003603875,2024-10-28,06:19:00,2024-10-28 06:19:00,2024-10-29 08:24:01,N Austin Blvd/Greenfield,,N AUSTIN BLVD,GREENFIELD,1,1,0,0,Injury,B Injury Crash,Pedestrian,1,Pedestrian,2,1,0,3,$500 or less,0,1,0,0,1,0,1,02,Failing To Yield Right-Of-Way,02,Failing To Yield Right-Of-Way,1,No Controls,1,No Controls,1,Clear,5,"Darkness, Lighted Road",1,Not Divided,1,Dry,3,Free Flow,1,No Defects,O10,O1,41.9058800,-87.7754593,41.9058800,-87.7754898,1136113.50,1908783.88
31050,24 06560,2406560,X003603877,2024-10-28,08:42:00,2024-10-28 08:42:00,2024-10-29 08:24:01,1111 S Grove Ave,1111,S GROVE AVE,,0,0,0,0,Property Damage,No Injuries,Car,12,Sideswipe - Same Direction,2,2,0,4,"$501 to $1,500",1,0,0,0,0,0,0,02,Failing To Yield Right-Of-Way,18,Unable To Determine,1,No Controls,1,No Controls,1,Clear,1,Daylight,10,One-Way,1,Dry,3,Free Flow,1,No Defects,O90,O18,41.8683777,-87.7951355,41.8682785,-87.7953415,1130841.75,1895084.63
31044,24 06562,2406562,X003603869,2024-10-28,10:06:00,2024-10-28 10:06:00,2024-10-29 08:24:00,Ontario St/N Ridgeland Ave,,ONTARIO ST,N RIDGELAND AVE,1,1,0,0,Property Damage,No Injuries,Car,15,Angle,2,2,0,4,"$501 to $1,500",1,0,0,0,0,0,0,02,Failing To Yield Right-Of-Way,02,Failing To Yield Right-Of-Way,2,Stop Sign,4,Functioning Properly,1,Clear,1,Daylight,1,Not Divided,1,Dry,3,Free Flow,1,No Defects,O30,O7,41.8903351,-87.7847519,41.8903656,-87.7847519,1133619.75,1903102.75
31181,24 06564,2406564,X003629136,2024-10-28,10:38:00,2024-10-28 10:38:00,2024-11-18 13:42:34,Chicago Ave/N Humphrey Ave,,CHICAGO AVE,N HUMPHREY AVE,0,0,0,0,Property Damage,No Injuries,Car,15,Angle,2,2,0,3,$500 or less,1,0,0,0,0,0,0,30,Improper Backing,99,Not Applicable,1,No Controls,1,No Controls,1,Clear,1,Daylight,12,Alley,1,Dry,3,Free Flow,1,No Defects,O10,O4,41.8947144,-87.7767563,41.8946838,-87.7767563,1135785.50,1904712.25
31051,24 06565,2406565,X003603878,2024-10-28,11:15:00,2024-10-28 11:15:00,2024-10-29 08:24:02,Roosevelt Rd/S Ridgeland Ave,,ROOSEVELT RD,S RIDGELAND AVE,1,1,0,0,Property Damage,No Injuries,Car,10,Turning (At Least One Vehicle),2,2,0,4,"$501 to $1,500",1,0,0,0,0,0,0,02,Failing To Yield Right-Of-Way,04,Improper Overtaking/Passing,3,Traffic Signal,4,Functioning Properly,1,Clear,1,Daylight,2,"Divided, No Median Barrier",1,Dry,3,Free Flow,1,No Defects,O90,O16,41.8653641,-87.7839661,41.8653374,-87.7839661,1133892.13,1894004.13
31045,24 06570,2406570,X003603870,2024-10-28,15:47:00,2024-10-28 15:47:00,2024-10-29 08:18:18,Fillmore St/S Ridgeland Ave,,FILLMORE ST,S RIDGELAND AVE,1,1,0,1,Property Damage,No Injuries,Car,10,Turning (At Least One Vehicle),2,2,0,3,$500 or less,1,0,0,0,0,0,0,28,Failing To Reduce Speed To Avoid Crash,18,Unable To Determine,2,Stop Sign,4,Functioning Properly,1,Clear,1,Daylight,1,Not Divided,1,Dry,3,Free Flow,1,No Defects,O90,O16,41.8671265,-87.7840271,41.8671532,-87.7840271,1133871.38,1894647.38
31043,24 06571,2406571,X003603868,2024-10-28,16:01:00,2024-10-28 16:01:00,2024-10-29 08:24:00,N Euclid Ave/Iowa St,,N EUCLID AVE,IOWA ST,1,1,0,0,Property Damage,No Injuries,Car,15,Angle,2,2,0,5,"Over $1,500",1,0,0,0,0,0,0,02,Failing To Yield Right-Of-Way,18,Unable To Determine,2,Stop Sign,4,Functioning Properly,8,Cloudy/Overcast,1,Daylight,14,Four-Way Intersection,1,Dry,3,Free Flow,1,No Defects,O20,O5,41.8962707,-87.7929382,41.8962784,-87.7929001,1131376.13,1905252.50
31046,24 06574,2406574,X003603871,2024-10-28,17:55:00,2024-10-28 17:55:00,2024-10-29 08:24:01,S Harlem Ave/I290 E,,S HARLEM AVE,I290 E,1,0,0,1,Property Damage,No Injuries,Car,10,Turning (At Least One Vehicle),2,2,0,3,$500 or less,1,0,0,0,0,0,0,06,Improper Turning/No Signal,18,Unable To Determine,3,Traffic Signal,4,Functioning Properly,1,Clear,5,"Darkness, Lighted Road",3,Divided With Median Barrier,1,Dry,3,Free Flow,1,No Defects,O90,O18,41.8735123,-87.8044891,41.8736153,-87.8045197,1128283.25,1896939.50
31047,24 06578,2406578,X003603872,2024-10-28,19:50:00,2024-10-28 19:50:00,2024-10-29 08:29:49,S Ridgeland Ave/Pleasant St,,S RIDGELAND AVE,PLEASANT ST,1,1,0,0,Property Damage,No Injuries,Car,15,Angle,2,2,0,3,$500 or less,1,0,0,0,0,0,0,23,Disregarding Stop Sign,28,Failing To Reduce Speed To Avoid Crash,2,Stop Sign,4,Functioning Properly,1,Clear,5,"Darkness, Lighted Road",15,T-Intersection,1,Dry,3,Free Flow,1,No Defects,O50,O10,41.8852119,-87.7845764,41.8852081,-87.7846069,1133679.25,1901236.63
31055,24 06583,2406583,X003606289,2024-10-29,03:53:00,2024-10-29 03:53:00,2024-10-30 10:32:25,706 N Oak Park Ave,706,N OAK PARK AVE,,0,0,0,0,Injury,C Injury Crash,Car,14,Front To Front,2,2,0,5,"Over $1,500",0,1,0,0,0,2,2,28,Failing To Reduce Speed To Avoid Crash,18,Unable To Determine,1,No Controls,1,No Controls,1,Clear,5,"Darkness, Lighted Road",1,Not Divided,1,Dry,3,Free Flow,1,No Defects,O20,O5,41.8982849,-87.7947464,41.8984184,-87.7944794,1130880.75,1905983.50
31133,24 06819,2406819,,2024-10-29,09:00:00,2024-10-29 09:00:00,2024-11-11 11:18:52,514 Adams St,514,ADAMS ST,,0,0,0,0,Property Damage,No Injuries,Car,18,Rear To Front,2,2,0,5,"Over $1,500",1,0,0,0,0,0,0,30,Improper Backing,15,Driving Skills/Knowledge/Experience,1,No Controls,1,No Controls,1,Clear,1,Daylight,1,Not Divided,1,Dry,3,Free Flow,1,No Defects,O60,O14,41.8780823,-87.7877045,41.8781624,-87.7876205,1132843.00,1898632.38
31053,24 06587,2406587,X003605234,2024-10-29,11:17:00,2024-10-29 11:17:00,2024-10-29 15:32:44,Madison St/N Austin Blvd,,MADISON ST,N AUSTIN BLVD,0,0,0,1,Property Damage,No Injuries,Car,18,Rear To Front,2,2,0,3,$500 or less,1,0,0,0,0,0,0,30,Improper Backing,28,Failing To Reduce Speed To Avoid Crash,1,No Controls,1,No Controls,1,Clear,1,Daylight,7,Parking Lot,1,Dry,1,Slow,1,No Defects,O80,O13,41.8800621,-87.7746582,41.8800888,-87.7746582,1136391.38,1899377.50
31054,24 06591,2406591,X003605022,2024-10-29,13:40:00,2024-10-29 13:40:00,2024-10-29 15:32:44,Washington Blvd/S Oak Park Ave,,WASHINGTON BLVD,S OAK PARK AVE,1,0,0,0,Property Damage,No Injuries,Car,12,Sideswipe - Same Direction,2,2,0,5,"Over $1,500",1,0,0,0,0,0,0,20,Improper Lane Usage,18,Unable To Determine,1,No Controls,1,No Controls,1,Clear,1,Daylight,2,"Divided, No Median Barrier",1,Dry,3,Free Flow,1,No Defects,O60,O11,41.8815384,-87.7943115,41.8815613,-87.7943115,1131037.25,1899880.13
31056,24 06597,2406597,X003606290,2024-10-29,17:53:00,2024-10-29 17:53:00,2024-10-30 10:32:25,S Austin Blvd/Jackson Blvd,,S AUSTIN BLVD,JACKSON BLVD,0,0,0,0,Property Damage,No Injuries,Car,12,Sideswipe - Same Direction,2,2,0,4,"$501 to $1,500",1,0,0,0,0,0,0,03,Following Too Closely,20,Improper Lane Usage,1,No Controls,1,No Controls,1,Clear,5,"Darkness, Lighted Road",1,Not Divided,1,Dry,3,Free Flow,1,No Defects,O80,O13,41.8764229,-87.7745743,41.8764229,-87.7745361,1136424.63,1898051.75
31068,24 06596,2406596,X003608469,2024-10-29,17:53:00,2024-10-29 17:53:00,2024-11-01 07:49:16,North Blvd/N Harlem Ave,,NORTH BLVD,N HARLEM AVE,1,0,0,1,Property Damage,No Injuries,Car,12,Sideswipe - Same Direction,2,2,0,3,$500 or less,1,0,0,0,0,0,0,28,Failing To Reduce Speed To Avoid Crash,18,Unable To Determine,3,Traffic Signal,1,No Controls,1,Clear,5,"Darkness, Lighted Road",2,"Divided, No Median Barrier",1,Dry,1,Slow,1,No Defects,O40,O9,41.8871002,-87.8049927,41.8871231,-87.8049927,1128115.75,1901889.63
31066,24 06606,2406606,X003606585,2024-10-30,09:20:00,2024-10-30 09:20:00,2024-10-31 08:12:27,North Ave/Rossell Ave,,NORTH AVE,ROSSELL AVE,1,1,0,0,Property Damage,No Injuries,Car,15,Angle,2,2,0,5,"Over $1,500",1,0,0,0,0,0,0,02,Failing To Yield Right-Of-Way,15,Driving Skills/Knowledge/Experience,2,Stop Sign,4,Functioning Properly,1,Clear,1,Daylight,1,Not Divided,1,Dry,3,Free Flow,1,No Defects,O20,O2,41.9091034,-87.7860489,41.9091301,-87.7860565,1133222.13,1909939.63
31086,24 06608,2406608,X003614798,2024-10-30,10:14:00,2024-10-30 10:14:00,2024-11-04 09:13:23,1029 South Blvd,1029,SOUTH BLVD,,0,0,0,0,Property Damage,No Injuries,Car,8,Other Non-Collision,2,1,0,3,$500 or less,1,0,0,0,0,0,0,99,Not Applicable,99,Not Applicable,1,No Controls,1,No Controls,6,Severe Cross Wind,1,Daylight,8,Other,1,Dry,1,Slow,1,No Defects,O70,O12,41.8867302,-87.8014297,41.8866768,-87.8015518,1129086.00,1901760.13
31062,24 06610,2406610,X003606588,2024-10-30,11:13:00,2024-10-30 11:13:00,2024-10-31 08:12:26,Washington Blvd/Wisconsin Ave,,WASHINGTON BLVD,WISCONSIN AVE,1,1,0,0,Property Damage,No Injuries,Pedestrian,1,Pedestrian,2,1,0,5,"Over $1,500",1,0,0,0,0,0,0,02,Failing To Yield Right-Of-Way,28,Failing To Reduce Speed To Avoid Crash,3,Traffic Signal,4,Functioning Properly,1,Clear,1,Daylight,2,"Divided, No Median Barrier",1,Dry,3,Free Flow,1,No Defects,O70,O12,41.8814163,-87.8023682,41.8814468,-87.8023682,1128842.63,1899822.13
31059,24 06611,2406611,X003606595,2024-10-30,12:33:00,2024-10-30 12:33:00,2024-10-31 08:12:25,Lake St/N Harlem Ave,,LAKE ST,N HARLEM AVE,0,0,0,0,Injury,C Injury Crash,Car,10,Turning (At Least One Vehicle),2,2,0,5,"Over $1,500",0,1,0,0,0,1,1,06,Improper Turning/No Signal,28,Failing To Reduce Speed To Avoid Crash,3,Traffic Signal,4,Functioning Properly,1,Clear,1,Daylight,1,Not Divided,1,Dry,3,Free Flow,1,No Defects,O40,O9,41.8885536,-87.8050537,41.8885841,-87.8050537,1128096.13,1902419.63
31061,24 06612,2406612,X003606597,2024-10-30,13:07:00,2024-10-30 13:07:00,2024-10-31 08:12:26,Westgate St/N Harlem Ave,,WESTGATE ST,N HARLEM AVE,0,0,0,0,Property Damage,No Injuries,Car,11,Front To Rear,3,3,0,5,"Over $1,500",1,0,0,0,0,0,0,02,Failing To Yield Right-Of-Way,15,Driving Skills/Knowledge/Experience,1,No Controls,1,No Controls,1,Clear,1,Daylight,1,Not Divided,1,Dry,3,Free Flow,1,No Defects,O40,O9,41.8878250,-87.8050156,41.8878555,-87.8050232,1128107.75,1902154.38
31065,24 06618,2406618,X003606606,2024-10-30,15:28:00,2024-10-30 15:28:00,2024-10-31 08:12:27,161 N Harlem Ave,161,N HARLEM AVE,,0,0,0,0,Property Damage,No Injuries,Car,10,Turning (At Least One Vehicle),2,2,0,5,"Over $1,500",1,0,0,0,0,0,0,15,Driving Skills/Knowledge/Experience,99,Not Applicable,1,No Controls,1,No Controls,1,Clear,1,Daylight,2,"Divided, No Median Barrier",1,Dry,3,Free Flow,1,No Defects,O70,O12,41.8825226,-87.8048172,41.8825150,-87.8047028,1128173.75,1900222.63
31064,24 06616,2406616,X003606619,2024-10-30,15:58:00,2024-10-30 15:58:00,2024-10-31 08:12:27,216 S Austin Blvd,216,S AUSTIN BLVD,,0,0,0,0,Injury,B Injury Crash,Car,12,Sideswipe - Same Direction,3,3,0,5,"Over $1,500",0,1,0,0,1,0,1,04,Improper Overtaking/Passing,18,Unable To Determine,1,No Controls,1,No Controls,1,Clear,1,Daylight,1,Not Divided,1,Dry,3,Free Flow,1,No Defects,O80,O13,41.8769608,-87.7745895,41.8770981,-87.7747574,1136418.38,1898247.75
31072,24 06621,2406621,X003608473,2024-10-30,17:40:00,2024-10-30 17:40:00,2024-11-01 08:00:39,438 Madison St,438,MADISON ST,,0,0,0,0,Property Damage,No Injuries,Car,12,Sideswipe - Same Direction,2,2,0,5,"Over $1,500",1,0,0,0,0,0,0,02,Failing To Yield Right-Of-Way,15,Driving Skills/Knowledge/Experience,1,No Controls,1,No Controls,1,Clear,1,Daylight,2,"Divided, No Median Barrier",1,Dry,3,Free Flow,1,No Defects,O60,O11,41.8799248,-87.7863770,41.8800697,-87.7867050,1133201.50,1899307.38
31063,24 06624,2406624,X003606607,2024-10-30,20:02:00,2024-10-30 20:02:00,2024-10-31 08:12:26,Lake St/N Harlem Ave,,LAKE ST,N HARLEM AVE,0,0,0,0,Property Damage,No Injuries,Car,12,Sideswipe - Same Direction,2,2,0,3,$500 or less,1,0,0,0,0,0,0,20,Improper Lane Usage,18,Unable To Determine,1,No Controls,1,No Controls,1,Clear,5,"Darkness, Lighted Road",2,"Divided, No Median Barrier",1,Dry,3,Free Flow,1,No Defects,O40,O9,41.8885536,-87.8050537,41.8885841,-87.8050537,1128096.13,1902419.63
31058,24 06626,2406626,X003606608,2024-10-30,21:44:00,2024-10-30 21:44:00,2024-10-31 08:01:01,N Humphrey Ave/Ontario St,,N HUMPHREY AVE,ONTARIO ST,1,0,0,0,Property Damage,No Injuries,Car,9,Parked Motor Vehicle,2,2,0,3,$500 or less,1,0,0,0,0,0,0,30,Improper Backing,14,"Vision Obscured (Signs, Tree Limbs, Buildings",1,No Controls,1,No Controls,1,Clear,4,Darkness,1,Not Divided,1,Dry,3,Free Flow,10,Other,O30,O7,41.8904762,-87.7766647,41.8904839,-87.7766266,1135820.88,1903168.38
31074,24 06632,2406632,X003608475,2024-10-31,07:27:00,2024-10-31 07:27:00,2024-11-01 08:00:40,831 S Grove Ave,831,S GROVE AVE,,0,0,0,1,Property Damage,No Injuries,Car,9,Parked Motor Vehicle,2,2,0,5,"Over $1,500",1,0,0,0,0,0,0,18,Unable To Determine,18,Unable To Determine,1,No Controls,1,No Controls,1,Clear,9,Unknown,1,Not Divided,1,Dry,3,Free Flow,1,No Defects,O60,O15,41.8742676,-87.7952270,41.8743172,-87.7954025,1130803.13,1897230.88
31071,24 06631,2406631,X003608472,2024-10-31,07:36:00,2024-10-31 07:36:00,2024-11-01 07:54:59,238 Madison St,238,MADISON ST,,0,0,0,0,Property Damage,No Injuries,Car,9,Parked Motor Vehicle,2,2,0,3,$500 or less,0,1,0,0,0,0,0,15,Driving Skills/Knowledge/Experience,18,Unable To Determine,1,No Controls,1,No Controls,2,Rain,1,Daylight,2,"Divided, No Median Barrier",2,Wet,1,Slow,1,No Defects,O80,O13,41.8800087,-87.7812195,41.8801498,-87.7813568,1134605.75,1899346.38
31073,24 06639,2406639,X003608474,2024-10-31,11:29:00,2024-10-31 11:29:00,2024-11-01 08:00:40,Roosevelt Rd/East Ave,,ROOSEVELT RD,EAST AVE,1,1,0,0,Property Damage,No Injuries,Car,15,Angle,2,2,0,4,"$501 to $1,500",1,0,0,0,0,0,0,02,Failing To Yield Right-Of-Way,28,Failing To Reduce Speed To Avoid Crash,3,Traffic Signal,4,Functioning Properly,2,Rain,1,Daylight,1,Not Divided,2,Wet,1,Slow,1,No Defects,O90,O17,41.8652763,-87.7888641,41.8652534,-87.7888641,1132558.38,1893964.75
31069,24 06641,2406641,X003608470,2024-10-31,12:04:00,2024-10-31 12:04:00,2024-11-01 08:00:39,S Ridgeland Ave/Randolph St,,S RIDGELAND AVE,RANDOLPH ST,1,1,0,1,Property Damage,No Injuries,Car,15,Angle,2,2,0,5,"Over $1,500",1,0,0,0,0,0,0,18,Unable To Determine,18,Unable To Determine,1,No Controls,1,No Controls,1,Clear,1,Daylight,14,Four-Way Intersection,1,Dry,1,Slow,1,No Defects,O50,O10,41.8834534,-87.7845306,41.8834534,-87.7845612,1133696.75,1900596.25