record_id,report_number,crash_id,idot_crash_number,date,time,occurred_at,record_added_at,location,street_number,street_name,cross_street,at_intersection,intersection_related,private_property,hit_and_run,crash_severity,crash_injury_severity,crash_mode,crash_type_code,crash_type,total_units,num_motor_vehicles,dooring_pedalcyclist,damage_code,damage,no_injury_drive_away,injury_or_towed,fatalities,a_injuries,b_injuries,c_injuries,total_injured,cause1_code,cause1,cause2_code,cause2,traffic_control_code,traffic_control,device_condition_code,device_condition,weather_code,weather,lighting_code,lighting,trafficway_code,trafficway,road_surface_code,road_surface,flow_condition_code,flow_condition,road_defects_code,road_defects,beat_zone,post_district,latitude,longitude,latitude_geocoded,longitude_geocoded,state_plane_x,state_plane_y
31070,24 06643,2406643,X003608471,2024-10-31,13:21:00,2024-10-31 13:21:00,2024-11-01 08:00:39,N Ridgeland Ave/Lake St,,N RIDGELAND AVE,LAKE ST,1,1,0,0,Property Damage,No Injuries,Car,12,Sideswipe - Same Direction,2,2,0,5,"Over $1,500",1,0,0,0,0,0,0,04,Improper Overtaking/Passing,28,Failing To Reduce Speed To Avoid Crash,3,Traffic Signal,4,Functioning Properly,8,Cloudy/Overcast,1,Daylight,4,Two-Way Continuous Left-Turn Lane,1,Dry,3,Free Flow,1,No Defects,O30,O8,41.8883209,-87.7847366,41.8883209,-87.7846985,1133628.00,1902369.13
31076,24 06647,2406647,X003608477,2024-10-31,16:48:00,2024-10-31 16:48:00,2024-11-01 08:00:41,Highland Ave/Harvard St,,HIGHLAND AVE,HARVARD ST,0,0,0,0,Injury,C Injury Crash,Pedestrian,1,Pedestrian,2,1,0,3,$500 or less,0,1,0,0,0,1,1,02,Failing To Yield Right-Of-Way,28,Failing To Reduce Speed To Avoid Crash,2,Stop Sign,4,Functioning Properly,1,Clear,1,Daylight,1,Not Divided,1,Dry,1,Slow,1,No Defects,O90,O16,41.8690185,-87.7815933,41.8690185,-87.7816315,1134528.38,1895341.63
31131,24 06648,2406648,X003620021,2024-10-31,18:35:00,2024-10-31 18:35:00,2024-11-11 11:13:10,N Harlem Ave/North Ave,,N HARLEM AVE,NORTH AVE,0,0,0,0,Injury,B Injury Crash,Car,11,Front To Rear,2,2,0,5,"Over $1,500",0,1,0,0,1,0,1,03,Following Too Closely,28,Failing To Reduce Speed To Avoid Crash,1,No Controls,1,No Controls,1,Clear,1,Daylight,2,"Divided, No Median Barrier",1,Dry,2,Stopped,1,No Defects,O20,O3,41.9088783,-87.8057938,41.9088860,-87.8057556,1127849.25,1909824.75
31075,24 06659,2406659,X003608476,2024-10-31,19:39:00,2024-10-31 19:39:00,2024-11-01 08:00:40,N Taylor Ave/Iowa St,,N TAYLOR AVE,IOWA ST,0,0,0,1,Property Damage,No Injuries,Car,11,Front To Rear,2,2,0,4,"$501 to $1,500",1,0,0,0,0,0,0,28,Failing To Reduce Speed To Avoid Crash,18,Unable To Determine,2,Stop Sign,1,No Controls,1,Clear,3,Dusk,1,Not Divided,1,Dry,2,Stopped,1,No Defects,O10,O4,41.8964844,-87.7784805,41.8964958,-87.7784424,1135312.50,1905355.50
31084,24 06661,2406661,X003612766,2024-11-01,08:33:00,2024-11-01 08:33:00,2024-11-04 09:13:23,S Austin Blvd/Garfield St,,S AUSTIN BLVD,GARFIELD ST,1,1,0,0,Property Damage,No Injuries,Car,10,Turning (At Least One Vehicle),2,2,0,5,"Over $1,500",1,0,0,0,0,0,0,02,Failing To Yield Right-Of-Way,18,Unable To Determine,2,Stop Sign,4,Functioning Properly,1,Clear,1,Daylight,2,"Divided, No Median Barrier",1,Dry,3,Free Flow,1,No Defects,O90,O16,41.8704185,-87.7743530,41.8704224,-87.7743149,1136497.13,1895864.88
31092,24 06666,2406666,X003612767,2024-11-01,10:32:00,2024-11-01 10:32:00,2024-11-04 09:19:09,S Harlem Ave/Garfield St,,S HARLEM AVE,GARFIELD ST,0,1,0,0,Property Damage,No Injuries,Car,10,Turning (At Least One Vehicle),2,2,0,4,"$501 to $1,500",1,0,0,0,0,0,0,18,Unable To Determine,99,Not Applicable,3,Traffic Signal,4,Functioning Properly,1,Clear,1,Daylight,3,Divided With Median Barrier,1,Dry,3,Free Flow,1,No Defects,O90,O18,41.8723068,-87.8044357,41.8723183,-87.8044663,1128300.88,1896500.75
31094,24 06676,2406676,X003612768,2024-11-01,13:53:00,2024-11-01 13:53:00,2024-11-04 09:24:53,S Austin Blvd/Harrison St,,S AUSTIN BLVD,HARRISON ST,1,0,0,1,Property Damage,No Injuries,Car,12,Sideswipe - Same Direction,2,2,0,4,"$501 to $1,500",1,0,0,0,0,0,0,18,Unable To Determine,99,Not Applicable,3,Traffic Signal,9,Unknown,9,Unknown,9,Unknown,2,"Divided, No Median Barrier",9,Unknown,2,Stopped,99,Unknown,O80,O13,41.8727799,-87.7744522,41.8727799,-87.7744141,1136465.25,1896723.75
31081,24 06677,2406677,X003612769,2024-11-01,15:14:00,2024-11-01 15:14:00,2024-11-04 09:07:31,Highland Ave/Harvard St,,HIGHLAND AVE,HARVARD ST,1,1,0,0,Injury,C Injury Crash,Pedestrian,1,Pedestrian,2,1,0,4,"$501 to $1,500",0,1,0,0,0,1,1,02,Failing To Yield Right-Of-Way,18,Unable To Determine,2,Stop Sign,4,Functioning Properly,1,Clear,1,Daylight,1,Not Divided,1,Dry,3,Free Flow,1,No Defects,O90,O16,41.8690185,-87.7815933,41.8690185,-87.7816315,1134528.38,1895341.63
31124,24 06681,2406681,X003621295,2024-11-01,19:09:00,2024-11-01 19:09:00,2024-11-08 09:37:14,Le Moyne Pkwy/N Harlem Ave,,LE MOYNE PKWY,N HARLEM AVE,1,1,0,0,Injury,C Injury Crash,Car,14,Front To Front,2,2,0,5,"Over $1,500",0,1,0,0,0,2,2,24,Disregarding Other Traffic Signs,28,Failing To Reduce Speed To Avoid Crash,10,Other Regulatory Sign,4,Functioning Properly,1,Clear,5,"Darkness, Lighted Road",15,T-Intersection,1,Dry,3,Free Flow,1,No Defects,O20,O3,41.9070167,-87.8057251,41.9070435,-87.8057251,1127872.50,1909145.88
31079,24 06687,2406687,X003609299,2024-11-02,10:28:00,2024-11-02 10:28:00,2024-11-02 16:59:14,Madison St/East Ave,,MADISON ST,EAST AVE,0,0,0,1,Property Damage,No Injuries,Car,6,Fixed Object,1,1,0,3,$500 or less,1,0,0,0,0,0,0,28,Failing To Reduce Speed To Avoid Crash,18,Unable To Determine,1,No Controls,1,No Controls,1,Clear,1,Daylight,7,Parking Lot,1,Dry,1,Slow,1,No Defects,O60,O14,41.8798218,-87.7893600,41.8798523,-87.7893600,1132389.38,1899263.88
31078,24 06690,2406690,X003609298,2024-11-02,13:50:00,2024-11-02 13:50:00,2024-11-02 15:13:34,Madison St/S Lombard Ave,,MADISON ST,S LOMBARD AVE,1,1,0,0,Property Damage,No Injuries,Car,11,Front To Rear,2,2,0,3,$500 or less,1,0,0,0,0,0,0,41,Distraction - From Inside Vehicle,99,Not Applicable,3,Traffic Signal,4,Functioning Properly,1,Clear,1,Daylight,2,"Divided, No Median Barrier",1,Dry,2,Stopped,1,No Defects,O80,O13,41.8799973,-87.7795563,41.8800240,-87.7795563,1135058.63,1899344.50
31098,24 06692,2406692,X003612770,2024-11-02,14:46:00,2024-11-02 14:46:00,2024-11-04 09:24:55,Lake St/N Euclid Ave,,LAKE ST,N EUCLID AVE,1,0,0,0,Property Damage,No Injuries,Car,10,Turning (At Least One Vehicle),2,2,0,5,"Over $1,500",0,1,0,0,0,0,0,45,Cell Phone Use Other Than Texting,28,Failing To Reduce Speed To Avoid Crash,3,Traffic Signal,4,Functioning Properly,1,Clear,1,Daylight,15,T-Intersection,1,Dry,3,Free Flow,1,No Defects,O30,O8,41.8885574,-87.7926941,41.8885841,-87.7926941,1131461.00,1902441.13
31088,24 06694,2406694,X003612771,2024-11-02,14:48:00,2024-11-02 14:48:00,2024-11-04 09:19:08,Madison St/S Taylor Ave,,MADISON ST,S TAYLOR AVE,0,0,0,0,Property Damage,No Injuries,Car,12,Sideswipe - Same Direction,2,2,0,3,$500 or less,1,0,0,0,0,0,0,20,Improper Lane Usage,99,Not Applicable,3,Traffic Signal,4,Functioning Properly,1,Clear,1,Daylight,3,Divided With Median Barrier,1,Dry,3,Free Flow,1,No Defects,O80,O13,41.8800087,-87.7779312,41.8800316,-87.7783203,1135501.50,1899352.50
31083,24 06697,2406697,X003612772,2024-11-02,20:36:00,2024-11-02 20:36:00,2024-11-04 09:24:54,North Ave/N Humphrey Ave,,NORTH AVE,N HUMPHREY AVE,0,0,0,0,Property Damage,No Injuries,Car,11,Front To Rear,2,2,0,5,"Over $1,500",0,1,0,0,0,0,0,28,Failing To Reduce Speed To Avoid Crash,03,Following Too Closely,1,No Controls,1,No Controls,1,Clear,5,"Darkness, Lighted Road",14,Four-Way Intersection,1,Dry,3,Free Flow,1,No Defects,O10,O1,41.9092140,-87.7769089,41.9092483,-87.7769089,1135710.63,1909996.50
31095,24 06698,2406698,X003612773,2024-11-02,21:56:00,2024-11-02 21:56:00,2024-11-04 09:30:31,1100 S Harlem Ave,1100,S HARLEM AVE,,0,0,0,1,Injury,B Injury Crash,Car,14,Front To Front,5,5,0,5,"Over $1,500",0,1,0,0,1,0,1,18,Unable To Determine,99,Not Applicable,1,No Controls,1,No Controls,1,Clear,5,"Darkness, Lighted Road",1,Not Divided,1,Dry,3,Free Flow,1,No Defects,O90,O18,41.8668785,-87.8042450,41.8756027,-87.8045349,1128365.38,1894522.63
31096,24 06703,2406703,X003614811,2024-11-03,11:14:00,2024-11-03 11:14:00,2024-11-04 09:24:54,S Ridgeland Ave/South Blvd,,S RIDGELAND AVE,SOUTH BLVD,0,0,0,0,Property Damage,No Injuries,Car,10,Turning (At Least One Vehicle),2,2,0,4,"$501 to $1,500",1,0,0,0,0,0,0,14,"Vision Obscured (Signs, Tree Limbs, Buildings",18,Unable To Determine,3,Traffic Signal,4,Functioning Properly,1,Clear,1,Daylight,2,"Divided, No Median Barrier",1,Dry,1,Slow,1,No Defects,O50,O10,41.8869591,-87.7846298,41.8869553,-87.7846603,1133661.75,1901873.50
31097,24 06708,2406708,X003614812,2024-11-03,15:46:00,2024-11-03 15:46:00,2024-11-04 09:24:54,Chicago Ave/N Harlem Ave,,CHICAGO AVE,N HARLEM AVE,0,0,0,0,Property Damage,No Injuries,Car,15,Angle,2,2,0,5,"Over $1,500",1,0,0,0,0,0,0,02,Failing To Yield Right-Of-Way,18,Unable To Determine,3,Traffic Signal,4,Functioning Properly,8,Cloudy/Overcast,1,Daylight,2,"Divided, No Median Barrier",1,Dry,3,Free Flow,1,No Defects,O40,O9,41.8942032,-87.8052445,41.8942337,-87.8052445,1128030.88,1904477.63
31080,24 06710,2406710,X003610112,2024-11-03,17:07:00,2024-11-03 17:07:00,2024-11-03 18:47:56,S Oak Park Ave/Adams St,,S OAK PARK AVE,ADAMS ST,1,0,0,1,Property Damage,No Injuries,Car,10,Turning (At Least One Vehicle),2,2,0,5,"Over $1,500",0,1,0,0,0,0,0,02,Failing To Yield Right-Of-Way,06,Improper Turning/No Signal,2,Stop Sign,4,Functioning Properly,10,Freezing Rain/Drizzle,5,"Darkness, Lighted Road",2,"Divided, No Median Barrier",2,Wet,3,Free Flow,1,No Defects,O60,O14,41.8779449,-87.7941589,41.8779373,-87.7941971,1131086.38,1898571.25
31085,24 06712,2406712,X003614815,2024-11-03,18:33:00,2024-11-03 18:33:00,2024-11-04 09:13:23,S Harlem Ave/Harvard St,,S HARLEM AVE,HARVARD ST,0,0,0,0,Property Damage,No Injuries,Car,12,Sideswipe - Same Direction,2,2,0,4,"$501 to $1,500",1,0,0,0,0,0,0,02,Failing To Yield Right-Of-Way,28,Failing To Reduce Speed To Avoid Crash,1,No Controls,1,No Controls,1,Clear,5,"Darkness, Lighted Road",1,Not Divided,1,Dry,1,Slow,1,No Defects,O90,O18,41.8686790,-87.8043060,41.8686943,-87.8043366,1128344.38,1895178.63
31093,24 06713,2406713,X003614817,2024-11-03,18:47:00,2024-11-03 18:47:00,2024-11-04 09:19:09,S Harlem Ave/Harvard St,,S HARLEM AVE,HARVARD ST,1,0,0,0,Property Damage,No Injuries,Car,11,Front To Rear,2,2,0,3,$500 or less,1,0,0,0,0,0,0,28,Failing To Reduce Speed To Avoid Crash,18,Unable To Determine,1,No Controls,1,No Controls,2,Rain,5,"Darkness, Lighted Road",1,Not Divided,2,Wet,2,Stopped,1,No Defects,O90,O18,41.8686790,-87.8043060,41.8686943,-87.8043366,1128344.38,1895178.63
31100,24 06719,2406719,X003614819,2024-11-04,10:11:00,2024-11-04 10:11:00,2024-11-05 08:04:33,N Ridgeland Ave/Superior St,,N RIDGELAND AVE,SUPERIOR ST,1,1,0,1,Injury,B Injury Crash,Car,10,Turning (At Least One Vehicle),2,2,0,3,$500 or less,0,1,0,0,2,0,2,02,Failing To Yield Right-Of-Way,18,Unable To Determine,2,Stop Sign,4,Functioning Properly,1,Clear,1,Daylight,2,"Divided, No Median Barrier",1,Dry,1,Slow,1,No Defects,O30,O8,41.8930931,-87.7848740,41.8931007,-87.7848358,1133580.25,1904108.25
31107,24 06741,2406741,X003614822,2024-11-05,11:48:00,2024-11-05 11:48:00,2024-11-06 08:59:55,North Blvd/N Ridgeland Ave,,NORTH BLVD,N RIDGELAND AVE,0,0,0,0,Property Damage,No Injuries,Car,6,Fixed Object,2,1,0,5,"Over $1,500",1,0,0,0,0,0,0,15,Driving Skills/Knowledge/Experience,15,Driving Skills/Knowledge/Experience,11,Other Warning Sign,4,Functioning Properly,8,Cloudy/Overcast,1,Daylight,1,Not Divided,1,Dry,3,Free Flow,1,No Defects,O30,O8,41.8874550,-87.7846832,41.8874855,-87.7846756,1133645.63,1902053.50
31110,24 06743,2406743,X003614823,2024-11-05,12:09:00,2024-11-05 12:09:00,2024-11-06 08:59:56,North Ave/Narragansett,,NORTH AVE,NARRAGANSETT,0,0,0,0,Property Damage,No Injuries,Car,11,Front To Rear,2,2,0,3,$500 or less,1,0,0,0,0,0,0,30,Improper Backing,18,Unable To Determine,3,Traffic Signal,4,Functioning Properly,1,Clear,1,Daylight,2,"Divided, No Median Barrier",1,Dry,1,Slow,1,No Defects,O20,O2,41.9091415,-87.7849731,41.9090729,-87.7906723,1133515.75,1909956.63
31109,24 06745,2406745,X003614825,2024-11-05,12:44:00,2024-11-05 12:44:00,2024-11-06 08:59:56,638 Harrison St,638,HARRISON ST,,0,0,0,1,Property Damage,No Injuries,Car,12,Sideswipe - Same Direction,2,2,0,5,"Over $1,500",1,0,0,0,0,0,0,18,Unable To Determine,18,Unable To Determine,1,No Controls,1,No Controls,1,Clear,9,Unknown,1,Not Divided,1,Dry,3,Free Flow,1,No Defects,O60,O14,41.8725166,-87.7908707,41.8728790,-87.7909470,1131995.50,1896599.25
31116,24 06759,2406759,X003616162,2024-11-06,08:25:00,2024-11-06 08:25:00,2024-11-07 10:28:23,North Ave/Hayes Ave,,NORTH AVE,HAYES AVE,1,0,0,1,Property Damage,No Injuries,Car,10,Turning (At Least One Vehicle),2,2,0,5,"Over $1,500",1,0,0,0,0,0,0,02,Failing To Yield Right-Of-Way,28,Failing To Reduce Speed To Avoid Crash,1,No Controls,1,No Controls,1,Clear,1,Daylight,1,Not Divided,1,Dry,3,Free Flow,1,No Defects,O10,O1,41.9091835,-87.7795181,41.9092102,-87.7795181,1135000.50,1909980.25
31306,24 06763,2406763,X003649978,2024-11-06,10:03:00,2024-11-06 10:03:00,2024-12-06 08:05:32,N Lombard Ave/Chicago Ave,,N LOMBARD AVE,CHICAGO AVE,0,0,0,0,Property Damage,No Injuries,Car,9,Parked Motor Vehicle,2,2,0,5,"Over $1,500",1,0,0,0,0,0,0,04,Improper Overtaking/Passing,99,Not Applicable,1,No Controls,1,No Controls,8,Cloudy/Overcast,1,Daylight,1,Not Divided,1,Dry,3,Free Flow,1,No Defects,O30,O7,41.8946419,-87.7800446,41.8946495,-87.7800064,1134891.50,1904680.63
31112,24 06766,2406766,X003614828,2024-11-06,11:39:00,2024-11-06 11:39:00,2024-11-06 15:36:56,Washington Blvd/S East Ave,,WASHINGTON BLVD,S EAST AVE,0,0,0,0,Property Damage,No Injuries,Car,9,Parked Motor Vehicle,2,2,0,5,"Over $1,500",1,0,0,0,0,0,0,18,Unable To Determine,18,Unable To Determine,1,No Controls,1,No Controls,1,Clear,4,Darkness,1,Not Divided,1,Dry,3,Free Flow,1,No Defects,O60,O11,41.8816071,-87.7894058,41.8816338,-87.7894134,1132371.63,1899914.88
31111,24 06767,2406767,X003616160,2024-11-06,12:22:00,2024-11-06 12:22:00,2024-11-06 15:36:56,N Harlem Ave/Le Moyne Pkwy,,N HARLEM AVE,LE MOYNE PKWY,0,0,0,0,Property Damage,No Injuries,Car,10,Turning (At Least One Vehicle),2,2,0,5,"Over $1,500",1,0,0,0,0,0,0,06,Improper Turning/No Signal,28,Failing To Reduce Speed To Avoid Crash,1,No Controls,1,No Controls,8,Cloudy/Overcast,1,Daylight,2,"Divided, No Median Barrier",1,Dry,1,Slow,1,No Defects,R81,RFPD,41.9070358,-87.8057632,41.9070435,-87.8057251,1127861.38,1909153.88
31119,24 06775,2406775,X003617295,2024-11-06,16:13:00,2024-11-06 16:13:00,2024-11-08 09:31:33,N Scoville Ave/Lake St,,N SCOVILLE AVE,LAKE ST,0,0,0,0,Property Damage,No Injuries,Car,15,Angle,2,2,0,5,"Over $1,500",1,0,0,0,0,0,0,02,Failing To Yield Right-Of-Way,28,Failing To Reduce Speed To Avoid Crash,1,No Controls,1,No Controls,8,Cloudy/Overcast,1,Daylight,1,Not Divided,9,Unknown,1,Slow,99,Unknown,O30,O8,41.8884277,-87.7880020,41.8884315,-87.7879639,1132739.13,1902402.38
31115,24 06777,2406777,X003616161,2024-11-06,18:42:00,2024-11-06 18:42:00,2024-11-07 10:28:22,S Maple Ave/Madison St,,S MAPLE AVE,MADISON ST,1,1,0,0,Property Damage,No Injuries,Car,15,Angle,2,2,0,5,"Over $1,500",0,1,0,0,0,0,0,02,Failing To Yield Right-Of-Way,28,Failing To Reduce Speed To Avoid Crash,2,Stop Sign,4,Functioning Properly,1,Clear,5,"Darkness, Lighted Road",14,Four-Way Intersection,1,Dry,1,Slow,1,No Defects,O70,O12,41.8796234,-87.8038330,41.8796196,-87.8038635,1128448.88,1899167.25
31120,24 06781,2406781,X003617296,2024-11-07,06:36:00,2024-11-07 06:36:00,2024-11-08 09:31:34,N Oak Park Ave/Division St,,N OAK PARK AVE,DIVISION ST,0,0,0,0,Property Damage,No Injuries,Car,11,Front To Rear,2,2,0,5,"Over $1,500",1,0,0,0,0,0,0,28,Failing To Reduce Speed To Avoid Crash,18,Unable To Determine,1,No Controls,1,No Controls,1,Clear,1,Daylight,1,Not Divided,1,Dry,3,Free Flow,1,No Defects,O20,O6,41.9017029,-87.7949066,41.9017067,-87.7948685,1130829.63,1907227.50
31118,24 06782,2406782,X003617294,2024-11-07,06:39:00,2024-11-07 06:39:00,2024-11-08 09:25:55,115 S Grove Ave,115,S GROVE AVE,,0,0,0,0,Property Damage,No Injuries,Car,12,Sideswipe - Same Direction,2,2,0,5,"Over $1,500",1,0,0,0,0,0,0,30,Improper Backing,99,Not Applicable,1,No Controls,1,No Controls,9,Unknown,9,Unknown,1,Not Divided,9,Unknown,3,Free Flow,99,Unknown,O70,O12,41.8862915,-87.7957535,41.8862266,-87.7959900,1130633.00,1901610.38
31117,24 06791,2406791,X003620990,2024-11-07,12:57:00,2024-11-07 12:57:00,2024-11-07 16:19:58,Adams St/S Oak Park Ave,,ADAMS ST,S OAK PARK AVE,1,0,0,0,Property Damage,No Injuries,Car,7,Other Object,2,1,0,5,"Over $1,500",0,1,0,0,0,0,0,08,Under The Influence Of Alc/Drugs-Use For Dui,28,Failing To Reduce Speed To Avoid Crash,2,Stop Sign,4,Functioning Properly,1,Clear,1,Daylight,15,T-Intersection,1,Dry,3,Free Flow,1,No Defects,O60,O14,41.8779106,-87.7941895,41.8779373,-87.7941971,1131077.38,1898559.50
31121,24 06799,2406799,X003617297,2024-11-07,18:24:00,2024-11-07 18:24:00,2024-11-08 09:25:55,N Ridgeland Ave/Superior St,,N RIDGELAND AVE,SUPERIOR ST,1,0,0,0,Property Damage,No Injuries,Car,11,Front To Rear,2,2,0,4,"$501 to $1,500",1,0,0,0,0,0,0,28,Failing To Reduce Speed To Avoid Crash,18,Unable To Determine,1,No Controls,1,No Controls,1,Clear,3,Dusk,1,Not Divided,1,Dry,1,Slow,1,No Defects,O30,O8,41.8930931,-87.7848740,41.8931007,-87.7848358,1133580.25,1904108.25
31122,24 06798,2406798,X003617298,2024-11-07,19:37:00,2024-11-07 19:37:00,2024-11-08 09:31:34,South Bl/Euclid,,SOUTH BL,EUCLID,1,0,0,1,Property Damage,No Injuries,Car,15,Angle,2,2,0,5,"Over $1,500",1,0,0,0,0,0,0,23,Disregarding Stop Sign,28,Failing To Reduce Speed To Avoid Crash,2,Stop Sign,4,Functioning Properly,1,Clear,5,"Darkness, Lighted Road",1,Not Divided,1,Dry,3,Free Flow,1,No Defects,O60,O11,41.8868790,-87.7927933,41.8869095,-87.7927933,1131438.50,1901830.38
31123,24 06802,2406802,X003617299,2024-11-08,00:44:00,2024-11-08 00:44:00,2024-11-08 09:31:34,S Harlem Ave/I290 Expy W,,S HARLEM AVE,I290 EXPY W,1,0,0,0,Property Damage,No Injuries,Car,10,Turning (At Least One Vehicle),2,2,0,4,"$501 to $1,500",1,0,0,0,0,0,0,20,Improper Lane Usage,99,Not Applicable,3,Traffic Signal,4,Functioning Properly,1,Clear,5,"Darkness, Lighted Road",1,Not Divided,1,Dry,3,Free Flow,1,No Defects,O60,O15,41.8737946,-87.8044968,41.8738136,-87.8045197,1128281.50,1897042.00
31141,24 06804,2406804,X003620030,2024-11-08,07:38:00,2024-11-08 07:38:00,2024-11-11 11:24:31,Madison St/Austin Blvd,,MADISON ST,AUSTIN BLVD,0,0,0,0,Property Damage,No Injuries,Car,11,Front To Rear,2,2,0,5,"Over $1,500",1,0,0,0,0,0,0,28,Failing To Reduce Speed To Avoid Crash,15,Driving Skills/Knowledge/Experience,3,Traffic Signal,4,Functioning Properly,1,Clear,1,Daylight,1,Not Divided,1,Dry,1,Slow,1,No Defects,O80,O13,41.8800621,-87.7746582,41.8800888,-87.7746582,1136391.38,1899377.50
31139,24 06812,2406812,X003620028,2024-11-08,11:50:00,2024-11-08 11:50:00,2024-11-11 11:18:54,Harrison St/Austin Blvd,,HARRISON ST,AUSTIN BLVD,0,1,0,0,Property Damage,No Injuries,Car,11,Front To Rear,2,2,0,4,"$501 to $1,500",1,0,0,0,0,0,0,18,Unable To Determine,18,Unable To Determine,3,Traffic Signal,4,Functioning Properly,1,Clear,1,Daylight,1,Not Divided,1,Dry,2,Stopped,1,No Defects,O80,O13,41.8727493,-87.7744141,41.8727799,-87.7744141,1136475.38,1896713.50
31129,24 06813,2406813,X003620019,2024-11-08,12:17:00,2024-11-08 12:17:00,2024-11-11 11:13:09,730 Madison St,730,MADISON ST,,0,0,0,0,Property Damage,No Injuries,Car,11,Front To Rear,2,2,0,5,"Over $1,500",1,0,0,0,0,0,0,03,Following Too Closely,15,Driving Skills/Knowledge/Experience,3,Traffic Signal,4,Functioning Properly,1,Clear,1,Daylight,1,Not Divided,1,Dry,3,Free Flow,1,No Defects,O60,O11,41.8798027,-87.7935028,41.8798294,-87.7940674,1131260.13,1899250.63
31134,24 06823,2406823,X003620023,2024-11-08,17:51:00,2024-11-08 17:51:00,2024-11-11 11:18:53,933 Madison St,933,MADISON ST,,0,0,0,1,Property Damage,No Injuries,Car,10,Turning (At Least One Vehicle),2,2,0,3,$500 or less,1,0,0,0,0,0,0,06,Improper Turning/No Signal,15,Driving Skills/Knowledge/Experience,1,No Controls,1,No Controls,1,Clear,5,"Darkness, Lighted Road",2,"Divided, No Median Barrier",1,Dry,1,Slow,1,No Defects,O60,O15,41.8796730,-87.7985840,41.8794136,-87.7993698,1129876.00,1899193.13
31137,24 06822,2406822,X003620026,2024-11-08,17:52:00,2024-11-08 17:52:00,2024-11-11 11:18:54,North Ave/N Lombard Ave,,NORTH AVE,N LOMBARD AVE,0,0,0,0,Injury,B Injury Crash,Car,12,Sideswipe - Same Direction,2,2,0,5,"Over $1,500",0,1,0,0,1,0,1,28,Failing To Reduce Speed To Avoid Crash,02,Failing To Yield Right-Of-Way,1,No Controls,1,No Controls,1,Clear,4,Darkness,2,"Divided, No Median Barrier",1,Dry,3,Free Flow,1,No Defects,O10,O1,41.9091682,-87.7808227,41.9091911,-87.7808227,1134644.50,1909972.13
31138,24 06824,2406824,X003620027,2024-11-08,18:28:00,2024-11-08 18:28:00,2024-11-11 11:13:11,N Cuyler Ave/Chicago Ave,,N CUYLER AVE,CHICAGO AVE,1,1,0,0,Injury,B Injury Crash,Car,15,Angle,2,2,0,5,"Over $1,500",0,1,0,0,1,0,1,02,Failing To Yield Right-Of-Way,28,Failing To Reduce Speed To Avoid Crash,1,No Controls,1,No Controls,1,Clear,1,Daylight,2,"Divided, No Median Barrier",1,Dry,3,Free Flow,1,No Defects,O30,O7,41.8945923,-87.7832947,41.8945961,-87.7832565,1134006.50,1904657.00
31136,24 06833,2406833,X003620025,2024-11-09,09:50:00,2024-11-09 09:50:00,2024-11-11 11:24:31,438 N Harlem Ave,438,N HARLEM AVE,,0,0,0,0,Property Damage,No Injuries,Car,9,Parked Motor Vehicle,2,2,0,5,"Over $1,500",1,0,0,0,0,0,0,15,Driving Skills/Knowledge/Experience,18,Unable To Determine,1,No Controls,1,No Controls,1,Clear,1,Daylight,7,Parking Lot,1,Dry,3,Free Flow,1,No Defects,R82,RFPD,41.8902626,-87.8051529,41.8883057,-87.8051148,1128064.13,1903041.38
31135,24 06835,2406835,X003620024,2024-11-09,09:51:00,2024-11-09 09:51:00,2024-11-11 11:18:53,Lake St/Forest Ave,,LAKE ST,FOREST AVE,0,1,0,1,Property Damage,No Injuries,Car,11,Front To Rear,2,2,0,4,"$501 to $1,500",1,0,0,0,0,0,0,18,Unable To Determine,18,Unable To Determine,3,Traffic Signal,4,Functioning Properly,8,Cloudy/Overcast,1,Daylight,1,Not Divided,1,Dry,2,Stopped,1,No Defects,O40,O9,41.8886337,-87.8007965,41.8886642,-87.8007965,1129255.38,1902455.88
31140,24 06844,2406844,X003620029,2024-11-09,20:42:00,2024-11-09 20:42:00,2024-11-11 11:24:31,Lake St/N East Ave,,LAKE ST,N EAST AVE,1,1,0,0,Property Damage,No Injuries,Car,10,Turning (At Least One Vehicle),2,2,0,4,"$501 to $1,500",1,0,0,0,0,0,0,28,Failing To Reduce Speed To Avoid Crash,11,Weather,3,Traffic Signal,4,Functioning Properly,2,Rain,5,"Darkness, Lighted Road",14,Four-Way Intersection,2,Wet,3,Free Flow,1,No Defects,O30,O8,41.8884582,-87.7895889,41.8884849,-87.7895889,1132306.13,1902410.38
31130,24 06847,2406847,X003620020,2024-11-10,08:50:00,2024-11-10 08:50:00,2024-11-11 11:13:11,Washington Blvd/S Scoville Ave,,WASHINGTON BLVD,S SCOVILLE AVE,0,0,0,0,Property Damage,No Injuries,Car,11,Front To Rear,2,2,0,5,"Over $1,500",1,0,0,0,0,0,0,18,Unable To Determine,18,Unable To Determine,1,No Controls,1,No Controls,8,Cloudy/Overcast,1,Daylight,1,Not Divided,2,Wet,3,Free Flow,1,No Defects,O60,O11,41.8816338,-87.7877655,41.8816605,-87.7877731,1132818.00,1899927.63