record_id,report_number,crash_id,idot_crash_number,date,time,occurred_at,record_added_at,location,street_number,street_name,cross_street,at_intersection,intersection_related,private_property,hit_and_run,crash_severity,crash_injury_severity,crash_mode,crash_type_code,crash_type,total_units,num_motor_vehicles,dooring_pedalcyclist,damage_code,damage,no_injury_drive_away,injury_or_towed,fatalities,a_injuries,b_injuries,c_injuries,total_injured,cause1_code,cause1,cause2_code,cause2,traffic_control_code,traffic_control,device_condition_code,device_condition,weather_code,weather,lighting_code,lighting,trafficway_code,trafficway,road_surface_code,road_surface,flow_condition_code,flow_condition,road_defects_code,road_defects,beat_zone,post_district,latitude,longitude,latitude_geocoded,longitude_geocoded,state_plane_x,state_plane_y
31125,24 06855,2406855,X003618996,2024-11-11,01:37:00,2024-11-11 01:37:00,2024-11-11 05:03:47,North Bl (Alley)/Oak Park Ave (Alley),,NORTH BL (ALLEY),OAK PARK AVE (ALLEY),1,0,0,0,Property Damage,No Injuries,Car,6,Fixed Object,1,1,0,4,"$501 to $1,500",1,0,0,0,0,0,0,28,Failing To Reduce Speed To Avoid Crash,99,Not Applicable,1,No Controls,1,No Controls,1,Clear,5,"Darkness, Lighted Road",10,One-Way,1,Dry,,,1,No Defects,O30,O7,41.8874855,-87.7814102,41.8792305,-87.7942429,1134536.50,1902070.25
31142,24 06862,2406862,X003620031,2024-11-11,09:07:00,2024-11-11 09:07:00,2024-11-11 12:53:32,Jackson Blvd/Ridgeland Ave,,JACKSON BLVD,RIDGELAND AVE,1,1,0,0,Injury,B Injury Crash,Pedestrian,1,Pedestrian,2,1,0,5,"Over $1,500",0,1,0,0,1,0,1,02,Failing To Yield Right-Of-Way,02,Failing To Yield Right-Of-Way,3,Traffic Signal,4,Functioning Properly,1,Clear,1,Daylight,2,"Divided, No Median Barrier",1,Dry,3,Free Flow,1,No Defects,O80,O13,41.8762550,-87.7843399,41.8762817,-87.7843475,1133765.00,1897972.88
31144,24 06864,2406864,X003621287,2024-11-11,09:53:00,2024-11-11 09:53:00,2024-11-12 09:16:19,N Euclid Ave/Lake St,,N EUCLID AVE,LAKE ST,1,1,0,0,Property Damage,No Injuries,Car,15,Angle,2,2,0,5,"Over $1,500",0,1,0,0,0,0,0,28,Failing To Reduce Speed To Avoid Crash,25,Disregarding Traffic Signals,3,Traffic Signal,4,Functioning Properly,1,Clear,1,Daylight,2,"Divided, No Median Barrier",1,Dry,1,Slow,1,No Defects,O30,O8,41.8885803,-87.7927322,41.8885841,-87.7926941,1131450.13,1902449.88
31151,24 06869,2406869,X003623411,2024-11-11,17:58:00,2024-11-11 17:58:00,2024-11-13 11:55:25,N Austin Blvd/Lake St,,N AUSTIN BLVD,LAKE ST,0,0,0,1,Property Damage,No Injuries,Car,15,Angle,2,2,0,3,$500 or less,1,0,0,0,0,0,0,02,Failing To Yield Right-Of-Way,28,Failing To Reduce Speed To Avoid Crash,3,Traffic Signal,4,Functioning Properly,1,Clear,5,"Darkness, Lighted Road",2,"Divided, No Median Barrier",9,Unknown,1,Slow,99,Unknown,O30,O7,41.8880272,-87.7748947,41.8880234,-87.7749329,1136309.00,1902279.13
31145,24 06877,2406877,X003621288,2024-11-12,07:21:00,2024-11-12 07:21:00,2024-11-12 09:16:19,S Harlem Ave/I290 W,,S HARLEM AVE,I290 W,1,0,0,1,Property Damage,No Injuries,Car,10,Turning (At Least One Vehicle),2,2,0,5,"Over $1,500",1,0,0,0,0,0,0,07,Turning Right On Red,15,Driving Skills/Knowledge/Experience,3,Traffic Signal,4,Functioning Properly,1,Clear,1,Daylight,3,Divided With Median Barrier,1,Dry,2,Stopped,1,No Defects,O60,O15,41.8737946,-87.8044968,41.8738136,-87.8045197,1128281.50,1897042.00
31156,24 06879,2406879,X003623419,2024-11-12,08:12:00,2024-11-12 08:12:00,2024-11-13 12:01:07,S Euclid Ave/Jackson Blvd,,S EUCLID AVE,JACKSON BLVD,1,1,0,0,Injury,C Injury Crash,Pedestrian,1,Pedestrian,2,1,0,4,"$501 to $1,500",0,1,0,0,0,1,1,18,Unable To Determine,99,Not Applicable,1,No Controls,1,No Controls,1,Clear,1,Daylight,2,"Divided, No Median Barrier",1,Dry,3,Free Flow,10,Other,O60,O14,41.8761368,-87.7928696,41.8761368,-87.7929077,1131441.13,1897915.25
31258,24 07142,2407142,X003640463,2024-11-12,08:26:00,2024-11-12 08:26:00,2024-11-27 10:32:17,423 N Harvey Ave,423,N HARVEY AVE,,0,0,0,0,Property Damage,No Injuries,Car,13,Sideswipe - Opposite Direction,2,2,0,3,$500 or less,1,0,0,0,0,0,0,20,Improper Lane Usage,18,Unable To Determine,1,No Controls,1,No Controls,1,Clear,1,Daylight,1,Not Divided,1,Dry,3,Free Flow,1,No Defects,O30,O7,41.8939285,-87.7816544,41.8940086,-87.7818527,1134455.63,1904417.75
31152,24 06882,2406882,X003623412,2024-11-12,11:11:00,2024-11-12 11:11:00,2024-11-13 11:55:26,Jackson Blvd/S Oak Park Ave,,JACKSON BLVD,S OAK PARK AVE,1,1,0,0,Property Damage,No Injuries,Car,15,Angle,2,2,0,5,"Over $1,500",0,1,0,0,0,0,0,25,Disregarding Traffic Signals,99,Not Applicable,3,Traffic Signal,4,Functioning Properly,1,Clear,1,Daylight,2,"Divided, No Median Barrier",1,Dry,3,Free Flow,1,No Defects,O60,O14,41.8760872,-87.7941284,41.8761177,-87.7941284,1131099.00,1897894.88
31157,24 06883,2406883,X003623420,2024-11-12,12:22:00,2024-11-12 12:22:00,2024-11-13 12:01:07,S Ridgeland Ave/Van Buren St,,S RIDGELAND AVE,VAN BUREN ST,0,0,0,0,Property Damage,No Injuries,Car,12,Sideswipe - Same Direction,2,2,0,4,"$501 to $1,500",1,0,0,0,0,0,0,04,Improper Overtaking/Passing,02,Failing To Yield Right-Of-Way,1,No Controls,1,No Controls,1,Clear,1,Daylight,2,"Divided, No Median Barrier",1,Dry,3,Free Flow,1,No Defects,O80,O13,41.8744621,-87.7842407,41.8744621,-87.7842789,1133795.00,1897319.63
31155,24 06894,2406894,X003623417,2024-11-12,20:23:00,2024-11-12 20:23:00,2024-11-13 11:55:25,Fillmore St/S Oak Park Ave,,FILLMORE ST,S OAK PARK AVE,1,0,0,1,Property Damage,No Injuries,Car,15,Angle,2,2,0,5,"Over $1,500",1,0,0,0,0,0,0,02,Failing To Yield Right-Of-Way,99,Not Applicable,2,Stop Sign,4,Functioning Properly,1,Clear,5,"Darkness, Lighted Road",1,Not Divided,1,Dry,3,Free Flow,1,No Defects,O90,O17,41.8669586,-87.7938080,41.8669815,-87.7938156,1131206.63,1894569.00
31158,24 06893,2406893,X003623422,2024-11-12,21:53:00,2024-11-12 21:53:00,2024-11-13 12:01:08,S Oak Park Ave/Garfield St,,S OAK PARK AVE,GARFIELD ST,1,1,0,0,Property Damage,No Injuries,Car,15,Angle,2,2,0,5,"Over $1,500",1,0,0,0,0,0,0,25,Disregarding Traffic Signals,99,Not Applicable,3,Traffic Signal,4,Functioning Properly,1,Clear,5,"Darkness, Lighted Road",1,Not Divided,1,Dry,3,Free Flow,1,No Defects,O90,O17,41.8720245,-87.7939529,41.8720245,-87.7939911,1131156.25,1896415.88
31153,24 06898,2406898,X003623414,2024-11-13,06:51:00,2024-11-13 06:51:00,2024-11-13 12:01:06,N Harlem Ave/Thomas St,,N HARLEM AVE,THOMAS ST,1,1,0,0,Injury,C Injury Crash,Car,15,Angle,2,2,0,5,"Over $1,500",0,1,0,0,0,2,2,02,Failing To Yield Right-Of-Way,28,Failing To Reduce Speed To Avoid Crash,2,Stop Sign,4,Functioning Properly,1,Clear,1,Daylight,2,"Divided, No Median Barrier",1,Dry,3,Free Flow,1,No Defects,O20,O6,41.8997498,-87.8054886,41.8997536,-87.8054504,1127951.75,1906498.38
31154,24 06901,2406901,X003623415,2024-11-13,08:16:00,2024-11-13 08:16:00,2024-11-13 12:01:06,Madison St/S Oak Park Ave,,MADISON ST,S OAK PARK AVE,0,0,0,0,Property Damage,No Injuries,Car,11,Front To Rear,2,2,0,3,$500 or less,1,0,0,0,0,0,0,04,Improper Overtaking/Passing,18,Unable To Determine,1,No Controls,1,No Controls,1,Clear,1,Daylight,2,"Divided, No Median Barrier",1,Dry,1,Slow,1,No Defects,O60,O14,41.8797417,-87.7942505,41.8797722,-87.7942581,1131056.50,1899226.38
31170,24 06902,2406902,X003694627,2024-11-13,09:43:00,2024-11-13 09:43:00,2024-11-15 08:20:09,855 Lake St,855,LAKE ST,,0,0,0,0,Property Damage,No Injuries,Car,6,Fixed Object,2,1,0,5,"Over $1,500",1,0,0,0,0,0,0,15,Driving Skills/Knowledge/Experience,99,Not Applicable,1,No Controls,1,No Controls,1,Clear,1,Daylight,7,Parking Lot,1,Dry,3,Free Flow,1,No Defects,O40,O9,41.8886566,-87.7959900,41.8885307,-87.7963409,1130563.25,1902471.25
31161,24 06905,2406905,X003624777,2024-11-13,14:25:00,2024-11-13 14:25:00,2024-11-14 07:47:57,S Austin Blvd/Roosevelt Rd,,S AUSTIN BLVD,ROOSEVELT RD,0,0,0,0,Property Damage,No Injuries,Car,11,Front To Rear,2,2,0,4,"$501 to $1,500",1,0,0,0,0,0,0,28,Failing To Reduce Speed To Avoid Crash,03,Following Too Closely,3,Traffic Signal,4,Functioning Properly,1,Clear,1,Daylight,2,"Divided, No Median Barrier",1,Dry,3,Free Flow,1,No Defects,O90,O16,41.8654671,-87.7741699,41.8654709,-87.7741394,1136559.00,1894060.13
31168,24 06910,2406910,X003625837,2024-11-13,16:52:00,2024-11-13 16:52:00,2024-11-15 08:25:48,S Austin Blvd/Garfield St,,S AUSTIN BLVD,GARFIELD ST,0,0,0,0,Property Damage,No Injuries,Car,12,Sideswipe - Same Direction,2,2,0,5,"Over $1,500",1,0,0,0,0,0,0,28,Failing To Reduce Speed To Avoid Crash,03,Following Too Closely,3,Traffic Signal,4,Functioning Properly,1,Clear,1,Daylight,2,"Divided, No Median Barrier",1,Dry,3,Free Flow,1,No Defects,O90,O16,41.8704185,-87.7743530,41.8704224,-87.7743149,1136497.13,1895864.88
31162,24 06911,2406911,X003624778,2024-11-13,17:05:00,2024-11-13 17:05:00,2024-11-14 07:47:57,Chicago Ave/Oak Park,,CHICAGO AVE,OAK PARK,0,0,0,0,Property Damage,No Injuries,Car,11,Front To Rear,2,2,0,3,$500 or less,1,0,0,0,0,0,0,18,Unable To Determine,18,Unable To Determine,1,No Controls,1,No Controls,2,Rain,5,"Darkness, Lighted Road",2,"Divided, No Median Barrier",2,Wet,1,Slow,1,No Defects,O30,O8,41.8943825,-87.7946701,41.8944054,-87.7946777,1130909.25,1904560.00
31160,24 06913,2406913,X003624776,2024-11-13,18:46:00,2024-11-13 18:46:00,2024-11-14 07:47:56,Clinton Ave/Randolph St,,CLINTON AVE,RANDOLPH ST,1,1,0,0,Injury,B Injury Crash,Pedestrian,1,Pedestrian,2,1,0,3,$500 or less,0,1,0,0,1,0,1,02,Failing To Yield Right-Of-Way,99,Not Applicable,2,Stop Sign,4,Functioning Properly,2,Rain,4,Darkness,1,Not Divided,2,Wet,3,Free Flow,99,Unknown,O70,O12,41.8833618,-87.7984848,41.8833618,-87.7985153,1129896.00,1900538.00
31159,24 06914,2406914,X003683006,2024-11-13,19:01:00,2024-11-13 19:01:00,2024-11-14 07:47:56,S Oak Park Ave/Van Buren St,,S OAK PARK AVE,VAN BUREN ST,0,0,0,0,Property Damage,No Injuries,Car,18,Rear To Front,2,2,0,4,"$501 to $1,500",1,0,0,0,0,0,0,30,Improper Backing,28,Failing To Reduce Speed To Avoid Crash,1,No Controls,1,No Controls,2,Rain,5,"Darkness, Lighted Road",1,Not Divided,2,Wet,1,Slow,1,No Defects,O60,O14,41.8742905,-87.7940292,41.8742905,-87.7940674,1131129.38,1897240.63
31169,24 06922,2406922,X003625838,2024-11-14,11:43:00,2024-11-14 11:43:00,2024-11-15 08:25:49,Roosevelt Rd/S Taylor Ave,,ROOSEVELT RD,S TAYLOR AVE,1,1,0,0,Property Damage,No Injuries,Car,10,Turning (At Least One Vehicle),2,2,0,5,"Over $1,500",1,0,0,0,0,0,0,04,Improper Overtaking/Passing,28,Failing To Reduce Speed To Avoid Crash,2,Stop Sign,4,Functioning Properly,8,Cloudy/Overcast,1,Daylight,1,Not Divided,1,Dry,3,Free Flow,1,No Defects,O90,O16,41.8654442,-87.7778168,41.8654175,-87.7778244,1135565.00,1894044.38
31171,24 06932,2406932,X003625839,2024-11-14,18:37:00,2024-11-14 18:37:00,2024-11-15 08:25:49,Chicago Ave/N Harvey Ave,,CHICAGO AVE,N HARVEY AVE,1,1,0,0,Injury,C Injury Crash,Car,11,Front To Rear,2,2,0,4,"$501 to $1,500",0,1,0,0,0,1,1,03,Following Too Closely,99,Not Applicable,17,Pedestrian Crossing Sign,4,Functioning Properly,2,Rain,4,Darkness,2,"Divided, No Median Barrier",2,Wet,3,Free Flow,99,Unknown,O10,O4,41.8946457,-87.7816315,41.8946228,-87.7816315,1134459.13,1904679.63
31172,24 06936,2406936,X003625840,2024-11-14,20:55:00,2024-11-14 20:55:00,2024-11-15 08:25:50,675 Lake St,675,LAKE ST,,0,0,0,0,Property Damage,No Injuries,Car,10,Turning (At Least One Vehicle),2,2,0,3,$500 or less,1,0,0,0,0,0,0,02,Failing To Yield Right-Of-Way,28,Failing To Reduce Speed To Avoid Crash,1,No Controls,1,No Controls,8,Cloudy/Overcast,5,"Darkness, Lighted Road",1,Not Divided,2,Wet,3,Free Flow,1,No Defects,O30,O8,41.8885346,-87.7920608,41.8884049,-87.7919311,1131633.75,1902434.75
31173,24 06937,2406937,X003625841,2024-11-15,01:39:00,2024-11-15 01:39:00,2024-11-15 08:25:50,N Harlem Ave/Ontario St,,N HARLEM AVE,ONTARIO ST,1,1,0,0,Property Damage,No Injuries,Car,6,Fixed Object,1,1,0,5,"Over $1,500",0,1,0,0,0,0,0,28,Failing To Reduce Speed To Avoid Crash,50,"Oper. Veh. In Erratic,Reckless,Careless Manne",15,Flashing Control Signal,4,Functioning Properly,1,Clear,4,Darkness,2,"Divided, No Median Barrier",1,Dry,3,Free Flow,99,Unknown,R82,RFPD,41.8905373,-87.8051605,41.8905449,-87.8051224,1128061.25,1903142.75
31183,24 06955,2406955,X003629138,2024-11-15,06:13:00,2024-11-15 06:13:00,2024-11-18 13:27:41,Madison St/S Ridgeland Ave,,MADISON ST,S RIDGELAND AVE,1,1,0,0,Property Damage,No Injuries,Car,15,Angle,2,2,0,5,"Over $1,500",1,0,0,0,0,0,0,25,Disregarding Traffic Signals,02,Failing To Yield Right-Of-Way,3,Traffic Signal,4,Functioning Properly,1,Clear,1,Daylight,2,"Divided, No Median Barrier",1,Dry,3,Free Flow,1,No Defects,O80,O13,41.8799019,-87.7844620,41.8799324,-87.7844620,1133723.63,1899302.88
31180,24 06941,2406941,X003629135,2024-11-15,07:42:00,2024-11-15 07:42:00,2024-11-18 13:42:34,Chicago Ave/N Lombard Ave,,CHICAGO AVE,N LOMBARD AVE,0,0,0,0,Property Damage,No Injuries,Car,11,Front To Rear,2,2,0,4,"$501 to $1,500",1,0,0,0,0,0,0,28,Failing To Reduce Speed To Avoid Crash,28,Failing To Reduce Speed To Avoid Crash,1,No Controls,1,No Controls,1,Clear,1,Daylight,1,Not Divided,1,Dry,1,Slow,1,No Defects,O30,O7,41.8946152,-87.7799988,41.8946495,-87.7800064,1134903.13,1904671.63
31184,24 06957,2406957,X003629139,2024-11-15,19:12:00,2024-11-15 19:12:00,2024-11-18 13:42:35,Garfield St/S Austin Blvd,,GARFIELD ST,S AUSTIN BLVD,1,1,0,0,Property Damage,No Injuries,Car,10,Turning (At Least One Vehicle),2,2,0,5,"Over $1,500",1,0,0,0,0,0,0,06,Improper Turning/No Signal,28,Failing To Reduce Speed To Avoid Crash,1,No Controls,1,No Controls,1,Clear,5,"Darkness, Lighted Road",1,Not Divided,1,Dry,3,Free Flow,1,No Defects,O90,O16,41.8703918,-87.7743225,41.8704224,-87.7743149,1136506.38,1895854.13
31182,24 06960,2406960,X003629137,2024-11-15,20:11:00,2024-11-15 20:11:00,2024-11-18 13:27:39,S Ridgeland Ave/Jackson Blvd,,S RIDGELAND AVE,JACKSON BLVD,1,0,0,0,Property Damage,No Injuries,Car,6,Fixed Object,1,1,0,5,"Over $1,500",0,1,0,0,0,0,0,28,Failing To Reduce Speed To Avoid Crash,15,Driving Skills/Knowledge/Experience,1,No Controls,1,No Controls,1,Clear,5,"Darkness, Lighted Road",1,Not Divided,1,Dry,3,Free Flow,1,No Defects,O80,O13,41.8762855,-87.7843094,41.8762817,-87.7843475,1133773.38,1897984.50
31188,24 06968,2406968,X003629142,2024-11-16,13:45:00,2024-11-16 13:45:00,2024-11-18 13:42:39,Lake St/N Elmwood Ave,,LAKE ST,N ELMWOOD AVE,0,0,0,0,Property Damage,No Injuries,Car,11,Front To Rear,2,2,0,5,"Over $1,500",1,0,0,0,0,0,0,28,Failing To Reduce Speed To Avoid Crash,18,Unable To Determine,1,No Controls,1,No Controls,1,Clear,1,Daylight,1,Not Divided,1,Dry,3,Free Flow,1,No Defects,O30,O8,41.8883514,-87.7863312,41.8883743,-87.7863312,1133194.00,1902377.25
31186,24 06973,2406973,X003629141,2024-11-16,17:12:00,2024-11-16 17:12:00,2024-11-18 13:42:37,Jackson Blvd/Wenonah Ave,,JACKSON BLVD,WENONAH AVE,1,1,0,0,Injury,B Injury Crash,Car,15,Angle,2,2,0,5,"Over $1,500",0,1,0,0,2,0,2,02,Failing To Yield Right-Of-Way,99,Not Applicable,2,Stop Sign,4,Functioning Properly,1,Clear,4,Darkness,15,T-Intersection,1,Dry,3,Free Flow,1,No Defects,O60,O15,41.8753700,-87.8009338,41.8753967,-87.8009338,1129247.25,1897622.75
31189,24 06974,2406974,X003629143,2024-11-16,19:00:00,2024-11-16 19:00:00,2024-11-18 13:42:40,S Oak Park Ave/Harrison St,,S OAK PARK AVE,HARRISON ST,1,1,0,0,Property Damage,No Injuries,Car,10,Turning (At Least One Vehicle),2,2,0,3,$500 or less,1,0,0,0,0,0,0,25,Disregarding Traffic Signals,28,Failing To Reduce Speed To Avoid Crash,3,Traffic Signal,4,Functioning Properly,1,Clear,5,"Darkness, Lighted Road",1,Not Divided,1,Dry,3,Free Flow,1,No Defects,O60,O14,41.8728065,-87.7939758,41.8728065,-87.7940140,1131147.75,1896700.00
31196,24 07007,2407007,X003630679,2024-11-18,04:45:00,2024-11-18 04:45:00,2024-11-19 08:13:03,S Harlem Ave/Garfield St,,S HARLEM AVE,GARFIELD ST,1,1,0,0,Property Damage,No Injuries,Car,11,Front To Rear,2,2,0,5,"Over $1,500",1,0,0,0,0,0,0,28,Failing To Reduce Speed To Avoid Crash,99,Not Applicable,3,Traffic Signal,4,Functioning Properly,9,Unknown,5,"Darkness, Lighted Road",3,Divided With Median Barrier,1,Dry,2,Stopped,1,No Defects,O90,O18,41.8723068,-87.8044357,41.8723183,-87.8044663,1128300.88,1896500.75
31191,24 06985,2406985,X003629614,2024-11-18,07:57:00,2024-11-18 07:57:00,2024-11-19 08:04:48,515 South Blvd,515,SOUTH BLVD,,0,0,0,0,Property Damage,No Injuries,Car,10,Turning (At Least One Vehicle),2,2,0,4,"$501 to $1,500",1,0,0,0,0,0,0,06,Improper Turning/No Signal,02,Failing To Yield Right-Of-Way,1,No Controls,4,Functioning Properly,1,Clear,1,Daylight,2,"Divided, No Median Barrier",1,Dry,3,Free Flow,1,No Defects,O60,O11,41.8869247,-87.7886429,41.8868027,-87.7888184,1132567.50,1901853.13
31192,24 06987,2406987,X003629615,2024-11-18,08:38:00,2024-11-18 08:38:00,2024-11-19 08:12:56,South Blvd/S Ridgeland Ave,,SOUTH BLVD,S RIDGELAND AVE,0,0,0,0,Property Damage,No Injuries,Car,12,Sideswipe - Same Direction,2,2,0,3,$500 or less,1,0,0,0,0,0,0,18,Unable To Determine,18,Unable To Determine,1,No Controls,1,No Controls,2,Rain,1,Daylight,2,"Divided, No Median Barrier",2,Wet,1,Slow,1,No Defects,O50,O10,41.8869286,-87.7846527,41.8869553,-87.7846603,1133653.50,1901862.13
31193,24 06996,2406996,X003629617,2024-11-18,12:46:00,2024-11-18 12:46:00,2024-11-19 08:12:58,Wesley Ave/Madison St,,WESLEY AVE,MADISON ST,0,0,0,0,Property Damage,No Injuries,Car,9,Parked Motor Vehicle,2,2,0,3,$500 or less,1,0,0,0,0,0,0,18,Unable To Determine,18,Unable To Determine,1,No Controls,1,No Controls,2,Rain,1,Daylight,2,"Divided, No Median Barrier",2,Wet,1,Slow,1,No Defects,O60,O11,41.8798218,-87.7909622,41.8798065,-87.7918091,1131953.00,1899261.75
31194,24 07003,2407003,X003630677,2024-11-18,15:30:00,2024-11-18 15:30:00,2024-11-19 08:13:00,N Austin Blvd/Washington Blvd,,N AUSTIN BLVD,WASHINGTON BLVD,1,1,0,0,Injury,C Injury Crash,Car,15,Angle,2,2,0,3,$500 or less,0,1,0,0,0,1,1,18,Unable To Determine,18,Unable To Determine,3,Traffic Signal,4,Functioning Properly,2,Rain,3,Dusk,2,"Divided, No Median Barrier",2,Wet,1,Slow,1,No Defects,O30,O8,41.8821068,-87.7746887,41.8821106,-87.7747269,1136378.00,1900122.38
31208,24 07004,2407004,X003633651,2024-11-18,15:30:00,2024-11-18 15:30:00,2024-11-21 09:33:39,Roosevelt Rd/S Humphrey Ave,,ROOSEVELT RD,S HUMPHREY AVE,1,1,0,0,Injury,B Injury Crash,Car,15,Angle,2,2,0,5,"Over $1,500",0,1,0,0,1,1,2,02,Failing To Yield Right-Of-Way,28,Failing To Reduce Speed To Avoid Crash,1,No Controls,1,No Controls,2,Rain,1,Daylight,1,Not Divided,2,Wet,3,Free Flow,1,No Defects,O90,O16,41.8654785,-87.7753677,41.8654518,-87.7753677,1136234.63,1894061.75
31195,24 07005,2407005,X003630678,2024-11-18,16:32:00,2024-11-18 16:32:00,2024-11-19 08:13:02,932 Lake St,932,LAKE ST,,0,0,0,0,Injury,C Injury Crash,Car,12,Sideswipe - Same Direction,2,2,0,5,"Over $1,500",0,1,0,0,0,3,3,02,Failing To Yield Right-Of-Way,99,Not Applicable,1,No Controls,1,No Controls,2,Rain,5,"Darkness, Lighted Road",1,Not Divided,2,Wet,3,Free Flow,1,No Defects,O40,O9,41.8887176,-87.7988663,41.8889694,-87.7991715,1129779.38,1902489.25
31205,24 07006,2407006,X003632753,2024-11-18,17:13:00,2024-11-18 17:13:00,2024-11-21 09:33:36,Lake St/N Austin Blvd,,LAKE ST,N AUSTIN BLVD,0,0,0,0,Injury,C Injury Crash,Car,11,Front To Rear,3,3,0,4,"$501 to $1,500",0,1,0,0,0,2,2,03,Following Too Closely,28,Failing To Reduce Speed To Avoid Crash,1,No Controls,1,No Controls,2,Rain,1,Daylight,2,"Divided, No Median Barrier",2,Wet,2,Stopped,1,No Defects,O30,O7,41.8880539,-87.7749329,41.8880234,-87.7749329,1136298.88,1902289.50
31198,24 07013,2407013,X003630681,2024-11-18,21:36:00,2024-11-18 21:36:00,2024-11-19 08:04:49,N Harlem Ave/South Blvd,,N HARLEM AVE,SOUTH BLVD,1,0,0,0,Property Damage,No Injuries,Car,11,Front To Rear,2,2,0,4,"$501 to $1,500",1,0,0,0,0,0,0,28,Failing To Reduce Speed To Avoid Crash,03,Following Too Closely,3,Traffic Signal,4,Functioning Properly,1,Clear,5,"Darkness, Lighted Road",1,Not Divided,2,Wet,1,Slow,1,No Defects,O70,O12,41.8866921,-87.8050156,41.8867111,-87.8049927,1128109.63,1901740.13
31207,24 07016,2407016,X003633650,2024-11-19,07:17:00,2024-11-19 07:17:00,2024-11-21 09:33:38,S Harlem Ave/Roosevelt Rd,,S HARLEM AVE,ROOSEVELT RD,1,1,0,0,Property Damage,No Injuries,Car,10,Turning (At Least One Vehicle),2,2,0,5,"Over $1,500",0,1,0,0,0,0,0,02,Failing To Yield Right-Of-Way,28,Failing To Reduce Speed To Avoid Crash,3,Traffic Signal,4,Functioning Properly,8,Cloudy/Overcast,1,Daylight,1,Not Divided,1,Dry,3,Free Flow,1,No Defects,,,41.8649864,-87.8041687,41.8649864,-87.8042068,1128389.25,1893832.00
31201,24 07037,2407037,X003631364,2024-11-19,09:21:00,2024-11-19 09:21:00,2024-11-20 11:07:53,Lake St/N Oak Park Ave,,LAKE ST,N OAK PARK AVE,1,1,0,1,Property Damage,No Injuries,Car,10,Turning (At Least One Vehicle),2,2,0,5,"Over $1,500",1,0,0,0,0,0,0,03,Following Too Closely,28,Failing To Reduce Speed To Avoid Crash,3,Traffic Signal,4,Functioning Properly,1,Clear,5,"Darkness, Lighted Road",1,Not Divided,1,Dry,2,Stopped,1,No Defects,O40,O9,41.8886185,-87.7945175,41.8886452,-87.7945251,1130963.00,1902460.13
31209,24 07025,2407025,X003633652,2024-11-19,14:45:00,2024-11-19 14:45:00,2024-11-21 09:33:40,12 Madison St,12,MADISON ST,,0,0,0,1,Property Damage,No Injuries,Car,12,Sideswipe - Same Direction,2,2,0,4,"$501 to $1,500",1,0,0,0,0,0,0,28,Failing To Reduce Speed To Avoid Crash,02,Failing To Yield Right-Of-Way,1,No Controls,1,No Controls,1,Clear,1,Daylight,3,Divided With Median Barrier,1,Dry,3,Free Flow,1,No Defects,O80,O13,41.8801041,-87.7752228,41.8802490,-87.7752609,1136237.63,1899391.88
31206,24 07027,2407027,X003633649,2024-11-19,16:29:00,2024-11-19 16:29:00,2024-11-21 09:33:37,S Oak Park Ave/Van Buren St,,S OAK PARK AVE,VAN BUREN ST,1,1,0,0,Property Damage,No Injuries,Car,15,Angle,2,2,0,4,"$501 to $1,500",1,0,0,0,0,0,0,02,Failing To Yield Right-Of-Way,23,Disregarding Stop Sign,2,Stop Sign,4,Functioning Properly,1,Clear,5,"Darkness, Lighted Road",2,"Divided, No Median Barrier",1,Dry,3,Free Flow,1,No Defects,O60,O14,41.8742905,-87.7940292,41.8742905,-87.7940674,1131129.38,1897240.63
31210,24 07029,2407029,X003633653,2024-11-19,17:55:00,2024-11-19 17:55:00,2024-11-21 09:33:41,N Austin Blvd/North Ave,,N AUSTIN BLVD,NORTH AVE,0,1,0,0,Injury,B Injury Crash,Car,15,Angle,2,2,0,5,"Over $1,500",0,1,0,0,4,0,4,02,Failing To Yield Right-Of-Way,15,Driving Skills/Knowledge/Experience,3,Traffic Signal,4,Functioning Properly,1,Clear,5,"Darkness, Lighted Road",2,"Divided, No Median Barrier",1,Dry,3,Free Flow,1,No Defects,,,41.9092522,-87.7755585,41.9092560,-87.7755890,1136078.00,1910012.75
31204,24 07041,2407041,X003633648,2024-11-20,16:17:00,2024-11-20 16:17:00,2024-11-21 09:33:35,N Ridgeland Ave/Lake St,,N RIDGELAND AVE,LAKE ST,0,0,0,0,Property Damage,No Injuries,Car,12,Sideswipe - Same Direction,2,2,0,5,"Over $1,500",1,0,0,0,0,0,0,28,Failing To Reduce Speed To Avoid Crash,18,Unable To Determine,1,No Controls,1,No Controls,10,Freezing Rain/Drizzle,3,Dusk,1,Not Divided,2,Wet,3,Free Flow,1,No Defects,O30,O8,41.8883209,-87.7847366,41.8883209,-87.7846985,1133628.00,1902369.13
31241,24 07133,2407133,X003685036,2024-11-20,16:49:00,2024-11-20 16:49:00,2024-11-25 09:41:45,N Harlem Ave/Madison St,,N HARLEM AVE,MADISON ST,1,0,0,0,Property Damage,No Injuries,Car,18,Rear To Front,2,2,0,4,"$501 to $1,500",1,0,0,0,0,0,0,30,Improper Backing,20,Improper Lane Usage,3,Traffic Signal,4,Functioning Properly,1,Clear,2,Dawn,2,"Divided, No Median Barrier",1,Dry,1,Slow,1,No Defects,O70,O12,41.8796730,-87.8047714,41.8796654,-87.8047333,1128192.88,1899183.13