record_id,report_number,crash_id,idot_crash_number,date,time,occurred_at,record_added_at,location,street_number,street_name,cross_street,at_intersection,intersection_related,private_property,hit_and_run,crash_severity,crash_injury_severity,crash_mode,crash_type_code,crash_type,total_units,num_motor_vehicles,dooring_pedalcyclist,damage_code,damage,no_injury_drive_away,injury_or_towed,fatalities,a_injuries,b_injuries,c_injuries,total_injured,cause1_code,cause1,cause2_code,cause2,traffic_control_code,traffic_control,device_condition_code,device_condition,weather_code,weather,lighting_code,lighting,trafficway_code,trafficway,road_surface_code,road_surface,flow_condition_code,flow_condition,road_defects_code,road_defects,beat_zone,post_district,latitude,longitude,latitude_geocoded,longitude_geocoded,state_plane_x,state_plane_y
31675,24 07047,2407047,X003713807,2024-11-20,21:25:00,2024-11-20 21:25:00,2025-02-04 09:03:16,Ridgeland/Harvard,,RIDGELAND,HARVARD,1,1,0,0,Property Damage,No Injuries,Pedestrian,1,Pedestrian,2,1,0,5,"Over $1,500",1,0,0,0,0,0,0,28,Failing To Reduce Speed To Avoid Crash,06,Improper Turning/No Signal,3,Traffic Signal,4,Functioning Properly,1,Clear,5,"Darkness, Lighted Road",14,Four-Way Intersection,1,Dry,3,Free Flow,1,No Defects,O90,O16,41.8689842,-87.7840500,41.8689804,-87.7840881,1133859.50,1895323.25
31289,24 07050,2407050,X003646455,2024-11-20,22:10:00,2024-11-20 22:10:00,2024-12-03 23:21:22,738 S Oak Park Ave,738,S OAK PARK AVE,,0,0,0,0,Injury,C Injury Crash,Car,9,Parked Motor Vehicle,2,2,0,5,"Over $1,500",0,1,0,0,0,1,1,99,Not Applicable,99,Not Applicable,1,No Controls,1,No Controls,3,Snow,5,"Darkness, Lighted Road",1,Not Divided,3,Snow or Slush,3,Free Flow,1,No Defects,O60,O15,41.8754120,-87.7941437,41.8746796,-87.7938995,1131095.88,1897649.00
31217,24 07052,2407052,X003634901,2024-11-21,09:23:00,2024-11-21 09:23:00,2024-11-22 09:01:51,S Harlem Ave/I290 Ramp E,,S HARLEM AVE,I290 RAMP E,0,0,0,0,Property Damage,No Injuries,Car,11,Front To Rear,2,2,0,5,"Over $1,500",1,0,0,0,0,0,0,28,Failing To Reduce Speed To Avoid Crash,11,Weather,3,Traffic Signal,4,Functioning Properly,3,Snow,1,Daylight,3,Divided With Median Barrier,2,Wet,,,1,No Defects,O90,O18,41.8735886,-87.8044891,41.8736153,-87.8045197,1128282.00,1896967.63
31211,24 07054,2407054,X003634893,2024-11-21,10:09:00,2024-11-21 10:09:00,2024-11-22 08:54:32,Lake St/N Oak Park Ave,,LAKE ST,N OAK PARK AVE,0,0,0,0,Property Damage,No Injuries,Car,9,Parked Motor Vehicle,2,2,0,5,"Over $1,500",1,0,0,0,0,0,0,11,Weather,28,Failing To Reduce Speed To Avoid Crash,1,No Controls,1,No Controls,3,Snow,1,Daylight,1,Not Divided,3,Snow or Slush,3,Free Flow,1,No Defects,O40,O9,41.8886185,-87.7945175,41.8886452,-87.7945251,1130963.00,1902460.13
31216,24 07056,2407056,X003634898,2024-11-21,11:38:00,2024-11-21 11:38:00,2024-11-22 09:01:50,S Harlem Ave/Roosevelt Rd,,S HARLEM AVE,ROOSEVELT RD,0,0,0,0,Property Damage,No Injuries,Car,10,Turning (At Least One Vehicle),2,2,0,5,"Over $1,500",1,0,0,0,0,0,0,28,Failing To Reduce Speed To Avoid Crash,11,Weather,3,Traffic Signal,4,Functioning Properly,3,Snow,1,Daylight,1,Not Divided,3,Snow or Slush,,,1,No Defects,O90,O10,41.8649864,-87.8041687,41.8649864,-87.8042068,1128389.25,1893832.00
31212,24 07057,2407057,X003634894,2024-11-21,11:44:00,2024-11-21 11:44:00,2024-11-22 09:01:46,N Euclid Ave/Lake St,,N EUCLID AVE,LAKE ST,0,0,0,1,Property Damage,No Injuries,Car,9,Parked Motor Vehicle,2,2,0,4,"$501 to $1,500",1,0,0,0,0,0,0,11,Weather,28,Failing To Reduce Speed To Avoid Crash,1,No Controls,1,No Controls,3,Snow,1,Daylight,1,Not Divided,3,Snow or Slush,3,Free Flow,1,No Defects,O30,O8,41.8885803,-87.7927322,41.8885841,-87.7926941,1131450.13,1902449.88
31213,24 07061,2407061,X003634895,2024-11-21,13:18:00,2024-11-21 13:18:00,2024-11-22 09:01:47,N Harlem Av/Lake St,,N HARLEM AV,LAKE ST,0,0,0,1,Property Damage,No Injuries,Car,11,Front To Rear,2,2,0,5,"Over $1,500",1,0,0,0,0,0,0,11,Weather,03,Following Too Closely,1,No Controls,1,No Controls,3,Snow,1,Daylight,1,Not Divided,3,Snow or Slush,2,Stopped,1,No Defects,R83,RFPD,41.8885765,-87.8050919,41.8885841,-87.8050537,1128084.88,1902427.75
31214,24 07063,2407063,X003634896,2024-11-21,15:09:00,2024-11-21 15:09:00,2024-11-22 09:01:48,N Harlem Ave/Washington Blvd,,N HARLEM AVE,WASHINGTON BLVD,0,1,0,0,Injury,C Injury Crash,Car,11,Front To Rear,2,2,0,3,$500 or less,0,1,0,0,0,1,1,28,Failing To Reduce Speed To Avoid Crash,11,Weather,3,Traffic Signal,4,Functioning Properly,3,Snow,1,Daylight,1,Not Divided,3,Snow or Slush,2,Stopped,1,No Defects,O70,O12,41.8813934,-87.8048325,41.8814087,-87.8047943,1128172.13,1899810.88
31215,24 07064,2407064,X003634897,2024-11-21,17:06:00,2024-11-21 17:06:00,2024-11-22 09:01:49,1048 Madison St,1048,MADISON ST,,0,1,0,0,Property Damage,No Injuries,Car,10,Turning (At Least One Vehicle),2,2,0,4,"$501 to $1,500",1,0,0,0,0,0,0,20,Improper Lane Usage,99,Not Applicable,3,Traffic Signal,4,Functioning Properly,1,Clear,5,"Darkness, Lighted Road",1,Not Divided,2,Wet,,,1,No Defects,O70,O12,41.8796692,-87.8018799,41.8797035,-87.8016815,1128980.75,1899187.50
31253,24 07065,2407065,X003639459,2024-11-21,17:21:00,2024-11-21 17:21:00,2024-11-26 08:53:23,South Blvd/Ridgeland,,SOUTH BLVD,RIDGELAND,0,0,0,1,Property Damage,No Injuries,Car,12,Sideswipe - Same Direction,2,2,0,5,"Over $1,500",1,0,0,0,0,0,0,28,Failing To Reduce Speed To Avoid Crash,18,Unable To Determine,1,No Controls,1,No Controls,2,Rain,5,"Darkness, Lighted Road",1,Not Divided,2,Wet,3,Free Flow,1,No Defects,O50,O10,41.8869286,-87.7846527,41.8869553,-87.7846603,1133653.50,1901862.13
31251,24 07069,2407069,X003639457,2024-11-22,05:39:00,2024-11-22 05:39:00,2024-11-26 08:53:19,Clinton Ave/Washington Blvd,,CLINTON AVE,WASHINGTON BLVD,1,1,0,1,Property Damage,No Injuries,Car,15,Angle,2,2,0,5,"Over $1,500",0,1,0,0,0,0,0,23,Disregarding Stop Sign,28,Failing To Reduce Speed To Avoid Crash,2,Stop Sign,4,Functioning Properly,8,Cloudy/Overcast,5,"Darkness, Lighted Road",2,"Divided, No Median Barrier",1,Dry,3,Free Flow,1,No Defects,O70,O12,41.8815117,-87.7984238,41.8815079,-87.7984543,1129917.25,1899864.88
31235,24 07070,2407070,X003639437,2024-11-22,06:40:00,2024-11-22 06:40:00,2024-11-25 09:05:10,Austin/Harrison,,AUSTIN,HARRISON,0,0,0,0,Property Damage,No Injuries,Car,12,Sideswipe - Same Direction,2,2,0,5,"Over $1,500",1,0,0,0,0,0,0,20,Improper Lane Usage,28,Failing To Reduce Speed To Avoid Crash,1,No Controls,1,No Controls,1,Clear,1,Daylight,1,Not Divided,1,Dry,3,Free Flow,1,No Defects,O80,O13,41.8727799,-87.7744522,41.8727799,-87.7744141,1136465.25,1896723.75
31233,24 07073,2407073,X003639435,2024-11-22,07:39:00,2024-11-22 07:39:00,2024-11-25 08:58:09,N Ridgeland Ave/North Blvd,,N RIDGELAND AVE,NORTH BLVD,0,0,0,0,Property Damage,No Injuries,Car,15,Angle,2,2,0,5,"Over $1,500",1,0,0,0,0,0,0,02,Failing To Yield Right-Of-Way,15,Driving Skills/Knowledge/Experience,1,No Controls,1,No Controls,8,Cloudy/Overcast,1,Daylight,1,Not Divided,1,Dry,3,Free Flow,1,No Defects,O30,O8,41.8874779,-87.7847137,41.8874855,-87.7846756,1133636.50,1902062.00
31305,24 07074,2407074,X003648338,2024-11-22,09:06:00,2024-11-22 09:06:00,2024-12-05 08:36:47,S Austin Blvd/Jackson Blvd,,S AUSTIN BLVD,JACKSON BLVD,1,0,0,1,Property Damage,No Injuries,Car,18,Rear To Front,2,2,0,5,"Over $1,500",1,0,0,0,0,0,0,28,Failing To Reduce Speed To Avoid Crash,18,Unable To Determine,1,No Controls,1,No Controls,1,Clear,1,Daylight,1,Not Divided,1,Dry,1,Slow,1,No Defects,O80,O13,41.8764229,-87.7745743,41.8764229,-87.7745361,1136424.63,1898051.75
31222,24 07082,2407082,X003634902,2024-11-22,11:53:00,2024-11-22 11:53:00,2024-11-22 18:11:54,425 Home,425,HOME,,0,0,0,0,Property Damage,No Injuries,Car,9,Parked Motor Vehicle,2,2,0,5,"Over $1,500",1,0,0,0,0,0,0,28,Failing To Reduce Speed To Avoid Crash,18,Unable To Determine,1,No Controls,1,No Controls,1,Clear,1,Daylight,1,Not Divided,1,Dry,1,Slow,1,No Defects,O70,O12,41.8805885,-87.7998657,41.8806267,-87.8001022,1129526.00,1899525.38
31237,24 07080,2407080,X003639439,2024-11-22,14:17:00,2024-11-22 14:17:00,2024-11-25 08:58:10,Madison St/S Cuyler,,MADISON ST,S CUYLER,0,0,0,0,Property Damage,No Injuries,Car,11,Front To Rear,2,2,0,3,$500 or less,1,0,0,0,0,0,0,18,Unable To Determine,18,Unable To Determine,1,No Controls,1,No Controls,1,Clear,1,Daylight,2,"Divided, No Median Barrier",1,Dry,1,Slow,1,No Defects,O80,O13,41.8799324,-87.7832260,41.8799591,-87.7832336,1134058.63,1899314.38
31234,24 07079,2407079,X003639436,2024-11-22,14:26:00,2024-11-22 14:26:00,2024-11-25 08:50:31,Harrison/Ridgeland,,HARRISON,RIDGELAND,0,0,0,0,Property Damage,No Injuries,Car,9,Parked Motor Vehicle,2,2,0,5,"Over $1,500",1,0,0,0,0,0,0,99,Not Applicable,18,Unable To Determine,1,No Controls,1,No Controls,1,Clear,1,Daylight,1,Not Divided,1,Dry,1,Slow,1,No Defects,O80,O13,41.8726044,-87.7842178,41.8726349,-87.7842178,1133806.88,1896642.25
31236,24 07083,2407083,X003639438,2024-11-22,16:27:00,2024-11-22 16:27:00,2024-11-25 09:05:11,Madison/Harlem Ave,,MADISON,HARLEM AVE,1,1,0,1,Property Damage,No Injuries,Car,11,Front To Rear,2,2,0,5,"Over $1,500",1,0,0,0,0,0,0,28,Failing To Reduce Speed To Avoid Crash,99,Not Applicable,1,No Controls,1,No Controls,1,Clear,3,Dusk,1,Not Divided,1,Dry,3,Free Flow,1,No Defects,O60,O15,41.8796349,-87.8047333,41.8796654,-87.8047333,1128202.63,1899169.38
31249,24 07097,2407097,X003639454,2024-11-22,16:38:00,2024-11-22 16:38:00,2024-11-25 09:58:19,300 Lake St,300,LAKE ST,,0,0,0,1,Injury,B Injury Crash,Car,10,Turning (At Least One Vehicle),2,2,0,5,"Over $1,500",0,1,0,0,1,0,1,04,Improper Overtaking/Passing,20,Improper Lane Usage,1,No Controls,1,No Controls,1,Clear,1,Daylight,4,Two-Way Continuous Left-Turn Lane,1,Dry,3,Free Flow,1,No Defects,O30,O7,41.8883018,-87.7830582,41.8885193,-87.7835007,1134084.88,1902365.25
31231,24 07092,2407092,X003639433,2024-11-22,16:49:00,2024-11-22 16:49:00,2024-11-25 08:58:08,N Elmwood Ave/Chicago Ave,,N ELMWOOD AVE,CHICAGO AVE,1,1,0,0,Property Damage,No Injuries,Car,11,Front To Rear,3,3,0,5,"Over $1,500",1,0,0,0,0,0,0,28,Failing To Reduce Speed To Avoid Crash,41,Distraction - From Inside Vehicle,3,Traffic Signal,4,Functioning Properly,1,Clear,1,Daylight,14,Four-Way Intersection,1,Dry,1,Slow,1,No Defects,O30,O8,41.8945389,-87.7865448,41.8945503,-87.7865067,1133121.50,1904632.38
31223,24 07072,2407072,X003634904,2024-11-22,17:15:00,2024-11-22 17:15:00,2024-11-22 18:11:55,Austin/Chicago,,AUSTIN,CHICAGO,0,0,0,1,Property Damage,No Injuries,Car,9,Parked Motor Vehicle,3,3,0,5,"Over $1,500",1,0,0,0,0,0,0,28,Failing To Reduce Speed To Avoid Crash,18,Unable To Determine,1,No Controls,1,No Controls,1,Clear,9,Unknown,1,Not Divided,1,Dry,3,Free Flow,1,No Defects,O30,O7,41.8946877,-87.7751389,41.8947105,-87.7751389,1136227.25,1904705.00
31230,24 07090,2407090,X003639432,2024-11-22,17:25:00,2024-11-22 17:25:00,2024-11-25 08:50:32,N Harlem Ave/Lake St,,N HARLEM AVE,LAKE ST,0,0,0,0,Property Damage,No Injuries,Car,12,Sideswipe - Same Direction,2,2,0,4,"$501 to $1,500",1,0,0,0,0,0,0,20,Improper Lane Usage,99,Not Applicable,3,Traffic Signal,4,Functioning Properly,1,Clear,5,"Darkness, Lighted Road",14,Four-Way Intersection,1,Dry,1,Slow,1,No Defects,R83,RFPD,41.8885765,-87.8050919,41.8885841,-87.8050537,1128084.88,1902427.75
31248,24 07091,2407091,X003639452,2024-11-22,19:08:00,2024-11-22 19:08:00,2024-11-25 09:58:18,411 S Harvey Ave,411,S HARVEY AVE,,0,0,0,0,Property Damage,No Injuries,Car,16,Rear To Side,2,2,0,3,$500 or less,1,0,0,0,0,0,0,30,Improper Backing,99,Not Applicable,1,No Controls,1,No Controls,1,Clear,4,Darkness,1,Not Divided,1,Dry,3,Free Flow,1,No Defects,O50,O10,41.8812370,-87.7811966,41.8811493,-87.7815933,1134609.00,1899793.25
31243,24 07093,2407093,X003639445,2024-11-22,20:34:00,2024-11-22 20:34:00,2024-11-25 09:41:41,S Oak Park Ave/Washington Blvd,,S OAK PARK AVE,WASHINGTON BLVD,1,1,0,0,Property Damage,No Injuries,Car,10,Turning (At Least One Vehicle),2,2,0,5,"Over $1,500",0,1,0,0,0,0,0,28,Failing To Reduce Speed To Avoid Crash,15,Driving Skills/Knowledge/Experience,3,Traffic Signal,4,Functioning Properly,1,Clear,5,"Darkness, Lighted Road",4,Two-Way Continuous Left-Turn Lane,1,Dry,3,Free Flow,1,No Defects,O60,O11,41.8815651,-87.7942734,41.8815613,-87.7943115,1131046.38,1899891.13
31245,24 07111,2407111,X003639447,2024-11-23,13:20:00,2024-11-23 13:20:00,2024-11-25 09:50:47,20 Madison St,20,MADISON ST,,0,0,0,0,Property Damage,No Injuries,Car,9,Parked Motor Vehicle,2,2,0,3,$500 or less,1,0,0,0,0,0,0,18,Unable To Determine,18,Unable To Determine,1,No Controls,1,No Controls,1,Clear,1,Daylight,2,"Divided, No Median Barrier",1,Dry,1,Slow,1,No Defects,O80,O13,41.8800964,-87.7756348,41.8802490,-87.7756119,1136126.25,1899388.00
31246,24 07110,2407110,X003639449,2024-11-23,13:20:00,2024-11-23 13:20:00,2024-11-25 09:41:42,Austin Blvd/Madison St,,AUSTIN BLVD,MADISON ST,1,1,0,1,Property Damage,No Injuries,Car,12,Sideswipe - Same Direction,2,2,0,3,$500 or less,1,0,0,0,0,0,0,18,Unable To Determine,18,Unable To Determine,3,Traffic Signal,4,Functioning Properly,1,Clear,1,Daylight,2,"Divided, No Median Barrier",1,Dry,1,Slow,1,No Defects,,,41.8800926,-87.7746201,41.8800888,-87.7746582,1136401.50,1899388.00
31232,24 07115,2407115,X003639434,2024-11-23,20:55:00,2024-11-23 20:55:00,2024-11-25 08:50:28,640 Washington Blvd,640,WASHINGTON BLVD,,0,0,0,0,Property Damage,No Injuries,Car,18,Rear To Front,2,2,0,3,$500 or less,1,0,0,0,0,0,0,30,Improper Backing,99,Not Applicable,1,No Controls,1,No Controls,1,Clear,4,Darkness,1,Not Divided,1,Dry,3,Free Flow,1,No Defects,O60,O11,41.8816261,-87.7914734,41.8817863,-87.7913437,1131808.88,1899918.38
31239,24 07120,2407120,X003639441,2024-11-24,02:39:00,2024-11-24 02:39:00,2024-11-25 09:34:33,334 S Austin Blvd,334,S AUSTIN BLVD,,0,0,0,0,Injury,B Injury Crash,Car,11,Front To Rear,3,2,0,5,"Over $1,500",0,1,0,0,1,1,2,28,Failing To Reduce Speed To Avoid Crash,99,Not Applicable,1,No Controls,1,No Controls,1,Clear,4,Darkness,1,Not Divided,1,Dry,3,Free Flow,1,No Defects,O80,O13,41.8752975,-87.7745361,41.8752899,-87.7748337,1136437.88,1897641.00
31240,24 07121,2407121,X003639442,2024-11-24,06:29:00,2024-11-24 06:29:00,2024-11-25 09:34:34,S Austin Blvd/I290 Expy,,S AUSTIN BLVD,I290 EXPY,1,1,0,0,Property Damage,No Injuries,Car,6,Fixed Object,1,1,0,5,"Over $1,500",0,1,0,0,0,0,0,28,Failing To Reduce Speed To Avoid Crash,99,Not Applicable,3,Traffic Signal,4,Functioning Properly,1,Clear,1,Daylight,3,Divided With Median Barrier,1,Dry,3,Free Flow,1,No Defects,O80,O13,41.8712502,-87.7743759,41.8712502,-87.7743378,1136490.13,1896166.00
31275,24 07210,2407210,X003645034,2024-11-24,09:00:00,2024-11-24 09:00:00,2024-12-02 10:10:31,Division/Lombard,,DIVISION,LOMBARD,1,1,0,0,Property Damage,No Injuries,Car,10,Turning (At Least One Vehicle),2,2,0,5,"Over $1,500",1,0,0,0,0,0,0,28,Failing To Reduce Speed To Avoid Crash,99,Not Applicable,1,No Controls,1,No Controls,1,Clear,1,Daylight,1,Not Divided,1,Dry,3,Free Flow,1,No Defects,O10,O4,41.9019089,-87.7802353,41.9019394,-87.7802429,1134821.13,1907328.75
31247,24 07132,2407132,X003639450,2024-11-24,15:49:00,2024-11-24 15:49:00,2024-11-25 09:41:44,1107 Westgate St,1107,WESTGATE ST,,0,0,0,0,Property Damage,No Injuries,Car,9,Parked Motor Vehicle,2,2,0,4,"$501 to $1,500",1,0,0,0,0,0,0,30,Improper Backing,99,Not Applicable,1,No Controls,1,No Controls,1,Clear,3,Dusk,1,Not Divided,1,Dry,3,Free Flow,1,No Defects,O40,O9,41.8878746,-87.8027039,41.8878555,-87.8028641,1128737.13,1902176.25
31254,24 07138,2407138,X003639460,2024-11-25,08:24:00,2024-11-25 08:24:00,2024-11-26 09:00:39,7055 North Ave,7055,NORTH AVE,,0,0,0,0,Property Damage,No Injuries,Car,12,Sideswipe - Same Direction,2,2,0,5,"Over $1,500",1,0,0,0,0,0,0,04,Improper Overtaking/Passing,28,Failing To Reduce Speed To Avoid Crash,1,No Controls,1,No Controls,8,Cloudy/Overcast,1,Daylight,1,Not Divided,2,Wet,3,Free Flow,1,No Defects,O20,O3,41.9088592,-87.8037415,41.9087601,-87.8038330,1128406.63,1909821.25
31250,24 07143,2407143,X003639455,2024-11-25,10:18:00,2024-11-25 10:18:00,2024-11-26 08:53:17,Harvey Ave/Iowa St,,HARVEY AVE,IOWA ST,0,0,0,0,Property Damage,No Injuries,Car,9,Parked Motor Vehicle,2,2,0,4,"$501 to $1,500",1,0,0,0,0,0,0,28,Failing To Reduce Speed To Avoid Crash,99,Not Applicable,1,No Controls,1,No Controls,1,Clear,1,Daylight,1,Not Divided,1,Dry,3,Free Flow,1,No Defects,O10,O4,41.8964386,-87.7817307,41.8964386,-87.7816925,1134428.50,1905332.75
31252,24 07156,2407156,X003639458,2024-11-25,16:05:00,2024-11-25 16:05:00,2024-11-26 08:53:21,Roosevelt Rd/S Taylor Ave,,ROOSEVELT RD,S TAYLOR AVE,1,1,0,0,Injury,B Injury Crash,Pedalcyclist,2,Pedalcyclist,2,1,1,5,"Over $1,500",0,1,0,0,1,0,1,02,Failing To Yield Right-Of-Way,28,Failing To Reduce Speed To Avoid Crash,2,Stop Sign,4,Functioning Properly,1,Clear,4,Darkness,1,Not Divided,1,Dry,3,Free Flow,1,No Defects,O90,O16,41.8654442,-87.7778168,41.8654175,-87.7778244,1135565.00,1894044.38
31269,24 07217,2407217,X003645028,2024-11-25,16:27:00,2024-11-25 16:27:00,2024-12-02 10:03:19,N Euclid Ave/Lake St,,N EUCLID AVE,LAKE ST,1,0,0,0,Property Damage,No Injuries,Car,11,Front To Rear,2,2,0,4,"$501 to $1,500",1,0,0,0,0,0,0,04,Improper Overtaking/Passing,99,Not Applicable,2,Stop Sign,4,Functioning Properly,9,Unknown,1,Daylight,1,Not Divided,9,Unknown,1,Slow,1,No Defects,O30,O8,41.8885803,-87.7927322,41.8885841,-87.7926941,1131450.13,1902449.88
31256,24 07167,2407167,X003640461,2024-11-26,08:41:00,2024-11-26 08:41:00,2024-11-27 10:32:15,Fillmore/Ridgeland,,FILLMORE,RIDGELAND,0,0,0,1,Property Damage,No Injuries,Car,9,Parked Motor Vehicle,2,2,0,5,"Over $1,500",1,0,0,0,0,0,0,20,Improper Lane Usage,28,Failing To Reduce Speed To Avoid Crash,1,No Controls,1,No Controls,1,Clear,4,Darkness,1,Not Divided,1,Dry,3,Free Flow,1,No Defects,O90,O16,41.8671265,-87.7840271,41.8671532,-87.7840271,1133871.38,1894647.38
31257,24 07177,2407177,X003640462,2024-11-26,12:05:00,2024-11-26 12:05:00,2024-11-27 10:32:16,S Harlem Ave/Lexington St,,S HARLEM AVE,LEXINGTON ST,0,0,0,0,Injury,B Injury Crash,Car,12,Sideswipe - Same Direction,3,3,0,5,"Over $1,500",0,1,0,0,1,0,1,20,Improper Lane Usage,28,Failing To Reduce Speed To Avoid Crash,1,No Controls,1,No Controls,1,Clear,1,Daylight,1,Not Divided,1,Dry,3,Free Flow,1,No Defects,O90,O18,41.8704796,-87.8043671,41.8704834,-87.8043976,1128323.00,1895834.00
31270,24 07186,2407186,X003645029,2024-11-26,17:42:00,2024-11-26 17:42:00,2024-12-02 10:03:20,1130 Chicago Ave,1130,CHICAGO AVE,,0,0,0,0,Property Damage,No Injuries,Car,15,Angle,2,2,0,5,"Over $1,500",1,0,0,0,0,0,0,26,Disregarding Road Markings,26,Disregarding Road Markings,1,No Controls,1,No Controls,1,Clear,5,"Darkness, Lighted Road",2,"Divided, No Median Barrier",1,Dry,,,1,No Defects,O40,O9,41.8942032,-87.8045883,41.8943329,-87.8047180,1128210.50,1904478.63
31280,24 07197,2407197,X003645039,2024-11-27,10:58:00,2024-11-27 10:58:00,2024-12-02 10:10:35,911 Pleasant,911,PLEASANT,,0,0,0,0,Property Damage,No Injuries,Car,13,Sideswipe - Opposite Direction,2,2,0,5,"Over $1,500",1,0,0,0,0,0,0,18,Unable To Determine,99,Not Applicable,1,No Controls,1,No Controls,1,Clear,1,Daylight,1,Not Divided,1,Dry,3,Free Flow,1,No Defects,O70,O12,41.8854256,-87.7976685,41.8853798,-87.7977982,1130114.25,1901292.50
31267,24 07206,2407206,X003645026,2024-11-27,13:40:00,2024-11-27 13:40:00,2024-12-02 09:27:10,Washington Blvd/Home Ave,,WASHINGTON BLVD,HOME AVE,0,0,0,0,Property Damage,No Injuries,Car,15,Angle,2,2,0,4,"$501 to $1,500",1,0,0,0,0,0,0,02,Failing To Yield Right-Of-Way,28,Failing To Reduce Speed To Avoid Crash,3,Traffic Signal,4,Functioning Properly,8,Cloudy/Overcast,1,Daylight,1,Not Divided,1,Dry,3,Free Flow,1,No Defects,O70,O12,41.8814545,-87.7999344,41.8814812,-87.7999344,1129505.88,1899841.88
31277,24 07211,2407211,X003645036,2024-11-27,16:15:00,2024-11-27 16:15:00,2024-12-02 10:10:32,Madison St/S Maple Ave,,MADISON ST,S MAPLE AVE,0,0,0,0,Property Damage,No Injuries,Car,12,Sideswipe - Same Direction,2,2,0,5,"Over $1,500",0,1,0,0,0,0,0,02,Failing To Yield Right-Of-Way,28,Failing To Reduce Speed To Avoid Crash,1,No Controls,1,No Controls,8,Cloudy/Overcast,3,Dusk,4,Two-Way Continuous Left-Turn Lane,1,Dry,1,Slow,1,No Defects,O60,O15,41.8795929,-87.8038635,41.8796196,-87.8038635,1128439.38,1899156.50
31272,24 07212,2407212,X003645031,2024-11-27,17:20:00,2024-11-27 17:20:00,2024-12-02 10:03:23,N Harlem Ave/Greenfield St,,N HARLEM AVE,GREENFIELD ST,1,0,0,0,Property Damage,No Injuries,Car,11,Front To Rear,2,2,0,5,"Over $1,500",1,0,0,0,0,0,0,03,Following Too Closely,99,Not Applicable,1,No Controls,1,No Controls,1,Clear,5,"Darkness, Lighted Road",1,Not Divided,1,Dry,3,Free Flow,1,No Defects,R81,RFPD,41.9052124,-87.8056869,41.9052162,-87.8056488,1127886.25,1908488.50
31268,24 07213,2407213,X003645027,2024-11-27,18:49:00,2024-11-27 18:49:00,2024-12-02 09:56:13,1135 Wisconsin Ave,1135,WISCONSIN AVE,,0,0,0,0,Property Damage,No Injuries,Car,12,Sideswipe - Same Direction,2,2,0,4,"$501 to $1,500",1,0,0,0,0,0,0,04,Improper Overtaking/Passing,02,Failing To Yield Right-Of-Way,1,No Controls,1,No Controls,1,Clear,4,Darkness,1,Not Divided,1,Dry,3,Free Flow,1,No Defects,O90,O18,41.8673668,-87.8018341,41.8674049,-87.8019486,1129020.88,1894704.13
31278,24 07219,2407219,X003645037,2024-11-27,19:44:00,2024-11-27 19:44:00,2024-12-02 10:10:33,S Harlem Ave/I290 E,,S HARLEM AVE,I290 E,0,0,0,0,Property Damage,No Injuries,Car,13,Sideswipe - Opposite Direction,2,2,0,5,"Over $1,500",1,0,0,0,0,0,0,28,Failing To Reduce Speed To Avoid Crash,99,Not Applicable,1,No Controls,1,No Controls,1,Clear,5,"Darkness, Lighted Road",1,Not Divided,1,Dry,1,Slow,1,No Defects,O90,O18,41.8735123,-87.8044891,41.8736153,-87.8045197,1128283.25,1896939.50
31862,24 07220,2407220,X003744335,2024-11-27,23:02:00,2024-11-27 23:02:00,2025-03-06 08:39:11,Austin/Berkshire,,AUSTIN,BERKSHIRE,0,0,0,0,Injury,B Injury Crash,Car,14,Front To Front,2,2,0,5,"Over $1,500",0,1,0,0,2,0,2,28,Failing To Reduce Speed To Avoid Crash,20,Improper Lane Usage,1,No Controls,1,No Controls,1,Clear,5,"Darkness, Lighted Road",2,"Divided, No Median Barrier",1,Dry,3,Free Flow,1,No Defects,,,41.9039192,-87.7753906,41.9039192,-87.7754288,1136135.50,1908069.50
31271,24 07224,2407224,X003645030,2024-11-28,12:48:00,2024-11-28 12:48:00,2024-12-02 10:03:22,1144 S Austin Blvd,1144,S AUSTIN BLVD,,0,0,0,1,Property Damage,No Injuries,Car,9,Parked Motor Vehicle,2,2,0,5,"Over $1,500",1,0,0,0,0,0,0,15,Driving Skills/Knowledge/Experience,03,Following Too Closely,1,No Controls,1,No Controls,1,Clear,4,Darkness,2,"Divided, No Median Barrier",1,Dry,3,Free Flow,1,No Defects,O90,O16,41.8663406,-87.7742081,41.8657913,-87.7742233,1136547.50,1894378.13
31274,24 07226,2407226,X003645033,2024-11-28,15:50:00,2024-11-28 15:50:00,2024-12-02 10:10:30,Belleforte Ave/Division,,BELLEFORTE AVE,DIVISION,0,0,0,0,Property Damage,No Injuries,Car,9,Parked Motor Vehicle,2,2,0,5,"Over $1,500",1,0,0,0,0,0,0,30,Improper Backing,28,Failing To Reduce Speed To Avoid Crash,1,No Controls,1,No Controls,1,Clear,1,Daylight,1,Not Divided,1,Dry,3,Free Flow,1,No Defects,O20,O6,41.9015732,-87.8025055,41.9015808,-87.8024674,1128759.25,1907167.25