record_id,report_number,crash_id,idot_crash_number,date,time,occurred_at,record_added_at,location,street_number,street_name,cross_street,at_intersection,intersection_related,private_property,hit_and_run,crash_severity,crash_injury_severity,crash_mode,crash_type_code,crash_type,total_units,num_motor_vehicles,dooring_pedalcyclist,damage_code,damage,no_injury_drive_away,injury_or_towed,fatalities,a_injuries,b_injuries,c_injuries,total_injured,cause1_code,cause1,cause2_code,cause2,traffic_control_code,traffic_control,device_condition_code,device_condition,weather_code,weather,lighting_code,lighting,trafficway_code,trafficway,road_surface_code,road_surface,flow_condition_code,flow_condition,road_defects_code,road_defects,beat_zone,post_district,latitude,longitude,latitude_geocoded,longitude_geocoded,state_plane_x,state_plane_y
31286,24 07231,2407231,X003645659,2024-11-29,03:53:00,2024-11-29 03:53:00,2024-12-03 09:00:00,I290 Expy W/S Austin Blvd,,I290 EXPY W,S AUSTIN BLVD,1,1,0,1,Injury,B Injury Crash,Car,11,Front To Rear,2,2,0,5,"Over $1,500",0,1,0,0,1,0,1,28,Failing To Reduce Speed To Avoid Crash,99,Not Applicable,3,Traffic Signal,4,Functioning Properly,1,Clear,5,"Darkness, Lighted Road",4,Two-Way Continuous Left-Turn Lane,1,Dry,3,Free Flow,1,No Defects,,,41.8712769,-87.7743301,41.8712502,-87.7743378,1136501.38,1896176.00
31273,24 07243,2407243,X003645032,2024-11-30,14:12:00,2024-11-30 14:12:00,2024-12-02 10:10:29,Roosevelt Rd/Kenilworth Ave,,ROOSEVELT RD,KENILWORTH AVE,0,0,0,0,Injury,B Injury Crash,Car,11,Front To Rear,2,2,0,5,"Over $1,500",0,1,0,0,1,0,1,28,Failing To Reduce Speed To Avoid Crash,03,Following Too Closely,1,No Controls,1,No Controls,1,Clear,1,Daylight,1,Not Divided,1,Dry,1,Slow,1,No Defects,O90,O18,41.8651428,-87.7963638,41.8651199,-87.7963715,1130514.50,1893903.50
31276,24 07245,2407245,X003645035,2024-11-30,14:53:00,2024-11-30 14:53:00,2024-12-02 10:03:21,315 S Oak Park Ave,315,S OAK PARK AVE,,0,0,0,1,Property Damage,No Injuries,Car,9,Parked Motor Vehicle,2,2,0,4,"$501 to $1,500",1,0,0,0,0,0,0,15,Driving Skills/Knowledge/Experience,18,Unable To Determine,1,No Controls,1,No Controls,1,Clear,4,Darkness,2,"Divided, No Median Barrier",1,Dry,3,Free Flow,1,No Defects,O60,O11,41.8827324,-87.7943115,41.8828583,-87.7945480,1131034.25,1900316.00
31484,24 07263,2407263,X003681550,2024-12-01,00:00:00,2024-12-01 00:00:00,2025-01-06 08:27:29,Oak Park Ave/Roosevelt Rd,,OAK PARK AVE,ROOSEVELT RD,1,1,0,0,Property Damage,No Injuries,Car,10,Turning (At Least One Vehicle),2,2,0,5,"Over $1,500",1,0,0,0,0,0,0,18,Unable To Determine,18,Unable To Determine,3,Traffic Signal,4,Functioning Properly,1,Clear,1,Daylight,2,"Divided, No Median Barrier",1,Dry,3,Free Flow,1,No Defects,O90,O18,41.8651619,-87.7937927,41.8651657,-87.7937546,1131216.00,1893914.50
31281,24 07254,2407254,X003645041,2024-12-01,14:23:00,2024-12-01 14:23:00,2024-12-02 10:18:41,S Oak Park Ave/Harvard St,,S OAK PARK AVE,HARVARD ST,1,1,0,0,Injury,B Injury Crash,Pedestrian,1,Pedestrian,2,1,0,5,"Over $1,500",0,1,0,0,1,0,1,02,Failing To Yield Right-Of-Way,28,Failing To Reduce Speed To Avoid Crash,3,Traffic Signal,4,Functioning Properly,1,Clear,1,Daylight,15,T-Intersection,1,Dry,3,Free Flow,1,No Defects,O90,O17,41.8688164,-87.7938461,41.8688087,-87.7938767,1131193.50,1895245.88
31283,24 07271,2407271,X003645667,2024-12-02,16:14:00,2024-12-02 16:14:00,2024-12-03 08:53:00,50 Fillmore St,50,FILLMORE ST,,0,0,0,1,Property Damage,No Injuries,Car,12,Sideswipe - Same Direction,2,2,0,4,"$501 to $1,500",1,0,0,0,0,0,0,28,Failing To Reduce Speed To Avoid Crash,99,Not Applicable,1,No Controls,1,No Controls,1,Clear,5,"Darkness, Lighted Road",1,Not Divided,1,Dry,3,Free Flow,1,No Defects,O90,O16,41.8672981,-87.7757797,41.8673325,-87.7757797,1136116.38,1894724.75
31287,24 07272,2407272,X003645671,2024-12-02,17:10:00,2024-12-02 17:10:00,2024-12-03 09:00:02,N Grove Ave/Chicago Ave,,N GROVE AVE,CHICAGO AVE,1,0,0,0,Property Damage,No Injuries,Car,11,Front To Rear,2,2,0,3,$500 or less,1,0,0,0,0,0,0,03,Following Too Closely,28,Failing To Reduce Speed To Avoid Crash,1,No Controls,1,No Controls,1,Clear,1,Daylight,2,"Divided, No Median Barrier",1,Dry,2,Stopped,1,No Defects,O40,O9,41.8943787,-87.7962112,41.8943787,-87.7961731,1130490.13,1904556.50
31282,24 07273,2407273,X003645672,2024-12-02,19:25:00,2024-12-02 19:25:00,2024-12-03 08:52:59,N Harlem Ave/Erie St,,N HARLEM AVE,ERIE ST,0,0,0,0,Property Damage,No Injuries,Car,10,Turning (At Least One Vehicle),2,2,0,5,"Over $1,500",1,0,0,0,0,0,0,28,Failing To Reduce Speed To Avoid Crash,15,Driving Skills/Knowledge/Experience,1,No Controls,1,No Controls,1,Clear,5,"Darkness, Lighted Road",1,Not Divided,1,Dry,3,Free Flow,1,No Defects,R82,RFPD,41.8918190,-87.8051910,41.8918228,-87.8051529,1128050.25,1903609.13
31297,24 07276,2407276,X003648883,2024-12-03,07:17:00,2024-12-03 07:17:00,2024-12-05 08:36:40,22 N Austin Blvd,22,N AUSTIN BLVD,,0,0,0,0,Property Damage,No Injuries,Car,12,Sideswipe - Same Direction,2,2,0,3,$500 or less,1,0,0,0,0,0,0,02,Failing To Yield Right-Of-Way,28,Failing To Reduce Speed To Avoid Crash,1,No Controls,1,No Controls,1,Clear,1,Daylight,1,Not Divided,1,Dry,3,Free Flow,1,No Defects,O50,O10,41.8848114,-87.7747879,41.8808784,-87.7752533,1136346.50,1901108.13
31294,24 07277,2407277,X003648880,2024-12-03,08:10:00,2024-12-03 08:10:00,2024-12-05 08:36:37,Filmore St/East Ave,,FILMORE ST,EAST AVE,0,0,0,0,Property Damage,No Injuries,Car,12,Sideswipe - Same Direction,2,2,0,4,"$501 to $1,500",1,0,0,0,0,0,0,04,Improper Overtaking/Passing,02,Failing To Yield Right-Of-Way,2,Stop Sign,4,Functioning Properly,1,Clear,1,Daylight,2,"Divided, No Median Barrier",1,Dry,3,Free Flow,1,No Defects,O90,O17,41.8670425,-87.7889252,41.8670731,-87.7889328,1132536.75,1894608.00
31299,24 07279,2407279,X003648885,2024-12-03,08:21:00,2024-12-03 08:21:00,2024-12-05 08:36:42,N Ridgeland Ave/Greenfield St,,N RIDGELAND AVE,GREENFIELD ST,1,1,0,0,Injury,C Injury Crash,Car,10,Turning (At Least One Vehicle),2,2,0,5,"Over $1,500",0,1,0,0,0,1,1,02,Failing To Yield Right-Of-Way,28,Failing To Reduce Speed To Avoid Crash,1,No Controls,1,No Controls,1,Clear,1,Daylight,2,"Divided, No Median Barrier",1,Dry,3,Free Flow,1,No Defects,O20,O2,41.9057922,-87.7834701,41.9057732,-87.7834396,1133932.38,1908738.25
31315,24 07283,2407283,X003651747,2024-12-03,12:16:00,2024-12-03 12:16:00,2024-12-08 07:32:48,Le Moyne Pkwy/N Ridgeland Ave,,LE MOYNE PKWY,N RIDGELAND AVE,1,1,0,0,Injury,C Injury Crash,Car,15,Angle,2,2,0,5,"Over $1,500",0,1,0,0,0,1,1,23,Disregarding Stop Sign,02,Failing To Yield Right-Of-Way,2,Stop Sign,4,Functioning Properly,1,Clear,1,Daylight,2,"Divided, No Median Barrier",1,Dry,3,Free Flow,1,No Defects,O10,O1,41.9073105,-87.7833099,41.9073372,-87.7833099,1133973.00,1909291.25
31300,24 07291,2407291,X003648886,2024-12-03,15:54:00,2024-12-03 15:54:00,2024-12-05 08:36:43,Chicago Ave/N Kenilworth Ave,,CHICAGO AVE,N KENILWORTH AVE,0,0,0,0,Property Damage,No Injuries,Car,11,Front To Rear,2,2,0,4,"$501 to $1,500",1,0,0,0,0,0,0,28,Failing To Reduce Speed To Avoid Crash,18,Unable To Determine,3,Traffic Signal,4,Functioning Properly,1,Clear,5,"Darkness, Lighted Road",1,Not Divided,1,Dry,2,Stopped,1,No Defects,O40,O9,41.8943253,-87.7976685,41.8943520,-87.7976761,1130093.38,1904535.50
31298,24 07289,2407289,X003648884,2024-12-03,17:46:00,2024-12-03 17:46:00,2024-12-05 08:36:41,Division/East,,DIVISION,EAST,1,1,0,0,Property Damage,No Injuries,Car,15,Angle,2,2,0,3,$500 or less,1,0,0,0,0,0,0,18,Unable To Determine,18,Unable To Determine,1,No Controls,1,No Controls,1,Clear,1,Daylight,2,"Divided, No Median Barrier",1,Dry,1,Slow,1,No Defects,O20,O5,41.9017601,-87.7899933,41.9017868,-87.7899933,1132165.38,1907257.00
31304,24 07297,2407297,X003648890,2024-12-04,07:55:00,2024-12-04 07:55:00,2024-12-05 08:36:46,Madison St/N Harlem Ave,,MADISON ST,N HARLEM AVE,1,1,0,0,Property Damage,No Injuries,Car,12,Sideswipe - Same Direction,2,2,0,5,"Over $1,500",1,0,0,0,0,0,0,06,Improper Turning/No Signal,06,Improper Turning/No Signal,3,Traffic Signal,4,Functioning Properly,1,Clear,1,Daylight,2,"Divided, No Median Barrier",1,Dry,1,Slow,1,No Defects,O60,O15,41.8796349,-87.8047333,41.8796654,-87.8047333,1128202.63,1899169.38
31303,24 07298,2407298,X003648889,2024-12-04,10:33:00,2024-12-04 10:33:00,2024-12-05 08:29:21,N East Ave/Greenfield St,,N EAST AVE,GREENFIELD ST,0,0,0,1,Property Damage,No Injuries,Car,9,Parked Motor Vehicle,2,2,0,5,"Over $1,500",1,0,0,0,0,0,0,28,Failing To Reduce Speed To Avoid Crash,18,Unable To Determine,1,No Controls,1,No Controls,9,Unknown,9,Unknown,1,Not Divided,9,Unknown,1,Slow,99,Unknown,O20,O2,41.9056320,-87.7901535,41.9056396,-87.7901154,1132113.88,1908668.25
31302,24 07299,2407299,X003648888,2024-12-04,11:10:00,2024-12-04 11:10:00,2024-12-05 08:36:45,Madison/S East Av,,MADISON,S EAST AV,1,1,0,0,Property Damage,No Injuries,Car,11,Front To Rear,2,2,0,4,"$501 to $1,500",1,0,0,0,0,0,0,28,Failing To Reduce Speed To Avoid Crash,45,Cell Phone Use Other Than Texting,3,Traffic Signal,4,Functioning Properly,1,Clear,1,Daylight,1,Not Divided,1,Dry,2,Stopped,1,No Defects,O60,O14,41.8798218,-87.7893600,41.8798523,-87.7893600,1132389.38,1899263.88
31296,24 07300,2407300,X003648882,2024-12-04,12:29:00,2024-12-04 12:29:00,2024-12-05 08:29:18,110 Madison St,110,MADISON ST,,0,0,0,1,Property Damage,No Injuries,Car,9,Parked Motor Vehicle,2,2,0,5,"Over $1,500",1,0,0,0,0,0,0,18,Unable To Determine,99,Not Applicable,1,No Controls,1,No Controls,1,Clear,1,Daylight,2,"Divided, No Median Barrier",1,Dry,3,Free Flow,1,No Defects,O80,O13,41.8800583,-87.7784042,41.8802033,-87.7784042,1135371.00,1899369.75
31301,24 07306,2407306,X003648887,2024-12-04,14:57:00,2024-12-04 14:57:00,2024-12-05 08:36:44,S Ridgeland Ave/Harrison St,,S RIDGELAND AVE,HARRISON ST,0,0,0,0,Property Damage,No Injuries,Car,6,Fixed Object,5,5,0,5,"Over $1,500",0,1,0,0,0,0,0,20,Improper Lane Usage,28,Failing To Reduce Speed To Avoid Crash,1,No Controls,1,No Controls,1,Clear,1,Daylight,1,Not Divided,1,Dry,3,Free Flow,1,No Defects,O80,O13,41.8726311,-87.7841797,41.8726349,-87.7842178,1133816.00,1896653.38
31290,24 07307,2407307,X003647769,2024-12-04,16:26:00,2024-12-04 16:26:00,2024-12-04 18:31:54,803 Lake St,803,LAKE ST,,0,0,0,1,Property Damage,No Injuries,Car,12,Sideswipe - Same Direction,2,2,0,3,$500 or less,1,0,0,0,0,0,0,20,Improper Lane Usage,18,Unable To Determine,1,No Controls,1,No Controls,8,Cloudy/Overcast,3,Dusk,1,Not Divided,1,Dry,,,1,No Defects,O40,O9,41.8886185,-87.7946091,41.8885574,-87.7949982,1130940.25,1902460.63
31307,24 07308,2407308,X003649188,2024-12-04,16:57:00,2024-12-04 16:57:00,2024-12-06 08:05:33,Madison St/S Taylor Ave,,MADISON ST,S TAYLOR AVE,0,0,0,0,Property Damage,No Injuries,Car,11,Front To Rear,4,4,0,5,"Over $1,500",1,0,0,0,0,0,0,28,Failing To Reduce Speed To Avoid Crash,28,Failing To Reduce Speed To Avoid Crash,1,No Controls,1,No Controls,1,Clear,4,Darkness,1,Not Divided,1,Dry,1,Slow,1,No Defects,O80,O13,41.8800087,-87.7779312,41.8800316,-87.7783203,1135501.50,1899352.50
31295,24 07312,2407312,X003648881,2024-12-04,21:41:00,2024-12-04 21:41:00,2024-12-05 08:36:38,120 N Oak Park Ave,120,N OAK PARK AVE,,0,0,0,1,Property Damage,No Injuries,Car,9,Parked Motor Vehicle,2,2,0,3,$500 or less,1,0,0,0,0,0,0,28,Failing To Reduce Speed To Avoid Crash,99,Not Applicable,1,No Controls,1,No Controls,9,Unknown,9,Unknown,1,Not Divided,9,Unknown,3,Free Flow,1,No Defects,O30,O8,41.8880119,-87.7944717,41.8880882,-87.7943649,1130978.88,1902239.13
31309,24 07326,2407326,X003649981,2024-12-06,01:56:00,2024-12-06 01:56:00,2024-12-06 08:12:54,700 N Austin Blvd,700,N AUSTIN BLVD,,0,0,0,1,Property Damage,No Injuries,Car,9,Parked Motor Vehicle,3,3,0,5,"Over $1,500",0,1,0,0,0,0,0,28,Failing To Reduce Speed To Avoid Crash,18,Unable To Determine,1,No Controls,1,No Controls,1,Clear,5,"Darkness, Lighted Road",1,Not Divided,1,Dry,3,Free Flow,1,No Defects,,,41.8941803,-87.7750855,41.8933983,-87.7752914,1136241.50,1904521.75
31323,24 07328,2407328,X003663012,2024-12-06,10:48:00,2024-12-06 10:48:00,2024-12-09 10:19:23,1530 N Austin Blvd,1530,N AUSTIN BLVD,,0,0,0,0,Property Damage,No Injuries,Car,10,Turning (At Least One Vehicle),2,2,0,5,"Over $1,500",1,0,0,0,0,0,0,06,Improper Turning/No Signal,28,Failing To Reduce Speed To Avoid Crash,1,No Controls,1,No Controls,1,Clear,1,Daylight,1,Not Divided,1,Dry,3,Free Flow,1,No Defects,O70,O12,41.9086151,-87.7755508,41.9085808,-87.7760773,1136081.00,1909780.88
31331,24 07330,2407330,X003652516,2024-12-06,11:44:00,2024-12-06 11:44:00,2024-12-09 10:27:39,1142 Wesgate Ave,1142,WESGATE AVE,,0,0,0,0,Property Damage,No Injuries,Car,9,Parked Motor Vehicle,2,2,0,5,"Over $1,500",1,0,0,0,0,0,0,30,Improper Backing,15,Driving Skills/Knowledge/Experience,1,No Controls,1,No Controls,1,Clear,1,Daylight,1,Not Divided,1,Dry,3,Free Flow,1,No Defects,O40,O9,41.8879089,-87.8039703,41.8879394,-87.8039780,1128392.25,1902186.63
31324,24 07333,2407333,X003652518,2024-12-06,12:42:00,2024-12-06 12:42:00,2024-12-09 10:19:25,114 Chicago Ave,114,CHICAGO AVE,,0,0,0,0,Property Damage,No Injuries,Car,11,Front To Rear,2,2,0,5,"Over $1,500",1,0,0,0,0,0,0,28,Failing To Reduce Speed To Avoid Crash,18,Unable To Determine,1,No Controls,1,No Controls,1,Clear,1,Daylight,1,Not Divided,1,Dry,3,Free Flow,1,No Defects,O10,O4,41.8946838,-87.7791367,41.8947678,-87.7791443,1135137.25,1904697.88
31322,24 07335,2407335,X003652519,2024-12-06,14:33:00,2024-12-06 14:33:00,2024-12-09 10:19:22,Lake St/N Oak Park Ave,,LAKE ST,N OAK PARK AVE,1,1,0,0,Property Damage,No Injuries,Car,10,Turning (At Least One Vehicle),2,2,0,5,"Over $1,500",1,0,0,0,0,0,0,06,Improper Turning/No Signal,99,Not Applicable,1,No Controls,1,No Controls,1,Clear,1,Daylight,1,Not Divided,1,Dry,3,Free Flow,1,No Defects,O40,O9,41.8886185,-87.7945175,41.8886452,-87.7945251,1130963.00,1902460.13
31318,24 07336,2407336,X003652521,2024-12-06,15:48:00,2024-12-06 15:48:00,2024-12-09 10:10:32,Clinton Ave/Roosevelt Rd,,CLINTON AVE,ROOSEVELT RD,0,0,0,0,Property Damage,No Injuries,Car,14,Front To Front,2,2,0,4,"$501 to $1,500",1,0,0,0,0,0,0,17,Physical Condition Of Driver,28,Failing To Reduce Speed To Avoid Crash,1,No Controls,1,No Controls,8,Cloudy/Overcast,1,Daylight,1,Not Divided,1,Dry,3,Free Flow,1,No Defects,,,41.8650971,-87.7976303,41.8650932,-87.7976685,1130169.38,1893884.38
31325,24 07341,2407341,X003652523,2024-12-06,17:35:00,2024-12-06 17:35:00,2024-12-09 10:19:26,N Oak Park Ave/Superior St,,N OAK PARK AVE,SUPERIOR ST,0,0,0,0,Property Damage,No Injuries,Car,9,Parked Motor Vehicle,2,2,0,5,"Over $1,500",0,1,0,0,0,0,0,28,Failing To Reduce Speed To Avoid Crash,15,Driving Skills/Knowledge/Experience,1,No Controls,1,No Controls,1,Clear,5,"Darkness, Lighted Road",1,Not Divided,1,Dry,3,Free Flow,1,No Defects,O40,O9,41.8929253,-87.7946701,41.8929291,-87.7946320,1130912.00,1904030.63
31332,24 07346,2407346,X003652525,2024-12-06,17:37:00,2024-12-06 17:37:00,2024-12-09 10:27:40,N Harlem Ave/Lake St,,N HARLEM AVE,LAKE ST,0,0,0,1,Property Damage,No Injuries,Car,11,Front To Rear,2,2,0,5,"Over $1,500",1,0,0,0,0,0,0,28,Failing To Reduce Speed To Avoid Crash,18,Unable To Determine,3,Traffic Signal,4,Functioning Properly,1,Clear,5,"Darkness, Lighted Road",1,Not Divided,1,Dry,2,Stopped,1,No Defects,R83,RFPD,41.8885765,-87.8050919,41.8885841,-87.8050537,1128084.88,1902427.75
31319,24 07340,2407340,X003652522,2024-12-06,18:15:00,2024-12-06 18:15:00,2024-12-09 10:10:33,801 Clinton Ave,801,CLINTON AVE,,0,0,0,0,Property Damage,No Injuries,Car,12,Sideswipe - Same Direction,2,2,0,5,"Over $1,500",0,1,0,0,0,0,0,15,Driving Skills/Knowledge/Experience,99,Not Applicable,1,No Controls,1,No Controls,1,Clear,5,"Darkness, Lighted Road",1,Not Divided,1,Dry,3,Free Flow,1,No Defects,O60,O15,41.8754005,-87.7986450,41.8753090,-87.7988892,1129871.00,1897637.75
31326,24 07343,2407343,X003652524,2024-12-06,18:31:00,2024-12-06 18:31:00,2024-12-09 10:19:28,N Austin Blvd/Augusta,,N AUSTIN BLVD,AUGUSTA,1,0,0,0,Property Damage,No Injuries,Car,12,Sideswipe - Same Direction,2,2,0,4,"$501 to $1,500",1,0,0,0,0,0,0,06,Improper Turning/No Signal,99,Not Applicable,3,Traffic Signal,4,Functioning Properly,1,Clear,5,"Darkness, Lighted Road",1,Not Divided,1,Dry,1,Slow,1,No Defects,,,41.8983650,-87.7752228,41.8983650,-87.7752533,1136195.75,1906045.00
31328,24 07347,2407347,X003652526,2024-12-06,23:07:00,2024-12-06 23:07:00,2024-12-09 10:19:32,S Oak Park Ave/Jackson Blvd,,S OAK PARK AVE,JACKSON BLVD,0,0,0,1,Injury,C Injury Crash,Car,11,Front To Rear,2,2,0,4,"$501 to $1,500",0,1,0,0,0,3,3,28,Failing To Reduce Speed To Avoid Crash,18,Unable To Determine,3,Traffic Signal,4,Functioning Properly,1,Clear,5,"Darkness, Lighted Road",2,"Divided, No Median Barrier",1,Dry,2,Stopped,1,No Defects,O60,O14,41.8761177,-87.7940979,41.8761177,-87.7941284,1131107.63,1897906.13
31313,24 07356,2407356,X003650814,2024-12-07,12:00:00,2024-12-07 12:00:00,2024-12-07 13:35:56,130 N Elmwood Ave,130,N ELMWOOD AVE,,0,0,0,0,Property Damage,No Injuries,Car,12,Sideswipe - Same Direction,2,2,0,5,"Over $1,500",1,0,0,0,0,0,0,02,Failing To Yield Right-Of-Way,99,Not Applicable,1,No Controls,1,No Controls,1,Clear,1,Daylight,1,Not Divided,1,Dry,3,Free Flow,1,No Defects,O30,O8,41.8887978,-87.7863083,41.8886909,-87.7861786,1133199.50,1902540.13
31314,24 07361,2407361,X003650815,2024-12-07,13:27:00,2024-12-07 13:27:00,2024-12-07 21:48:56,Chicago Ave/N Grove Ave,,CHICAGO AVE,N GROVE AVE,1,1,0,0,Property Damage,No Injuries,Car,10,Turning (At Least One Vehicle),2,2,0,5,"Over $1,500",1,0,0,0,0,0,0,02,Failing To Yield Right-Of-Way,28,Failing To Reduce Speed To Avoid Crash,2,Stop Sign,4,Functioning Properly,1,Clear,1,Daylight,15,T-Intersection,1,Dry,3,Free Flow,1,No Defects,O20,O6,41.8944092,-87.7961731,41.8943787,-87.7961731,1130500.50,1904567.88
31327,24 07367,2407367,X003652590,2024-12-07,17:28:00,2024-12-07 17:28:00,2024-12-09 10:19:30,N Harlem Ave/Thomas St,,N HARLEM AVE,THOMAS ST,0,0,0,0,Property Damage,No Injuries,Car,12,Sideswipe - Same Direction,2,2,0,5,"Over $1,500",1,0,0,0,0,0,0,20,Improper Lane Usage,28,Failing To Reduce Speed To Avoid Crash,1,No Controls,1,No Controls,1,Clear,5,"Darkness, Lighted Road",1,Not Divided,1,Dry,3,Free Flow,1,No Defects,R81,RFPD,41.8997498,-87.8054886,41.8997536,-87.8054504,1127951.75,1906498.38
31320,24 07378,2407378,X003652566,2024-12-08,14:01:00,2024-12-08 14:01:00,2024-12-09 10:10:34,Harvard St/S Ridgeland Ave,,HARVARD ST,S RIDGELAND AVE,0,1,0,0,Injury,C Injury Crash,Pedestrian,1,Pedestrian,2,1,0,3,$500 or less,0,1,0,0,0,1,1,02,Failing To Yield Right-Of-Way,28,Failing To Reduce Speed To Avoid Crash,3,Traffic Signal,4,Functioning Properly,1,Clear,1,Daylight,1,Not Divided,1,Dry,3,Free Flow,1,No Defects,O90,O16,41.8689537,-87.7840881,41.8689804,-87.7840881,1133850.25,1895312.50
31329,24 07380,2407380,X003652615,2024-12-08,15:00:00,2024-12-08 15:00:00,2024-12-09 10:19:34,520 S Oak Park Ae,520,S OAK PARK AE,,0,0,0,0,Property Damage,No Injuries,Car,11,Front To Rear,2,2,0,3,$500 or less,1,0,0,0,0,0,0,18,Unable To Determine,18,Unable To Determine,1,No Controls,1,No Controls,1,Clear,1,Daylight,2,"Divided, No Median Barrier",1,Dry,1,Slow,1,No Defects,O20,O6,41.8950996,-87.7947311,41.8788986,-87.7940445,1130890.75,1904821.00
31321,24 07383,2407383,X003652589,2024-12-08,19:29:00,2024-12-08 19:29:00,2024-12-09 10:10:35,626 S Austin Blvd,,626 S AUSTIN BLVD,JACKSON BLVD,0,0,0,0,Property Damage,No Injuries,Car,6,Fixed Object,1,1,0,5,"Over $1,500",0,1,0,0,0,0,0,28,Failing To Reduce Speed To Avoid Crash,99,Not Applicable,1,No Controls,1,No Controls,1,Clear,5,"Darkness, Lighted Road",1,Not Divided,1,Dry,1,Slow,1,No Defects,O80,O13,41.8764229,-87.7745743,41.8718681,-87.7746811,1136424.63,1898051.75
31330,24 07386,2407386,X003652616,2024-12-08,22:38:00,2024-12-08 22:38:00,2024-12-09 10:19:36,South Blvd/S Humphrey Ave,,SOUTH BLVD,S HUMPHREY AVE,1,0,0,1,Property Damage,No Injuries,Car,15,Angle,2,2,0,4,"$501 to $1,500",1,0,0,0,0,0,0,20,Improper Lane Usage,99,Not Applicable,1,No Controls,1,No Controls,2,Rain,5,"Darkness, Lighted Road",1,Not Divided,2,Wet,,,1,No Defects,O50,O10,41.8870316,-87.7765122,41.8870621,-87.7765198,1135870.00,1901914.13
31336,24 07390,2407390,X003654387,2024-12-09,08:46:00,2024-12-09 08:46:00,2024-12-10 08:27:24,S Oak Park Ave/Fillmore St,,S OAK PARK AVE,FILLMORE ST,1,1,0,0,Injury,C Injury Crash,Car,15,Angle,2,2,0,5,"Over $1,500",0,1,0,0,0,1,1,23,Disregarding Stop Sign,02,Failing To Yield Right-Of-Way,2,Stop Sign,4,Functioning Properly,1,Clear,1,Daylight,2,"Divided, No Median Barrier",1,Dry,3,Free Flow,1,No Defects,O90,O17,41.8669891,-87.7937775,41.8669815,-87.7938156,1131215.00,1894580.88
31335,24 07399,2407399,X003654386,2024-12-09,15:25:00,2024-12-09 15:25:00,2024-12-10 08:27:23,Chicago Ave/Belleforte Ave,,CHICAGO AVE,BELLEFORTE AVE,1,0,0,0,Injury,B Injury Crash,Car,10,Turning (At Least One Vehicle),3,3,0,5,"Over $1,500",0,1,0,0,1,0,1,02,Failing To Yield Right-Of-Way,28,Failing To Reduce Speed To Avoid Crash,2,Stop Sign,4,Functioning Properly,1,Clear,1,Daylight,2,"Divided, No Median Barrier",1,Dry,1,Slow,1,No Defects,O40,O9,41.8942490,-87.8019180,41.8942795,-87.8019180,1128936.00,1904500.63
31367,24 07400,2407400,X003660576,2024-12-09,15:53:00,2024-12-09 15:53:00,2024-12-16 12:01:52,Randolph St/S Kenilworth Ave,,RANDOLPH ST,S KENILWORTH AVE,1,1,0,1,Property Damage,No Injuries,Car,10,Turning (At Least One Vehicle),2,2,0,5,"Over $1,500",1,0,0,0,0,0,0,28,Failing To Reduce Speed To Avoid Crash,18,Unable To Determine,1,No Controls,1,No Controls,1,Clear,1,Daylight,1,Not Divided,1,Dry,3,Free Flow,1,No Defects,O70,O12,41.8833618,-87.7970276,41.8833885,-87.7970352,1130292.13,1900541.38
31333,24 07404,2407404,X003654384,2024-12-09,16:59:00,2024-12-09 16:59:00,2024-12-10 08:27:21,1111 Ontario St,1111,ONTARIO ST,,0,0,0,0,Property Damage,No Injuries,Car,11,Front To Rear,2,2,0,5,"Over $1,500",1,0,0,0,0,0,0,28,Failing To Reduce Speed To Avoid Crash,03,Following Too Closely,1,No Controls,1,No Controls,1,Clear,1,Daylight,1,Not Divided,1,Dry,2,Stopped,1,No Defects,O40,O9,41.8905449,-87.8032455,41.8903275,-87.8034897,1128583.13,1903148.00
31334,24 07403,2407403,X003654385,2024-12-09,18:21:00,2024-12-09 18:21:00,2024-12-10 08:27:22,Pleasant St/S Ridgeland Ave,,PLEASANT ST,S RIDGELAND AVE,1,1,0,0,Property Damage,No Injuries,Car,15,Angle,2,2,0,5,"Over $1,500",0,1,0,0,0,0,0,02,Failing To Yield Right-Of-Way,99,Not Applicable,2,Stop Sign,1,No Controls,1,Clear,5,"Darkness, Lighted Road",1,Not Divided,1,Dry,3,Free Flow,1,No Defects,O50,O10,41.8851814,-87.7846069,41.8852081,-87.7846069,1133670.38,1901225.50
31339,24 07409,2407409,X003654388,2024-12-10,09:46:00,2024-12-10 09:46:00,2024-12-10 10:56:55,S Kenilworth Ave/Washington Blvd,,S KENILWORTH AVE,WASHINGTON BLVD,1,1,0,0,Injury,C Injury Crash,Car,15,Angle,2,2,0,5,"Over $1,500",0,1,0,0,0,1,1,02,Failing To Yield Right-Of-Way,28,Failing To Reduce Speed To Avoid Crash,2,Stop Sign,4,Functioning Properly,1,Clear,1,Daylight,15,T-Intersection,1,Dry,3,Free Flow,1,No Defects,O70,O12,41.8815575,-87.7969437,41.8815537,-87.7969742,1130320.38,1899883.00
31342,24 07412,2407412,X003654778,2024-12-10,13:25:00,2024-12-10 13:25:00,2024-12-11 10:17:31,S Oak Park Ave/Fillmore St,,S OAK PARK AVE,FILLMORE ST,1,1,0,0,Property Damage,No Injuries,Car,10,Turning (At Least One Vehicle),2,2,0,4,"$501 to $1,500",1,0,0,0,0,0,0,02,Failing To Yield Right-Of-Way,99,Not Applicable,2,Stop Sign,4,Functioning Properly,1,Clear,1,Daylight,2,"Divided, No Median Barrier",1,Dry,3,Free Flow,1,No Defects,O90,O17,41.8669891,-87.7937775,41.8669815,-87.7938156,1131215.00,1894580.88