record_id,report_number,crash_id,idot_crash_number,date,time,occurred_at,record_added_at,location,street_number,street_name,cross_street,at_intersection,intersection_related,private_property,hit_and_run,crash_severity,crash_injury_severity,crash_mode,crash_type_code,crash_type,total_units,num_motor_vehicles,dooring_pedalcyclist,damage_code,damage,no_injury_drive_away,injury_or_towed,fatalities,a_injuries,b_injuries,c_injuries,total_injured,cause1_code,cause1,cause2_code,cause2,traffic_control_code,traffic_control,device_condition_code,device_condition,weather_code,weather,lighting_code,lighting,trafficway_code,trafficway,road_surface_code,road_surface,flow_condition_code,flow_condition,road_defects_code,road_defects,beat_zone,post_district,latitude,longitude,latitude_geocoded,longitude_geocoded,state_plane_x,state_plane_y
31340,24 07416,2407416,X003654389,2024-12-10,17:27:00,2024-12-10 17:27:00,2024-12-10 18:57:27,1129 Lake St,1129,LAKE ST,,0,0,0,0,Property Damage,No Injuries,Car,12,Sideswipe - Same Direction,2,2,0,5,"Over $1,500",1,0,0,0,0,0,0,02,Failing To Yield Right-Of-Way,99,Not Applicable,1,No Controls,1,No Controls,1,Clear,5,"Darkness, Lighted Road",2,"Divided, No Median Barrier",1,Dry,3,Free Flow,1,No Defects,O40,O9,41.8885727,-87.8039627,41.8884849,-87.8039093,1128393.50,1902428.50
31343,24 07418,2407418,X003654779,2024-12-10,20:48:00,2024-12-10 20:48:00,2024-12-11 10:17:35,319 Madison St,319,MADISON ST,,0,0,0,1,Property Damage,No Injuries,Car,11,Front To Rear,3,3,0,5,"Over $1,500",0,1,0,0,0,0,0,28,Failing To Reduce Speed To Avoid Crash,18,Unable To Determine,1,No Controls,1,No Controls,1,Clear,5,"Darkness, Lighted Road",3,Divided With Median Barrier,1,Dry,3,Free Flow,1,No Defects,O80,O13,41.8799286,-87.7831573,41.8797913,-87.7829819,1134077.13,1899314.75
31351,24 07421,2407421,X003657286,2024-12-11,07:48:00,2024-12-11 07:48:00,2024-12-13 10:52:35,1427 N Harlem Ave,,1427 N HARLEM AVE,GREENFIELD ST,0,0,0,0,Property Damage,No Injuries,Car,9,Parked Motor Vehicle,2,2,0,5,"Over $1,500",0,1,0,0,0,0,0,28,Failing To Reduce Speed To Avoid Crash,15,Driving Skills/Knowledge/Experience,1,No Controls,1,No Controls,1,Clear,1,Daylight,2,"Divided, No Median Barrier",1,Dry,3,Free Flow,1,No Defects,R81,RFPD,41.9052124,-87.8056869,41.9063149,-87.8053894,1127886.25,1908488.50
31353,24 07422,2407422,X003657289,2024-12-11,07:52:00,2024-12-11 07:52:00,2024-12-13 10:45:14,S East Ave/Garfield St,,S EAST AVE,GARFIELD ST,1,1,0,0,Property Damage,No Injuries,Car,10,Turning (At Least One Vehicle),2,2,0,5,"Over $1,500",1,0,0,0,0,0,0,02,Failing To Yield Right-Of-Way,28,Failing To Reduce Speed To Avoid Crash,2,Stop Sign,4,Functioning Properly,1,Clear,1,Daylight,15,T-Intersection,1,Dry,3,Free Flow,1,No Defects,O90,O17,41.8716164,-87.7890472,41.8716087,-87.7890854,1132492.88,1896274.63
31349,24 07424,2407424,X003657290,2024-12-11,09:52:00,2024-12-11 09:52:00,2024-12-13 10:45:16,N Harlem Ave/Madison St,,N HARLEM AVE,MADISON ST,0,0,0,0,Property Damage,No Injuries,Car,11,Front To Rear,2,2,0,4,"$501 to $1,500",1,0,0,0,0,0,0,18,Unable To Determine,99,Not Applicable,3,Traffic Signal,4,Functioning Properly,1,Clear,1,Daylight,14,Four-Way Intersection,1,Dry,2,Stopped,1,No Defects,F2,FPPD,41.8796730,-87.8047714,41.8796654,-87.8047333,1128192.88,1899183.13
31350,24 07425,2407425,X003663013,2024-12-11,09:53:00,2024-12-11 09:53:00,2024-12-13 10:45:18,S Ridgeland Ave/Randolph St,,S RIDGELAND AVE,RANDOLPH ST,0,0,0,0,Property Damage,No Injuries,Car,18,Rear To Front,2,2,0,5,"Over $1,500",1,0,0,0,0,0,0,10,Equipment - Vehicle Condition,18,Unable To Determine,1,No Controls,1,No Controls,8,Cloudy/Overcast,1,Daylight,1,Not Divided,1,Dry,1,Slow,1,No Defects,O50,O10,41.8834534,-87.7845306,41.8834534,-87.7845612,1133696.75,1900596.25
31354,24 07434,2407434,X003657300,2024-12-11,13:56:00,2024-12-11 13:56:00,2024-12-13 10:52:37,508 N Kenilworth Ave,,508 N KENILWORTH AVE,CHICAGO AVE,0,0,0,0,Property Damage,No Injuries,Car,9,Parked Motor Vehicle,2,2,0,5,"Over $1,500",1,0,0,0,0,0,0,04,Improper Overtaking/Passing,15,Driving Skills/Knowledge/Experience,1,No Controls,1,No Controls,8,Cloudy/Overcast,1,Daylight,10,One-Way,1,Dry,2,Stopped,1,No Defects,O40,O9,41.8943520,-87.7977066,41.8951187,-87.7974777,1130082.00,1904544.63
31383,24 07438,2407438,X003662780,2024-12-11,17:26:00,2024-12-11 17:26:00,2024-12-17 10:18:20,240 S East Ave,240,S EAST AVE,,0,0,0,1,Property Damage,No Injuries,Car,9,Parked Motor Vehicle,2,2,0,3,$500 or less,1,0,0,0,0,0,0,20,Improper Lane Usage,28,Failing To Reduce Speed To Avoid Crash,1,No Controls,1,No Controls,1,Clear,5,"Darkness, Lighted Road",1,Not Divided,1,Dry,3,Free Flow,1,No Defects,O60,O11,41.8837166,-87.7895126,41.8836517,-87.7892227,1132339.50,1900682.13
31352,24 07439,2407439,X003657305,2024-12-11,18:13:00,2024-12-11 18:13:00,2024-12-13 10:52:36,Chicago Ave/Woodbine Ave,,CHICAGO AVE,WOODBINE AVE,1,1,0,1,Property Damage,No Injuries,Car,11,Front To Rear,2,2,0,4,"$501 to $1,500",1,0,0,0,0,0,0,03,Following Too Closely,99,Not Applicable,1,No Controls,1,No Controls,1,Clear,5,"Darkness, Lighted Road",15,T-Intersection,1,Dry,1,Slow,1,No Defects,O20,O6,41.8943558,-87.7991486,41.8943253,-87.7991486,1129690.88,1904543.38
31377,24 07461,2407461,X003660599,2024-12-13,06:20:00,2024-12-13 06:20:00,2024-12-16 12:17:23,130 S Oak Park Ave,130,S OAK PARK AVE,,0,0,0,1,Property Damage,No Injuries,Car,9,Parked Motor Vehicle,2,2,0,4,"$501 to $1,500",1,0,0,0,0,0,0,99,Not Applicable,99,Not Applicable,1,No Controls,1,No Controls,1,Clear,5,"Darkness, Lighted Road",1,Not Divided,1,Dry,2,Stopped,1,No Defects,O70,O12,41.8861961,-87.7944870,41.8862076,-87.7943192,1130978.13,1901577.75
31372,24 07445,2407445,X003661382,2024-12-13,07:26:00,2024-12-13 07:26:00,2024-12-16 12:17:14,1125 Ontario St,1125,ONTARIO ST,,0,0,0,0,Property Damage,No Injuries,Car,17,Rear To Rear,2,2,0,5,"Over $1,500",1,0,0,0,0,0,0,30,Improper Backing,18,Unable To Determine,1,No Controls,1,No Controls,1,Clear,1,Daylight,7,Parking Lot,1,Dry,1,Slow,1,No Defects,O40,O9,41.8905373,-87.8039322,41.8897705,-87.8039246,1128396.75,1903143.13
31361,24 07449,2407449,X003660593,2024-12-13,10:57:00,2024-12-13 10:57:00,2024-12-16 11:47:04,Oak Park Ave/Madison St,,OAK PARK AVE,MADISON ST,0,0,0,0,Property Damage,No Injuries,Car,11,Front To Rear,2,2,0,5,"Over $1,500",1,0,0,0,0,0,0,20,Improper Lane Usage,28,Failing To Reduce Speed To Avoid Crash,3,Traffic Signal,4,Functioning Properly,1,Clear,1,Daylight,1,Not Divided,1,Dry,1,Slow,1,No Defects,O60,O11,41.8797722,-87.7942200,41.8797722,-87.7942581,1131065.38,1899237.25
31373,24 07457,2407457,X003660594,2024-12-13,15:41:00,2024-12-13 15:41:00,2024-12-16 12:17:16,325 S Kenilworth Ave,325,S KENILWORTH AVE,,0,0,0,0,Property Damage,No Injuries,Car,9,Parked Motor Vehicle,2,2,0,5,"Over $1,500",1,0,0,0,0,0,0,28,Failing To Reduce Speed To Avoid Crash,99,Not Applicable,1,No Controls,1,No Controls,1,Clear,3,Dusk,1,Not Divided,1,Dry,1,Slow,1,No Defects,O70,O12,41.8823509,-87.7969665,41.8823280,-87.7976837,1130311.50,1900172.63
31362,24 07459,2407459,X003660596,2024-12-13,16:59:00,2024-12-13 16:59:00,2024-12-16 11:54:40,S Oak Park Ave/Jackson Blvd,,S OAK PARK AVE,JACKSON BLVD,1,1,0,0,Property Damage,No Injuries,Car,11,Front To Rear,2,2,0,3,$500 or less,1,0,0,0,0,0,0,28,Failing To Reduce Speed To Avoid Crash,18,Unable To Determine,1,No Controls,1,No Controls,1,Clear,5,"Darkness, Lighted Road",1,Not Divided,1,Dry,3,Free Flow,1,No Defects,O60,O14,41.8761177,-87.7940979,41.8761177,-87.7941284,1131107.63,1897906.13
31359,24 07458,2407458,X003660595,2024-12-13,17:12:00,2024-12-13 17:12:00,2024-12-16 11:38:53,Madison St/S Humphrey Ave,,MADISON ST,S HUMPHREY AVE,0,0,0,1,Property Damage,No Injuries,Car,11,Front To Rear,2,2,0,5,"Over $1,500",1,0,0,0,0,0,0,28,Failing To Reduce Speed To Avoid Crash,99,Not Applicable,1,No Controls,1,No Controls,1,Clear,4,Darkness,3,Divided With Median Barrier,1,Dry,1,Slow,1,No Defects,O80,O13,41.8800392,-87.7758865,41.8800697,-87.7758865,1136058.00,1899366.00
31374,24 07462,2407462,X003678146,2024-12-13,20:26:00,2024-12-13 20:26:00,2024-12-16 12:17:18,North Ave/N Lombard Ave,,NORTH AVE,N LOMBARD AVE,1,0,0,0,Injury,A Injury Crash,Car,7,Other Object,4,1,0,5,"Over $1,500",0,1,0,1,0,0,1,08,Under The Influence Of Alc/Drugs-Use For Dui,18,Unable To Determine,1,No Controls,1,No Controls,1,Clear,5,"Darkness, Lighted Road",2,"Divided, No Median Barrier",1,Dry,3,Free Flow,1,No Defects,O10,O1,41.9091682,-87.7808227,41.9091911,-87.7808227,1134644.50,1909972.13
31366,24 07476,2407476,X003660635,2024-12-14,13:10:00,2024-12-14 13:10:00,2024-12-16 12:01:51,Lake St/N Lombard Ave,,LAKE ST,N LOMBARD AVE,1,1,0,0,Property Damage,No Injuries,Car,15,Angle,2,2,0,5,"Over $1,500",0,1,0,0,0,0,0,02,Failing To Yield Right-Of-Way,28,Failing To Reduce Speed To Avoid Crash,2,Stop Sign,1,No Controls,1,Clear,1,Daylight,15,T-Intersection,1,Dry,3,Free Flow,1,No Defects,O30,O7,41.8881493,-87.7798080,41.8881798,-87.7798080,1134970.38,1902315.25
31378,24 07481,2407481,X003660636,2024-12-14,15:08:00,2024-12-14 15:08:00,2024-12-16 12:17:25,S Ridgeland Ave/Washington Blvd,,S RIDGELAND AVE,WASHINGTON BLVD,1,1,0,0,Property Damage,No Injuries,Car,11,Front To Rear,2,2,0,5,"Over $1,500",1,0,0,0,0,0,0,03,Following Too Closely,99,Not Applicable,1,No Controls,1,No Controls,1,Clear,1,Daylight,2,"Divided, No Median Barrier",1,Dry,1,Slow,1,No Defects,O50,O10,41.8817215,-87.7844772,41.8817253,-87.7845154,1133714.00,1899965.25
31364,24 07483,2407483,X003660637,2024-12-14,15:37:00,2024-12-14 15:37:00,2024-12-16 11:54:41,N Oak Park Ave/Le Moyne Pkwy,,N OAK PARK AVE,LE MOYNE PKWY,1,1,0,0,Property Damage,No Injuries,Car,15,Angle,2,2,0,4,"$501 to $1,500",1,0,0,0,0,0,0,24,Disregarding Other Traffic Signs,02,Failing To Yield Right-Of-Way,10,Other Regulatory Sign,4,Functioning Properly,10,Freezing Rain/Drizzle,1,Daylight,2,"Divided, No Median Barrier",2,Wet,3,Free Flow,1,No Defects,O20,O3,41.9071846,-87.7950439,41.9071846,-87.7950058,1130778.38,1909225.63
31357,24 07485,2407485,X003660638,2024-12-14,16:59:00,2024-12-14 16:59:00,2024-12-16 11:31:56,N Austin Blvd/Chicago Ave,,N AUSTIN BLVD,CHICAGO AVE,1,1,0,0,Property Damage,No Injuries,Car,10,Turning (At Least One Vehicle),2,2,0,5,"Over $1,500",1,0,0,0,0,0,0,02,Failing To Yield Right-Of-Way,18,Unable To Determine,3,Traffic Signal,4,Functioning Properly,10,Freezing Rain/Drizzle,5,"Darkness, Lighted Road",2,"Divided, No Median Barrier",2,Wet,3,Free Flow,1,No Defects,,,41.8947105,-87.7751083,41.8947105,-87.7751389,1136235.63,1904714.63
31363,24 07486,2407486,X003660574,2024-12-14,18:12:00,2024-12-14 18:12:00,2024-12-16 11:47:01,Roosevelt Rd/Wisconsin,,ROOSEVELT RD,WISCONSIN,1,1,0,1,Property Damage,No Injuries,Car,11,Front To Rear,2,2,0,5,"Over $1,500",0,1,0,0,0,0,0,28,Failing To Reduce Speed To Avoid Crash,18,Unable To Determine,1,No Controls,1,No Controls,2,Rain,5,"Darkness, Lighted Road",1,Not Divided,2,Wet,1,Slow,1,No Defects,O90,O18,41.8650513,-87.8015976,41.8650207,-87.8017807,1129090.75,1893861.00
31376,24 07493,2407493,X003660583,2024-12-14,18:20:00,2024-12-14 18:20:00,2024-12-16 12:17:21,109 S Marion St,109,S MARION ST,,0,0,0,1,Property Damage,No Injuries,Car,9,Parked Motor Vehicle,2,2,0,4,"$501 to $1,500",1,0,0,0,0,0,0,28,Failing To Reduce Speed To Avoid Crash,18,Unable To Determine,1,No Controls,1,No Controls,2,Rain,5,"Darkness, Lighted Road",1,Not Divided,2,Wet,3,Free Flow,1,No Defects,O70,O12,41.8863373,-87.8025055,41.8863602,-87.8026657,1128794.38,1901616.25
31368,24 07487,2407487,X003663061,2024-12-14,18:48:00,2024-12-14 18:48:00,2024-12-16 11:54:43,Augusta Blvd/N Austin Blvd,,AUGUSTA BLVD,N AUSTIN BLVD,0,0,0,0,Property Damage,No Injuries,Car,9,Parked Motor Vehicle,3,3,0,5,"Over $1,500",0,1,0,0,0,0,0,28,Failing To Reduce Speed To Avoid Crash,18,Unable To Determine,1,No Controls,1,No Controls,2,Rain,5,"Darkness, Lighted Road",1,Not Divided,2,Wet,3,Free Flow,1,No Defects,O10,O4,41.8983345,-87.7752533,41.8983650,-87.7752533,1136187.38,1906035.63
31375,24 07488,2407488,X003660577,2024-12-14,19:13:00,2024-12-14 19:13:00,2024-12-16 12:17:20,S Harlem Ave/Jackson Blvd,,S HARLEM AVE,JACKSON BLVD,1,1,0,0,Property Damage,No Injuries,Car,11,Front To Rear,2,2,0,5,"Over $1,500",1,0,0,0,0,0,0,28,Failing To Reduce Speed To Avoid Crash,18,Unable To Determine,3,Traffic Signal,4,Functioning Properly,2,Rain,5,"Darkness, Lighted Road",1,Not Divided,2,Wet,2,Stopped,1,No Defects,O60,O15,41.8759766,-87.8045654,41.8759842,-87.8046036,1128256.50,1897837.00
31360,24 07489,2407489,X003660579,2024-12-14,19:30:00,2024-12-14 19:30:00,2024-12-16 11:38:54,S Ridgeland Ave/Roosevelt Rd,,S RIDGELAND AVE,ROOSEVELT RD,1,0,0,0,Property Damage,No Injuries,Car,11,Front To Rear,2,2,0,4,"$501 to $1,500",1,0,0,0,0,0,0,11,Weather,99,Not Applicable,3,Traffic Signal,4,Functioning Properly,2,Rain,5,"Darkness, Lighted Road",14,Four-Way Intersection,2,Wet,2,Stopped,1,No Defects,O90,O16,41.8653374,-87.7839279,41.8653374,-87.7839661,1133901.50,1893995.88
31371,24 07494,2407494,X003663014,2024-12-14,20:27:00,2024-12-14 20:27:00,2024-12-16 12:08:52,S Austin Blvd/Jackson Blvd,,S AUSTIN BLVD,JACKSON BLVD,1,1,0,1,Property Damage,No Injuries,Car,18,Rear To Front,2,2,0,5,"Over $1,500",1,0,0,0,0,0,0,18,Unable To Determine,99,Not Applicable,1,No Controls,1,No Controls,2,Rain,5,"Darkness, Lighted Road",1,Not Divided,1,Dry,3,Free Flow,1,No Defects,O80,O13,41.8764229,-87.7745743,41.8764229,-87.7745361,1136424.63,1898051.75
31365,24 07492,2407492,X003660581,2024-12-14,20:33:00,2024-12-14 20:33:00,2024-12-16 11:54:42,6644 Roosevelt Rd,6644,ROOSEVELT RD,,0,0,0,0,Property Damage,No Injuries,Car,10,Turning (At Least One Vehicle),2,2,0,5,"Over $1,500",0,1,0,0,0,0,0,20,Improper Lane Usage,99,Not Applicable,1,No Controls,1,No Controls,2,Rain,5,"Darkness, Lighted Road",1,Not Divided,2,Wet,3,Free Flow,1,No Defects,O90,O17,41.8652382,-87.7911148,41.8653793,-87.7909851,1131945.25,1893946.00
31358,24 07502,2407502,X003660589,2024-12-15,12:57:00,2024-12-15 12:57:00,2024-12-16 11:31:57,Roosevelt Rd/Home Ave,,ROOSEVELT RD,HOME AVE,0,0,0,0,Property Damage,No Injuries,Car,11,Front To Rear,2,2,0,5,"Over $1,500",1,0,0,0,0,0,0,28,Failing To Reduce Speed To Avoid Crash,03,Following Too Closely,1,No Controls,1,No Controls,2,Rain,4,Darkness,1,Not Divided,2,Wet,1,Slow,1,No Defects,O90,O18,41.8650971,-87.7989807,41.8650742,-87.7989807,1129802.63,1893882.25
31369,24 07509,2407509,X003661381,2024-12-15,16:36:00,2024-12-15 16:36:00,2024-12-16 11:54:44,S Oak Park Ave/Fillmore St,,S OAK PARK AVE,FILLMORE ST,1,1,0,0,Injury,B Injury Crash,Car,15,Angle,2,2,0,5,"Over $1,500",0,1,0,0,1,0,1,02,Failing To Yield Right-Of-Way,28,Failing To Reduce Speed To Avoid Crash,2,Stop Sign,4,Functioning Properly,2,Rain,4,Darkness,15,T-Intersection,2,Wet,3,Free Flow,1,No Defects,O90,O17,41.8669891,-87.7937775,41.8669815,-87.7938156,1131215.00,1894580.88
31450,24 07510,2407510,X003675488,2024-12-15,17:00:00,2024-12-15 17:00:00,2024-12-30 08:03:24,Garfield St/S Austin St,,GARFIELD ST,S AUSTIN ST,0,0,0,0,Property Damage,No Injuries,Car,11,Front To Rear,2,2,0,5,"Over $1,500",1,0,0,0,0,0,0,28,Failing To Reduce Speed To Avoid Crash,99,Not Applicable,1,No Controls,1,No Controls,1,Clear,4,Darkness,1,Not Divided,2,Wet,1,Slow,1,No Defects,O90,O16,41.8703918,-87.7743225,41.8704224,-87.7743149,1136506.38,1895854.13
31386,24 07517,2407517,X003662781,2024-12-16,07:25:00,2024-12-16 07:25:00,2024-12-17 10:39:06,401 Chicago Ave,401,CHICAGO AVE,,0,0,0,1,Property Damage,No Injuries,Car,15,Angle,2,2,0,3,$500 or less,1,0,0,0,0,0,0,18,Unable To Determine,18,Unable To Determine,1,No Controls,1,No Controls,2,Rain,4,Darkness,7,Parking Lot,2,Wet,3,Free Flow,1,No Defects,O30,O8,41.8945427,-87.7849426,41.8942604,-87.7852020,1133558.50,1904636.50
31384,24 07518,2407518,X003662126,2024-12-16,08:41:00,2024-12-16 08:41:00,2024-12-17 10:10:13,162 Forest,162,FOREST,,0,0,0,0,Property Damage,No Injuries,Car,9,Parked Motor Vehicle,2,2,0,5,"Over $1,500",1,0,0,0,0,0,0,18,Unable To Determine,99,Not Applicable,1,No Controls,1,No Controls,1,Clear,1,Daylight,1,Not Divided,2,Wet,3,Free Flow,1,No Defects,O40,O9,41.8890953,-87.8001556,41.8894272,-87.8000336,1129428.88,1902625.63
31387,24 07521,2407521,X003662782,2024-12-16,11:46:00,2024-12-16 11:46:00,2024-12-17 10:39:07,S Lombard Ave/Jackson Blvd,,S LOMBARD AVE,JACKSON BLVD,1,1,0,0,Property Damage,No Injuries,Car,15,Angle,3,3,0,5,"Over $1,500",0,1,0,0,0,0,0,23,Disregarding Stop Sign,28,Failing To Reduce Speed To Avoid Crash,2,Stop Sign,4,Functioning Properly,1,Clear,1,Daylight,3,Divided With Median Barrier,1,Dry,3,Free Flow,1,No Defects,O80,O13,41.8764000,-87.7794037,41.8763237,-87.7794342,1135109.50,1898034.38
31385,24 07527,2407527,X003662127,2024-12-16,14:38:00,2024-12-16 14:38:00,2024-12-17 10:39:05,S Ridgeland Ave/Madison St,,S RIDGELAND AVE,MADISON ST,0,0,0,0,Property Damage,No Injuries,Car,9,Parked Motor Vehicle,2,2,0,3,$500 or less,1,0,0,0,0,0,0,18,Unable To Determine,18,Unable To Determine,1,No Controls,1,No Controls,1,Clear,1,Daylight,2,"Divided, No Median Barrier",2,Wet,1,Slow,1,No Defects,O80,O13,41.8799324,-87.7844238,41.8799324,-87.7844620,1133732.63,1899313.88
31389,24 07538,2407538,X003664100,2024-12-17,12:12:00,2024-12-17 12:12:00,2024-12-18 09:54:11,Chicago Ave/N Taylor Ave,,CHICAGO AVE,N TAYLOR AVE,1,1,0,0,Property Damage,No Injuries,Car,10,Turning (At Least One Vehicle),2,2,0,5,"Over $1,500",1,0,0,0,0,0,0,02,Failing To Yield Right-Of-Way,28,Failing To Reduce Speed To Avoid Crash,1,No Controls,1,No Controls,1,Clear,1,Daylight,15,T-Intersection,1,Dry,3,Free Flow,1,No Defects,O30,O7,41.8946419,-87.7783737,41.8946686,-87.7783814,1135345.25,1904683.38
31392,24 07540,2407540,X003664106,2024-12-17,12:56:00,2024-12-17 12:56:00,2024-12-18 10:01:43,N Austin Blvd/Washington Blvd,,N AUSTIN BLVD,WASHINGTON BLVD,0,0,0,0,Property Damage,No Injuries,Car,11,Front To Rear,2,2,0,3,$500 or less,1,0,0,0,0,0,0,18,Unable To Determine,18,Unable To Determine,1,No Controls,1,No Controls,8,Cloudy/Overcast,1,Daylight,1,Not Divided,1,Dry,1,Slow,1,No Defects,,,41.8821068,-87.7746887,41.8821106,-87.7747269,1136378.00,1900122.38
31393,24 07542,2407542,X003663100,2024-12-17,13:32:00,2024-12-17 13:32:00,2024-12-18 10:01:44,N Oak Park Ave/Ontario St,,N OAK PARK AVE,ONTARIO ST,0,0,0,0,Property Damage,No Injuries,Car,9,Parked Motor Vehicle,2,2,0,5,"Over $1,500",1,0,0,0,0,0,0,30,Improper Backing,15,Driving Skills/Knowledge/Experience,1,No Controls,1,No Controls,8,Cloudy/Overcast,1,Daylight,1,Not Divided,1,Dry,3,Free Flow,1,No Defects,O40,O9,41.8902016,-87.7946014,41.8902016,-87.7945557,1130938.75,1903037.00
31390,24 07543,2407543,X003664104,2024-12-17,13:55:00,2024-12-17 13:55:00,2024-12-18 09:54:13,Madison St/S Ridgeland Ave,,MADISON ST,S RIDGELAND AVE,0,0,0,0,Injury,B Injury Crash,Car,11,Front To Rear,2,2,0,5,"Over $1,500",0,1,0,0,1,0,1,28,Failing To Reduce Speed To Avoid Crash,99,Not Applicable,3,Traffic Signal,4,Functioning Properly,1,Clear,1,Daylight,2,"Divided, No Median Barrier",1,Dry,3,Free Flow,1,No Defects,O80,O13,41.8799019,-87.7844620,41.8799324,-87.7844620,1133723.63,1899302.88
31391,24 07544,2407544,X003664105,2024-12-17,15:31:00,2024-12-17 15:31:00,2024-12-18 09:54:15,110 N Kenilworth Ave,,110 N KENILWORTH AVE,NORTH BLVD,0,0,0,0,Property Damage,No Injuries,Car,9,Parked Motor Vehicle,2,2,0,5,"Over $1,500",1,0,0,0,0,0,0,20,Improper Lane Usage,15,Driving Skills/Knowledge/Experience,1,No Controls,1,No Controls,8,Cloudy/Overcast,1,Daylight,1,Not Divided,1,Dry,3,Free Flow,1,No Defects,O40,O9,41.8872261,-87.7971649,41.8877296,-87.7969360,1130246.50,1901949.25
31394,24 07546,2407546,X003664107,2024-12-17,15:48:00,2024-12-17 15:48:00,2024-12-18 10:01:45,Randolph/Kenilworth,,RANDOLPH,KENILWORTH,0,0,0,0,Property Damage,No Injuries,Car,9,Parked Motor Vehicle,2,2,0,5,"Over $1,500",1,0,0,0,0,0,0,20,Improper Lane Usage,99,Not Applicable,1,No Controls,1,No Controls,1,Clear,1,Daylight,1,Not Divided,1,Dry,1,Slow,1,No Defects,O70,O12,41.8833618,-87.7970276,41.8833885,-87.7970352,1130292.13,1900541.38
31388,24 07549,2407549,X003664099,2024-12-17,18:01:00,2024-12-17 18:01:00,2024-12-18 09:45:34,S Harlem Ave/I290 W,,S HARLEM AVE,I290 W,0,0,0,0,Property Damage,No Injuries,Car,12,Sideswipe - Same Direction,2,2,0,4,"$501 to $1,500",1,0,0,0,0,0,0,28,Failing To Reduce Speed To Avoid Crash,15,Driving Skills/Knowledge/Experience,3,Traffic Signal,4,Functioning Properly,1,Clear,5,"Darkness, Lighted Road",1,Not Divided,1,Dry,1,Slow,1,No Defects,O60,O15,41.8737946,-87.8044968,41.8738136,-87.8045197,1128281.50,1897042.00
31397,24 07560,2407560,X003664726,2024-12-18,10:00:00,2024-12-18 10:00:00,2024-12-19 09:33:09,Washington/Kenilworth,,WASHINGTON,KENILWORTH,0,1,0,0,Property Damage,No Injuries,Car,10,Turning (At Least One Vehicle),2,2,0,5,"Over $1,500",1,0,0,0,0,0,0,02,Failing To Yield Right-Of-Way,28,Failing To Reduce Speed To Avoid Crash,1,No Controls,1,No Controls,1,Clear,1,Daylight,15,T-Intersection,1,Dry,3,Free Flow,1,No Defects,O70,O12,41.8815270,-87.7969742,41.8815537,-87.7969742,1130311.88,1899872.13
31401,24 07568,2407568,X003664728,2024-12-18,14:46:00,2024-12-18 14:46:00,2024-12-19 09:33:12,Roosevelt Rd/East Ave,,ROOSEVELT RD,EAST AVE,0,0,0,0,Injury,B Injury Crash,Car,11,Front To Rear,2,2,0,5,"Over $1,500",0,1,0,0,1,0,1,28,Failing To Reduce Speed To Avoid Crash,15,Driving Skills/Knowledge/Experience,1,No Controls,1,No Controls,1,Clear,1,Daylight,1,Not Divided,1,Dry,2,Stopped,1,No Defects,O90,O17,41.8652763,-87.7888641,41.8652534,-87.7888641,1132558.38,1893964.75
31404,24 07582,2407582,X003666777,2024-12-19,09:28:00,2024-12-19 09:28:00,2024-12-20 08:40:41,Chicago Ave/Nn Harlem Av,,CHICAGO AVE,NN HARLEM AV,1,1,0,0,Property Damage,No Injuries,Car,12,Sideswipe - Same Direction,2,2,0,5,"Over $1,500",1,0,0,0,0,0,0,04,Improper Overtaking/Passing,18,Unable To Determine,3,Traffic Signal,4,Functioning Properly,8,Cloudy/Overcast,1,Daylight,14,Four-Way Intersection,1,Dry,1,Slow,1,No Defects,O40,O9,41.8942032,-87.8052445,41.8942337,-87.8052445,1128030.88,1904477.63
31418,24 07604,2407604,X003670204,2024-12-19,13:12:00,2024-12-19 13:12:00,2024-12-24 09:11:42,Washington Blvd/Oak Park Ave,,WASHINGTON BLVD,OAK PARK AVE,0,0,0,0,Property Damage,No Injuries,Car,10,Turning (At Least One Vehicle),2,2,0,4,"$501 to $1,500",1,0,0,0,0,0,0,02,Failing To Yield Right-Of-Way,28,Failing To Reduce Speed To Avoid Crash,1,No Controls,1,No Controls,1,Clear,1,Daylight,2,"Divided, No Median Barrier",1,Dry,1,Slow,1,No Defects,O60,O11,41.8815384,-87.7943115,41.8815613,-87.7943115,1131037.25,1899880.13
31405,24 07593,2407593,X003666778,2024-12-19,17:10:00,2024-12-19 17:10:00,2024-12-20 08:40:42,1040 North Blvd,1040,NORTH BLVD,,0,0,0,0,Property Damage,No Injuries,Car,16,Rear To Side,2,2,0,5,"Over $1,500",1,0,0,0,0,0,0,30,Improper Backing,99,Not Applicable,1,No Controls,1,No Controls,1,Clear,4,Darkness,10,One-Way,1,Dry,1,Slow,1,No Defects,O40,O9,41.8872681,-87.8013992,41.8875122,-87.8021088,1129094.75,1901956.50
31406,24 07596,2407596,X003666779,2024-12-19,18:05:00,2024-12-19 18:05:00,2024-12-20 08:48:41,Madison St/Highland Ave,,MADISON ST,HIGHLAND AVE,0,0,0,0,Property Damage,No Injuries,Car,11,Front To Rear,2,2,0,5,"Over $1,500",1,0,0,0,0,0,0,03,Following Too Closely,28,Failing To Reduce Speed To Avoid Crash,1,No Controls,1,No Controls,3,Snow,5,"Darkness, Lighted Road",1,Not Divided,3,Snow or Slush,1,Slow,1,No Defects,O80,O13,41.8799438,-87.7820053,41.8799706,-87.7820053,1134391.38,1899321.25