record_id,report_number,crash_id,idot_crash_number,date,time,occurred_at,record_added_at,location,street_number,street_name,cross_street,at_intersection,intersection_related,private_property,hit_and_run,crash_severity,crash_injury_severity,crash_mode,crash_type_code,crash_type,total_units,num_motor_vehicles,dooring_pedalcyclist,damage_code,damage,no_injury_drive_away,injury_or_towed,fatalities,a_injuries,b_injuries,c_injuries,total_injured,cause1_code,cause1,cause2_code,cause2,traffic_control_code,traffic_control,device_condition_code,device_condition,weather_code,weather,lighting_code,lighting,trafficway_code,trafficway,road_surface_code,road_surface,flow_condition_code,flow_condition,road_defects_code,road_defects,beat_zone,post_district,latitude,longitude,latitude_geocoded,longitude_geocoded,state_plane_x,state_plane_y
31474,24 07601,2407601,X003690860,2024-12-20,00:00:00,2024-12-20 00:00:00,2025-01-06 08:08:01,309 N Marion St,309,N MARION ST,,0,0,0,1,Property Damage,No Injuries,Car,9,Parked Motor Vehicle,2,2,0,4,"$501 to $1,500",1,0,0,0,0,0,0,15,Driving Skills/Knowledge/Experience,18,Unable To Determine,1,No Controls,1,No Controls,1,Clear,1,Daylight,2,"Divided, No Median Barrier",1,Dry,3,Free Flow,1,No Defects,O40,O9,41.8922310,-87.8028030,41.8922806,-87.8029327,1128700.13,1903762.25
31425,24 07605,2407605,X003670207,2024-12-20,10:19:00,2024-12-20 10:19:00,2024-12-24 09:20:10,Harvard St/Wisconsin Ave,,HARVARD ST,WISCONSIN AVE,1,1,0,0,Property Damage,No Injuries,Car,10,Turning (At Least One Vehicle),2,2,0,4,"$501 to $1,500",1,0,0,0,0,0,0,02,Failing To Yield Right-Of-Way,28,Failing To Reduce Speed To Avoid Crash,2,Stop Sign,4,Functioning Properly,1,Clear,1,Daylight,14,Four-Way Intersection,3,Snow or Slush,3,Free Flow,1,No Defects,O90,O18,41.8686447,-87.8019104,41.8686752,-87.8019104,1128996.13,1895169.88
31422,24 07624,2407624,X003670222,2024-12-20,13:10:00,2024-12-20 13:10:00,2024-12-24 09:11:46,6401 North Ave,6401,NORTH AVE,,0,0,0,0,Property Damage,No Injuries,Car,11,Front To Rear,2,2,0,5,"Over $1,500",1,0,0,0,0,0,0,28,Failing To Reduce Speed To Avoid Crash,99,Not Applicable,3,Traffic Signal,9,Unknown,9,Unknown,5,"Darkness, Lighted Road",1,Not Divided,2,Wet,3,Free Flow,1,No Defects,O20,O2,41.9091187,-87.7848740,41.9090919,-87.7849426,1133542.13,1909947.00
31421,24 07608,2407608,X003670209,2024-12-20,14:22:00,2024-12-20 14:22:00,2024-12-24 09:11:45,N Taylor Ave/Lake St,,N TAYLOR AVE,LAKE ST,1,1,0,0,Property Damage,No Injuries,Car,10,Turning (At Least One Vehicle),2,2,0,5,"Over $1,500",0,1,0,0,0,0,0,02,Failing To Yield Right-Of-Way,28,Failing To Reduce Speed To Avoid Crash,1,No Controls,1,No Controls,1,Clear,1,Daylight,2,"Divided, No Median Barrier",1,Dry,3,Free Flow,1,No Defects,O30,O7,41.8881264,-87.7781448,41.8881226,-87.7781753,1135423.50,1902310.25
31414,24 07613,2407613,X003669982,2024-12-20,14:27:00,2024-12-20 14:27:00,2024-12-23 16:30:14,Chicago Ave/Woodbine Ave,,CHICAGO AVE,WOODBINE AVE,1,1,0,0,Injury,C Injury Crash,Car,15,Angle,2,2,0,5,"Over $1,500",0,1,0,0,0,1,1,02,Failing To Yield Right-Of-Way,99,Not Applicable,1,No Controls,1,No Controls,1,Clear,1,Daylight,1,Not Divided,1,Dry,1,Slow,1,No Defects,O20,O6,41.8943558,-87.7991486,41.8943253,-87.7991486,1129690.88,1904543.38
31439,24 07721,2407721,X003675483,2024-12-20,16:26:00,2024-12-20 16:26:00,2024-12-26 17:58:31,Clinton Ave/Randolph St,,CLINTON AVE,RANDOLPH ST,0,0,0,1,Property Damage,No Injuries,Car,9,Parked Motor Vehicle,2,2,0,3,$500 or less,1,0,0,0,0,0,0,28,Failing To Reduce Speed To Avoid Crash,99,Not Applicable,1,No Controls,1,No Controls,8,Cloudy/Overcast,1,Daylight,1,Not Divided,1,Dry,3,Free Flow,1,No Defects,O70,O12,41.8833618,-87.7984848,41.8833618,-87.7985153,1129896.00,1900538.00
31413,24 07612,2407612,X003669981,2024-12-20,18:04:00,2024-12-20 18:04:00,2024-12-23 15:37:15,N Harlem Ave/Le Moyne Pkwy,,N HARLEM AVE,LE MOYNE PKWY,1,0,0,0,Property Damage,No Injuries,Car,10,Turning (At Least One Vehicle),2,2,0,5,"Over $1,500",0,1,0,0,0,0,0,02,Failing To Yield Right-Of-Way,28,Failing To Reduce Speed To Avoid Crash,1,No Controls,1,No Controls,1,Clear,4,Darkness,2,"Divided, No Median Barrier",1,Dry,1,Slow,1,No Defects,R81,RFPD,41.9070358,-87.8057632,41.9070435,-87.8057251,1127861.38,1909153.88
31419,24 07615,2407615,X003670219,2024-12-20,19:37:00,2024-12-20 19:37:00,2024-12-24 09:11:42,512 Wisconsin,512,WISCONSIN,,0,0,0,0,Property Damage,No Injuries,Car,12,Sideswipe - Same Direction,2,2,0,5,"Over $1,500",1,0,0,0,0,0,0,28,Failing To Reduce Speed To Avoid Crash,15,Driving Skills/Knowledge/Experience,2,Stop Sign,1,No Controls,1,Clear,5,"Darkness, Lighted Road",1,Not Divided,1,Dry,1,Slow,1,No Defects,O60,O15,41.8790627,-87.8023529,41.8791122,-87.8022385,1128851.88,1898965.25
31407,24 07618,2407618,X003667704,2024-12-21,09:31:00,2024-12-21 09:31:00,2024-12-21 13:35:09,Madison St/S Taylor Ave,,MADISON ST,S TAYLOR AVE,1,1,0,0,Injury,C Injury Crash,Car,15,Angle,3,2,0,5,"Over $1,500",0,1,0,0,0,1,1,02,Failing To Yield Right-Of-Way,28,Failing To Reduce Speed To Avoid Crash,2,Stop Sign,4,Functioning Properly,1,Clear,1,Daylight,4,Two-Way Continuous Left-Turn Lane,1,Dry,3,Free Flow,1,No Defects,O80,O13,41.8800087,-87.7779312,41.8800316,-87.7783203,1135501.50,1899352.50
31417,24 07619,2407619,X003670220,2024-12-21,09:45:00,2024-12-21 09:45:00,2024-12-24 09:11:41,Chicago Ave/N Oak Park Ave,,CHICAGO AVE,N OAK PARK AVE,0,0,0,0,Property Damage,No Injuries,Car,11,Front To Rear,2,2,0,4,"$501 to $1,500",1,0,0,0,0,0,0,28,Failing To Reduce Speed To Avoid Crash,99,Not Applicable,1,No Controls,1,No Controls,1,Clear,1,Daylight,2,"Divided, No Median Barrier",1,Dry,3,Free Flow,1,No Defects,O30,O8,41.8943825,-87.7946701,41.8944054,-87.7946777,1130909.25,1904560.00
31431,24 07623,2407623,X003671584,2024-12-21,12:58:00,2024-12-21 12:58:00,2024-12-26 08:42:28,2 N Austin Blvd,2,N AUSTIN BLVD,,0,0,0,0,Property Damage,No Injuries,Car,11,Front To Rear,2,2,0,4,"$501 to $1,500",1,0,0,0,0,0,0,28,Failing To Reduce Speed To Avoid Crash,03,Following Too Closely,3,Traffic Signal,4,Functioning Properly,1,Clear,1,Daylight,1,Not Divided,1,Dry,2,Stopped,1,No Defects,,,41.8800888,-87.7746201,41.8801422,-87.7747421,1136401.50,1899387.88
31432,24 07626,2407626,X003671586,2024-12-21,14:03:00,2024-12-21 14:03:00,2024-12-26 08:42:29,N Austin Blvd/Division St,,N AUSTIN BLVD,DIVISION ST,0,0,0,0,Property Damage,No Injuries,Car,11,Front To Rear,2,2,0,3,$500 or less,1,0,0,0,0,0,0,10,Equipment - Vehicle Condition,03,Following Too Closely,3,Traffic Signal,4,Functioning Properly,1,Clear,1,Daylight,1,Not Divided,1,Dry,3,Free Flow,1,No Defects,,,41.9019966,-87.7753296,41.9020004,-87.7753677,1136156.75,1907368.88
31408,24 07629,2407629,X003667705,2024-12-21,17:10:00,2024-12-21 17:10:00,2024-12-21 20:16:01,S Harlem Ave/I290 Ramp E,,S HARLEM AVE,I290 RAMP E,0,1,0,0,Property Damage,No Injuries,Car,12,Sideswipe - Same Direction,2,2,0,4,"$501 to $1,500",1,0,0,0,0,0,0,04,Improper Overtaking/Passing,18,Unable To Determine,3,Traffic Signal,4,Functioning Properly,8,Cloudy/Overcast,5,"Darkness, Lighted Road",8,Other,1,Dry,2,Stopped,1,No Defects,O90,O18,41.8735886,-87.8044891,41.8736153,-87.8045197,1128282.00,1896967.63
31415,24 07630,2407630,X003669983,2024-12-21,17:33:00,2024-12-21 17:33:00,2024-12-23 16:37:08,S Taylor Ave/Madison St,,S TAYLOR AVE,MADISON ST,0,0,0,1,Property Damage,No Injuries,Car,9,Parked Motor Vehicle,2,2,0,5,"Over $1,500",1,0,0,0,0,0,0,18,Unable To Determine,18,Unable To Determine,2,Stop Sign,4,Functioning Properly,9,Unknown,9,Unknown,1,Not Divided,9,Unknown,3,Free Flow,1,No Defects,O80,O13,41.8800430,-87.7778931,41.8800316,-87.7783203,1135511.00,1899364.25
31420,24 07634,2407634,X003670224,2024-12-21,19:45:00,2024-12-21 19:45:00,2024-12-24 09:11:43,N Austin Blvd/Divison,,N AUSTIN BLVD,DIVISON,0,0,0,0,Property Damage,No Injuries,Car,11,Front To Rear,2,2,0,4,"$501 to $1,500",1,0,0,0,0,0,0,03,Following Too Closely,28,Failing To Reduce Speed To Avoid Crash,1,No Controls,1,No Controls,1,Clear,5,"Darkness, Lighted Road",2,"Divided, No Median Barrier",1,Dry,1,Slow,1,No Defects,,,41.9019966,-87.7753296,41.9020004,-87.7753677,1136156.75,1907368.88
31433,24 07637,2407637,X003671589,2024-12-21,23:31:00,2024-12-21 23:31:00,2024-12-26 08:42:30,N Austin Blvd/Chicago Ave,,N AUSTIN BLVD,CHICAGO AVE,1,0,0,1,Property Damage,No Injuries,Car,15,Angle,3,3,0,5,"Over $1,500",0,1,0,0,0,0,0,99,Not Applicable,99,Not Applicable,3,Traffic Signal,4,Functioning Properly,1,Clear,5,"Darkness, Lighted Road",4,Two-Way Continuous Left-Turn Lane,1,Dry,3,Free Flow,1,No Defects,,,41.8947105,-87.7751083,41.8947105,-87.7751389,1136235.63,1904714.63
31416,24 07643,2407643,X003670225,2024-12-22,08:18:00,2024-12-22 08:18:00,2024-12-24 09:04:24,847 Chicago Ave,847,CHICAGO AVE,,0,0,0,0,Property Damage,No Injuries,Car,9,Parked Motor Vehicle,2,2,0,5,"Over $1,500",1,0,0,0,0,0,0,20,Improper Lane Usage,28,Failing To Reduce Speed To Avoid Crash,1,No Controls,1,No Controls,1,Clear,1,Daylight,2,"Divided, No Median Barrier",1,Dry,3,Free Flow,1,No Defects,O40,O9,41.8943405,-87.7968216,41.8942261,-87.7970047,1130323.13,1904542.50
31423,24 07647,2407647,X003670226,2024-12-22,10:15:00,2024-12-22 10:15:00,2024-12-24 09:20:06,521 Home Ave,521,HOME AVE,,0,0,0,0,Property Damage,No Injuries,Car,9,Parked Motor Vehicle,2,2,0,4,"$501 to $1,500",1,0,0,0,0,0,0,03,Following Too Closely,15,Driving Skills/Knowledge/Experience,1,No Controls,1,No Controls,1,Clear,1,Daylight,1,Not Divided,1,Dry,3,Free Flow,1,No Defects,O60,O15,41.8788605,-87.7998047,41.8788910,-87.8000183,1129547.63,1898895.00
31438,24 07651,2407651,X003671591,2024-12-22,13:12:00,2024-12-22 13:12:00,2024-12-26 08:42:34,Roosevelt Rd/S Humphrey Ave,,ROOSEVELT RD,S HUMPHREY AVE,1,1,0,0,Property Damage,No Injuries,Car,15,Angle,2,2,0,5,"Over $1,500",0,1,0,0,0,0,0,23,Disregarding Stop Sign,28,Failing To Reduce Speed To Avoid Crash,2,Stop Sign,4,Functioning Properly,1,Clear,1,Daylight,14,Four-Way Intersection,1,Dry,3,Free Flow,1,No Defects,O90,O16,41.8654785,-87.7753677,41.8654518,-87.7753677,1136234.63,1894061.75
31424,24 07661,2407661,X003670230,2024-12-23,09:44:00,2024-12-23 09:44:00,2024-12-24 09:20:08,S Oak Park Ave/South Blvd,,S OAK PARK AVE,SOUTH BLVD,1,0,0,0,Property Damage,No Injuries,Car,12,Sideswipe - Same Direction,2,2,0,5,"Over $1,500",1,0,0,0,0,0,0,02,Failing To Yield Right-Of-Way,99,Not Applicable,1,No Controls,1,No Controls,1,Clear,1,Daylight,3,Divided With Median Barrier,1,Dry,1,Slow,1,No Defects,O60,O11,41.8868980,-87.7944336,41.8868904,-87.7944717,1130991.25,1901833.88
31437,24 07668,2407668,X003671593,2024-12-23,13:08:00,2024-12-23 13:08:00,2024-12-26 08:42:33,N Euclid Ave/Lake St,,N EUCLID AVE,LAKE ST,0,0,0,0,Property Damage,No Injuries,Car,18,Rear To Front,2,2,0,5,"Over $1,500",1,0,0,0,0,0,0,30,Improper Backing,18,Unable To Determine,3,Traffic Signal,4,Functioning Properly,8,Cloudy/Overcast,1,Daylight,1,Not Divided,1,Dry,2,Stopped,1,No Defects,O30,O8,41.8885803,-87.7927322,41.8885841,-87.7926941,1131450.13,1902449.88
31428,24 07674,2407674,X003686676,2024-12-23,16:31:00,2024-12-23 16:31:00,2024-12-24 09:20:16,N Harlem Ave/North Ave,,N HARLEM AVE,NORTH AVE,1,1,0,0,Property Damage,No Injuries,Car,11,Front To Rear,2,2,0,4,"$501 to $1,500",1,0,0,0,0,0,0,03,Following Too Closely,28,Failing To Reduce Speed To Avoid Crash,3,Traffic Signal,4,Functioning Properly,1,Clear,4,Darkness,1,Not Divided,1,Dry,3,Free Flow,1,No Defects,R81,RFPD,41.9088783,-87.8057938,41.9088860,-87.8057556,1127849.25,1909824.75
31427,24 07677,2407677,X003670233,2024-12-23,20:36:00,2024-12-23 20:36:00,2024-12-24 09:20:14,S Harlem Ave/Garfield St,,S HARLEM AVE,GARFIELD ST,0,0,0,0,Property Damage,No Injuries,Car,11,Front To Rear,2,2,0,3,$500 or less,1,0,0,0,0,0,0,28,Failing To Reduce Speed To Avoid Crash,18,Unable To Determine,1,No Controls,1,No Controls,1,Clear,5,"Darkness, Lighted Road",3,Divided With Median Barrier,1,Dry,1,Slow,1,No Defects,O90,O18,41.8723068,-87.8044357,41.8723183,-87.8044663,1128300.88,1896500.75
31436,24 07688,2407688,X003671597,2024-12-24,16:57:00,2024-12-24 16:57:00,2024-12-26 08:42:32,S Harlem Av/Garfield,,S HARLEM AV,GARFIELD,0,0,0,1,Property Damage,No Injuries,Car,12,Sideswipe - Same Direction,2,2,0,5,"Over $1,500",1,0,0,0,0,0,0,04,Improper Overtaking/Passing,99,Not Applicable,1,No Controls,1,No Controls,1,Clear,5,"Darkness, Lighted Road",1,Not Divided,1,Dry,3,Free Flow,1,No Defects,O90,O18,41.8723068,-87.8044357,41.8723183,-87.8044663,1128300.88,1896500.75
31525,24 07691,2407691,X003689715,2024-12-24,20:54:00,2024-12-24 20:54:00,2025-01-13 09:22:26,S Austin Blvd/Madison St,,S AUSTIN BLVD,MADISON ST,1,0,0,1,Property Damage,No Injuries,Car,12,Sideswipe - Same Direction,2,2,0,5,"Over $1,500",1,0,0,0,0,0,0,18,Unable To Determine,18,Unable To Determine,3,Traffic Signal,4,Functioning Properly,8,Cloudy/Overcast,1,Daylight,1,Not Divided,1,Dry,3,Free Flow,1,No Defects,O80,O13,41.8800888,-87.7746963,41.8800888,-87.7746582,1136381.50,1899387.00
31434,24 07700,2407700,X003671598,2024-12-25,15:00:00,2024-12-25 15:00:00,2024-12-26 08:42:31,S Oak Park Ave/Adams St,,S OAK PARK AVE,ADAMS ST,1,1,0,0,Property Damage,No Injuries,Car,15,Angle,2,2,0,5,"Over $1,500",0,1,0,0,0,0,0,23,Disregarding Stop Sign,28,Failing To Reduce Speed To Avoid Crash,2,Stop Sign,4,Functioning Properly,8,Cloudy/Overcast,1,Daylight,2,"Divided, No Median Barrier",1,Dry,3,Free Flow,1,No Defects,O60,O14,41.8779449,-87.7941589,41.8779373,-87.7941971,1131086.38,1898571.25
31441,24 07703,2407703,X003672846,2024-12-25,20:42:00,2024-12-25 20:42:00,2024-12-27 08:09:28,Washington Blvd/S Ridgeland Ave,,WASHINGTON BLVD,S RIDGELAND AVE,1,1,0,1,Property Damage,No Injuries,Car,12,Sideswipe - Same Direction,2,2,0,4,"$501 to $1,500",1,0,0,0,0,0,0,20,Improper Lane Usage,99,Not Applicable,3,Traffic Signal,4,Functioning Properly,1,Clear,4,Darkness,14,Four-Way Intersection,1,Dry,1,Slow,1,No Defects,O50,O10,41.8816948,-87.7845154,41.8817253,-87.7845154,1133704.88,1899954.38
31444,24 07710,2407710,X003686681,2024-12-26,11:07:00,2024-12-26 11:07:00,2024-12-27 08:09:31,Lake St/N Kenilworth Ave,,LAKE ST,N KENILWORTH AVE,1,1,0,0,Property Damage,No Injuries,Car,11,Front To Rear,2,2,0,5,"Over $1,500",1,0,0,0,0,0,0,28,Failing To Reduce Speed To Avoid Crash,18,Unable To Determine,1,No Controls,4,Functioning Properly,1,Clear,1,Daylight,1,Not Divided,1,Dry,3,Free Flow,1,No Defects,O40,O9,41.8886719,-87.7971573,41.8886986,-87.7975082,1130245.50,1902475.38
31443,24 07713,2407713,X003672848,2024-12-26,12:50:00,2024-12-26 12:50:00,2024-12-27 08:09:30,S Ridgeland Ave/Van Buren St,,S RIDGELAND AVE,VAN BUREN ST,0,0,0,0,Property Damage,No Injuries,Car,11,Front To Rear,2,2,0,5,"Over $1,500",0,1,0,0,0,0,0,03,Following Too Closely,28,Failing To Reduce Speed To Avoid Crash,1,No Controls,1,No Controls,8,Cloudy/Overcast,1,Daylight,2,"Divided, No Median Barrier",2,Wet,3,Free Flow,1,No Defects,O80,O13,41.8744621,-87.7842407,41.8744621,-87.7842789,1133795.00,1897319.63
31440,24 07716,2407716,X003672851,2024-12-26,14:03:00,2024-12-26 14:03:00,2024-12-27 08:02:01,832 Washington Blvd,832,WASHINGTON BLVD,,0,0,0,1,Property Damage,No Injuries,Car,11,Front To Rear,2,2,0,3,$500 or less,1,0,0,0,0,0,0,03,Following Too Closely,28,Failing To Reduce Speed To Avoid Crash,1,No Controls,1,No Controls,1,Clear,1,Daylight,2,"Divided, No Median Barrier",1,Dry,3,Free Flow,1,No Defects,O70,O12,41.8816223,-87.7957764,41.8817978,-87.7960205,1130638.63,1899909.00
31442,24 07722,2407722,X003672864,2024-12-26,16:24:00,2024-12-26 16:24:00,2024-12-27 08:09:29,Madison St/S Ridgeland Ave,,MADISON ST,S RIDGELAND AVE,0,0,0,0,Property Damage,No Injuries,Car,10,Turning (At Least One Vehicle),2,2,0,5,"Over $1,500",1,0,0,0,0,0,0,02,Failing To Yield Right-Of-Way,18,Unable To Determine,1,No Controls,1,No Controls,8,Cloudy/Overcast,5,"Darkness, Lighted Road",2,"Divided, No Median Barrier",1,Dry,3,Free Flow,1,No Defects,O80,O13,41.8799019,-87.7844620,41.8799324,-87.7844620,1133723.63,1899302.88
31459,24 07723,2407723,X003681766,2024-12-26,22:52:00,2024-12-26 22:52:00,2025-01-02 08:33:19,S Harlem Ave/I290 W,,S HARLEM AVE,I290 W,1,1,0,0,Property Damage,No Injuries,Car,10,Turning (At Least One Vehicle),2,2,0,4,"$501 to $1,500",1,0,0,0,0,0,0,06,Improper Turning/No Signal,28,Failing To Reduce Speed To Avoid Crash,3,Traffic Signal,4,Functioning Properly,2,Rain,5,"Darkness, Lighted Road",3,Divided With Median Barrier,2,Wet,1,Slow,1,No Defects,O60,O15,41.8737946,-87.8044968,41.8738136,-87.8045197,1128281.50,1897042.00
31448,24 07737,2407737,X003675450,2024-12-27,14:27:00,2024-12-27 14:27:00,2024-12-30 08:03:22,411 Chicago Ave,411,CHICAGO AVE,,0,0,0,0,Property Damage,No Injuries,Car,12,Sideswipe - Same Direction,2,2,0,5,"Over $1,500",1,0,0,0,0,0,0,20,Improper Lane Usage,99,Not Applicable,1,No Controls,1,No Controls,2,Rain,1,Daylight,2,"Divided, No Median Barrier",2,Wet,1,Slow,1,No Defects,O30,O8,41.8945312,-87.7857284,41.8944511,-87.7855072,1133344.38,1904630.38
31452,24 07742,2407742,X003675454,2024-12-27,17:08:00,2024-12-27 17:08:00,2024-12-30 08:03:27,N Austin Blvd/Washington Blvd,,N AUSTIN BLVD,WASHINGTON BLVD,1,1,0,0,Property Damage,No Injuries,Car,10,Turning (At Least One Vehicle),2,2,0,5,"Over $1,500",0,1,0,0,0,0,0,02,Failing To Yield Right-Of-Way,08,Under The Influence Of Alc/Drugs-Use For Dui,2,Stop Sign,4,Functioning Properly,2,Rain,5,"Darkness, Lighted Road",15,T-Intersection,2,Wet,1,Slow,1,No Defects,,,41.8821068,-87.7746887,41.8821106,-87.7747269,1136378.00,1900122.38
31449,24 07744,2407744,X003675486,2024-12-27,19:07:00,2024-12-27 19:07:00,2024-12-30 08:03:23,S Harlem Ave/I290 Expy W,,S HARLEM AVE,I290 EXPY W,1,0,0,0,Property Damage,No Injuries,Car,11,Front To Rear,2,2,0,3,$500 or less,1,0,0,0,0,0,0,03,Following Too Closely,28,Failing To Reduce Speed To Avoid Crash,3,Traffic Signal,4,Functioning Properly,7,Other,5,"Darkness, Lighted Road",2,"Divided, No Median Barrier",2,Wet,1,Slow,99,Unknown,O60,O15,41.8737946,-87.8044968,41.8738136,-87.8045197,1128281.50,1897042.00
31689,24 07757,2407757,X003717085,2024-12-28,10:42:00,2024-12-28 10:42:00,2025-02-07 13:55:02,Adams St/Wisconsin Ave,,ADAMS ST,WISCONSIN AVE,1,1,0,1,Injury,B Injury Crash,Pedalcyclist,2,Pedalcyclist,2,1,0,4,"$501 to $1,500",0,1,0,0,1,0,1,02,Failing To Yield Right-Of-Way,18,Unable To Determine,2,Stop Sign,4,Functioning Properly,9,Unknown,5,"Darkness, Lighted Road",14,Four-Way Intersection,9,Unknown,3,Free Flow,1,No Defects,O60,O15,41.8767700,-87.8022003,41.8767929,-87.8022079,1128898.25,1898129.13
31460,24 07754,2407754,X003678314,2024-12-29,09:22:00,2024-12-29 09:22:00,2025-01-02 08:40:42,S Harlem Ave/Roosevelt Rd,,S HARLEM AVE,ROOSEVELT RD,1,1,0,0,Property Damage,No Injuries,Car,12,Sideswipe - Same Direction,2,2,0,3,$500 or less,1,0,0,0,0,0,0,20,Improper Lane Usage,18,Unable To Determine,3,Traffic Signal,4,Functioning Properly,2,Rain,1,Daylight,1,Not Divided,2,Wet,3,Free Flow,1,No Defects,O90,O18,41.8649864,-87.8041687,41.8649864,-87.8042068,1128389.25,1893832.00
31451,24 07756,2407756,X003675462,2024-12-29,12:45:00,2024-12-29 12:45:00,2024-12-30 08:03:26,N Ridgeland Ave/Lake St,,N RIDGELAND AVE,LAKE ST,1,1,0,0,Property Damage,No Injuries,Car,11,Front To Rear,2,2,0,4,"$501 to $1,500",1,0,0,0,0,0,0,03,Following Too Closely,28,Failing To Reduce Speed To Avoid Crash,3,Traffic Signal,4,Functioning Properly,2,Rain,1,Daylight,1,Not Divided,2,Wet,3,Free Flow,1,No Defects,O30,O8,41.8883209,-87.7847366,41.8883209,-87.7846985,1133628.00,1902369.13
31456,24 07763,2407763,X003686683,2024-12-30,10:44:00,2024-12-30 10:44:00,2024-12-31 08:47:22,Clinton Ave/North Pleasant Alley,,CLINTON AVE,NORTH PLEASANT ALLEY,1,1,0,0,Injury,C Injury Crash,Car,10,Turning (At Least One Vehicle),2,2,0,4,"$501 to $1,500",0,1,0,0,0,2,2,02,Failing To Yield Right-Of-Way,28,Failing To Reduce Speed To Avoid Crash,1,No Controls,1,No Controls,1,Clear,1,Daylight,1,Not Divided,1,Dry,3,Free Flow,1,No Defects,O40,O9,41.8871994,-87.7986221,41.8854408,-87.7985916,1129849.88,1901936.75
31457,24 07764,2407764,X003676410,2024-12-30,11:25:00,2024-12-30 11:25:00,2024-12-31 08:47:23,N Oak Park Ave/Ontario St,,N OAK PARK AVE,ONTARIO ST,0,0,0,0,Property Damage,No Injuries,Car,11,Front To Rear,2,2,0,4,"$501 to $1,500",1,0,0,0,0,0,0,28,Failing To Reduce Speed To Avoid Crash,03,Following Too Closely,17,Pedestrian Crossing Sign,4,Functioning Properly,1,Clear,1,Daylight,2,"Divided, No Median Barrier",1,Dry,1,Slow,1,No Defects,O40,O9,41.8902016,-87.7946014,41.8902016,-87.7945557,1130938.75,1903037.00
31453,24 07766,2407766,X003676405,2024-12-30,12:51:00,2024-12-30 12:51:00,2024-12-31 08:38:45,Madison St/N Harlem Ave,,MADISON ST,N HARLEM AVE,1,0,0,1,Property Damage,No Injuries,Car,10,Turning (At Least One Vehicle),2,2,0,4,"$501 to $1,500",1,0,0,0,0,0,0,02,Failing To Yield Right-Of-Way,28,Failing To Reduce Speed To Avoid Crash,1,No Controls,1,No Controls,1,Clear,1,Daylight,2,"Divided, No Median Barrier",1,Dry,3,Free Flow,1,No Defects,O60,O15,41.8796349,-87.8047333,41.8796654,-87.8047333,1128202.63,1899169.38
31486,25 00034,2500034,X003685365,2024-12-30,13:49:00,2024-12-30 13:49:00,2025-01-06 08:18:27,S Austin Blvd/Garfield St,,S AUSTIN BLVD,GARFIELD ST,1,1,0,0,Property Damage,No Injuries,Car,15,Angle,2,2,0,4,"$501 to $1,500",1,0,0,0,0,0,0,02,Failing To Yield Right-Of-Way,28,Failing To Reduce Speed To Avoid Crash,2,Stop Sign,4,Functioning Properly,1,Clear,5,"Darkness, Lighted Road",1,Not Divided,1,Dry,3,Free Flow,1,No Defects,O90,O16,41.8704185,-87.7743530,41.8704224,-87.7743149,1136497.13,1895864.88
31454,24 07772,2407772,X003676403,2024-12-30,15:50:00,2024-12-30 15:50:00,2024-12-31 08:38:46,Madison St/S Scoville Ave,,MADISON ST,S SCOVILLE AVE,0,0,0,0,Property Damage,No Injuries,Car,12,Sideswipe - Same Direction,3,3,0,5,"Over $1,500",1,0,0,0,0,0,0,02,Failing To Yield Right-Of-Way,28,Failing To Reduce Speed To Avoid Crash,2,Stop Sign,4,Functioning Properly,1,Clear,1,Daylight,4,Two-Way Continuous Left-Turn Lane,1,Dry,3,Free Flow,1,No Defects,O60,O14,41.8798523,-87.7877274,41.8798714,-87.7881393,1132834.25,1899277.13
31461,24 07774,2407774,X003678316,2024-12-30,16:13:00,2024-12-30 16:13:00,2025-01-02 08:40:43,Monroe St/S Harlem Ave,,MONROE ST,S HARLEM AVE,1,1,0,0,Property Damage,No Injuries,Car,10,Turning (At Least One Vehicle),2,2,0,4,"$501 to $1,500",1,0,0,0,0,0,0,02,Failing To Yield Right-Of-Way,28,Failing To Reduce Speed To Avoid Crash,2,Stop Sign,4,Functioning Properly,1,Clear,2,Dawn,15,T-Intersection,1,Dry,2,Stopped,1,No Defects,O60,O15,41.8781395,-87.8046799,41.8781700,-87.8046799,1128221.63,1898624.25
31458,24 07776,2407776,X003678317,2024-12-30,16:27:00,2024-12-30 16:27:00,2024-12-31 11:04:35,N Harlem Ave/Westgate St,,N HARLEM AVE,WESTGATE ST,0,0,0,0,Property Damage,No Injuries,Car,12,Sideswipe - Same Direction,2,2,0,4,"$501 to $1,500",1,0,0,0,0,0,0,28,Failing To Reduce Speed To Avoid Crash,03,Following Too Closely,1,No Controls,4,Functioning Properly,1,Clear,1,Daylight,2,"Divided, No Median Barrier",1,Dry,3,Free Flow,1,No Defects,O70,O12,41.8878517,-87.8050537,41.8878555,-87.8050232,1128096.13,1902163.25