record_id,report_number,crash_id,idot_crash_number,date,time,occurred_at,record_added_at,location,street_number,street_name,cross_street,at_intersection,intersection_related,private_property,hit_and_run,crash_severity,crash_injury_severity,crash_mode,crash_type_code,crash_type,total_units,num_motor_vehicles,dooring_pedalcyclist,damage_code,damage,no_injury_drive_away,injury_or_towed,fatalities,a_injuries,b_injuries,c_injuries,total_injured,cause1_code,cause1,cause2_code,cause2,traffic_control_code,traffic_control,device_condition_code,device_condition,weather_code,weather,lighting_code,lighting,trafficway_code,trafficway,road_surface_code,road_surface,flow_condition_code,flow_condition,road_defects_code,road_defects,beat_zone,post_district,latitude,longitude,latitude_geocoded,longitude_geocoded,state_plane_x,state_plane_y
31463,24 07782,2407782,X003678319,2024-12-31,01:04:00,2024-12-31 01:04:00,2025-01-02 08:40:44,Roosevelt Rd/Oak Park Ave,,ROOSEVELT RD,OAK PARK AVE,1,1,0,1,Property Damage,No Injuries,Car,11,Front To Rear,2,2,0,5,"Over $1,500",1,0,0,0,0,0,0,03,Following Too Closely,99,Not Applicable,3,Traffic Signal,4,Functioning Properly,2,Rain,5,"Darkness, Lighted Road",14,Four-Way Intersection,2,Wet,1,Slow,1,No Defects,O90,O17,41.8651924,-87.7937469,41.8651657,-87.7937546,1131227.00,1893925.00
31462,24 07790,2407790,X003678321,2024-12-31,16:16:00,2024-12-31 16:16:00,2025-01-02 08:33:20,N Oak Park Ave/Erie St,,N OAK PARK AVE,ERIE ST,1,1,0,0,Property Damage,No Injuries,Car,11,Front To Rear,2,2,0,4,"$501 to $1,500",1,0,0,0,0,0,0,18,Unable To Determine,18,Unable To Determine,17,Pedestrian Crossing Sign,4,Functioning Properly,2,Rain,5,"Darkness, Lighted Road",14,Four-Way Intersection,2,Wet,1,Slow,1,No Defects,O40,O9,41.8915558,-87.7946396,41.8915520,-87.7946014,1130925.00,1903530.00
31464,24 07791,2407791,X003678322,2024-12-31,18:14:00,2024-12-31 18:14:00,2025-01-02 08:40:45,Lake St/N Ridgeland Ave,,LAKE ST,N RIDGELAND AVE,0,0,0,0,Property Damage,No Injuries,Car,15,Angle,2,2,0,5,"Over $1,500",1,0,0,0,0,0,0,17,Physical Condition Of Driver,28,Failing To Reduce Speed To Avoid Crash,3,Traffic Signal,4,Functioning Properly,1,Clear,5,"Darkness, Lighted Road",1,Not Divided,2,Wet,2,Stopped,1,No Defects,O30,O7,41.8882980,-87.7846985,41.8883209,-87.7846985,1133638.38,1902360.50
31465,24 07792,2407792,X003678323,2024-12-31,19:12:00,2024-12-31 19:12:00,2025-01-02 08:33:21,S East Ave/Pleasant St,,S EAST AVE,PLEASANT ST,1,1,0,0,Property Damage,No Injuries,Car,15,Angle,2,2,0,5,"Over $1,500",1,0,0,0,0,0,0,02,Failing To Yield Right-Of-Way,28,Failing To Reduce Speed To Avoid Crash,2,Stop Sign,4,Functioning Properly,1,Clear,5,"Darkness, Lighted Road",14,Four-Way Intersection,2,Wet,,,1,No Defects,O60,O11,41.8851280,-87.7894745,41.8851280,-87.7895126,1132345.38,1901197.13
31466,25 00010,2500010,X003678326,2025-01-01,14:49:00,2025-01-01 14:49:00,2025-01-02 08:33:22,N Harlem Ave/Superior St,,N HARLEM AVE,SUPERIOR ST,0,0,0,0,Property Damage,No Injuries,Car,10,Turning (At Least One Vehicle),2,2,0,5,"Over $1,500",1,0,0,0,0,0,0,02,Failing To Yield Right-Of-Way,28,Failing To Reduce Speed To Avoid Crash,1,No Controls,1,No Controls,8,Cloudy/Overcast,1,Daylight,2,"Divided, No Median Barrier",1,Dry,1,Slow,1,No Defects,O40,O9,41.8930359,-87.8052368,41.8930397,-87.8051987,1128035.38,1904052.50
31469,25 00012,2500012,X003678330,2025-01-01,18:15:00,2025-01-01 18:15:00,2025-01-02 09:20:31,1187 Home Ave,1187,HOME AVE,,0,0,0,1,Injury,B Injury Crash,Car,11,Front To Rear,2,2,0,3,$500 or less,0,1,0,0,2,0,2,28,Failing To Reduce Speed To Avoid Crash,18,Unable To Determine,1,No Controls,1,No Controls,1,Clear,5,"Darkness, Lighted Road",1,Not Divided,1,Dry,3,Free Flow,1,No Defects,O90,O18,41.8655663,-87.7989654,41.8655968,-87.7991943,1129806.25,1894053.88
31470,25 00025,2500025,X003679376,2025-01-02,23:38:00,2025-01-02 23:38:00,2025-01-03 08:31:14,212 S Marion St,212,S MARION ST,,0,0,0,0,Injury,A Injury Crash,Car,6,Fixed Object,5,1,0,5,"Over $1,500",0,1,0,1,0,0,1,28,Failing To Reduce Speed To Avoid Crash,18,Unable To Determine,1,No Controls,9,Unknown,1,Clear,5,"Darkness, Lighted Road",2,"Divided, No Median Barrier",1,Dry,3,Free Flow,1,No Defects,O70,O12,41.8850098,-87.8025284,41.8852081,-87.8023605,1128790.75,1901132.38
31483,25 00026,2500026,X003681711,2025-01-03,07:49:00,2025-01-03 07:49:00,2025-01-06 08:18:29,Ridgeland/Lake,,RIDGELAND,LAKE,0,0,0,0,Property Damage,No Injuries,Car,10,Turning (At Least One Vehicle),2,2,0,4,"$501 to $1,500",0,1,0,0,0,0,0,28,Failing To Reduce Speed To Avoid Crash,10,Equipment - Vehicle Condition,3,Traffic Signal,4,Functioning Properly,1,Clear,1,Daylight,4,Two-Way Continuous Left-Turn Lane,1,Dry,2,Stopped,1,No Defects,O30,O8,41.8883209,-87.7847366,41.8883209,-87.7846985,1133628.00,1902369.13
31481,25 00029,2500029,X003681674,2025-01-03,08:22:00,2025-01-03 08:22:00,2025-01-06 08:08:02,38 N Austin Blvd,38,N AUSTIN BLVD,,0,0,0,0,Property Damage,No Injuries,Car,11,Front To Rear,2,2,0,4,"$501 to $1,500",1,0,0,0,0,0,0,28,Failing To Reduce Speed To Avoid Crash,03,Following Too Closely,3,Traffic Signal,4,Functioning Properly,1,Clear,1,Daylight,1,Not Divided,1,Dry,2,Stopped,1,No Defects,O50,O10,41.8812790,-87.7746658,41.8815270,-87.7749939,1136387.00,1899820.88
31479,25 00031,2500031,X003681672,2025-01-03,12:35:00,2025-01-03 12:35:00,2025-01-06 08:18:21,N Harlem Ave/North Ave,,N HARLEM AVE,NORTH AVE,0,0,0,0,Property Damage,No Injuries,Car,11,Front To Rear,2,2,0,3,$500 or less,1,0,0,0,0,0,0,28,Failing To Reduce Speed To Avoid Crash,15,Driving Skills/Knowledge/Experience,3,Traffic Signal,4,Functioning Properly,1,Clear,1,Daylight,1,Not Divided,1,Dry,2,Stopped,1,No Defects,R81,RFPD,41.9088783,-87.8057938,41.9088860,-87.8057556,1127849.25,1909824.75
31473,25 00038,2500038,X003681712,2025-01-03,18:41:00,2025-01-03 18:41:00,2025-01-06 08:18:08,710 S Ridgeland Ave,710,S RIDGELAND AVE,,0,0,0,1,Property Damage,No Injuries,Car,9,Parked Motor Vehicle,2,2,0,5,"Over $1,500",1,0,0,0,0,0,0,18,Unable To Determine,99,Not Applicable,3,Traffic Signal,4,Functioning Properly,1,Clear,5,"Darkness, Lighted Road",14,Four-Way Intersection,1,Dry,1,Slow,1,No Defects,O60,O14,41.8760986,-87.7843781,41.8758316,-87.7841339,1133755.50,1897915.38
31480,25 00037,2500037,X003681676,2025-01-03,19:55:00,2025-01-03 19:55:00,2025-01-06 08:18:23,N Harlem Ave/Division St,,N HARLEM AVE,DIVISION ST,0,0,0,0,Property Damage,No Injuries,Car,12,Sideswipe - Same Direction,2,2,0,5,"Over $1,500",1,0,0,0,0,0,0,02,Failing To Yield Right-Of-Way,99,Not Applicable,3,Traffic Signal,4,Functioning Properly,1,Clear,5,"Darkness, Lighted Road",1,Not Divided,1,Dry,3,Free Flow,1,No Defects,O20,O6,41.9015350,-87.8055573,41.9015427,-87.8055191,1127930.38,1907148.88
31472,25 00044,2500044,X003681678,2025-01-04,07:50:00,2025-01-04 07:50:00,2025-01-04 13:56:26,Jackson Blvd/Gunderson Ave,,JACKSON BLVD,GUNDERSON AVE,1,1,0,0,Property Damage,No Injuries,Car,10,Turning (At Least One Vehicle),2,2,0,5,"Over $1,500",1,0,0,0,0,0,0,02,Failing To Yield Right-Of-Way,23,Disregarding Stop Sign,2,Stop Sign,4,Functioning Properly,1,Clear,1,Daylight,2,"Divided, No Median Barrier",1,Dry,1,Slow,1,No Defects,O60,O14,41.8762131,-87.7868042,41.8762436,-87.7868042,1133094.13,1897953.25
31485,25 00046,2500046,X003681679,2025-01-04,11:15:00,2025-01-04 11:15:00,2025-01-06 08:27:30,130 N Marion St,130,N MARION ST,,0,0,0,1,Property Damage,No Injuries,Car,12,Sideswipe - Same Direction,2,2,0,4,"$501 to $1,500",1,0,0,0,0,0,0,28,Failing To Reduce Speed To Avoid Crash,18,Unable To Determine,1,No Controls,1,No Controls,1,Clear,4,Darkness,7,Parking Lot,1,Dry,3,Free Flow,1,No Defects,O40,O9,41.8882637,-87.8024139,41.8883285,-87.8023758,1128814.88,1902317.88
31482,25 00047,2500047,X003681681,2025-01-04,12:36:00,2025-01-04 12:36:00,2025-01-06 08:18:25,7036 Roosevelt Rd,7036,ROOSEVELT RD,,0,0,0,0,Property Damage,No Injuries,Car,17,Rear To Rear,2,2,0,5,"Over $1,500",1,0,0,0,0,0,0,18,Unable To Determine,18,Unable To Determine,1,No Controls,1,No Controls,1,Clear,1,Daylight,1,Not Divided,1,Dry,3,Free Flow,1,No Defects,O90,O18,41.8650703,-87.8006592,41.8651390,-87.8002625,1129344.00,1893869.13
31475,25 00049,2500049,X003681682,2025-01-04,14:26:00,2025-01-04 14:26:00,2025-01-06 08:18:13,12 Madison St,12,MADISON ST,,0,0,0,0,Property Damage,No Injuries,Car,12,Sideswipe - Same Direction,2,2,0,5,"Over $1,500",1,0,0,0,0,0,0,02,Failing To Yield Right-Of-Way,15,Driving Skills/Knowledge/Experience,1,No Controls,1,No Controls,1,Clear,1,Daylight,3,Divided With Median Barrier,1,Dry,3,Free Flow,1,No Defects,O80,O13,41.8801041,-87.7752228,41.8802490,-87.7752609,1136237.63,1899391.88
31476,25 00050,2500050,X003681686,2025-01-04,15:54:00,2025-01-04 15:54:00,2025-01-06 08:18:15,6412 Roosevelt Rd,6412,ROOSEVELT RD,,0,0,0,0,Property Damage,No Injuries,Car,10,Turning (At Least One Vehicle),2,2,0,5,"Over $1,500",1,0,0,0,0,0,0,02,Failing To Yield Right-Of-Way,14,"Vision Obscured (Signs, Tree Limbs, Buildings",1,No Controls,1,No Controls,1,Clear,1,Daylight,7,Parking Lot,1,Dry,3,Free Flow,1,No Defects,O90,O17,41.8653526,-87.7845764,41.8654442,-87.7845993,1133724.88,1893999.38
31534,25 00065,2500065,X003691973,2025-01-05,16:14:00,2025-01-05 16:14:00,2025-01-14 08:07:06,N Maple Ave/Lake St,,N MAPLE AVE,LAKE ST,0,0,0,1,Property Damage,No Injuries,Car,12,Sideswipe - Same Direction,2,2,0,5,"Over $1,500",1,0,0,0,0,0,0,04,Improper Overtaking/Passing,28,Failing To Reduce Speed To Avoid Crash,2,Stop Sign,4,Functioning Properly,8,Cloudy/Overcast,1,Daylight,1,Not Divided,1,Dry,2,Stopped,1,No Defects,O40,O9,41.8885956,-87.8040848,41.8885994,-87.8040466,1128358.38,1902436.63
31494,25 00064,2500064,X003684188,2025-01-05,16:42:00,2025-01-05 16:42:00,2025-01-08 09:46:21,Chicago Ave/N Harlem Ave,,CHICAGO AVE,N HARLEM AVE,1,1,0,0,Property Damage,No Injuries,Car,11,Front To Rear,2,2,0,4,"$501 to $1,500",1,0,0,0,0,0,0,28,Failing To Reduce Speed To Avoid Crash,15,Driving Skills/Knowledge/Experience,3,Traffic Signal,4,Functioning Properly,1,Clear,5,"Darkness, Lighted Road",1,Not Divided,1,Dry,2,Stopped,1,No Defects,O40,O9,41.8942032,-87.8052445,41.8942337,-87.8052445,1128030.88,1904477.63
31478,25 00070,2500070,X003681792,2025-01-05,22:50:00,2025-01-05 22:50:00,2025-01-06 08:18:19,Garfield St/Wisconsin Ave,,GARFIELD ST,WISCONSIN AVE,1,1,0,0,Property Damage,No Injuries,Car,6,Fixed Object,3,2,0,4,"$501 to $1,500",1,0,0,0,0,0,0,06,Improper Turning/No Signal,11,Weather,2,Stop Sign,4,Functioning Properly,3,Snow,5,"Darkness, Lighted Road",15,T-Intersection,3,Snow or Slush,1,Slow,1,No Defects,O90,O18,41.8722954,-87.8020477,41.8723183,-87.8020477,1128951.63,1896500.00
31537,25 00072,2500072,X003693238,2025-01-06,06:26:00,2025-01-06 06:26:00,2025-01-15 08:17:26,1000 S Ridgeland Ave,1000,S RIDGELAND AVE,,0,0,0,0,Property Damage,No Injuries,Car,11,Front To Rear,2,2,0,5,"Over $1,500",1,0,0,0,0,0,0,28,Failing To Reduce Speed To Avoid Crash,18,Unable To Determine,3,Traffic Signal,4,Functioning Properly,2,Rain,5,"Darkness, Lighted Road",2,"Divided, No Median Barrier",2,Wet,3,Free Flow,1,No Defects,O90,O17,41.8707848,-87.7841873,41.8706741,-87.7839432,1133818.25,1895980.13
31490,25 00076,2500076,X003682861,2025-01-06,12:28:00,2025-01-06 12:28:00,2025-01-07 09:15:33,Augusta/Oak Park,,AUGUSTA,OAK PARK,1,1,0,0,Property Damage,No Injuries,Car,11,Front To Rear,2,2,0,5,"Over $1,500",1,0,0,0,0,0,0,28,Failing To Reduce Speed To Avoid Crash,18,Unable To Determine,3,Traffic Signal,4,Functioning Properly,3,Snow,1,Daylight,15,T-Intersection,3,Snow or Slush,1,Slow,1,No Defects,O20,O5,41.8980408,-87.7947693,41.8980675,-87.7947769,1130873.75,1905894.25
31489,25 00077,2500077,X003682862,2025-01-06,13:18:00,2025-01-06 13:18:00,2025-01-07 09:15:32,North Ave/Forest Ave,,NORTH AVE,FOREST AVE,1,1,0,0,Property Damage,No Injuries,Car,10,Turning (At Least One Vehicle),2,2,0,5,"Over $1,500",1,0,0,0,0,0,0,28,Failing To Reduce Speed To Avoid Crash,18,Unable To Determine,1,No Controls,1,No Controls,1,Clear,1,Daylight,12,Alley,3,Snow or Slush,1,Slow,1,No Defects,O20,O3,41.9089165,-87.8011856,41.9089394,-87.8011856,1129103.25,1909845.50
31491,25 00079,2500079,X003682863,2025-01-06,16:05:00,2025-01-06 16:05:00,2025-01-07 09:15:35,Madison St/S Maple Ave,,MADISON ST,S MAPLE AVE,1,1,0,0,Property Damage,No Injuries,Car,11,Front To Rear,2,2,0,3,$500 or less,1,0,0,0,0,0,0,28,Failing To Reduce Speed To Avoid Crash,18,Unable To Determine,1,No Controls,1,No Controls,3,Snow,5,"Darkness, Lighted Road",1,Not Divided,3,Snow or Slush,2,Stopped,1,No Defects,O60,O15,41.8795929,-87.8038635,41.8796196,-87.8038635,1128439.38,1899156.50
31495,25 00084,2500084,X003684187,2025-01-07,07:12:00,2025-01-07 07:12:00,2025-01-08 09:46:23,S Austin Blvd/Garfield St,,S AUSTIN BLVD,GARFIELD ST,1,1,0,1,Property Damage,No Injuries,Car,15,Angle,2,2,0,5,"Over $1,500",0,1,0,0,0,0,0,02,Failing To Yield Right-Of-Way,28,Failing To Reduce Speed To Avoid Crash,2,Stop Sign,4,Functioning Properly,1,Clear,1,Daylight,2,"Divided, No Median Barrier",2,Wet,3,Free Flow,1,No Defects,O90,O16,41.8704185,-87.7743530,41.8704224,-87.7743149,1136497.13,1895864.88
31536,25 00122,2500122,X003691974,2025-01-07,12:37:00,2025-01-07 12:37:00,2025-01-14 08:07:08,Roosevelt Rd/Kenilworth Ave,,ROOSEVELT RD,KENILWORTH AVE,1,1,0,0,Property Damage,No Injuries,Car,10,Turning (At Least One Vehicle),2,2,0,4,"$501 to $1,500",1,0,0,0,0,0,0,02,Failing To Yield Right-Of-Way,28,Failing To Reduce Speed To Avoid Crash,2,Stop Sign,4,Functioning Properly,1,Clear,5,"Darkness, Lighted Road",4,Two-Way Continuous Left-Turn Lane,1,Dry,2,Stopped,1,No Defects,O90,O18,41.8651428,-87.7963638,41.8651199,-87.7963715,1130514.50,1893903.50
31538,25 00107,2500107,X003693239,2025-01-07,16:43:00,2025-01-07 16:43:00,2025-01-15 08:27:23,Ontario/Scoville,,ONTARIO,SCOVILLE,0,0,0,0,Property Damage,No Injuries,Car,12,Sideswipe - Same Direction,2,2,0,4,"$501 to $1,500",1,0,0,0,0,0,0,15,Driving Skills/Knowledge/Experience,18,Unable To Determine,1,No Controls,1,No Controls,1,Clear,1,Daylight,1,Not Divided,9,Unknown,3,Free Flow,1,No Defects,O30,O8,41.8902779,-87.7880096,41.8903122,-87.7880173,1132732.63,1903076.63
31529,25 00086,2500086,X003690593,2025-01-07,17:30:00,2025-01-07 17:30:00,2025-01-13 09:31:01,North Ave/Grove,,NORTH AVE,GROVE,0,0,0,0,Property Damage,No Injuries,Car,11,Front To Rear,3,3,0,5,"Over $1,500",1,0,0,0,0,0,0,28,Failing To Reduce Speed To Avoid Crash,18,Unable To Determine,1,No Controls,1,No Controls,1,Clear,1,Daylight,1,Not Divided,3,Snow or Slush,3,Free Flow,1,No Defects,O20,O3,41.9089737,-87.7965546,41.9090042,-87.7965546,1130363.63,1909874.38
31553,25 00130,2500130,X003694519,2025-01-08,01:26:00,2025-01-08 01:26:00,2025-01-16 09:01:21,Ridgeland Ave/Lake St,,RIDGELAND AVE,LAKE ST,1,1,0,0,Property Damage,No Injuries,Car,12,Sideswipe - Same Direction,2,2,0,4,"$501 to $1,500",1,0,0,0,0,0,0,30,Improper Backing,18,Unable To Determine,3,Traffic Signal,4,Functioning Properly,1,Clear,1,Daylight,2,"Divided, No Median Barrier",1,Dry,3,Free Flow,1,No Defects,O30,O8,41.8883209,-87.7847366,41.8883209,-87.7846985,1133628.00,1902369.13
31496,25 00105,2500105,X003685261,2025-01-08,13:50:00,2025-01-08 13:50:00,2025-01-08 15:26:46,Randolph St/S Oak Park Ave,,RANDOLPH ST,S OAK PARK AVE,0,0,0,0,Property Damage,No Injuries,Car,10,Turning (At Least One Vehicle),2,2,0,5,"Over $1,500",1,0,0,0,0,0,0,02,Failing To Yield Right-Of-Way,28,Failing To Reduce Speed To Avoid Crash,2,Stop Sign,4,Functioning Properly,8,Cloudy/Overcast,1,Daylight,1,Not Divided,1,Dry,1,Slow,1,No Defects,O60,O11,41.8832703,-87.7943573,41.8834534,-87.7943649,1131020.00,1900511.75
31497,25 00109,2500109,X003686690,2025-01-08,16:43:00,2025-01-08 16:43:00,2025-01-09 12:09:28,N Oak Park Ave/Iowa St,,N OAK PARK AVE,IOWA ST,0,0,0,0,Property Damage,No Injuries,Car,11,Front To Rear,2,2,0,5,"Over $1,500",1,0,0,0,0,0,0,18,Unable To Determine,18,Unable To Determine,3,Traffic Signal,4,Functioning Properly,1,Clear,3,Dusk,1,Not Divided,1,Dry,2,Stopped,1,No Defects,O20,O6,41.8962326,-87.7947617,41.8962402,-87.7947235,1130880.25,1905235.50
31499,25 00111,2500111,X003686693,2025-01-08,18:39:00,2025-01-08 18:39:00,2025-01-09 12:09:30,6147 North Ave,6147,NORTH AVE,,0,0,0,0,Property Damage,No Injuries,Car,9,Parked Motor Vehicle,2,2,0,5,"Over $1,500",0,1,0,0,0,0,0,28,Failing To Reduce Speed To Avoid Crash,99,Not Applicable,1,No Controls,1,No Controls,1,Clear,4,Darkness,2,"Divided, No Median Barrier",9,Unknown,3,Free Flow,1,No Defects,O10,O1,41.9091721,-87.7803802,41.9090576,-87.7804794,1134766.38,1909975.00
31502,25 00117,2500117,X003686698,2025-01-09,09:42:00,2025-01-09 09:42:00,2025-01-10 08:50:59,Harlem/Lake,,HARLEM,LAKE,0,0,0,0,Property Damage,No Injuries,Car,12,Sideswipe - Same Direction,2,2,0,5,"Over $1,500",1,0,0,0,0,0,0,18,Unable To Determine,99,Not Applicable,1,No Controls,1,No Controls,1,Clear,1,Daylight,1,Not Divided,1,Dry,1,Slow,1,No Defects,R83,RFPD,41.8885765,-87.8050919,41.8885841,-87.8050537,1128084.88,1902427.75
31503,25 00118,2500118,X003686699,2025-01-09,09:50:00,2025-01-09 09:50:00,2025-01-10 08:51:01,North Ave/N Ridgeland Ave,,NORTH AVE,N RIDGELAND AVE,1,1,0,0,Property Damage,No Injuries,Car,10,Turning (At Least One Vehicle),2,2,0,5,"Over $1,500",0,1,0,0,0,0,0,06,Improper Turning/No Signal,28,Failing To Reduce Speed To Avoid Crash,3,Traffic Signal,4,Functioning Properly,1,Clear,1,Daylight,2,"Divided, No Median Barrier",1,Dry,1,Slow,1,No Defects,O10,O1,41.9091339,-87.7833710,41.9091644,-87.7833710,1133952.25,1909956.38
31504,25 00116,2500116,X003686701,2025-01-09,09:57:00,2025-01-09 09:57:00,2025-01-10 08:51:03,59 Chicago Ave,59,CHICAGO AVE,,0,0,0,0,Property Damage,No Injuries,Car,9,Parked Motor Vehicle,2,2,0,4,"$501 to $1,500",1,0,0,0,0,0,0,04,Improper Overtaking/Passing,28,Failing To Reduce Speed To Avoid Crash,1,No Controls,1,No Controls,1,Clear,1,Daylight,2,"Divided, No Median Barrier",1,Dry,3,Free Flow,1,No Defects,O30,O7,41.8946495,-87.7779846,41.8945046,-87.7781067,1135452.13,1904686.00
31500,25 00125,2500125,X003686694,2025-01-09,14:35:00,2025-01-09 14:35:00,2025-01-10 08:42:40,Randolph St/Wisconsin Ave,,RANDOLPH ST,WISCONSIN AVE,1,1,0,0,Property Damage,No Injuries,Car,11,Front To Rear,2,2,0,5,"Over $1,500",1,0,0,0,0,0,0,28,Failing To Reduce Speed To Avoid Crash,99,Not Applicable,2,Stop Sign,4,Functioning Properly,1,Clear,1,Daylight,14,Four-Way Intersection,1,Dry,1,Slow,1,No Defects,O70,O12,41.8832359,-87.8024368,41.8832626,-87.8024368,1128820.13,1900485.88
31501,25 00128,2500128,X003686696,2025-01-09,16:27:00,2025-01-09 16:27:00,2025-01-10 08:50:57,North Ave/N Austin Ave,,NORTH AVE,N AUSTIN AVE,0,0,0,0,Property Damage,No Injuries,Car,11,Front To Rear,2,2,0,4,"$501 to $1,500",1,0,0,0,0,0,0,20,Improper Lane Usage,28,Failing To Reduce Speed To Avoid Crash,3,Traffic Signal,4,Functioning Properly,1,Clear,2,Dawn,3,Divided With Median Barrier,1,Dry,2,Stopped,1,No Defects,O10,O1,41.9092293,-87.7755966,41.9092560,-87.7755890,1136068.00,1910004.63
31505,25 00140,2500140,X003686702,2025-01-10,10:31:00,2025-01-10 10:31:00,2025-01-10 13:24:23,Oak Park Ave/Lexington St,,OAK PARK AVE,LEXINGTON ST,1,1,0,0,Property Damage,No Injuries,Car,15,Angle,2,2,0,5,"Over $1,500",1,0,0,0,0,0,0,28,Failing To Reduce Speed To Avoid Crash,23,Disregarding Stop Sign,2,Stop Sign,4,Functioning Properly,3,Snow,1,Daylight,14,Four-Way Intersection,3,Snow or Slush,3,Free Flow,1,No Defects,O90,O17,41.8706436,-87.7939072,41.8706360,-87.7939453,1131171.25,1895911.75
31530,25 00142,2500142,X003690594,2025-01-10,11:25:00,2025-01-10 11:25:00,2025-01-13 09:31:02,Lake St/N Oak Park Ave,,LAKE ST,N OAK PARK AVE,0,0,0,1,Property Damage,No Injuries,Car,9,Parked Motor Vehicle,3,3,0,4,"$501 to $1,500",1,0,0,0,0,0,0,50,"Oper. Veh. In Erratic,Reckless,Careless Manne",20,Improper Lane Usage,1,No Controls,1,No Controls,3,Snow,1,Daylight,2,"Divided, No Median Barrier",3,Snow or Slush,2,Stopped,1,No Defects,O40,O9,41.8886185,-87.7945175,41.8886452,-87.7945251,1130963.00,1902460.13
31551,25 00241,2500241,X003693544,2025-01-10,15:00:00,2025-01-10 15:00:00,2025-01-16 09:01:20,Augusta St/N Grove Ave,,AUGUSTA ST,N GROVE AVE,1,1,0,0,Property Damage,No Injuries,Car,15,Angle,2,2,0,5,"Over $1,500",1,0,0,0,0,0,0,02,Failing To Yield Right-Of-Way,18,Unable To Determine,2,Stop Sign,9,Unknown,9,Unknown,1,Daylight,2,"Divided, No Median Barrier",9,Unknown,3,Free Flow,99,Unknown,O20,O6,41.8980141,-87.7962646,41.8980408,-87.7962723,1130466.75,1905881.38
31513,25 00147,2500147,X003690582,2025-01-10,15:21:00,2025-01-10 15:21:00,2025-01-13 08:50:59,Randolph St/Euclid Ave,,RANDOLPH ST,EUCLID AVE,0,0,0,0,Property Damage,No Injuries,Car,11,Front To Rear,2,2,0,5,"Over $1,500",1,0,0,0,0,0,0,28,Failing To Reduce Speed To Avoid Crash,11,Weather,2,Stop Sign,4,Functioning Properly,3,Snow,1,Daylight,1,Not Divided,3,Snow or Slush,1,Slow,99,Unknown,O60,O11,41.8832817,-87.7927170,41.8833084,-87.7927170,1131466.38,1900519.25
31531,25 00151,2500151,X003690596,2025-01-10,18:07:00,2025-01-10 18:07:00,2025-01-13 09:31:03,6807 North Ave,6807,NORTH AVE,,0,0,0,0,Property Damage,No Injuries,Car,11,Front To Rear,2,2,0,4,"$501 to $1,500",0,1,0,0,0,0,0,28,Failing To Reduce Speed To Avoid Crash,11,Weather,1,No Controls,1,No Controls,3,Snow,5,"Darkness, Lighted Road",1,Not Divided,3,Snow or Slush,2,Stopped,1,No Defects,O20,O3,41.9089851,-87.7954102,41.9088783,-87.7955551,1130675.13,1909881.50
31532,25 00153,2500153,X003690598,2025-01-10,19:08:00,2025-01-10 19:08:00,2025-01-13 09:31:04,110 N Oak Park Ave,110,N OAK PARK AVE,,0,0,0,0,Property Damage,No Injuries,Car,11,Front To Rear,2,2,0,3,$500 or less,1,0,0,0,0,0,0,28,Failing To Reduce Speed To Avoid Crash,99,Not Applicable,17,Pedestrian Crossing Sign,4,Functioning Properly,3,Snow,5,"Darkness, Lighted Road",1,Not Divided,3,Snow or Slush,2,Stopped,1,No Defects,O30,O8,41.8877296,-87.7944565,41.8877716,-87.7943573,1130982.13,1902136.50
31518,25 00154,2500154,X003691162,2025-01-10,21:10:00,2025-01-10 21:10:00,2025-01-13 09:05:43,North Ave/N Ridgeland Ave,,NORTH AVE,N RIDGELAND AVE,1,1,0,0,Property Damage,No Injuries,Car,18,Rear To Front,2,2,0,5,"Over $1,500",1,0,0,0,0,0,0,30,Improper Backing,99,Not Applicable,1,No Controls,1,No Controls,3,Snow,5,"Darkness, Lighted Road",1,Not Divided,3,Snow or Slush,3,Free Flow,1,No Defects,O10,O1,41.9091339,-87.7833710,41.9091644,-87.7833710,1133952.25,1909956.38
31524,25 00156,2500156,X003690592,2025-01-11,01:08:00,2025-01-11 01:08:00,2025-01-13 09:22:24,I290 Expy W/S Harlem Ave,,I290 EXPY W,S HARLEM AVE,0,0,0,0,Property Damage,No Injuries,Car,10,Turning (At Least One Vehicle),2,2,0,5,"Over $1,500",0,1,0,0,0,0,0,06,Improper Turning/No Signal,28,Failing To Reduce Speed To Avoid Crash,1,No Controls,1,No Controls,1,Clear,5,"Darkness, Lighted Road",3,Divided With Median Barrier,3,Snow or Slush,3,Free Flow,1,No Defects,O60,O15,41.8738327,-87.8045197,41.8738136,-87.8045197,1128274.75,1897056.88
31506,25 00157,2500157,X003691271,2025-01-11,01:30:00,2025-01-11 01:30:00,2025-01-11 05:32:00,126 N Elmwood Ave,126,N ELMWOOD AVE,,0,0,0,0,Property Damage,No Injuries,Car,6,Fixed Object,2,1,0,4,"$501 to $1,500",0,1,0,0,0,0,0,08,Under The Influence Of Alc/Drugs-Use For Dui,99,Not Applicable,1,No Controls,1,No Controls,3,Snow,5,"Darkness, Lighted Road",1,Not Divided,3,Snow or Slush,3,Free Flow,1,No Defects,O30,O8,41.8903351,-87.7863464,41.8885841,-87.7861710,1133184.00,1903100.50