record_id,report_number,crash_id,idot_crash_number,date,time,occurred_at,record_added_at,location,street_number,street_name,cross_street,at_intersection,intersection_related,private_property,hit_and_run,crash_severity,crash_injury_severity,crash_mode,crash_type_code,crash_type,total_units,num_motor_vehicles,dooring_pedalcyclist,damage_code,damage,no_injury_drive_away,injury_or_towed,fatalities,a_injuries,b_injuries,c_injuries,total_injured,cause1_code,cause1,cause2_code,cause2,traffic_control_code,traffic_control,device_condition_code,device_condition,weather_code,weather,lighting_code,lighting,trafficway_code,trafficway,road_surface_code,road_surface,flow_condition_code,flow_condition,road_defects_code,road_defects,beat_zone,post_district,latitude,longitude,latitude_geocoded,longitude_geocoded,state_plane_x,state_plane_y
31662,25 00526,2500526,X003712772,2025-01-31,15:46:00,2025-01-31 15:46:00,2025-02-03 11:34:38,Jackson Blvd/S East Ave,,JACKSON BLVD,S EAST AVE,1,1,0,0,Property Damage,No Injuries,Car,15,Angle,2,2,0,5,"Over $1,500",0,1,0,0,0,0,0,02,Failing To Yield Right-Of-Way,28,Failing To Reduce Speed To Avoid Crash,2,Stop Sign,4,Functioning Properly,8,Cloudy/Overcast,1,Daylight,4,Two-Way Continuous Left-Turn Lane,2,Wet,3,Free Flow,1,No Defects,O60,O14,41.8761711,-87.7892380,41.8761978,-87.7892380,1132431.75,1897934.00
31651,25 00527,2500527,X003710953,2025-01-31,15:52:00,2025-01-31 15:52:00,2025-02-01 07:16:38,214 Chicago Ave,214,CHICAGO AVE,,0,1,0,0,Injury,B Injury Crash,Car,10,Turning (At Least One Vehicle),2,2,0,5,"Over $1,500",0,1,0,0,1,0,1,02,Failing To Yield Right-Of-Way,18,Unable To Determine,1,No Controls,1,No Controls,1,Clear,1,Daylight,1,Not Divided,2,Wet,3,Free Flow,1,No Defects,O10,O4,41.8946571,-87.7808914,41.8947372,-87.7807999,1134660.75,1904684.75
31664,25 00529,2500529,X003712775,2025-01-31,16:15:00,2025-01-31 16:15:00,2025-02-03 11:34:40,1200 Linden Ave,,1200 LINDEN AVE,NORTH AVE,0,0,0,1,Property Damage,No Injuries,Car,15,Angle,2,2,0,5,"Over $1,500",1,0,0,0,0,0,0,02,Failing To Yield Right-Of-Way,99,Not Applicable,1,No Controls,1,No Controls,9,Unknown,1,Daylight,1,Not Divided,2,Wet,3,Free Flow,1,No Defects,O20,O2,41.9090462,-87.7926712,41.9073486,-87.7921829,1131419.88,1909907.50
31663,25 00533,2500533,X003712773,2025-01-31,19:56:00,2025-01-31 19:56:00,2025-02-03 11:34:39,S Maple Ave/Monroe,,S MAPLE AVE,MONROE,0,0,0,0,Property Damage,No Injuries,Car,9,Parked Motor Vehicle,2,2,0,5,"Over $1,500",1,0,0,0,0,0,0,15,Driving Skills/Knowledge/Experience,18,Unable To Determine,2,Stop Sign,4,Functioning Properly,1,Clear,1,Daylight,2,"Divided, No Median Barrier",1,Dry,3,Free Flow,1,No Defects,O60,O15,41.8781815,-87.8037796,41.8781776,-87.8038177,1128465.25,1898641.75
31660,25 00535,2500535,X003712769,2025-01-31,21:02:00,2025-01-31 21:02:00,2025-02-03 11:34:36,S Harlem Av/I-290,,S HARLEM AV,I-290,0,0,0,0,Property Damage,No Injuries,Car,11,Front To Rear,2,2,0,5,"Over $1,500",1,0,0,0,0,0,0,28,Failing To Reduce Speed To Avoid Crash,03,Following Too Closely,1,No Controls,1,No Controls,1,Clear,5,"Darkness, Lighted Road",2,"Divided, No Median Barrier",2,Wet,2,Stopped,1,No Defects,O60,O15,41.8737946,-87.8044968,41.8736153,-87.8045197,1128281.50,1897042.00
31665,25 00537,2500537,,2025-02-01,04:15:00,2025-02-01 04:15:00,2025-02-03 11:34:41,S Harlem Ave/I290,,S HARLEM AVE,I290,1,1,0,1,Property Damage,No Injuries,Car,11,Front To Rear,2,2,0,4,"$501 to $1,500",1,0,0,0,0,0,0,28,Failing To Reduce Speed To Avoid Crash,03,Following Too Closely,3,Traffic Signal,4,Functioning Properly,1,Clear,5,"Darkness, Lighted Road",14,Four-Way Intersection,1,Dry,3,Free Flow,1,No Defects,O60,O15,41.8737946,-87.8044968,41.8736153,-87.8045197,1128281.50,1897042.00
31670,25 00556,2500556,X004123506,2025-02-01,07:48:00,2025-02-01 07:48:00,2025-02-03 11:34:47,Madison St/S Austin Blvd,,MADISON ST,S AUSTIN BLVD,1,1,0,1,Property Damage,No Injuries,Car,12,Sideswipe - Same Direction,2,2,0,4,"$501 to $1,500",1,0,0,0,0,0,0,06,Improper Turning/No Signal,15,Driving Skills/Knowledge/Experience,3,Traffic Signal,4,Functioning Properly,1,Clear,1,Daylight,4,Two-Way Continuous Left-Turn Lane,1,Dry,1,Slow,1,No Defects,O80,O13,41.8800621,-87.7746582,41.8800888,-87.7746582,1136391.38,1899377.50
31671,25 00548,2500548,X003715719,2025-02-01,19:30:00,2025-02-01 19:30:00,2025-02-03 11:34:48,Garfield St/S Ridgeland Ave,,GARFIELD ST,S RIDGELAND AVE,1,1,0,0,Property Damage,No Injuries,Car,10,Turning (At Least One Vehicle),2,2,0,5,"Over $1,500",0,1,0,0,0,0,0,28,Failing To Reduce Speed To Avoid Crash,02,Failing To Yield Right-Of-Way,3,Traffic Signal,4,Functioning Properly,1,Clear,5,"Darkness, Lighted Road",14,Four-Way Intersection,1,Dry,3,Free Flow,1,No Defects,O90,O17,41.8710022,-87.7841797,41.8710251,-87.7841568,1133820.88,1896059.13
31667,25 00551,2500551,X003712777,2025-02-01,20:20:00,2025-02-01 20:20:00,2025-02-03 11:34:43,S Ridgeland Ave/Jackson Blvd,,S RIDGELAND AVE,JACKSON BLVD,0,0,0,0,Property Damage,No Injuries,Car,11,Front To Rear,2,2,0,5,"Over $1,500",1,0,0,0,0,0,0,03,Following Too Closely,15,Driving Skills/Knowledge/Experience,3,Traffic Signal,4,Functioning Properly,1,Clear,5,"Darkness, Lighted Road",4,Two-Way Continuous Left-Turn Lane,1,Dry,3,Free Flow,1,No Defects,O80,O13,41.8762855,-87.7843094,41.8762817,-87.7843475,1133773.38,1897984.50
31668,25 00554,2500554,X003712778,2025-02-02,04:56:00,2025-02-02 04:56:00,2025-02-03 11:34:45,S Harlem Ave/I290 E,,S HARLEM AVE,I290 E,1,1,0,0,Property Damage,No Injuries,Car,10,Turning (At Least One Vehicle),2,2,0,4,"$501 to $1,500",1,0,0,0,0,0,0,06,Improper Turning/No Signal,99,Not Applicable,3,Traffic Signal,4,Functioning Properly,1,Clear,5,"Darkness, Lighted Road",14,Four-Way Intersection,2,Wet,1,Slow,1,No Defects,O90,O18,41.8734703,-87.8044891,41.8736153,-87.8045197,1128282.00,1896923.25
31669,25 00555,2500555,X003712779,2025-02-02,06:55:00,2025-02-02 06:55:00,2025-02-03 11:34:46,Madison St/S Austin Blvd,,MADISON ST,S AUSTIN BLVD,1,1,0,1,Property Damage,No Injuries,Car,15,Angle,2,2,0,5,"Over $1,500",0,1,0,0,0,0,0,25,Disregarding Traffic Signals,02,Failing To Yield Right-Of-Way,3,Traffic Signal,4,Functioning Properly,1,Clear,5,"Darkness, Lighted Road",4,Two-Way Continuous Left-Turn Lane,1,Dry,3,Free Flow,1,No Defects,O80,O13,41.8800621,-87.7746582,41.8800888,-87.7746582,1136391.38,1899377.50
31672,25 00562,2500562,X003721547,2025-02-02,17:27:00,2025-02-02 17:27:00,2025-02-03 11:26:44,Roosevelt Rd/Oak Park Ave,,ROOSEVELT RD,OAK PARK AVE,0,1,0,1,Property Damage,No Injuries,Car,11,Front To Rear,2,2,0,4,"$501 to $1,500",1,0,0,0,0,0,0,28,Failing To Reduce Speed To Avoid Crash,25,Disregarding Traffic Signals,3,Traffic Signal,4,Functioning Properly,1,Clear,3,Dusk,1,Not Divided,9,Unknown,2,Stopped,1,No Defects,O90,O18,41.8651619,-87.7937927,41.8651657,-87.7937546,1131216.00,1893914.50
31685,25 00569,2500569,X003717201,2025-02-03,06:06:00,2025-02-03 06:06:00,2025-02-07 08:35:12,N Harlem Ave/Pleasant St,,N HARLEM AVE,PLEASANT ST,1,1,0,0,Property Damage,No Injuries,Car,12,Sideswipe - Same Direction,2,2,0,4,"$501 to $1,500",1,0,0,0,0,0,0,20,Improper Lane Usage,99,Not Applicable,1,No Controls,1,No Controls,1,Clear,1,Daylight,1,Not Divided,1,Dry,1,Slow,1,No Defects,O70,O12,41.8853912,-87.8049774,41.8854065,-87.8049393,1128124.38,1901267.88
31673,25 00574,2500574,X003713804,2025-02-03,13:15:00,2025-02-03 13:15:00,2025-02-04 09:03:14,1104 S Austin Blvd,1104,S AUSTIN BLVD,,0,0,0,0,Property Damage,No Injuries,Car,11,Front To Rear,3,3,0,5,"Over $1,500",1,0,0,0,0,0,0,03,Following Too Closely,28,Failing To Reduce Speed To Avoid Crash,3,Traffic Signal,4,Functioning Properly,2,Rain,1,Daylight,2,"Divided, No Median Barrier",2,Wet,2,Stopped,1,No Defects,O90,O16,41.8666420,-87.7742157,41.8665886,-87.7743301,1136544.00,1894488.75
31674,25 00576,2500576,X003713805,2025-02-03,16:34:00,2025-02-03 16:34:00,2025-02-04 09:03:15,N Austin Blvd/Madison St,,N AUSTIN BLVD,MADISON ST,0,0,0,0,Injury,C Injury Crash,Car,15,Angle,2,2,0,3,$500 or less,0,1,0,0,0,1,1,02,Failing To Yield Right-Of-Way,28,Failing To Reduce Speed To Avoid Crash,3,Traffic Signal,4,Functioning Properly,8,Cloudy/Overcast,5,"Darkness, Lighted Road",2,"Divided, No Median Barrier",2,Wet,1,Slow,99,Unknown,O80,O13,41.8800621,-87.7746582,41.8800888,-87.7746582,1136392.88,1899377.50
31676,25 00582,2500582,X003714789,2025-02-04,08:21:00,2025-02-04 08:21:00,2025-02-05 11:05:28,Harvard St/S Oak Park Ave,,HARVARD ST,S OAK PARK AVE,1,1,0,0,Property Damage,No Injuries,Car,11,Front To Rear,2,2,0,5,"Over $1,500",1,0,0,0,0,0,0,03,Following Too Closely,28,Failing To Reduce Speed To Avoid Crash,3,Traffic Signal,4,Functioning Properly,1,Clear,1,Daylight,2,"Divided, No Median Barrier",1,Dry,1,Slow,1,No Defects,O90,O17,41.8687859,-87.7938767,41.8688087,-87.7938767,1131184.63,1895234.13
31681,25 00635,2500635,X003717218,2025-02-04,15:29:00,2025-02-04 15:29:00,2025-02-07 08:35:08,N Oak Park Ave/Augusta St,,N OAK PARK AVE,AUGUSTA ST,0,0,0,0,Property Damage,No Injuries,Car,11,Front To Rear,2,2,0,4,"$501 to $1,500",1,0,0,0,0,0,0,03,Following Too Closely,28,Failing To Reduce Speed To Avoid Crash,3,Traffic Signal,4,Functioning Properly,1,Clear,1,Daylight,1,Not Divided,1,Dry,2,Stopped,1,No Defects,O20,O6,41.8980675,-87.7948151,41.8980675,-87.7947769,1130862.75,1905903.00
31677,25 00591,2500591,X003714790,2025-02-04,16:01:00,2025-02-04 16:01:00,2025-02-05 11:20:36,Lombard Ave/Washington Blvd,,LOMBARD AVE,WASHINGTON BLVD,0,0,0,0,Property Damage,No Injuries,Car,9,Parked Motor Vehicle,2,2,0,5,"Over $1,500",1,0,0,0,0,0,0,02,Failing To Yield Right-Of-Way,28,Failing To Reduce Speed To Avoid Crash,1,No Controls,1,No Controls,8,Cloudy/Overcast,1,Daylight,1,Not Divided,9,Unknown,1,Slow,99,Unknown,O50,O10,41.8819313,-87.7795868,41.8819237,-87.7796173,1135046.75,1900049.63
31686,25 00605,2500605,X003717203,2025-02-05,13:29:00,2025-02-05 13:29:00,2025-02-07 08:27:22,1211 Edmer Ave,1211,EDMER AVE,,0,1,0,0,Property Damage,No Injuries,Car,9,Parked Motor Vehicle,2,2,0,5,"Over $1,500",1,0,0,0,0,0,0,30,Improper Backing,99,Not Applicable,1,No Controls,1,No Controls,1,Clear,1,Daylight,1,Not Divided,1,Dry,1,Slow,1,No Defects,O20,O2,41.9077225,-87.7847443,41.9077873,-87.7849731,1133581.75,1909439.25
31687,25 00609,2500609,X003717210,2025-02-05,14:37:00,2025-02-05 14:37:00,2025-02-07 08:35:13,308 Lake St,308,LAKE ST,,0,0,0,0,Property Damage,No Injuries,Car,10,Turning (At Least One Vehicle),2,2,0,3,$500 or less,1,0,0,0,0,0,0,02,Failing To Yield Right-Of-Way,28,Failing To Reduce Speed To Avoid Crash,1,No Controls,1,No Controls,1,Clear,1,Daylight,2,"Divided, No Median Barrier",1,Dry,3,Free Flow,1,No Defects,O30,O7,41.8883057,-87.7831955,41.8883400,-87.7832565,1134048.75,1902366.50
31679,25 00618,2500618,X003714792,2025-02-05,21:17:00,2025-02-05 21:17:00,2025-02-06 00:47:34,S Ridgeland Ave/Jackson Blvd,,S RIDGELAND AVE,JACKSON BLVD,0,0,0,0,Property Damage,No Injuries,Car,7,Other Object,2,1,0,5,"Over $1,500",0,1,0,0,0,0,0,99,Not Applicable,15,Driving Skills/Knowledge/Experience,1,No Controls,1,No Controls,1,Clear,5,"Darkness, Lighted Road",2,"Divided, No Median Barrier",1,Dry,3,Free Flow,1,No Defects,O80,O13,41.8762855,-87.7843094,41.8762817,-87.7843475,1133773.38,1897984.50
31680,25 00627,2500627,X003715609,2025-02-06,09:01:00,2025-02-06 09:01:00,2025-02-06 10:09:28,Belleforte Ave/Augusta St,,BELLEFORTE AVE,AUGUSTA ST,0,0,0,0,Property Damage,No Injuries,Car,9,Parked Motor Vehicle,2,2,0,5,"Over $1,500",1,0,0,0,0,0,0,28,Failing To Reduce Speed To Avoid Crash,11,Weather,1,No Controls,1,No Controls,1,Clear,4,Darkness,1,Not Divided,4,Ice,3,Free Flow,1,No Defects,O20,O6,41.8979302,-87.8020935,41.8979263,-87.8023453,1128881.25,1905840.00
31688,25 00630,2500630,X003717214,2025-02-06,11:29:00,2025-02-06 11:29:00,2025-02-07 08:35:14,North Ave/N Ridgeland Ave,,NORTH AVE,N RIDGELAND AVE,1,1,0,0,Property Damage,No Injuries,Car,10,Turning (At Least One Vehicle),2,2,0,3,$500 or less,1,0,0,0,0,0,0,18,Unable To Determine,18,Unable To Determine,3,Traffic Signal,4,Functioning Properly,10,Freezing Rain/Drizzle,1,Daylight,2,"Divided, No Median Barrier",2,Wet,1,Slow,10,Other,O10,O1,41.9091339,-87.7833710,41.9091644,-87.7833710,1133952.25,1909956.38
31682,25 00632,2500632,X003717216,2025-02-06,13:30:00,2025-02-06 13:30:00,2025-02-07 08:35:09,N Ridgeland Ave/Augusta St,,N RIDGELAND AVE,AUGUSTA ST,0,0,0,1,Property Damage,No Injuries,Car,11,Front To Rear,2,2,0,4,"$501 to $1,500",1,0,0,0,0,0,0,03,Following Too Closely,28,Failing To Reduce Speed To Avoid Crash,3,Traffic Signal,4,Functioning Properly,1,Clear,1,Daylight,14,Four-Way Intersection,1,Dry,3,Free Flow,1,No Defects,O20,O5,41.8982162,-87.7850418,41.8982239,-87.7850037,1133522.63,1905974.50
31683,25 00634,2500634,X003717217,2025-02-06,14:51:00,2025-02-06 14:51:00,2025-02-07 08:35:10,229 S Oak Park Ave,229,S OAK PARK AVE,,0,0,0,0,Property Damage,No Injuries,Car,9,Parked Motor Vehicle,2,2,0,5,"Over $1,500",0,1,0,0,0,0,0,41,Distraction - From Inside Vehicle,28,Failing To Reduce Speed To Avoid Crash,1,No Controls,1,No Controls,1,Clear,1,Daylight,2,"Divided, No Median Barrier",1,Dry,3,Free Flow,1,No Defects,O60,O11,41.8840599,-87.7943497,41.8841476,-87.7945862,1131020.38,1900800.38
31708,25 00615,2500615,X003721414,2025-02-06,17:17:00,2025-02-06 17:17:00,2025-02-11 09:35:48,Greenfield Ave/Woodbine Av,,GREENFIELD AVE,WOODBINE AV,1,1,0,0,Property Damage,No Injuries,Car,15,Angle,2,2,0,5,"Over $1,500",1,0,0,0,0,0,0,23,Disregarding Stop Sign,28,Failing To Reduce Speed To Avoid Crash,2,Stop Sign,4,Functioning Properly,8,Cloudy/Overcast,3,Dusk,1,Not Divided,1,Dry,2,Stopped,1,No Defects,O20,O3,41.9052658,-87.7994843,41.9052963,-87.7994919,1129573.13,1908518.25
31701,25 00651,2500651,X003719735,2025-02-07,15:33:00,2025-02-07 15:33:00,2025-02-10 11:38:56,605 Washington Blvd,605,WASHINGTON BLVD,,0,0,0,0,Property Damage,No Injuries,Car,9,Parked Motor Vehicle,2,2,0,4,"$501 to $1,500",1,0,0,0,0,0,0,28,Failing To Reduce Speed To Avoid Crash,18,Unable To Determine,1,No Controls,1,No Controls,1,Clear,1,Daylight,1,Not Divided,1,Dry,3,Free Flow,1,No Defects,O60,O11,41.8816032,-87.7897263,41.8815193,-87.7898407,1132285.00,1899912.50
31697,25 00652,2500652,X003719736,2025-02-07,18:44:00,2025-02-07 18:44:00,2025-02-10 11:19:03,100 Forest Pl,100,FOREST PL,,0,0,0,1,Property Damage,No Injuries,Car,6,Fixed Object,2,2,0,4,"$501 to $1,500",1,0,0,0,0,0,0,18,Unable To Determine,99,Not Applicable,1,No Controls,1,No Controls,1,Clear,9,Unknown,1,Not Divided,1,Dry,1,Slow,1,No Defects,O40,O9,41.8884010,-87.7998733,41.8883324,-87.7999649,1129507.50,1902372.38
31699,25 00660,2500660,X003719737,2025-02-08,10:01:00,2025-02-08 10:01:00,2025-02-10 11:38:52,913 Ontario,913,ONTARIO,,0,0,0,1,Property Damage,No Injuries,Car,9,Parked Motor Vehicle,2,2,0,4,"$501 to $1,500",1,0,0,0,0,0,0,30,Improper Backing,28,Failing To Reduce Speed To Avoid Crash,1,No Controls,1,No Controls,1,Clear,1,Daylight,1,Not Divided,1,Dry,2,Stopped,1,No Defects,O40,O9,41.8901443,-87.7981644,41.8900490,-87.7983322,1129967.88,1903010.63
31696,25 00663,2500663,X003719739,2025-02-08,11:20:00,2025-02-08 11:20:00,2025-02-10 11:19:01,S Harlem Ave/Roosevelt Rd,,S HARLEM AVE,ROOSEVELT RD,1,1,0,0,Injury,B Injury Crash,Car,15,Angle,2,2,0,5,"Over $1,500",0,1,0,0,1,0,1,25,Disregarding Traffic Signals,28,Failing To Reduce Speed To Avoid Crash,3,Traffic Signal,4,Functioning Properly,8,Cloudy/Overcast,1,Daylight,14,Four-Way Intersection,1,Dry,3,Free Flow,1,No Defects,,,41.8649864,-87.8041687,41.8649864,-87.8042068,1128389.25,1893832.00
31704,25 00667,2500667,X003719740,2025-02-08,16:56:00,2025-02-08 16:56:00,2025-02-10 11:39:03,Jackson Blvd/S Austin Blvd,,JACKSON BLVD,S AUSTIN BLVD,1,1,0,0,Property Damage,No Injuries,Car,10,Turning (At Least One Vehicle),2,2,0,5,"Over $1,500",0,1,0,0,0,0,0,02,Failing To Yield Right-Of-Way,18,Unable To Determine,3,Traffic Signal,4,Functioning Properly,3,Snow,5,"Darkness, Lighted Road",14,Four-Way Intersection,2,Wet,3,Free Flow,1,No Defects,O80,O13,41.8763962,-87.7745361,41.8764229,-87.7745361,1136434.00,1898041.00
31690,25 00671,2500671,X003718429,2025-02-08,22:37:00,2025-02-08 22:37:00,2025-02-09 00:48:09,1135 Westgate St,1135,WESTGATE ST,,0,0,0,1,Property Damage,No Injuries,Car,6,Fixed Object,2,2,0,4,"$501 to $1,500",1,0,0,0,0,0,0,18,Unable To Determine,99,Not Applicable,1,No Controls,1,No Controls,1,Clear,9,Unknown,7,Parking Lot,1,Dry,1,Slow,1,No Defects,O40,O9,41.8878593,-87.8037796,41.8877563,-87.8037643,1128444.38,1902168.00
31698,25 00672,2500672,X003719742,2025-02-08,23:15:00,2025-02-08 23:15:00,2025-02-10 11:19:05,1 Harrison St,,1 HARRISON ST,AUSTIN/HARRISON,1,0,0,0,Property Damage,No Injuries,Car,11,Front To Rear,2,2,0,5,"Over $1,500",1,0,0,0,0,0,0,28,Failing To Reduce Speed To Avoid Crash,03,Following Too Closely,1,No Controls,1,No Controls,3,Snow,5,"Darkness, Lighted Road",2,"Divided, No Median Barrier",2,Wet,2,Stopped,1,No Defects,O80,O13,41.8727493,-87.7744141,41.8724632,-87.7747498,1136475.38,1896713.50
31703,25 00676,2500676,X003719744,2025-02-09,03:39:00,2025-02-09 03:39:00,2025-02-10 11:39:01,Madison St/N Harlem Ave,,MADISON ST,N HARLEM AVE,1,1,0,1,Property Damage,No Injuries,Car,18,Rear To Front,2,2,0,5,"Over $1,500",1,0,0,0,0,0,0,18,Unable To Determine,99,Not Applicable,1,No Controls,1,No Controls,1,Clear,5,"Darkness, Lighted Road",1,Not Divided,2,Wet,3,Free Flow,1,No Defects,O60,O15,41.8796349,-87.8047333,41.8796654,-87.8047333,1128202.63,1899169.38
31705,25 00678,2500678,X003719746,2025-02-09,10:02:00,2025-02-09 10:02:00,2025-02-10 11:39:05,Augusta St/N Cuyler Ave,,AUGUSTA ST,N CUYLER AVE,0,0,0,1,Property Damage,No Injuries,Car,9,Parked Motor Vehicle,2,2,0,3,$500 or less,1,0,0,0,0,0,0,28,Failing To Reduce Speed To Avoid Crash,99,Not Applicable,1,No Controls,1,No Controls,1,Clear,1,Daylight,1,Not Divided,1,Dry,3,Free Flow,1,No Defects,O10,O4,41.8982162,-87.7833786,41.8982506,-87.7833786,1133975.38,1905977.50
31709,25 00689,2500689,X003721415,2025-02-10,13:36:00,2025-02-10 13:36:00,2025-02-11 09:35:49,N Ridgeland Ave/Division St,,N RIDGELAND AVE,DIVISION ST,0,0,0,0,Property Damage,No Injuries,Car,11,Front To Rear,2,2,0,3,$500 or less,1,0,0,0,0,0,0,03,Following Too Closely,28,Failing To Reduce Speed To Avoid Crash,1,No Controls,1,No Controls,1,Clear,1,Daylight,2,"Divided, No Median Barrier",1,Dry,2,Stopped,1,No Defects,O20,O2,41.9018860,-87.7849121,41.9018860,-87.7848740,1133548.63,1907311.13
31707,25 00691,2500691,X003721413,2025-02-10,15:30:00,2025-02-10 15:30:00,2025-02-11 09:35:47,204 N Ridgeland Ave,204,N RIDGELAND AVE,,0,0,0,0,Property Damage,No Injuries,Car,11,Front To Rear,3,3,0,5,"Over $1,500",1,0,0,0,0,0,0,03,Following Too Closely,28,Failing To Reduce Speed To Avoid Crash,1,No Controls,1,No Controls,1,Clear,1,Daylight,1,Not Divided,1,Dry,1,Slow,1,No Defects,O30,O7,41.8905106,-87.7847214,41.8906784,-87.7844315,1133626.63,1903167.50
31758,25 00692,2500692,X003729118,2025-02-10,15:30:00,2025-02-10 15:30:00,2025-02-18 10:32:42,401 Linden Ave,401,LINDEN AVE,,0,0,0,0,Property Damage,No Injuries,Car,11,Front To Rear,2,2,0,5,"Over $1,500",1,0,0,0,0,0,0,28,Failing To Reduce Speed To Avoid Crash,18,Unable To Determine,1,No Controls,1,No Controls,1,Clear,1,Daylight,1,Not Divided,1,Dry,3,Free Flow,1,No Defects,O30,O8,41.8930168,-87.7913208,41.8932648,-87.7916336,1131824.38,1904069.88
31710,25 00693,2500693,X003721416,2025-02-10,16:27:00,2025-02-10 16:27:00,2025-02-11 09:35:49,N Austin Blvd/North Ave,,N AUSTIN BLVD,NORTH AVE,1,1,0,0,Property Damage,No Injuries,Car,10,Turning (At Least One Vehicle),2,2,0,3,$500 or less,0,1,0,0,0,0,0,28,Failing To Reduce Speed To Avoid Crash,18,Unable To Determine,3,Traffic Signal,4,Functioning Properly,1,Clear,1,Daylight,2,"Divided, No Median Barrier",1,Dry,1,Slow,1,No Defects,,,41.9092522,-87.7755585,41.9092560,-87.7755890,1136078.00,1910012.75
31712,25 00694,2500694,X003721418,2025-02-10,17:00:00,2025-02-10 17:00:00,2025-02-11 09:42:59,1146 S Taylor Ave,1146,S TAYLOR AVE,,0,1,0,0,Property Damage,No Injuries,Car,11,Front To Rear,2,2,0,5,"Over $1,500",1,0,0,0,0,0,0,41,Distraction - From Inside Vehicle,18,Unable To Determine,1,No Controls,1,No Controls,1,Clear,3,Dusk,1,Not Divided,1,Dry,3,Free Flow,1,No Defects,O90,O16,41.8673515,-87.7779312,41.8674049,-87.7776718,1135531.63,1894740.75
31711,25 00697,2500697,X003721417,2025-02-10,21:23:00,2025-02-10 21:23:00,2025-02-11 09:42:58,S Harlem Ave/Fillmore St,,S HARLEM AVE,FILLMORE ST,1,1,0,0,Injury,C Injury Crash,Car,11,Front To Rear,4,4,0,5,"Over $1,500",0,1,0,0,0,1,1,03,Following Too Closely,41,Distraction - From Inside Vehicle,1,No Controls,1,No Controls,1,Clear,5,"Darkness, Lighted Road",15,T-Intersection,1,Dry,1,Slow,1,No Defects,O90,O18,41.8668556,-87.8042374,41.8668671,-87.8042679,1128366.38,1894514.13
31713,25 00700,2500700,X003721419,2025-02-11,09:33:00,2025-02-11 09:33:00,2025-02-11 11:47:01,510 S Harvey Ave,510,S HARVEY AVE,,0,0,0,0,Property Damage,No Injuries,Car,6,Fixed Object,2,1,0,5,"Over $1,500",1,0,0,0,0,0,0,28,Failing To Reduce Speed To Avoid Crash,99,Not Applicable,1,No Controls,1,No Controls,1,Clear,1,Daylight,12,Alley,6,Other,3,Free Flow,1,No Defects,O80,O13,41.8794975,-87.7808227,41.8794403,-87.7806168,1134715.25,1899160.38
31716,25 00703,2500703,X003721569,2025-02-11,10:16:00,2025-02-11 10:16:00,2025-02-12 08:42:21,N Ridgeland Ave/Berkshire St,,N RIDGELAND AVE,BERKSHIRE ST,1,0,0,0,Property Damage,No Injuries,Car,6,Fixed Object,3,1,0,4,"$501 to $1,500",0,1,0,0,0,0,0,18,Unable To Determine,18,Unable To Determine,1,No Controls,1,No Controls,1,Clear,1,Daylight,2,"Divided, No Median Barrier",1,Dry,1,Slow,1,No Defects,O20,O2,41.9038010,-87.7842178,41.9038010,-87.7841873,1133732.13,1908011.13
31821,25 00705,2500705,X003746171,2025-02-11,10:33:00,2025-02-11 10:33:00,2025-03-03 12:04:28,Adams St/S Maple Ave,,ADAMS ST,S MAPLE AVE,0,0,0,1,Property Damage,No Injuries,Car,9,Parked Motor Vehicle,2,2,0,3,$500 or less,1,0,0,0,0,0,0,20,Improper Lane Usage,28,Failing To Reduce Speed To Avoid Crash,2,Stop Sign,4,Functioning Properly,1,Clear,1,Daylight,15,T-Intersection,1,Dry,3,Free Flow,1,No Defects,O60,O15,41.8767433,-87.8037643,41.8767738,-87.8037643,1128473.25,1898117.38
31714,25 00708,2500708,X003721570,2025-02-11,15:01:00,2025-02-11 15:01:00,2025-02-12 08:42:19,Austin Blvd/Madison St,,AUSTIN BLVD,MADISON ST,0,0,0,0,Property Damage,No Injuries,Car,12,Sideswipe - Same Direction,3,3,0,5,"Over $1,500",1,0,0,0,0,0,0,20,Improper Lane Usage,99,Not Applicable,1,No Controls,1,No Controls,1,Clear,1,Daylight,1,Not Divided,1,Dry,3,Free Flow,1,No Defects,,,41.8800926,-87.7746201,41.8800888,-87.7746582,1136401.50,1899388.00
31715,25 00709,2500709,X003721571,2025-02-11,15:22:00,2025-02-11 15:22:00,2025-02-12 08:42:20,S East Ave/South Blvd,,S EAST AVE,SOUTH BLVD,0,0,0,0,Property Damage,No Injuries,Car,12,Sideswipe - Same Direction,2,2,0,4,"$501 to $1,500",1,0,0,0,0,0,0,18,Unable To Determine,18,Unable To Determine,2,Stop Sign,4,Functioning Properly,8,Cloudy/Overcast,1,Daylight,1,Not Divided,1,Dry,3,Free Flow,1,No Defects,O60,O11,41.8869438,-87.7895279,41.8869362,-87.7895584,1132327.88,1901858.13