record_id,report_number,crash_id,idot_crash_number,date,time,occurred_at,record_added_at,location,street_number,street_name,cross_street,at_intersection,intersection_related,private_property,hit_and_run,crash_severity,crash_injury_severity,crash_mode,crash_type_code,crash_type,total_units,num_motor_vehicles,dooring_pedalcyclist,damage_code,damage,no_injury_drive_away,injury_or_towed,fatalities,a_injuries,b_injuries,c_injuries,total_injured,cause1_code,cause1,cause2_code,cause2,traffic_control_code,traffic_control,device_condition_code,device_condition,weather_code,weather,lighting_code,lighting,trafficway_code,trafficway,road_surface_code,road_surface,flow_condition_code,flow_condition,road_defects_code,road_defects,beat_zone,post_district,latitude,longitude,latitude_geocoded,longitude_geocoded,state_plane_x,state_plane_y
31720,25 00711,2500711,X003723952,2025-02-11,17:01:00,2025-02-11 17:01:00,2025-02-13 08:19:29,Grove/Madison,,GROVE,MADISON,0,0,0,1,Property Damage,No Injuries,Car,9,Parked Motor Vehicle,2,2,0,5,"Over $1,500",1,0,0,0,0,0,0,18,Unable To Determine,99,Not Applicable,1,No Controls,1,No Controls,1,Clear,1,Daylight,1,Not Divided,1,Dry,3,Free Flow,1,No Defects,O70,O12,41.8797531,-87.7955475,41.8797531,-87.7954559,1130704.13,1899228.75
31857,25 00715,2500715,X003743715,2025-02-11,20:01:00,2025-02-11 20:01:00,2025-03-05 16:45:39,Madison St/S Harvey Ave,,MADISON ST,S HARVEY AVE,0,0,0,1,Property Damage,No Injuries,Car,6,Fixed Object,2,1,0,5,"Over $1,500",1,0,0,0,0,0,0,18,Unable To Determine,28,Failing To Reduce Speed To Avoid Crash,17,Pedestrian Crossing Sign,4,Functioning Properly,1,Clear,9,Unknown,3,Divided With Median Barrier,1,Dry,3,Free Flow,1,No Defects,O80,O13,41.8799553,-87.7811890,41.8799896,-87.7807999,1134614.75,1899326.50
31741,25 00719,2500719,X003729113,2025-02-12,05:41:00,2025-02-12 05:41:00,2025-02-18 10:01:25,S Harlem Ave/Garfield St,,S HARLEM AVE,GARFIELD ST,1,1,0,0,Property Damage,No Injuries,Car,11,Front To Rear,2,2,0,5,"Over $1,500",1,0,0,0,0,0,0,28,Failing To Reduce Speed To Avoid Crash,03,Following Too Closely,3,Traffic Signal,4,Functioning Properly,1,Clear,5,"Darkness, Lighted Road",4,Two-Way Continuous Left-Turn Lane,1,Dry,3,Free Flow,1,No Defects,O90,O18,41.8723068,-87.8044357,41.8723183,-87.8044663,1128300.88,1896500.75
31725,25 00722,2500722,X003723959,2025-02-12,09:31:00,2025-02-12 09:31:00,2025-02-13 08:19:36,438 N. Harlem,438,N. HARLEM,,0,0,0,1,Property Damage,No Injuries,Car,9,Parked Motor Vehicle,2,2,0,4,"$501 to $1,500",1,0,0,0,0,0,0,28,Failing To Reduce Speed To Avoid Crash,18,Unable To Determine,1,No Controls,1,No Controls,8,Cloudy/Overcast,1,Daylight,7,Parking Lot,1,Dry,2,Stopped,1,No Defects,O40,O9,41.8902626,-87.8051529,41.8888359,-87.8050690,1128064.13,1903041.38
31721,25 00723,2500723,X003723954,2025-02-12,09:35:00,2025-02-12 09:35:00,2025-02-13 08:27:33,S Austin Blvd/I290 Expy W,,S AUSTIN BLVD,I290 EXPY W,0,0,0,0,Property Damage,No Injuries,Car,11,Front To Rear,2,2,0,4,"$501 to $1,500",1,0,0,0,0,0,0,03,Following Too Closely,18,Unable To Determine,3,Traffic Signal,4,Functioning Properly,3,Snow,1,Daylight,2,"Divided, No Median Barrier",2,Wet,2,Stopped,1,No Defects,O80,O13,41.8712502,-87.7743759,41.8712502,-87.7743378,1136490.13,1896166.00
31724,25 00729,2500729,X003723958,2025-02-12,18:35:00,2025-02-12 18:35:00,2025-02-13 08:19:33,Lake St/N Kenilworth Ave,,LAKE ST,N KENILWORTH AVE,1,0,0,0,Property Damage,No Injuries,Car,10,Turning (At Least One Vehicle),2,2,0,5,"Over $1,500",0,1,0,0,0,0,0,02,Failing To Yield Right-Of-Way,11,Weather,3,Traffic Signal,4,Functioning Properly,3,Snow,5,"Darkness, Lighted Road",1,Not Divided,3,Snow or Slush,3,Free Flow,1,No Defects,O40,O9,41.8886719,-87.7971573,41.8886986,-87.7975082,1130245.50,1902475.38
31723,25 00731,2500731,X003723957,2025-02-12,18:43:00,2025-02-12 18:43:00,2025-02-13 08:19:31,N Austin Blvd/Erie Ct,,N AUSTIN BLVD,ERIE CT,1,0,0,1,Property Damage,No Injuries,Car,12,Sideswipe - Same Direction,2,2,0,3,$500 or less,1,0,0,0,0,0,0,04,Improper Overtaking/Passing,99,Not Applicable,3,Traffic Signal,4,Functioning Properly,3,Snow,1,Daylight,3,Divided With Median Barrier,3,Snow or Slush,2,Stopped,1,No Defects,,,41.8919029,-87.7750168,41.8919029,-87.7750549,1136265.25,1903691.13
31764,25 00735,2500735,X003730014,2025-02-12,20:50:00,2025-02-12 20:50:00,2025-02-19 09:02:17,807 Lexington Street,807,LEXINGTON STREET,,0,1,0,1,Injury,B Injury Crash,Car,11,Front To Rear,2,2,0,3,$500 or less,0,1,0,0,2,0,2,99,Not Applicable,99,Not Applicable,2,Stop Sign,4,Functioning Properly,3,Snow,5,"Darkness, Lighted Road",1,Not Divided,3,Snow or Slush,1,Slow,1,No Defects,O90,O18,41.8706055,-87.7942505,41.8705292,-87.7943726,1131078.50,1895897.75
31722,25 00736,2500736,X003723956,2025-02-12,21:53:00,2025-02-12 21:53:00,2025-02-13 08:27:35,Harlem Ct/Ontario St,,HARLEM CT,ONTARIO ST,0,0,0,0,Property Damage,No Injuries,Car,11,Front To Rear,2,2,0,5,"Over $1,500",1,0,0,0,0,0,0,28,Failing To Reduce Speed To Avoid Crash,03,Following Too Closely,1,No Controls,1,No Controls,3,Snow,4,Darkness,2,"Divided, No Median Barrier",2,Wet,1,Slow,1,No Defects,O40,O9,41.8905601,-87.8042374,41.8905525,-87.8042679,1128313.63,1903151.00
31729,25 00739,2500739,X003723960,2025-02-13,08:01:00,2025-02-13 08:01:00,2025-02-13 11:18:20,167 Forest,167,FOREST,,0,0,0,0,Property Damage,No Injuries,Car,16,Rear To Side,2,2,0,5,"Over $1,500",1,0,0,0,0,0,0,30,Improper Backing,28,Failing To Reduce Speed To Avoid Crash,1,No Controls,1,No Controls,11,Blowing Snow,1,Daylight,1,Not Divided,3,Snow or Slush,3,Free Flow,1,No Defects,O40,O9,41.8892746,-87.8002319,41.8899498,-87.8011169,1129406.63,1902689.38
31730,25 00740,2500740,X003723961,2025-02-13,08:34:00,2025-02-13 08:34:00,2025-02-13 14:39:50,308 Madison St,308,MADISON ST,,0,0,0,1,Property Damage,No Injuries,Car,11,Front To Rear,2,2,0,5,"Over $1,500",1,0,0,0,0,0,0,28,Failing To Reduce Speed To Avoid Crash,99,Not Applicable,3,Traffic Signal,4,Functioning Properly,1,Clear,1,Daylight,1,Not Divided,2,Wet,2,Stopped,1,No Defects,O80,O13,41.8799896,-87.7826538,41.8801231,-87.7832718,1134215.63,1899337.50
31731,25 00745,2500745,X003723962,2025-02-13,11:08:00,2025-02-13 11:08:00,2025-02-13 14:39:51,N Austin Blvd/Washington Blvd,,N AUSTIN BLVD,WASHINGTON BLVD,1,0,0,0,Property Damage,No Injuries,Car,9,Parked Motor Vehicle,2,2,0,5,"Over $1,500",1,0,0,0,0,0,0,02,Failing To Yield Right-Of-Way,28,Failing To Reduce Speed To Avoid Crash,1,No Controls,1,No Controls,7,Other,9,Unknown,7,Parking Lot,3,Snow or Slush,1,Slow,99,Unknown,,,41.8821068,-87.7746887,41.8821106,-87.7747269,1136378.00,1900122.38
31738,25 00753,2500753,X003724349,2025-02-13,18:16:00,2025-02-13 18:16:00,2025-02-14 09:06:08,Roosevelt Rd/Kenilworth Ave,,ROOSEVELT RD,KENILWORTH AVE,1,0,0,0,Property Damage,No Injuries,Car,10,Turning (At Least One Vehicle),3,3,0,5,"Over $1,500",0,1,0,0,0,0,0,28,Failing To Reduce Speed To Avoid Crash,02,Failing To Yield Right-Of-Way,1,No Controls,1,No Controls,1,Clear,1,Daylight,1,Not Divided,1,Dry,3,Free Flow,1,No Defects,O90,O18,41.8651428,-87.7963638,41.8651199,-87.7963715,1130514.50,1893903.50
31736,25 00757,2500757,X003724350,2025-02-13,20:25:00,2025-02-13 20:25:00,2025-02-14 08:59:03,S Harlem Ave/Garfield St,,S HARLEM AVE,GARFIELD ST,1,0,0,0,Property Damage,No Injuries,Car,11,Front To Rear,2,2,0,5,"Over $1,500",1,0,0,0,0,0,0,28,Failing To Reduce Speed To Avoid Crash,99,Not Applicable,1,No Controls,1,No Controls,1,Clear,5,"Darkness, Lighted Road",1,Not Divided,1,Dry,3,Free Flow,1,No Defects,O90,O18,41.8723068,-87.8044357,41.8723183,-87.8044663,1128300.88,1896500.75
31766,25 00754,2500754,X003730016,2025-02-13,20:50:00,2025-02-13 20:50:00,2025-02-19 09:02:19,S Austin Blvd/Harrison St,,S AUSTIN BLVD,HARRISON ST,1,1,0,0,Property Damage,No Injuries,Car,11,Front To Rear,2,2,0,4,"$501 to $1,500",1,0,0,0,0,0,0,99,Not Applicable,99,Not Applicable,3,Traffic Signal,4,Functioning Properly,1,Clear,5,"Darkness, Lighted Road",1,Not Divided,1,Dry,1,Slow,1,No Defects,O80,O13,41.8727799,-87.7744522,41.8727799,-87.7744141,1136465.25,1896723.75
31735,25 00761,2500761,X003724351,2025-02-14,07:19:00,2025-02-14 07:19:00,2025-02-14 08:59:02,S Harlem Ave/Fillmore St,,S HARLEM AVE,FILLMORE ST,0,0,0,0,Injury,C Injury Crash,Car,11,Front To Rear,3,3,0,4,"$501 to $1,500",0,1,0,0,0,1,1,28,Failing To Reduce Speed To Avoid Crash,99,Not Applicable,1,No Controls,1,No Controls,8,Cloudy/Overcast,1,Daylight,1,Not Divided,1,Dry,2,Stopped,1,No Defects,O90,O18,41.8668556,-87.8042374,41.8668671,-87.8042679,1128366.38,1894514.13
31749,25 00763,2500763,X003729117,2025-02-14,08:43:00,2025-02-14 08:43:00,2025-02-18 10:17:12,S Harlem Ave/Garfield St,,S HARLEM AVE,GARFIELD ST,0,0,0,0,Property Damage,No Injuries,Car,12,Sideswipe - Same Direction,2,2,0,4,"$501 to $1,500",1,0,0,0,0,0,0,20,Improper Lane Usage,99,Not Applicable,3,Traffic Signal,4,Functioning Properly,8,Cloudy/Overcast,1,Daylight,1,Not Divided,1,Dry,3,Free Flow,1,No Defects,O90,O18,41.8723068,-87.8044357,41.8723183,-87.8044663,1128300.88,1896500.75
31752,25 00767,2500767,X003728245,2025-02-14,11:17:00,2025-02-14 11:17:00,2025-02-18 10:17:17,6226 Roosevelt Rd,,6226 ROOSEVELT RD,HIGHLAND AVE,0,0,0,1,Property Damage,No Injuries,Car,9,Parked Motor Vehicle,2,2,0,3,$500 or less,1,0,0,0,0,0,0,28,Failing To Reduce Speed To Avoid Crash,99,Not Applicable,1,No Controls,1,No Controls,8,Cloudy/Overcast,1,Daylight,7,Parking Lot,1,Dry,3,Free Flow,9,Debris On Roadway,O90,O16,41.8653984,-87.7815018,41.8654785,-87.7806473,1134562.00,1894021.25
31755,25 00769,2500769,X003728258,2025-02-14,11:40:00,2025-02-14 11:40:00,2025-02-18 10:32:38,S Harlem Ave/Monroe St,,S HARLEM AVE,MONROE ST,1,1,0,1,Property Damage,No Injuries,Car,10,Turning (At Least One Vehicle),2,2,0,5,"Over $1,500",1,0,0,0,0,0,0,04,Improper Overtaking/Passing,18,Unable To Determine,2,Stop Sign,4,Functioning Properly,8,Cloudy/Overcast,1,Daylight,1,Not Divided,1,Dry,1,Slow,1,No Defects,O60,O15,41.8781509,-87.8046494,41.8781700,-87.8046799,1128229.00,1898629.25
31742,25 00770,2500770,X003728269,2025-02-14,12:46:00,2025-02-14 12:46:00,2025-02-18 10:01:26,Harlem Ave/Randolph St,,HARLEM AVE,RANDOLPH ST,0,0,0,0,Property Damage,No Injuries,Car,11,Front To Rear,2,2,0,5,"Over $1,500",1,0,0,0,0,0,0,03,Following Too Closely,28,Failing To Reduce Speed To Avoid Crash,1,No Controls,1,No Controls,1,Clear,1,Daylight,2,"Divided, No Median Barrier",1,Dry,1,Slow,1,No Defects,,,41.8832092,-87.8048935,41.8832283,-87.8048630,1128150.63,1900472.25
31744,25 00774,2500774,X003728270,2025-02-14,15:10:00,2025-02-14 15:10:00,2025-02-18 10:01:28,Garfield St/S Harvey Ave,,GARFIELD ST,S HARVEY AVE,1,1,0,0,Property Damage,No Injuries,Car,10,Turning (At Least One Vehicle),2,2,0,5,"Over $1,500",1,0,0,0,0,0,0,02,Failing To Yield Right-Of-Way,28,Failing To Reduce Speed To Avoid Crash,2,Stop Sign,4,Functioning Properly,8,Cloudy/Overcast,1,Daylight,1,Not Divided,1,Dry,3,Free Flow,1,No Defects,O90,O16,41.8707962,-87.7804642,41.8708267,-87.7804642,1134833.63,1895990.88
31757,25 00776,2500776,X003728271,2025-02-14,16:51:00,2025-02-14 16:51:00,2025-02-18 10:32:40,N Ridgeland Ave/North Ave,,N RIDGELAND AVE,NORTH AVE,0,0,0,0,Property Damage,No Injuries,Car,11,Front To Rear,3,3,0,5,"Over $1,500",1,0,0,0,0,0,0,28,Failing To Reduce Speed To Avoid Crash,18,Unable To Determine,1,No Controls,1,No Controls,1,Clear,2,Dawn,1,Not Divided,1,Dry,1,Slow,1,No Defects,,,41.9091606,-87.7834091,41.9091644,-87.7833710,1133941.38,1909965.38
31745,25 00777,2500777,X003728273,2025-02-14,16:56:00,2025-02-14 16:56:00,2025-02-18 10:01:29,Harrison St/Grove Ave,,HARRISON ST,GROVE AVE,0,0,0,0,Property Damage,No Injuries,Car,14,Front To Front,2,2,0,5,"Over $1,500",1,0,0,0,0,0,0,28,Failing To Reduce Speed To Avoid Crash,02,Failing To Yield Right-Of-Way,1,No Controls,1,No Controls,1,Clear,1,Daylight,1,Not Divided,1,Dry,3,Free Flow,1,No Defects,O60,O15,41.8729172,-87.7952270,41.8729401,-87.7952194,1130807.63,1896737.13
31747,25 00782,2500782,X003729115,2025-02-14,19:45:00,2025-02-14 19:45:00,2025-02-18 10:08:38,N Harlem Ave/South Blvd,,N HARLEM AVE,SOUTH BLVD,1,0,0,1,Property Damage,No Injuries,Car,12,Sideswipe - Same Direction,2,2,0,3,$500 or less,1,0,0,0,0,0,0,04,Improper Overtaking/Passing,99,Not Applicable,3,Traffic Signal,4,Functioning Properly,11,Blowing Snow,5,"Darkness, Lighted Road",2,"Divided, No Median Barrier",3,Snow or Slush,1,Slow,1,No Defects,F1,FPPD,41.8866921,-87.8050156,41.8867111,-87.8049927,1128109.63,1901740.13
31746,25 00781,2500781,X003728274,2025-02-14,19:46:00,2025-02-14 19:46:00,2025-02-18 10:01:30,N Ridgeland Ave/Erie St,,N RIDGELAND AVE,ERIE ST,0,1,0,0,Injury,C Injury Crash,Car,11,Front To Rear,2,2,0,5,"Over $1,500",0,1,0,0,0,1,1,28,Failing To Reduce Speed To Avoid Crash,99,Not Applicable,1,No Controls,1,No Controls,3,Snow,5,"Darkness, Lighted Road",1,Not Divided,3,Snow or Slush,,,1,No Defects,O30,O8,41.8917160,-87.7848282,41.8917236,-87.7847977,1133594.00,1903606.63
31754,25 00788,2500788,X003728275,2025-02-15,08:42:00,2025-02-15 08:42:00,2025-02-18 10:32:37,1145 Lake St,1145,LAKE ST,,0,0,0,0,Property Damage,No Injuries,Car,11,Front To Rear,2,2,0,3,$500 or less,1,0,0,0,0,0,0,03,Following Too Closely,11,Weather,1,No Controls,1,No Controls,3,Snow,5,"Darkness, Lighted Road",1,Not Divided,3,Snow or Slush,2,Stopped,1,No Defects,O40,O9,41.8885574,-87.8048706,41.8882866,-87.8044128,1128145.88,1902421.00
31748,25 00793,2500793,X003728276,2025-02-15,11:48:00,2025-02-15 11:48:00,2025-02-18 10:08:39,S Maple Ave/Washington Blvd,,S MAPLE AVE,WASHINGTON BLVD,1,1,0,0,Property Damage,No Injuries,Car,15,Angle,2,2,0,5,"Over $1,500",1,0,0,0,0,0,0,02,Failing To Yield Right-Of-Way,28,Failing To Reduce Speed To Avoid Crash,2,Stop Sign,4,Functioning Properly,1,Clear,1,Daylight,2,"Divided, No Median Barrier",1,Dry,3,Free Flow,1,No Defects,O70,O12,41.8814201,-87.8038940,41.8814201,-87.8039246,1128428.25,1899821.25
31756,25 00801,2500801,X003728277,2025-02-16,02:27:00,2025-02-16 02:27:00,2025-02-18 10:32:39,North Ave/Belleforte Ave,,NORTH AVE,BELLEFORTE AVE,0,0,0,0,Property Damage,No Injuries,Car,6,Fixed Object,1,1,0,5,"Over $1,500",0,1,0,0,0,0,0,28,Failing To Reduce Speed To Avoid Crash,20,Improper Lane Usage,1,No Controls,1,No Controls,1,Clear,5,"Darkness, Lighted Road",3,Divided With Median Barrier,1,Dry,3,Free Flow,1,No Defects,O20,O3,41.9088898,-87.8026810,41.9089127,-87.8026886,1128695.50,1909833.25
31743,25 00805,2500805,X003728279,2025-02-16,14:26:00,2025-02-16 14:26:00,2025-02-18 10:01:27,S Austin Blvd/Garfield St,,S AUSTIN BLVD,GARFIELD ST,1,0,0,1,Property Damage,No Injuries,Car,12,Sideswipe - Same Direction,2,2,0,3,$500 or less,1,0,0,0,0,0,0,04,Improper Overtaking/Passing,28,Failing To Reduce Speed To Avoid Crash,1,No Controls,1,No Controls,8,Cloudy/Overcast,1,Daylight,1,Not Divided,1,Dry,3,Free Flow,1,No Defects,O90,O16,41.8704185,-87.7743530,41.8704224,-87.7743149,1136497.13,1895864.88
31751,25 00809,2500809,X003728283,2025-02-17,00:02:00,2025-02-17 00:02:00,2025-02-18 10:17:14,Roosevelt Rd/S Harvey Ave,,ROOSEVELT RD,S HARVEY AVE,1,1,0,0,Injury,C Injury Crash,Car,15,Angle,2,2,0,5,"Over $1,500",0,1,0,0,0,2,2,02,Failing To Yield Right-Of-Way,99,Not Applicable,2,Stop Sign,4,Functioning Properly,1,Clear,5,"Darkness, Lighted Road",14,Four-Way Intersection,1,Dry,1,Slow,1,No Defects,O90,O16,41.8654137,-87.7802734,41.8653908,-87.7802734,1134897.00,1894029.13
31759,25 00810,2500810,X003728284,2025-02-17,04:43:00,2025-02-17 04:43:00,2025-02-18 10:32:43,S Ridgeland Ave/Adams St,,S RIDGELAND AVE,ADAMS ST,0,0,0,0,Property Damage,No Injuries,Car,9,Parked Motor Vehicle,3,3,0,5,"Over $1,500",0,1,0,0,0,0,0,43,"Distraction - Othr Elec Dev (Nav,Dvd,Etc)",15,Driving Skills/Knowledge/Experience,1,No Controls,1,No Controls,1,Clear,5,"Darkness, Lighted Road",2,"Divided, No Median Barrier",1,Dry,3,Free Flow,1,No Defects,O80,O13,41.8780823,-87.7843704,41.8780785,-87.7844009,1133752.38,1898639.50
31773,25 00811,2500811,X003731187,2025-02-17,05:00:00,2025-02-17 05:00:00,2025-02-20 09:07:27,N Ridgeland Ave/Division St,,N RIDGELAND AVE,DIVISION ST,1,1,0,1,Property Damage,No Injuries,Car,12,Sideswipe - Same Direction,2,2,0,4,"$501 to $1,500",1,0,0,0,0,0,0,04,Improper Overtaking/Passing,99,Not Applicable,3,Traffic Signal,4,Functioning Properly,1,Clear,5,"Darkness, Lighted Road",1,Not Divided,2,Wet,1,Slow,1,No Defects,O20,O2,41.9018860,-87.7849121,41.9018860,-87.7848740,1133548.63,1907311.13
31760,25 00816,2500816,X003728285,2025-02-17,09:42:00,2025-02-17 09:42:00,2025-02-18 10:32:44,Madison St/Wisconsin Ave,,MADISON ST,WISCONSIN AVE,1,1,0,0,Injury,C Injury Crash,Pedestrian,1,Pedestrian,2,1,0,3,$500 or less,0,1,0,0,0,1,1,02,Failing To Yield Right-Of-Way,28,Failing To Reduce Speed To Avoid Crash,3,Traffic Signal,4,Functioning Properly,1,Clear,1,Daylight,2,"Divided, No Median Barrier",1,Dry,3,Free Flow,1,No Defects,O60,O15,41.8796082,-87.8023148,41.8796387,-87.8023148,1128861.88,1899164.00
31753,25 00817,2500817,X003728286,2025-02-17,10:25:00,2025-02-17 10:25:00,2025-02-18 10:32:36,123 Madison St,123,MADISON ST,,0,0,0,0,Property Damage,No Injuries,Car,6,Fixed Object,2,1,0,3,$500 or less,1,0,0,0,0,0,0,30,Improper Backing,28,Failing To Reduce Speed To Avoid Crash,1,No Controls,1,No Controls,1,Clear,1,Daylight,10,One-Way,1,Dry,3,Free Flow,1,No Defects,O80,O13,41.8800011,-87.7789688,41.8797798,-87.7789154,1135219.75,1899347.38
31750,25 00820,2500820,X003728288,2025-02-17,13:19:00,2025-02-17 13:19:00,2025-02-18 10:17:13,Lake/Lombard,,LAKE,LOMBARD,1,1,0,0,Property Damage,No Injuries,Car,15,Angle,2,2,0,5,"Over $1,500",1,0,0,0,0,0,0,28,Failing To Reduce Speed To Avoid Crash,18,Unable To Determine,2,Stop Sign,4,Functioning Properly,1,Clear,1,Daylight,15,T-Intersection,1,Dry,3,Free Flow,1,No Defects,O30,O7,41.8881493,-87.7798080,41.8881798,-87.7798080,1134970.38,1902315.25
31767,25 00828,2500828,X003730017,2025-02-18,04:37:00,2025-02-18 04:37:00,2025-02-19 09:02:20,734 Lyman Ave,734,LYMAN AVE,,0,0,0,0,Property Damage,No Injuries,Car,9,Parked Motor Vehicle,2,2,0,5,"Over $1,500",0,1,0,0,0,0,0,99,Not Applicable,99,Not Applicable,1,No Controls,1,No Controls,1,Clear,5,"Darkness, Lighted Road",12,Alley,4,Ice,3,Free Flow,1,No Defects,O80,O13,41.8757477,-87.7770004,41.8750839,-87.7767487,1135765.00,1897801.50
31768,25 00829,2500829,X003730019,2025-02-18,07:31:00,2025-02-18 07:31:00,2025-02-19 09:02:21,S Harlem Ave/Garfield St,,S HARLEM AVE,GARFIELD ST,0,0,0,0,Property Damage,No Injuries,Car,11,Front To Rear,2,2,0,5,"Over $1,500",0,1,0,0,0,0,0,03,Following Too Closely,18,Unable To Determine,3,Traffic Signal,4,Functioning Properly,1,Clear,1,Daylight,2,"Divided, No Median Barrier",1,Dry,2,Stopped,1,No Defects,O90,O18,41.8723068,-87.8044357,41.8723183,-87.8044663,1128300.88,1896500.75
31761,25 00832,2500832,X003729119,2025-02-18,11:36:00,2025-02-18 11:36:00,2025-02-18 15:55:50,Forest Pl/Lake St,,FOREST PL,LAKE ST,1,1,0,0,Injury,B Injury Crash,Pedestrian,1,Pedestrian,2,1,0,3,$500 or less,0,1,0,0,1,0,1,02,Failing To Yield Right-Of-Way,28,Failing To Reduce Speed To Avoid Crash,3,Traffic Signal,4,Functioning Properly,1,Clear,1,Daylight,1,Not Divided,1,Dry,3,Free Flow,1,No Defects,O40,O9,41.8886757,-87.7999497,41.8886833,-87.7999115,1129484.63,1902472.88
31765,25 00834,2500834,X003730015,2025-02-18,14:47:00,2025-02-18 14:47:00,2025-02-19 09:02:18,Garfield St/S Humphrey Ave,,GARFIELD ST,S HUMPHREY AVE,1,1,0,0,Property Damage,No Injuries,Car,12,Sideswipe - Same Direction,2,2,0,4,"$501 to $1,500",1,0,0,0,0,0,0,28,Failing To Reduce Speed To Avoid Crash,18,Unable To Determine,1,No Controls,1,No Controls,1,Clear,1,Daylight,15,T-Intersection,1,Dry,3,Free Flow,1,No Defects,O90,O16,41.8704758,-87.7755432,41.8705025,-87.7755432,1136173.00,1895882.75
31763,25 00838,2500838,X003730013,2025-02-18,16:57:00,2025-02-18 16:57:00,2025-02-19 09:02:16,S Harlem Ave/Garfield St,,S HARLEM AVE,GARFIELD ST,0,0,0,0,Property Damage,No Injuries,Car,11,Front To Rear,2,2,0,5,"Over $1,500",1,0,0,0,0,0,0,18,Unable To Determine,18,Unable To Determine,3,Traffic Signal,4,Functioning Properly,8,Cloudy/Overcast,1,Daylight,2,"Divided, No Median Barrier",1,Dry,2,Stopped,1,No Defects,O90,O18,41.8723068,-87.8044357,41.8723183,-87.8044663,1128300.88,1896500.75
31770,25 00853,2500853,X003731183,2025-02-19,00:05:00,2025-02-19 00:05:00,2025-02-20 08:43:57,Monroe St/S Clinton Ave,,MONROE ST,S CLINTON AVE,0,0,0,0,Property Damage,No Injuries,Car,6,Fixed Object,2,1,0,4,"$501 to $1,500",1,0,0,0,0,0,0,15,Driving Skills/Knowledge/Experience,99,Not Applicable,1,No Controls,1,No Controls,1,Clear,4,Darkness,1,Not Divided,1,Dry,3,Free Flow,1,No Defects,O60,O15,41.8782425,-87.7987747,41.8782692,-87.7987747,1129829.63,1898672.50
31771,25 00843,2500843,X003731184,2025-02-19,07:19:00,2025-02-19 07:19:00,2025-02-20 09:00:09,N Harlem Ave/Division St,,N HARLEM AVE,DIVISION ST,1,1,0,0,Property Damage,No Injuries,Car,10,Turning (At Least One Vehicle),2,2,0,5,"Over $1,500",0,1,0,0,0,0,0,28,Failing To Reduce Speed To Avoid Crash,18,Unable To Determine,3,Traffic Signal,4,Functioning Properly,1,Clear,1,Daylight,1,Not Divided,1,Dry,1,Slow,1,No Defects,O20,O6,41.9015350,-87.8055573,41.9015427,-87.8055191,1127930.38,1907148.88
31772,25 00846,2500846,X003731185,2025-02-19,11:30:00,2025-02-19 11:30:00,2025-02-20 08:52:39,Division St/N Elmwood Ave,,DIVISION ST,N ELMWOOD AVE,1,1,0,0,Property Damage,No Injuries,Car,15,Angle,3,2,0,5,"Over $1,500",0,1,0,0,0,0,0,02,Failing To Yield Right-Of-Way,99,Not Applicable,2,Stop Sign,4,Functioning Properly,1,Clear,1,Daylight,1,Not Divided,1,Dry,3,Free Flow,1,No Defects,O20,O5,41.9018135,-87.7867508,41.9018402,-87.7867508,1133048.88,1907282.63
31777,25 00848,2500848,,2025-02-19,14:25:00,2025-02-19 14:25:00,2025-02-21 08:05:27,337 S Maple Ave,337,S MAPLE AVE,,0,0,0,0,Property Damage,No Injuries,Car,6,Fixed Object,4,1,0,5,"Over $1,500",0,1,0,0,0,0,0,28,Failing To Reduce Speed To Avoid Crash,15,Driving Skills/Knowledge/Experience,1,No Controls,1,No Controls,1,Clear,1,Daylight,2,"Divided, No Median Barrier",1,Dry,3,Free Flow,1,No Defects,O70,O12,41.8818474,-87.8039017,41.8819122,-87.8041229,1128423.25,1899977.25
31774,25 00849,2500849,X003731188,2025-02-19,16:17:00,2025-02-19 16:17:00,2025-02-20 09:00:10,N Harlem Ave/Randolph St,,N HARLEM AVE,RANDOLPH ST,0,0,0,1,Property Damage,No Injuries,Car,12,Sideswipe - Same Direction,2,2,0,4,"$501 to $1,500",1,0,0,0,0,0,0,20,Improper Lane Usage,99,Not Applicable,1,No Controls,1,No Controls,1,Clear,1,Daylight,1,Not Divided,1,Dry,3,Free Flow,1,No Defects,O70,O12,41.8832092,-87.8048935,41.8832283,-87.8048630,1128150.63,1900472.25
31867,25 00857,2500857,X003752561,2025-02-20,08:19:00,2025-02-20 08:19:00,2025-03-07 08:51:08,1137 Chicago Ave,1137,CHICAGO AVE,,0,0,0,0,Property Damage,No Injuries,Car,9,Parked Motor Vehicle,2,2,0,5,"Over $1,500",1,0,0,0,0,0,0,30,Improper Backing,28,Failing To Reduce Speed To Avoid Crash,1,No Controls,1,No Controls,1,Clear,1,Daylight,2,"Divided, No Median Barrier",1,Dry,1,Slow,1,No Defects,O40,O9,41.8941994,-87.8046722,41.8941078,-87.8046417,1128187.75,1904477.88
31778,25 00858,2500858,X003732201,2025-02-20,08:20:00,2025-02-20 08:20:00,2025-02-21 08:05:28,Roosevelt Rd/Gunderson Ave,,ROOSEVELT RD,GUNDERSON AVE,1,1,0,0,Property Damage,No Injuries,Car,11,Front To Rear,2,2,0,4,"$501 to $1,500",0,1,0,0,0,0,0,28,Failing To Reduce Speed To Avoid Crash,99,Not Applicable,1,No Controls,1,No Controls,1,Clear,1,Daylight,1,Not Divided,9,Unknown,3,Free Flow,1,No Defects,O90,O16,41.8654785,-87.7753677,41.8655167,-87.7864227,1136234.63,1894061.75