record_id,report_number,crash_id,idot_crash_number,date,time,occurred_at,record_added_at,location,street_number,street_name,cross_street,at_intersection,intersection_related,private_property,hit_and_run,crash_severity,crash_injury_severity,crash_mode,crash_type_code,crash_type,total_units,num_motor_vehicles,dooring_pedalcyclist,damage_code,damage,no_injury_drive_away,injury_or_towed,fatalities,a_injuries,b_injuries,c_injuries,total_injured,cause1_code,cause1,cause2_code,cause2,traffic_control_code,traffic_control,device_condition_code,device_condition,weather_code,weather,lighting_code,lighting,trafficway_code,trafficway,road_surface_code,road_surface,flow_condition_code,flow_condition,road_defects_code,road_defects,beat_zone,post_district,latitude,longitude,latitude_geocoded,longitude_geocoded,state_plane_x,state_plane_y
31804,25 00869,2500869,X003735292,2025-02-20,08:24:00,2025-02-20 08:24:00,2025-02-24 10:13:08,Lake St/N Maple Ave,,LAKE ST,N MAPLE AVE,0,1,0,1,Injury,B Injury Crash,Pedestrian,1,Pedestrian,2,1,0,5,"Over $1,500",0,1,0,0,1,0,1,02,Failing To Yield Right-Of-Way,28,Failing To Reduce Speed To Avoid Crash,17,Pedestrian Crossing Sign,4,Functioning Properly,1,Clear,1,Daylight,2,"Divided, No Median Barrier",1,Dry,3,Free Flow,1,No Defects,O40,O9,41.8885727,-87.8040466,41.8885994,-87.8040466,1128369.50,1902427.75
31775,25 00859,2500859,X003731189,2025-02-20,08:45:00,2025-02-20 08:45:00,2025-02-20 12:04:56,N Austin Blvd/Greenfield St,,N AUSTIN BLVD,GREENFIELD ST,0,0,0,0,Property Damage,No Injuries,Car,12,Sideswipe - Same Direction,2,2,0,3,$500 or less,1,0,0,0,0,0,0,18,Unable To Determine,18,Unable To Determine,1,No Controls,1,No Controls,1,Clear,1,Daylight,2,"Divided, No Median Barrier",1,Dry,1,Slow,1,No Defects,O10,O1,41.9058800,-87.7754593,41.9058800,-87.7754898,1136113.50,1908783.88
31806,25 00862,2500862,X003736425,2025-02-20,11:35:00,2025-02-20 11:35:00,2025-02-25 08:28:18,N Ridgeland Ave/Chicago Ave,,N RIDGELAND AVE,CHICAGO AVE,0,0,0,1,Property Damage,No Injuries,Car,9,Parked Motor Vehicle,2,2,0,5,"Over $1,500",1,0,0,0,0,0,0,28,Failing To Reduce Speed To Avoid Crash,18,Unable To Determine,3,Traffic Signal,4,Functioning Properly,1,Clear,1,Daylight,1,Not Divided,1,Dry,3,Free Flow,1,No Defects,O30,O8,41.8945694,-87.7849121,41.8945770,-87.7848740,1133565.38,1904645.88
31776,25 00864,2500864,X003731190,2025-02-20,13:13:00,2025-02-20 13:13:00,2025-02-20 16:56:09,924 Ontario St,924,ONTARIO ST,,0,0,0,0,Property Damage,No Injuries,Car,12,Sideswipe - Same Direction,2,2,0,5,"Over $1,500",1,0,0,0,0,0,0,06,Improper Turning/No Signal,18,Unable To Determine,1,No Controls,1,No Controls,1,Clear,1,Daylight,1,Not Divided,1,Dry,3,Free Flow,1,No Defects,O40,O9,41.8901901,-87.7986832,41.8903542,-87.7987595,1129826.50,1903026.13
31790,25 00867,2500867,X003735279,2025-02-20,14:26:00,2025-02-20 14:26:00,2025-02-24 10:05:22,S Ridgeland Ave/Harrison St,,S RIDGELAND AVE,HARRISON ST,1,1,0,0,Property Damage,No Injuries,Car,10,Turning (At Least One Vehicle),2,2,0,5,"Over $1,500",0,1,0,0,0,0,0,02,Failing To Yield Right-Of-Way,28,Failing To Reduce Speed To Avoid Crash,3,Traffic Signal,4,Functioning Properly,1,Clear,1,Daylight,2,"Divided, No Median Barrier",1,Dry,3,Free Flow,1,No Defects,O80,O13,41.8726311,-87.7841797,41.8726349,-87.7842178,1133816.00,1896653.38
31803,25 00871,2500871,X003735291,2025-02-21,06:38:00,2025-02-21 06:38:00,2025-02-24 10:13:07,S Austin Blvd/Garfield St,,S AUSTIN BLVD,GARFIELD ST,1,1,0,0,Property Damage,No Injuries,Car,10,Turning (At Least One Vehicle),2,2,0,5,"Over $1,500",1,0,0,0,0,0,0,02,Failing To Yield Right-Of-Way,28,Failing To Reduce Speed To Avoid Crash,2,Stop Sign,4,Functioning Properly,1,Clear,1,Daylight,2,"Divided, No Median Barrier",1,Dry,1,Slow,1,No Defects,O90,O16,41.8704185,-87.7743530,41.8704224,-87.7743149,1136497.13,1895864.88
31782,25 00878,2500878,X003764722,2025-02-21,10:06:00,2025-02-21 10:06:00,2025-02-21 11:50:05,201 South Blvd,201,SOUTH BLVD,,0,0,0,0,Property Damage,No Injuries,Car,7,Other Object,2,1,0,5,"Over $1,500",1,0,0,0,0,0,0,99,Not Applicable,99,Not Applicable,1,No Controls,1,No Controls,1,Clear,1,Daylight,13,Driveway,1,Dry,1,Slow,1,No Defects,O50,O10,41.8870430,-87.7798233,41.8869362,-87.7803497,1134969.38,1901912.50
31792,25 00901,2500901,X003735281,2025-02-21,12:55:00,2025-02-21 12:55:00,2025-02-24 10:05:25,North Ave/N Austin Ave,,NORTH AVE,N AUSTIN AVE,0,0,0,1,Property Damage,No Injuries,Car,11,Front To Rear,2,2,0,4,"$501 to $1,500",1,0,0,0,0,0,0,03,Following Too Closely,28,Failing To Reduce Speed To Avoid Crash,1,No Controls,1,No Controls,1,Clear,1,Daylight,1,Not Divided,1,Dry,3,Free Flow,1,No Defects,O10,O4,41.9092293,-87.7755966,41.9092560,-87.7755890,1136068.00,1910004.63
31791,25 00891,2500891,X003735280,2025-02-21,22:17:00,2025-02-21 22:17:00,2025-02-24 10:05:23,S Austin Blvd/Garfield St,,S AUSTIN BLVD,GARFIELD ST,1,1,0,0,Property Damage,No Injuries,Car,10,Turning (At Least One Vehicle),2,2,0,5,"Over $1,500",0,1,0,0,0,0,0,02,Failing To Yield Right-Of-Way,99,Not Applicable,2,Stop Sign,4,Functioning Properly,1,Clear,5,"Darkness, Lighted Road",14,Four-Way Intersection,1,Dry,3,Free Flow,1,No Defects,O90,O16,41.8704185,-87.7743530,41.8704224,-87.7743149,1136497.13,1895864.88
31796,25 00899,2500899,X003735284,2025-02-22,13:15:00,2025-02-22 13:15:00,2025-02-24 10:13:01,Madison St/S Scoville Ave,,MADISON ST,S SCOVILLE AVE,0,0,0,0,Property Damage,No Injuries,Car,15,Angle,2,2,0,5,"Over $1,500",1,0,0,0,0,0,0,02,Failing To Yield Right-Of-Way,28,Failing To Reduce Speed To Avoid Crash,1,No Controls,1,No Controls,1,Clear,1,Daylight,3,Divided With Median Barrier,1,Dry,3,Free Flow,1,No Defects,O60,O14,41.8798523,-87.7877274,41.8798714,-87.7881393,1132834.25,1899277.13
31795,25 00900,2500900,X003735283,2025-02-22,13:28:00,2025-02-22 13:28:00,2025-02-24 10:13:00,N Ridgeland Ave/Erie St,,N RIDGELAND AVE,ERIE ST,1,1,0,0,Property Damage,No Injuries,Car,7,Other Object,2,1,0,3,$500 or less,1,0,0,0,0,0,0,28,Failing To Reduce Speed To Avoid Crash,02,Failing To Yield Right-Of-Way,10,Other Regulatory Sign,4,Functioning Properly,1,Clear,1,Daylight,2,"Divided, No Median Barrier",1,Dry,1,Slow,1,No Defects,O30,O8,41.8917160,-87.7848282,41.8917236,-87.7847977,1133594.00,1903606.63
31800,25 00904,2500904,X003735289,2025-02-22,14:31:00,2025-02-22 14:31:00,2025-02-24 10:13:05,Randolph St/S Harvey Ave,,RANDOLPH ST,S HARVEY AVE,0,0,0,0,Property Damage,No Injuries,Car,6,Fixed Object,1,1,0,5,"Over $1,500",0,1,0,0,0,0,0,08,Under The Influence Of Alc/Drugs-Use For Dui,28,Failing To Reduce Speed To Avoid Crash,1,No Controls,1,No Controls,1,Clear,1,Daylight,1,Not Divided,1,Dry,3,Free Flow,1,No Defects,O50,O10,41.8839874,-87.7812958,41.8837585,-87.7812958,1134575.63,1900796.50
31799,25 00906,2500906,X003735287,2025-02-22,16:55:00,2025-02-22 16:55:00,2025-02-24 10:13:04,S Austin Blvd/Harrison St,,S AUSTIN BLVD,HARRISON ST,1,0,0,1,Property Damage,No Injuries,Car,12,Sideswipe - Same Direction,2,2,0,5,"Over $1,500",1,0,0,0,0,0,0,04,Improper Overtaking/Passing,28,Failing To Reduce Speed To Avoid Crash,1,No Controls,1,No Controls,1,Clear,1,Daylight,2,"Divided, No Median Barrier",1,Dry,3,Free Flow,1,No Defects,O80,O13,41.8727799,-87.7744522,41.8727799,-87.7744141,1136465.25,1896723.75
31939,25 00921,2500921,X003758855,2025-02-22,20:30:00,2025-02-22 20:30:00,2025-03-19 09:08:01,Garfield St/S Humphrey Ave,,GARFIELD ST,S HUMPHREY AVE,1,1,0,0,Property Damage,No Injuries,Car,9,Parked Motor Vehicle,2,2,0,5,"Over $1,500",1,0,0,0,0,0,0,06,Improper Turning/No Signal,18,Unable To Determine,2,Stop Sign,4,Functioning Properly,1,Clear,5,"Darkness, Lighted Road",15,T-Intersection,9,Unknown,3,Free Flow,1,No Defects,O90,O16,41.8704758,-87.7755432,41.8705025,-87.7755432,1136173.00,1895882.75
31801,25 00897,2500897,X003762478,2025-02-23,12:19:00,2025-02-23 12:19:00,2025-02-24 10:13:06,S Grove Ave/Washington Blvd,,S GROVE AVE,WASHINGTON BLVD,1,1,0,0,Property Damage,No Injuries,Car,15,Angle,2,2,0,5,"Over $1,500",1,0,0,0,0,0,0,23,Disregarding Stop Sign,02,Failing To Yield Right-Of-Way,2,Stop Sign,4,Functioning Properly,1,Clear,1,Daylight,2,"Divided, No Median Barrier",1,Dry,3,Free Flow,1,No Defects,O70,O12,41.8815994,-87.7956085,41.8815994,-87.7956467,1130682.13,1899901.38
31797,25 00918,2500918,X003735285,2025-02-23,14:11:00,2025-02-23 14:11:00,2025-02-24 10:13:02,Lake St/N Marion St,,LAKE ST,N MARION ST,0,0,0,1,Property Damage,No Injuries,Car,11,Front To Rear,2,2,0,4,"$501 to $1,500",1,0,0,0,0,0,0,03,Following Too Closely,28,Failing To Reduce Speed To Avoid Crash,3,Traffic Signal,4,Functioning Properly,8,Cloudy/Overcast,1,Daylight,2,"Divided, No Median Barrier",1,Dry,1,Slow,1,No Defects,O40,O9,41.8886185,-87.8026276,41.8886452,-87.8026276,1128756.38,1902446.75
31794,25 00919,2500919,,2025-02-23,14:35:00,2025-02-23 14:35:00,2025-02-24 09:57:19,800 Forest Ave,800,FOREST AVE,,0,0,0,0,Property Damage,No Injuries,Car,6,Fixed Object,2,1,0,5,"Over $1,500",1,0,0,0,0,0,0,15,Driving Skills/Knowledge/Experience,28,Failing To Reduce Speed To Avoid Crash,2,Stop Sign,4,Functioning Properly,8,Cloudy/Overcast,1,Daylight,1,Not Divided,1,Dry,3,Free Flow,1,No Defects,O20,O6,41.8997765,-87.8008575,41.8999214,-87.8006973,1129213.00,1906515.88
31802,25 00920,2500920,X003735290,2025-02-23,14:49:00,2025-02-23 14:49:00,2025-02-24 10:13:06,N Oak Park Ave/Lake St,,N OAK PARK AVE,LAKE ST,1,1,0,0,Property Damage,No Injuries,Car,12,Sideswipe - Same Direction,2,2,0,4,"$501 to $1,500",1,0,0,0,0,0,0,20,Improper Lane Usage,18,Unable To Determine,3,Traffic Signal,4,Functioning Properly,1,Clear,1,Daylight,1,Not Divided,1,Dry,1,Slow,1,No Defects,O40,O9,41.8886414,-87.7945633,41.8886452,-87.7945251,1130952.25,1902468.88
31811,25 00963,2500963,X003764739,2025-02-23,20:26:00,2025-02-23 20:26:00,2025-02-26 09:37:19,N Austin Blvd/Iowa St,,N AUSTIN BLVD,IOWA ST,1,0,0,1,Property Damage,No Injuries,Car,12,Sideswipe - Same Direction,2,2,0,3,$500 or less,1,0,0,0,0,0,0,04,Improper Overtaking/Passing,28,Failing To Reduce Speed To Avoid Crash,1,No Controls,9,Unknown,1,Clear,5,"Darkness, Lighted Road",2,"Divided, No Median Barrier",9,Unknown,3,Free Flow,1,No Defects,O10,O4,41.8965378,-87.7751617,41.8965530,-87.7752838,1136215.75,1905380.38
31809,25 00946,2500946,X003737464,2025-02-25,01:42:00,2025-02-25 01:42:00,2025-02-26 09:44:57,S Austin Blvd/I290,,S AUSTIN BLVD,I290,1,1,0,0,Property Damage,No Injuries,Car,6,Fixed Object,2,1,0,5,"Over $1,500",0,1,0,0,0,0,0,28,Failing To Reduce Speed To Avoid Crash,99,Not Applicable,3,Traffic Signal,4,Functioning Properly,2,Rain,4,Darkness,14,Four-Way Intersection,2,Wet,3,Free Flow,1,No Defects,O80,O13,41.8712502,-87.7743759,41.8710709,-87.7743301,1136490.13,1896166.00
31810,25 00951,2500951,X003737465,2025-02-25,07:15:00,2025-02-25 07:15:00,2025-02-26 09:45:00,56 Lake St,56,LAKE ST,,0,0,0,1,Property Damage,No Injuries,Car,11,Front To Rear,2,2,0,4,"$501 to $1,500",1,0,0,0,0,0,0,18,Unable To Determine,18,Unable To Determine,1,No Controls,1,No Controls,8,Cloudy/Overcast,9,Unknown,3,Divided With Median Barrier,9,Unknown,3,Free Flow,1,No Defects,O30,O7,41.8881149,-87.7769165,41.8882599,-87.7775726,1135758.63,1902308.38
31813,25 00962,2500962,X003737467,2025-02-25,17:16:00,2025-02-25 17:16:00,2025-02-26 09:45:03,Madison St/S Ridgeland Av,,MADISON ST,S RIDGELAND AV,1,1,0,0,Injury,B Injury Crash,Pedalcyclist,2,Pedalcyclist,2,1,0,4,"$501 to $1,500",0,1,0,0,1,0,1,02,Failing To Yield Right-Of-Way,07,Turning Right On Red,3,Traffic Signal,4,Functioning Properly,1,Clear,1,Daylight,14,Four-Way Intersection,1,Dry,3,Free Flow,1,No Defects,O80,O13,41.8799019,-87.7844620,41.8799324,-87.7844620,1133723.63,1899302.88
31808,25 00965,2500965,X003736426,2025-02-25,21:37:00,2025-02-25 21:37:00,2025-02-26 03:03:55,Harvard St/Lyman Ave,,HARVARD ST,LYMAN AVE,1,1,0,1,Property Damage,No Injuries,Car,15,Angle,2,2,0,5,"Over $1,500",0,1,0,0,0,0,0,02,Failing To Yield Right-Of-Way,23,Disregarding Stop Sign,2,Stop Sign,4,Functioning Properly,1,Clear,5,"Darkness, Lighted Road",1,Not Divided,1,Dry,3,Free Flow,1,No Defects,O90,O16,41.8690605,-87.7767181,41.8690872,-87.7767181,1135857.13,1895365.00
31812,25 00966,2500966,X003737466,2025-02-26,02:28:00,2025-02-26 02:28:00,2025-02-26 09:45:02,Madison St/Wesley,,MADISON ST,WESLEY,0,0,0,0,Property Damage,No Injuries,Car,10,Turning (At Least One Vehicle),2,2,0,5,"Over $1,500",1,0,0,0,0,0,0,02,Failing To Yield Right-Of-Way,04,Improper Overtaking/Passing,1,No Controls,1,No Controls,1,Clear,5,"Darkness, Lighted Road",1,Not Divided,1,Dry,3,Free Flow,1,No Defects,O60,O14,41.8797798,-87.7918091,41.8798065,-87.7918091,1131722.38,1899244.13
31814,25 00976,2500976,X003739412,2025-02-26,14:31:00,2025-02-26 14:31:00,2025-02-27 09:06:42,1108 N Austin Blvd,1108,N AUSTIN BLVD,,0,0,0,0,Property Damage,No Injuries,Car,11,Front To Rear,2,2,0,5,"Over $1,500",0,1,0,0,0,0,0,03,Following Too Closely,28,Failing To Reduce Speed To Avoid Crash,3,Traffic Signal,4,Functioning Properly,1,Clear,1,Daylight,1,Not Divided,1,Dry,3,Free Flow,1,No Defects,O10,O4,41.9004555,-87.7752838,41.9005547,-87.7754669,1136173.88,1906807.38
31815,25 00979,2500979,X003739413,2025-02-26,17:12:00,2025-02-26 17:12:00,2025-02-27 09:06:43,S Grove Ave/Madison St,,S GROVE AVE,MADISON ST,1,1,0,0,Injury,B Injury Crash,Car,11,Front To Rear,2,2,0,5,"Over $1,500",0,1,0,0,1,0,1,28,Failing To Reduce Speed To Avoid Crash,18,Unable To Determine,1,No Controls,1,No Controls,1,Clear,3,Dusk,1,Not Divided,1,Dry,2,Stopped,1,No Defects,O70,O12,41.8797531,-87.7955475,41.8797531,-87.7954559,1130704.13,1899228.75
31816,25 00981,2500981,X003739414,2025-02-26,21:11:00,2025-02-26 21:11:00,2025-02-27 09:06:44,Washington Blvd/S Maple Ave,,WASHINGTON BLVD,S MAPLE AVE,1,1,0,0,Property Damage,No Injuries,Car,10,Turning (At Least One Vehicle),2,2,0,5,"Over $1,500",1,0,0,0,0,0,0,02,Failing To Yield Right-Of-Way,15,Driving Skills/Knowledge/Experience,2,Stop Sign,4,Functioning Properly,1,Clear,5,"Darkness, Lighted Road",2,"Divided, No Median Barrier",1,Dry,3,Free Flow,1,No Defects,O70,O12,41.8813858,-87.8039246,41.8814201,-87.8039246,1128419.88,1899809.88
31834,25 01002,2501002,X003746175,2025-02-27,08:12:00,2025-02-27 08:12:00,2025-03-03 12:17:49,N Austin Blvd/Lake St,,N AUSTIN BLVD,LAKE ST,0,0,0,0,Property Damage,No Injuries,Car,12,Sideswipe - Same Direction,2,2,0,4,"$501 to $1,500",1,0,0,0,0,0,0,28,Failing To Reduce Speed To Avoid Crash,18,Unable To Determine,1,No Controls,1,No Controls,1,Clear,1,Daylight,2,"Divided, No Median Barrier",1,Dry,3,Free Flow,1,No Defects,O30,O10,41.8880272,-87.7748947,41.8880234,-87.7749329,1136309.00,1902279.13
31831,25 00986,2500986,X003746174,2025-02-27,08:42:00,2025-02-27 08:42:00,2025-03-03 12:17:48,Madison St/S Grove Ave,,MADISON ST,S GROVE AVE,1,1,0,1,Property Damage,No Injuries,Car,10,Turning (At Least One Vehicle),2,2,0,4,"$501 to $1,500",1,0,0,0,0,0,0,28,Failing To Reduce Speed To Avoid Crash,18,Unable To Determine,2,Stop Sign,4,Functioning Properly,1,Clear,1,Daylight,14,Four-Way Intersection,1,Dry,3,Free Flow,1,No Defects,O60,O15,41.8797226,-87.7955780,41.8797531,-87.7954559,1130695.00,1899217.25
31898,25 01232,2501232,X003752083,2025-02-28,00:00:00,2025-02-28 00:00:00,2025-03-13 09:57:03,Washington Blvd/S Harvey Ave,,WASHINGTON BLVD,S HARVEY AVE,1,1,0,0,Property Damage,No Injuries,Car,8,Other Non-Collision,1,1,0,4,"$501 to $1,500",1,0,0,0,0,0,0,18,Unable To Determine,99,Not Applicable,1,No Controls,1,No Controls,1,Clear,1,Daylight,2,"Divided, No Median Barrier",1,Dry,1,Slow,7,"Rut, Holes",O50,O10,41.8817978,-87.7812500,41.8817711,-87.7812500,1134593.75,1899998.50
31835,25 01001,2501001,X003742170,2025-02-28,01:26:00,2025-02-28 01:26:00,2025-03-03 12:17:50,1040 S Oak Park Ave,1040,S OAK PARK AVE,,0,0,0,1,Property Damage,No Injuries,Car,6,Fixed Object,2,2,0,4,"$501 to $1,500",1,0,0,0,0,0,0,18,Unable To Determine,18,Unable To Determine,1,No Controls,1,No Controls,1,Clear,5,"Darkness, Lighted Road",1,Not Divided,1,Dry,1,Slow,1,No Defects,O90,O18,41.8691864,-87.7939301,41.8691711,-87.7936783,1131169.13,1895380.88
31822,25 01021,2501021,X003742497,2025-02-28,11:11:00,2025-02-28 11:11:00,2025-03-03 12:17:43,S Ridgeland Ave/Washington Blvd,,S RIDGELAND AVE,WASHINGTON BLVD,1,1,0,0,Property Damage,No Injuries,Car,11,Front To Rear,2,2,0,5,"Over $1,500",1,0,0,0,0,0,0,28,Failing To Reduce Speed To Avoid Crash,03,Following Too Closely,3,Traffic Signal,4,Functioning Properly,1,Clear,1,Daylight,2,"Divided, No Median Barrier",1,Dry,3,Free Flow,1,No Defects,O50,O10,41.8817215,-87.7844772,41.8817253,-87.7845154,1133714.00,1899965.25
31818,25 01005,2501005,X003742493,2025-02-28,12:45:00,2025-02-28 12:45:00,2025-03-03 12:17:41,S Maple Ave/Washington Blvd,,S MAPLE AVE,WASHINGTON BLVD,1,1,0,0,Property Damage,No Injuries,Car,15,Angle,2,2,0,5,"Over $1,500",1,0,0,0,0,0,0,02,Failing To Yield Right-Of-Way,14,"Vision Obscured (Signs, Tree Limbs, Buildings",2,Stop Sign,4,Functioning Properly,8,Cloudy/Overcast,1,Daylight,14,Four-Way Intersection,1,Dry,3,Free Flow,1,No Defects,O70,O12,41.8814201,-87.8038940,41.8814201,-87.8039246,1128428.25,1899821.25
31840,25 01014,2501014,X003742494,2025-02-28,18:35:00,2025-02-28 18:35:00,2025-03-03 12:17:53,147 N Euclid Ave,147,N EUCLID AVE,,0,0,0,0,Property Damage,No Injuries,Car,9,Parked Motor Vehicle,2,2,0,4,"$501 to $1,500",1,0,0,0,0,0,0,30,Improper Backing,18,Unable To Determine,1,No Controls,1,No Controls,9,Unknown,9,Unknown,1,Not Divided,9,Unknown,,,99,Unknown,O30,O8,41.8888550,-87.7927399,41.8890610,-87.7928543,1131447.50,1902550.13
31823,25 01020,2501020,X003742496,2025-03-01,11:03:00,2025-03-01 11:03:00,2025-03-03 12:17:43,N Harlem Ave/Erie St,,N HARLEM AVE,ERIE ST,1,1,0,0,Injury,B Injury Crash,Car,15,Angle,3,2,0,5,"Over $1,500",0,1,0,0,1,0,1,02,Failing To Yield Right-Of-Way,18,Unable To Determine,1,No Controls,1,No Controls,1,Clear,1,Daylight,2,"Divided, No Median Barrier",1,Dry,1,Slow,1,No Defects,R82,RFPD,41.8918190,-87.8051910,41.8918228,-87.8051529,1128050.25,1903609.13
31829,25 01023,2501023,X003742187,2025-03-01,13:57:00,2025-03-01 13:57:00,2025-03-03 12:17:46,N Marion St/North Blvd,,N MARION ST,NORTH BLVD,1,1,0,0,Injury,C Injury Crash,Car,15,Angle,2,2,0,5,"Over $1,500",0,1,0,0,0,1,1,28,Failing To Reduce Speed To Avoid Crash,14,"Vision Obscured (Signs, Tree Limbs, Buildings",2,Stop Sign,4,Functioning Properly,1,Clear,1,Daylight,1,Not Divided,1,Dry,1,Slow,1,No Defects,O40,O9,41.8871956,-87.8024368,41.8871880,-87.8023987,1128811.38,1901928.38
31824,25 01025,2501025,X003742498,2025-03-01,14:06:00,2025-03-01 14:06:00,2025-03-03 12:17:44,S Ridgeland Ave/Washington Blvd,,S RIDGELAND AVE,WASHINGTON BLVD,1,1,0,0,Property Damage,No Injuries,Car,10,Turning (At Least One Vehicle),2,2,0,3,$500 or less,1,0,0,0,0,0,0,20,Improper Lane Usage,06,Improper Turning/No Signal,3,Traffic Signal,4,Functioning Properly,1,Clear,1,Daylight,2,"Divided, No Median Barrier",1,Dry,1,Slow,1,No Defects,O50,O10,41.8817215,-87.7844772,41.8817253,-87.7845154,1133714.00,1899965.25
31825,25 01027,2501027,X003742501,2025-03-01,14:45:00,2025-03-01 14:45:00,2025-03-03 12:17:44,N Harlem Ave/Lake St,,N HARLEM AVE,LAKE ST,1,1,0,1,Property Damage,No Injuries,Car,12,Sideswipe - Same Direction,2,2,0,3,$500 or less,1,0,0,0,0,0,0,03,Following Too Closely,28,Failing To Reduce Speed To Avoid Crash,3,Traffic Signal,4,Functioning Properly,1,Clear,1,Daylight,4,Two-Way Continuous Left-Turn Lane,1,Dry,2,Stopped,1,No Defects,R83,RFPD,41.8885765,-87.8050919,41.8885841,-87.8050537,1128084.88,1902427.75
31826,25 01028,2501028,X003742502,2025-03-01,14:52:00,2025-03-01 14:52:00,2025-03-03 12:17:45,Hayes Ave/Le Moyne St,,HAYES AVE,LE MOYNE ST,0,0,0,0,Property Damage,No Injuries,Car,17,Rear To Rear,2,2,0,4,"$501 to $1,500",1,0,0,0,0,0,0,30,Improper Backing,15,Driving Skills/Knowledge/Experience,1,No Controls,1,No Controls,1,Clear,1,Daylight,1,Not Divided,1,Dry,3,Free Flow,1,No Defects,O10,O1,41.9073715,-87.7794952,41.9074936,-87.7794647,1135010.75,1909320.13
31830,25 01038,2501038,X003746173,2025-03-02,12:26:00,2025-03-02 12:26:00,2025-03-03 12:17:47,N Kenilworth Ave/North Blvd,,N KENILWORTH AVE,NORTH BLVD,0,0,0,0,Property Damage,No Injuries,Car,9,Parked Motor Vehicle,2,2,0,4,"$501 to $1,500",1,0,0,0,0,0,0,30,Improper Backing,99,Not Applicable,1,No Controls,1,No Controls,1,Clear,1,Daylight,1,Not Divided,1,Dry,3,Free Flow,1,No Defects,O40,O9,41.8872261,-87.7971649,41.8872337,-87.7971268,1130246.50,1901949.25
31839,25 01039,2501039,X003744317,2025-03-02,13:05:00,2025-03-02 13:05:00,2025-03-03 12:17:52,North Ave/N Austin Ave,,NORTH AVE,N AUSTIN AVE,0,0,0,1,Property Damage,No Injuries,Car,11,Front To Rear,2,2,0,5,"Over $1,500",1,0,0,0,0,0,0,03,Following Too Closely,28,Failing To Reduce Speed To Avoid Crash,3,Traffic Signal,4,Functioning Properly,1,Clear,1,Daylight,3,Divided With Median Barrier,1,Dry,1,Slow,1,No Defects,,,41.9092293,-87.7755966,41.9092560,-87.7755890,1136068.00,1910004.63
31864,25 01043,2501043,X003744758,2025-03-02,15:55:00,2025-03-02 15:55:00,2025-03-06 08:45:06,S Harlem Ave/Lexington St,,S HARLEM AVE,LEXINGTON ST,0,0,0,0,Property Damage,No Injuries,Car,11,Front To Rear,2,2,0,5,"Over $1,500",1,0,0,0,0,0,0,28,Failing To Reduce Speed To Avoid Crash,18,Unable To Determine,1,No Controls,1,No Controls,1,Clear,1,Daylight,1,Not Divided,1,Dry,2,Stopped,1,No Defects,O90,O18,41.8704796,-87.8043671,41.8704834,-87.8043976,1128323.00,1895834.00
31827,25 01045,2501045,X003746172,2025-03-02,17:08:00,2025-03-02 17:08:00,2025-03-03 12:17:45,N Harlem Ave/Le Moyne St,,N HARLEM AVE,LE MOYNE ST,1,1,0,0,Property Damage,No Injuries,Car,15,Angle,2,2,0,4,"$501 to $1,500",1,0,0,0,0,0,0,18,Unable To Determine,18,Unable To Determine,1,No Controls,1,No Controls,1,Clear,1,Daylight,14,Four-Way Intersection,1,Dry,3,Free Flow,1,No Defects,R81,RFPD,41.9070358,-87.8057632,41.9070435,-87.8057251,1127861.38,1909153.88
31838,25 01046,2501046,X003744711,2025-03-02,18:20:00,2025-03-02 18:20:00,2025-03-03 12:17:52,S Lombard Ave/Jackson Blvd,,S LOMBARD AVE,JACKSON BLVD,1,1,0,1,Property Damage,No Injuries,Car,15,Angle,2,2,0,5,"Over $1,500",0,1,0,0,0,0,0,23,Disregarding Stop Sign,18,Unable To Determine,2,Stop Sign,4,Functioning Properly,1,Clear,5,"Darkness, Lighted Road",2,"Divided, No Median Barrier",1,Dry,1,Slow,1,No Defects,O80,O13,41.8764000,-87.7794037,41.8763237,-87.7794342,1135109.50,1898034.38
31828,25 01047,2501047,X003744713,2025-03-02,18:31:00,2025-03-02 18:31:00,2025-03-03 12:17:46,Roosevelt Rd/Clarence Ave,,ROOSEVELT RD,CLARENCE AVE,0,0,0,1,Property Damage,No Injuries,Car,11,Front To Rear,2,2,0,5,"Over $1,500",1,0,0,0,0,0,0,28,Failing To Reduce Speed To Avoid Crash,18,Unable To Determine,1,No Controls,1,No Controls,1,Clear,5,"Darkness, Lighted Road",1,Not Divided,1,Dry,,,1,No Defects,O90,O17,41.8652534,-87.7900925,41.8652267,-87.7900925,1132223.25,1893954.50
31860,25 01087,2501087,X003744772,2025-03-04,02:39:00,2025-03-04 02:39:00,2025-03-06 08:33:16,1129 Lake St,1129,LAKE ST,,0,0,0,0,Property Damage,No Injuries,Car,11,Front To Rear,2,2,0,5,"Over $1,500",1,0,0,0,0,0,0,99,Not Applicable,99,Not Applicable,1,No Controls,1,No Controls,2,Rain,5,"Darkness, Lighted Road",1,Not Divided,2,Wet,2,Stopped,9,Debris On Roadway,O40,O9,41.8885727,-87.8039627,41.8884849,-87.8039093,1128393.50,1902428.50