record_id,report_number,crash_id,idot_crash_number,date,time,occurred_at,record_added_at,location,street_number,street_name,cross_street,at_intersection,intersection_related,private_property,hit_and_run,crash_severity,crash_injury_severity,crash_mode,crash_type_code,crash_type,total_units,num_motor_vehicles,dooring_pedalcyclist,damage_code,damage,no_injury_drive_away,injury_or_towed,fatalities,a_injuries,b_injuries,c_injuries,total_injured,cause1_code,cause1,cause2_code,cause2,traffic_control_code,traffic_control,device_condition_code,device_condition,weather_code,weather,lighting_code,lighting,trafficway_code,trafficway,road_surface_code,road_surface,flow_condition_code,flow_condition,road_defects_code,road_defects,beat_zone,post_district,latitude,longitude,latitude_geocoded,longitude_geocoded,state_plane_x,state_plane_y
31846,25 01062,2501062,X003742209,2025-03-04,06:37:00,2025-03-04 06:37:00,2025-03-04 09:17:33,Washington Blvd/S Oak Park Ave,,WASHINGTON BLVD,S OAK PARK AVE,0,0,0,1,Property Damage,No Injuries,Car,9,Parked Motor Vehicle,2,2,0,5,"Over $1,500",1,0,0,0,0,0,0,28,Failing To Reduce Speed To Avoid Crash,18,Unable To Determine,1,No Controls,1,No Controls,9,Unknown,9,Unknown,2,"Divided, No Median Barrier",9,Unknown,1,Slow,99,Unknown,O60,O11,41.8815384,-87.7943115,41.8815613,-87.7943115,1131037.25,1899880.13
31852,25 01063,2501063,X003744756,2025-03-04,07:42:00,2025-03-04 07:42:00,2025-03-05 08:20:58,Scoville Ave/Harrison St,,SCOVILLE AVE,HARRISON ST,0,0,0,0,Property Damage,No Injuries,Car,15,Angle,2,2,0,5,"Over $1,500",0,1,0,0,0,0,0,02,Failing To Yield Right-Of-Way,28,Failing To Reduce Speed To Avoid Crash,1,No Controls,1,No Controls,2,Rain,1,Daylight,12,Alley,2,Wet,1,Slow,1,No Defects,O60,O14,41.8725777,-87.7878571,41.8725739,-87.7878876,1132815.38,1896626.00
31848,25 01065,2501065,X003744761,2025-03-04,08:09:00,2025-03-04 08:09:00,2025-03-05 08:09:23,Randolph St/S Lombard Ave,,RANDOLPH ST,S LOMBARD AVE,1,1,0,0,Property Damage,No Injuries,Pedalcyclist,2,Pedalcyclist,2,1,0,3,$500 or less,1,0,0,0,0,0,0,02,Failing To Yield Right-Of-Way,02,Failing To Yield Right-Of-Way,2,Stop Sign,4,Functioning Properly,2,Rain,1,Daylight,14,Four-Way Intersection,2,Wet,1,Slow,1,No Defects,O50,O10,41.8839531,-87.7796783,41.8839836,-87.7796783,1135016.00,1900786.25
31854,25 01068,2501068,X003770194,2025-03-04,10:05:00,2025-03-04 10:05:00,2025-03-05 08:26:44,900 S Oak Park Ave,,900 S OAK PARK AVE,GARFIELD ST,0,0,0,0,Property Damage,No Injuries,Car,11,Front To Rear,3,3,0,5,"Over $1,500",1,0,0,0,0,0,0,28,Failing To Reduce Speed To Avoid Crash,18,Unable To Determine,1,No Controls,1,No Controls,8,Cloudy/Overcast,1,Daylight,2,"Divided, No Median Barrier",2,Wet,2,Stopped,1,No Defects,O90,O17,41.8720245,-87.7939529,41.8719330,-87.7938385,1131156.25,1896415.88
31851,25 01069,2501069,X003744766,2025-03-04,10:19:00,2025-03-04 10:19:00,2025-03-05 08:20:57,Wisconsin Ave/Madison St,,WISCONSIN AVE,MADISON ST,1,1,0,0,Property Damage,No Injuries,Car,12,Sideswipe - Same Direction,2,2,0,3,$500 or less,1,0,0,0,0,0,0,02,Failing To Yield Right-Of-Way,28,Failing To Reduce Speed To Avoid Crash,1,No Controls,1,No Controls,8,Cloudy/Overcast,1,Daylight,1,Not Divided,2,Wet,3,Free Flow,1,No Defects,O70,O12,41.8796387,-87.8022842,41.8796387,-87.8023148,1128870.63,1899175.13
31850,25 01077,2501077,X003744768,2025-03-04,13:17:00,2025-03-04 13:17:00,2025-03-05 08:09:24,S Grove Ave/Garfield St,,S GROVE AVE,GARFIELD ST,1,1,0,0,Property Damage,No Injuries,Car,10,Turning (At Least One Vehicle),2,2,0,5,"Over $1,500",0,1,0,0,0,0,0,02,Failing To Yield Right-Of-Way,28,Failing To Reduce Speed To Avoid Crash,1,No Controls,1,No Controls,2,Rain,1,Daylight,1,Not Divided,2,Wet,3,Free Flow,1,No Defects,O90,O18,41.8721352,-87.7953415,41.8721390,-87.7953033,1130778.13,1896452.50
31855,25 01080,2501080,X003744770,2025-03-04,14:44:00,2025-03-04 14:44:00,2025-03-05 08:26:45,Lake St/N Lombard Ave,,LAKE ST,N LOMBARD AVE,1,1,0,0,Property Damage,No Injuries,Car,12,Sideswipe - Same Direction,2,2,0,5,"Over $1,500",1,0,0,0,0,0,0,04,Improper Overtaking/Passing,28,Failing To Reduce Speed To Avoid Crash,1,No Controls,1,No Controls,2,Rain,1,Daylight,2,"Divided, No Median Barrier",2,Wet,3,Free Flow,1,No Defects,O30,O7,41.8881493,-87.7798080,41.8881798,-87.7798080,1134970.38,1902315.25
31863,25 01088,2501088,X003744773,2025-03-04,19:36:00,2025-03-04 19:36:00,2025-03-06 08:45:06,913 Highland Ave,913,HIGHLAND AVE,,0,0,0,0,Property Damage,No Injuries,Car,6,Fixed Object,2,1,0,4,"$501 to $1,500",1,0,0,0,0,0,0,18,Unable To Determine,28,Failing To Reduce Speed To Avoid Crash,1,No Controls,1,No Controls,2,Rain,5,"Darkness, Lighted Road",8,Other,2,Wet,3,Free Flow,1,No Defects,O80,O13,41.8721428,-87.7817001,41.8721313,-87.7819214,1134492.25,1896479.25
31853,25 01089,2501089,X003746177,2025-03-04,20:06:00,2025-03-04 20:06:00,2025-03-05 08:15:09,Lake St/N Harlem Ave,,LAKE ST,N HARLEM AVE,1,1,0,0,Injury,B Injury Crash,Car,10,Turning (At Least One Vehicle),2,2,0,5,"Over $1,500",0,1,0,0,1,0,1,06,Improper Turning/No Signal,28,Failing To Reduce Speed To Avoid Crash,3,Traffic Signal,4,Functioning Properly,2,Rain,5,"Darkness, Lighted Road",1,Not Divided,2,Wet,1,Slow,1,No Defects,O40,O9,41.8885536,-87.8050537,41.8885841,-87.8050537,1128096.13,1902419.63
31847,25 01091,2501091,X003746176,2025-03-04,22:09:00,2025-03-04 22:09:00,2025-03-05 05:34:17,Harrison St/Wesley,,HARRISON ST,WESLEY,0,0,0,1,Property Damage,No Injuries,Car,9,Parked Motor Vehicle,2,2,0,3,$500 or less,1,0,0,0,0,0,0,28,Failing To Reduce Speed To Avoid Crash,18,Unable To Determine,1,No Controls,1,No Controls,2,Rain,5,"Darkness, Lighted Road",2,"Divided, No Median Barrier",2,Wet,3,Free Flow,1,No Defects,O60,O14,41.8725433,-87.7915649,41.8725739,-87.7915649,1131805.75,1896607.00
31859,25 01099,2501099,X003746179,2025-03-05,13:34:00,2025-03-05 13:34:00,2025-03-06 08:27:26,Lake St/N Ridgeland Ave,,LAKE ST,N RIDGELAND AVE,1,1,0,0,Property Damage,No Injuries,Car,15,Angle,2,2,0,5,"Over $1,500",1,0,0,0,0,0,0,02,Failing To Yield Right-Of-Way,14,"Vision Obscured (Signs, Tree Limbs, Buildings",3,Traffic Signal,4,Functioning Properly,1,Clear,1,Daylight,4,Two-Way Continuous Left-Turn Lane,2,Wet,2,Stopped,1,No Defects,O30,O7,41.8882980,-87.7846985,41.8883209,-87.7846985,1133638.38,1902360.50
31861,25 01104,2501104,X003746180,2025-03-05,17:49:00,2025-03-05 17:49:00,2025-03-06 08:39:11,Division St/N Oak Park Ave,,DIVISION ST,N OAK PARK AVE,1,1,0,0,Property Damage,No Injuries,Car,11,Front To Rear,3,3,0,4,"$501 to $1,500",1,0,0,0,0,0,0,03,Following Too Closely,10,Equipment - Vehicle Condition,3,Traffic Signal,1,No Controls,7,Other,4,Darkness,2,"Divided, No Median Barrier",2,Wet,2,Stopped,99,Unknown,O20,O5,41.9016762,-87.7948608,41.9017067,-87.7948685,1130840.88,1907218.25
31871,25 01108,2501108,X003746184,2025-03-06,08:33:00,2025-03-06 08:33:00,2025-03-07 09:02:42,Garfield St/S Oak Park Ave,,GARFIELD ST,S OAK PARK AVE,1,1,0,0,Injury,C Injury Crash,Car,10,Turning (At Least One Vehicle),2,2,0,5,"Over $1,500",0,1,0,0,0,1,1,02,Failing To Yield Right-Of-Way,28,Failing To Reduce Speed To Avoid Crash,3,Traffic Signal,4,Functioning Properly,1,Clear,1,Daylight,1,Not Divided,1,Dry,3,Free Flow,1,No Defects,O90,O18,41.8719978,-87.7939911,41.8720245,-87.7939911,1131146.25,1896404.88
31869,25 01109,2501109,X003746182,2025-03-06,08:55:00,2025-03-06 08:55:00,2025-03-07 09:02:41,Garfield St/S Oak Park Ave,,GARFIELD ST,S OAK PARK AVE,0,0,0,0,Property Damage,No Injuries,Car,10,Turning (At Least One Vehicle),2,2,0,4,"$501 to $1,500",1,0,0,0,0,0,0,28,Failing To Reduce Speed To Avoid Crash,99,Not Applicable,3,Traffic Signal,4,Functioning Properly,1,Clear,1,Daylight,1,Not Divided,1,Dry,1,Slow,1,No Defects,O90,O18,41.8719978,-87.7939911,41.8720245,-87.7939911,1131146.25,1896404.88
31868,25 01115,2501115,X003745657,2025-03-06,12:29:00,2025-03-06 12:29:00,2025-03-07 09:02:41,South Blvd/S Ridgeland Ave,,SOUTH BLVD,S RIDGELAND AVE,0,0,0,0,Property Damage,No Injuries,Car,6,Fixed Object,2,1,0,5,"Over $1,500",1,0,0,0,0,0,0,28,Failing To Reduce Speed To Avoid Crash,15,Driving Skills/Knowledge/Experience,3,Traffic Signal,4,Functioning Properly,1,Clear,1,Daylight,1,Not Divided,1,Dry,3,Free Flow,1,No Defects,O50,O10,41.8869286,-87.7846527,41.8869553,-87.7846603,1133653.50,1901862.13
31865,25 01117,2501117,X003746181,2025-03-06,14:16:00,2025-03-06 14:16:00,2025-03-06 17:32:49,Chicago Ave/N Ridgeland Ave,,CHICAGO AVE,N RIDGELAND AVE,0,0,0,0,Property Damage,No Injuries,Car,11,Front To Rear,2,2,0,3,$500 or less,1,0,0,0,0,0,0,02,Failing To Yield Right-Of-Way,28,Failing To Reduce Speed To Avoid Crash,3,Traffic Signal,4,Functioning Properly,1,Clear,5,"Darkness, Lighted Road",2,"Divided, No Median Barrier",1,Dry,3,Free Flow,1,No Defects,O30,O7,41.8945465,-87.7848740,41.8945770,-87.7848740,1133576.63,1904637.00
31881,25 01118,2501118,X003748338,2025-03-06,15:09:00,2025-03-06 15:09:00,2025-03-10 14:41:23,North Ave/Kenilworth,,NORTH AVE,KENILWORTH,0,0,0,0,Property Damage,No Injuries,Car,11,Front To Rear,2,2,0,5,"Over $1,500",1,0,0,0,0,0,0,28,Failing To Reduce Speed To Avoid Crash,99,Not Applicable,1,No Controls,1,No Controls,1,Clear,1,Daylight,1,Not Divided,1,Dry,3,Free Flow,1,No Defects,O20,O3,41.9089508,-87.7982483,41.9089775,-87.7982559,1129902.13,1909863.75
31886,25 01120,2501120,X003748341,2025-03-06,16:04:00,2025-03-06 16:04:00,2025-03-10 16:01:50,South Blvd/S Ridgeland Ave,,SOUTH BLVD,S RIDGELAND AVE,0,0,0,0,Injury,B Injury Crash,Car,11,Front To Rear,2,2,0,4,"$501 to $1,500",0,1,0,0,1,0,1,28,Failing To Reduce Speed To Avoid Crash,99,Not Applicable,3,Traffic Signal,4,Functioning Properly,1,Clear,2,Dawn,2,"Divided, No Median Barrier",1,Dry,2,Stopped,1,No Defects,O50,O10,41.8869286,-87.7846527,41.8869553,-87.7846603,1133653.50,1901862.13
31870,25 01124,2501124,X003746183,2025-03-06,17:12:00,2025-03-06 17:12:00,2025-03-07 09:02:42,Jackson Blvd/Harlem,,JACKSON BLVD,HARLEM,0,0,0,0,Property Damage,No Injuries,Car,11,Front To Rear,2,2,0,3,$500 or less,1,0,0,0,0,0,0,03,Following Too Closely,18,Unable To Determine,3,Traffic Signal,4,Functioning Properly,1,Clear,1,Daylight,2,"Divided, No Median Barrier",1,Dry,1,Slow,1,No Defects,O60,O15,41.8759575,-87.8045960,41.8759842,-87.8046036,1128248.63,1897829.75
31872,25 01131,2501131,X003746185,2025-03-07,02:24:00,2025-03-07 02:24:00,2025-03-07 09:02:40,827 N Marion,827,N MARION,,0,0,0,1,Property Damage,No Injuries,Car,12,Sideswipe - Same Direction,2,2,0,5,"Over $1,500",1,0,0,0,0,0,0,28,Failing To Reduce Speed To Avoid Crash,15,Driving Skills/Knowledge/Experience,1,No Controls,1,No Controls,1,Clear,5,"Darkness, Lighted Road",1,Not Divided,1,Dry,1,Slow,1,No Defects,O20,O6,41.9006805,-87.8040008,41.9007797,-87.8041763,1128355.50,1906840.00
31879,25 01135,2501135,X003748351,2025-03-07,08:33:00,2025-03-07 08:33:00,2025-03-10 12:02:11,Austin Blvd/Chicago Ave,,AUSTIN BLVD,CHICAGO AVE,0,0,0,0,Property Damage,No Injuries,Car,10,Turning (At Least One Vehicle),2,2,0,5,"Over $1,500",0,1,0,0,0,0,0,02,Failing To Yield Right-Of-Way,28,Failing To Reduce Speed To Avoid Crash,1,No Controls,1,No Controls,8,Cloudy/Overcast,1,Daylight,2,"Divided, No Median Barrier",1,Dry,1,Slow,1,No Defects,,,41.8947105,-87.7751083,41.8947105,-87.7751389,1136235.63,1904714.63
32392,25 01134,2501134,X003833593,2025-03-07,16:34:00,2025-03-07 16:34:00,2025-05-28 09:28:25,Chicago/Grove,,CHICAGO,GROVE,1,1,0,0,Property Damage,No Injuries,Car,15,Angle,2,2,0,5,"Over $1,500",1,0,0,0,0,0,0,02,Failing To Yield Right-Of-Way,28,Failing To Reduce Speed To Avoid Crash,2,Stop Sign,4,Functioning Properly,1,Clear,1,Daylight,15,T-Intersection,1,Dry,3,Free Flow,1,No Defects,O20,O6,41.8944092,-87.7961731,41.8943787,-87.7961731,1130500.50,1904567.88
31877,25 01163,2501163,X003748353,2025-03-09,09:55:00,2025-03-09 09:55:00,2025-03-10 12:07:59,Chicago Ave/Lombard Ave,,CHICAGO AVE,LOMBARD AVE,1,1,0,0,Property Damage,No Injuries,Car,10,Turning (At Least One Vehicle),2,2,0,5,"Over $1,500",1,0,0,0,0,0,0,02,Failing To Yield Right-Of-Way,28,Failing To Reduce Speed To Avoid Crash,2,Stop Sign,4,Functioning Properly,1,Clear,1,Daylight,2,"Divided, No Median Barrier",1,Dry,1,Slow,1,No Defects,O30,O7,41.8946152,-87.7799988,41.8946495,-87.7800064,1134903.13,1904671.63
31878,25 01167,2501167,X003748356,2025-03-09,12:10:00,2025-03-09 12:10:00,2025-03-10 12:02:11,Harlem Ave/Berkshire,,HARLEM AVE,BERKSHIRE,0,0,0,0,Property Damage,No Injuries,Car,12,Sideswipe - Same Direction,2,2,0,4,"$501 to $1,500",1,0,0,0,0,0,0,20,Improper Lane Usage,99,Not Applicable,1,No Controls,1,No Controls,1,Clear,1,Daylight,2,"Divided, No Median Barrier",1,Dry,3,Free Flow,1,No Defects,R81,RFPD,41.9033623,-87.8056183,41.9033699,-87.8055801,1127909.13,1907814.13
31924,25 01325,2501325,X003757211,2025-03-09,13:54:00,2025-03-09 13:54:00,2025-03-18 08:30:58,Madison St/S Grove Ave,,MADISON ST,S GROVE AVE,1,1,0,0,Property Damage,No Injuries,Car,10,Turning (At Least One Vehicle),2,2,0,5,"Over $1,500",1,0,0,0,0,0,0,28,Failing To Reduce Speed To Avoid Crash,18,Unable To Determine,1,No Controls,1,No Controls,1,Clear,1,Daylight,14,Four-Way Intersection,1,Dry,3,Free Flow,1,No Defects,O60,O15,41.8797226,-87.7955780,41.8797531,-87.7954559,1130695.00,1899217.25
31883,25 01169,2501169,X003748358,2025-03-09,13:55:00,2025-03-09 13:55:00,2025-03-10 14:47:12,N Harlem Ave/Madison St,,N HARLEM AVE,MADISON ST,0,0,0,0,Property Damage,No Injuries,Car,11,Front To Rear,3,3,0,5,"Over $1,500",1,0,0,0,0,0,0,03,Following Too Closely,28,Failing To Reduce Speed To Avoid Crash,3,Traffic Signal,4,Functioning Properly,1,Clear,1,Daylight,2,"Divided, No Median Barrier",1,Dry,1,Slow,1,No Defects,F2,FPPD,41.8796730,-87.8047714,41.8796654,-87.8047333,1128192.88,1899183.13
31876,25 01170,2501170,X003748361,2025-03-09,14:35:00,2025-03-09 14:35:00,2025-03-10 12:07:59,Randolph St/S. Kenilworth Ave / Clinton Ave Alley,,RANDOLPH ST,S. KENILWORTH AVE / CLINTON AVE ALLEY,1,1,0,0,Injury,C Injury Crash,Car,10,Turning (At Least One Vehicle),2,2,0,5,"Over $1,500",0,1,0,0,0,1,1,02,Failing To Yield Right-Of-Way,14,"Vision Obscured (Signs, Tree Limbs, Buildings",1,No Controls,1,No Controls,1,Clear,1,Daylight,15,T-Intersection,1,Dry,1,Slow,1,No Defects,O70,O12,41.8833618,-87.7970276,41.8833885,-87.7970352,1130292.13,1900541.38
31880,25 01173,2501173,X003748364,2025-03-09,19:24:00,2025-03-09 19:24:00,2025-03-10 14:41:22,Hayes Ave/Division St,,HAYES AVE,DIVISION ST,1,1,0,0,Property Damage,No Injuries,Car,11,Front To Rear,2,2,0,5,"Over $1,500",1,0,0,0,0,0,0,03,Following Too Closely,99,Not Applicable,2,Stop Sign,4,Functioning Properly,1,Clear,3,Dusk,2,"Divided, No Median Barrier",1,Dry,1,Slow,1,No Defects,O10,O4,41.9019508,-87.7790680,41.9019585,-87.7790299,1135140.25,1907346.38
31885,25 01177,2501177,X003748365,2025-03-10,06:37:00,2025-03-10 06:37:00,2025-03-10 14:47:13,Augusta/Lombard,,AUGUSTA,LOMBARD,1,1,0,1,Injury,C Injury Crash,Car,15,Angle,2,2,0,5,"Over $1,500",0,1,0,0,0,1,1,02,Failing To Yield Right-Of-Way,99,Not Applicable,2,Stop Sign,4,Functioning Properly,1,Clear,1,Daylight,14,Four-Way Intersection,1,Dry,1,Slow,1,No Defects,O10,O4,41.8982620,-87.7801209,41.8982849,-87.7801209,1134861.50,1905999.13
31890,25 01187,2501187,,2025-03-10,15:06:00,2025-03-10 15:06:00,2025-03-11 16:00:19,S Austin Blvd/Garfield,,S AUSTIN BLVD,GARFIELD,1,1,0,0,Property Damage,No Injuries,Car,10,Turning (At Least One Vehicle),2,2,0,4,"$501 to $1,500",1,0,0,0,0,0,0,06,Improper Turning/No Signal,15,Driving Skills/Knowledge/Experience,1,No Controls,1,No Controls,1,Clear,1,Daylight,2,"Divided, No Median Barrier",1,Dry,3,Free Flow,1,No Defects,O90,O16,41.8704185,-87.7743530,41.8704224,-87.7743149,1136497.13,1895864.88
31887,25 01190,2501190,X003748858,2025-03-10,17:06:00,2025-03-10 17:06:00,2025-03-10 18:40:51,N Harlem Ave/Miller Ave,,N HARLEM AVE,MILLER AVE,1,0,0,0,Property Damage,No Injuries,Car,6,Fixed Object,1,1,0,5,"Over $1,500",0,1,0,0,0,0,0,17,Physical Condition Of Driver,28,Failing To Reduce Speed To Avoid Crash,1,No Controls,1,No Controls,1,Clear,1,Daylight,2,"Divided, No Median Barrier",1,Dry,3,Free Flow,1,No Defects,R82,RFPD,41.8970642,-87.8053894,41.8970718,-87.8053513,1127984.63,1905520.50
31889,25 01191,2501191,X003749418,2025-03-10,17:16:00,2025-03-10 17:16:00,2025-03-11 08:26:24,Madison St/Taylor,,MADISON ST,TAYLOR,1,1,0,0,Property Damage,No Injuries,Car,15,Angle,2,2,0,5,"Over $1,500",1,0,0,0,0,0,0,28,Failing To Reduce Speed To Avoid Crash,15,Driving Skills/Knowledge/Experience,1,No Controls,1,No Controls,1,Clear,1,Daylight,1,Not Divided,1,Dry,3,Free Flow,1,No Defects,O80,O13,41.8800087,-87.7779312,41.8800316,-87.7783203,1135501.50,1899352.50
31891,25 01206,2501206,X003751046,2025-03-11,14:09:00,2025-03-11 14:09:00,2025-03-12 09:22:41,Harlem Ave/Harrison St,,HARLEM AVE,HARRISON ST,0,0,0,0,Property Damage,No Injuries,Car,10,Turning (At Least One Vehicle),2,2,0,5,"Over $1,500",1,0,0,0,0,0,0,06,Improper Turning/No Signal,18,Unable To Determine,3,Traffic Signal,4,Functioning Properly,1,Clear,1,Daylight,2,"Divided, No Median Barrier",1,Dry,3,Free Flow,1,No Defects,O90,O18,41.8723068,-87.8044357,41.8723183,-87.8044663,1128300.88,1896500.75
31892,25 01208,2501208,X003751048,2025-03-11,15:10:00,2025-03-11 15:10:00,2025-03-12 09:22:41,Ridgeland/Van Buren,,RIDGELAND,VAN BUREN,0,0,0,0,Property Damage,No Injuries,Car,11,Front To Rear,2,2,0,4,"$501 to $1,500",1,0,0,0,0,0,0,03,Following Too Closely,28,Failing To Reduce Speed To Avoid Crash,1,No Controls,1,No Controls,1,Clear,1,Daylight,2,"Divided, No Median Barrier",1,Dry,3,Free Flow,1,No Defects,O80,O13,41.8744621,-87.7842407,41.8744621,-87.7842789,1133795.00,1897319.63
31894,25 01212,2501212,X003751050,2025-03-11,16:27:00,2025-03-11 16:27:00,2025-03-12 09:22:42,North Ave/N Ridgeland Ave,,NORTH AVE,N RIDGELAND AVE,0,0,0,1,Property Damage,No Injuries,Car,12,Sideswipe - Same Direction,2,2,0,4,"$501 to $1,500",1,0,0,0,0,0,0,04,Improper Overtaking/Passing,28,Failing To Reduce Speed To Avoid Crash,3,Traffic Signal,4,Functioning Properly,1,Clear,1,Daylight,4,Two-Way Continuous Left-Turn Lane,1,Dry,3,Free Flow,1,No Defects,O10,O1,41.9091339,-87.7833710,41.9091644,-87.7833710,1133952.25,1909956.38
31893,25 01218,2501218,X003751049,2025-03-11,23:17:00,2025-03-11 23:17:00,2025-03-12 09:22:42,N Austin Blvd/South Blvd,,N AUSTIN BLVD,SOUTH BLVD,0,0,0,0,Property Damage,No Injuries,Car,12,Sideswipe - Same Direction,2,2,0,5,"Over $1,500",1,0,0,0,0,0,0,20,Improper Lane Usage,28,Failing To Reduce Speed To Avoid Crash,1,No Controls,1,No Controls,1,Clear,3,Dusk,1,Not Divided,1,Dry,3,Free Flow,1,No Defects,O50,O4,41.8870773,-87.7748642,41.8870812,-87.7748947,1136320.13,1901933.75
31896,25 01229,2501229,X003752081,2025-03-12,09:17:00,2025-03-12 09:17:00,2025-03-13 09:57:01,North Ave/Woodbine Ave,,NORTH AVE,WOODBINE AVE,0,0,0,0,Property Damage,No Injuries,Car,9,Parked Motor Vehicle,2,2,0,3,$500 or less,1,0,0,0,0,0,0,02,Failing To Yield Right-Of-Way,28,Failing To Reduce Speed To Avoid Crash,1,No Controls,1,No Controls,1,Clear,1,Daylight,2,"Divided, No Median Barrier",1,Dry,1,Slow,1,No Defects,O20,O3,41.9089356,-87.7996063,41.9089699,-87.7996063,1129533.50,1909855.38
31900,25 01233,2501233,X003752085,2025-03-12,11:29:00,2025-03-12 11:29:00,2025-03-13 09:57:04,Washington Blvd/S Grove Ave,,WASHINGTON BLVD,S GROVE AVE,1,1,0,1,Property Damage,No Injuries,Car,15,Angle,2,2,0,5,"Over $1,500",1,0,0,0,0,0,0,02,Failing To Yield Right-Of-Way,18,Unable To Determine,2,Stop Sign,4,Functioning Properly,1,Clear,1,Daylight,14,Four-Way Intersection,1,Dry,3,Free Flow,1,No Defects,O70,O12,41.8815689,-87.7956467,41.8815994,-87.7956467,1130673.25,1899890.13
31899,25 01235,2501235,X003752084,2025-03-12,12:07:00,2025-03-12 12:07:00,2025-03-13 09:57:03,N Euclid Ave (Alley)/Erie St,,N EUCLID AVE (ALLEY),ERIE ST,0,0,0,0,Property Damage,No Injuries,Car,15,Angle,2,2,0,5,"Over $1,500",1,0,0,0,0,0,0,02,Failing To Yield Right-Of-Way,28,Failing To Reduce Speed To Avoid Crash,1,No Controls,1,No Controls,1,Clear,1,Daylight,12,Alley,1,Dry,1,Slow,1,No Defects,O30,O8,41.8915825,-87.7928162,41.8918304,-87.8044968,1131420.75,1903543.88
31897,25 01237,2501237,X003752082,2025-03-12,13:43:00,2025-03-12 13:43:00,2025-03-13 09:57:02,S Ridgeland Ave/Garfield St,,S RIDGELAND AVE,GARFIELD ST,1,1,0,0,Injury,C Injury Crash,Car,15,Angle,2,2,0,5,"Over $1,500",0,1,0,0,0,1,1,28,Failing To Reduce Speed To Avoid Crash,25,Disregarding Traffic Signals,3,Traffic Signal,4,Functioning Properly,1,Clear,1,Daylight,14,Four-Way Intersection,1,Dry,3,Free Flow,1,No Defects,O90,O17,41.8710289,-87.7841949,41.8710251,-87.7841568,1133815.50,1896068.88
31895,25 01239,2501239,X003752079,2025-03-12,14:57:00,2025-03-12 14:57:00,2025-03-13 09:57:01,12 Madison St,12,MADISON ST,,0,0,0,1,Property Damage,No Injuries,Car,12,Sideswipe - Same Direction,2,2,0,4,"$501 to $1,500",1,0,0,0,0,0,0,02,Failing To Yield Right-Of-Way,99,Not Applicable,1,No Controls,1,No Controls,1,Clear,1,Daylight,3,Divided With Median Barrier,1,Dry,3,Free Flow,1,No Defects,O80,O13,41.8801041,-87.7752228,41.8802490,-87.7752609,1136237.63,1899391.88
31905,25 01248,2501248,X003753885,2025-03-13,08:00:00,2025-03-13 08:00:00,2025-03-14 09:13:23,438 Madison St,438,MADISON ST,,0,0,0,0,Property Damage,No Injuries,Car,11,Front To Rear,2,2,0,3,$500 or less,1,0,0,0,0,0,0,03,Following Too Closely,28,Failing To Reduce Speed To Avoid Crash,1,No Controls,1,No Controls,1,Clear,1,Daylight,1,Not Divided,1,Dry,1,Slow,1,No Defects,O60,O11,41.8799248,-87.7863770,41.8800697,-87.7867050,1133201.50,1899307.38
31903,25 01250,2501250,X003752232,2025-03-13,09:04:00,2025-03-13 09:04:00,2025-03-14 09:13:23,North Ave/Elmwood,,NORTH AVE,ELMWOOD,0,0,0,0,Property Damage,No Injuries,Pedestrian,1,Pedestrian,2,1,0,3,$500 or less,1,0,0,0,0,0,0,20,Improper Lane Usage,28,Failing To Reduce Speed To Avoid Crash,1,No Controls,1,No Controls,1,Clear,1,Daylight,2,"Divided, No Median Barrier",1,Dry,3,Free Flow,1,No Defects,O20,O2,41.9090843,-87.7873535,41.9091110,-87.7873535,1132868.88,1909931.63
31947,25 01375,2501375,X003758858,2025-03-13,16:32:00,2025-03-13 16:32:00,2025-03-20 17:56:13,Clinton Ave/Randolph St,,CLINTON AVE,RANDOLPH ST,0,0,0,1,Property Damage,No Injuries,Car,9,Parked Motor Vehicle,2,2,0,4,"$501 to $1,500",1,0,0,0,0,0,0,28,Failing To Reduce Speed To Avoid Crash,99,Not Applicable,1,No Controls,1,No Controls,9,Unknown,1,Daylight,1,Not Divided,1,Dry,3,Free Flow,1,No Defects,O70,O12,41.8833618,-87.7984848,41.8833618,-87.7985153,1129896.00,1900538.00
31904,25 01266,2501266,X003752233,2025-03-14,01:28:00,2025-03-14 01:28:00,2025-03-14 09:07:36,6900 Roosevelt Rd,6900,ROOSEVELT RD,,0,0,0,1,Property Damage,No Injuries,Car,11,Front To Rear,2,2,0,5,"Over $1,500",1,0,0,0,0,0,0,18,Unable To Determine,15,Driving Skills/Knowledge/Experience,1,No Controls,1,No Controls,1,Clear,5,"Darkness, Lighted Road",2,"Divided, No Median Barrier",1,Dry,3,Free Flow,1,No Defects,O90,O18,41.8651428,-87.7963715,41.8652000,-87.7964935,1130513.88,1893903.50