record_id,report_number,crash_id,idot_crash_number,date,time,occurred_at,record_added_at,location,street_number,street_name,cross_street,at_intersection,intersection_related,private_property,hit_and_run,crash_severity,crash_injury_severity,crash_mode,crash_type_code,crash_type,total_units,num_motor_vehicles,dooring_pedalcyclist,damage_code,damage,no_injury_drive_away,injury_or_towed,fatalities,a_injuries,b_injuries,c_injuries,total_injured,cause1_code,cause1,cause2_code,cause2,traffic_control_code,traffic_control,device_condition_code,device_condition,weather_code,weather,lighting_code,lighting,trafficway_code,trafficway,road_surface_code,road_surface,flow_condition_code,flow_condition,road_defects_code,road_defects,beat_zone,post_district,latitude,longitude,latitude_geocoded,longitude_geocoded,state_plane_x,state_plane_y
31915,25 01276,2501276,X003755194,2025-03-14,14:26:00,2025-03-14 14:26:00,2025-03-17 09:38:15,N Austin Blvd/Erie Ct,,N AUSTIN BLVD,ERIE CT,0,0,0,0,Property Damage,No Injuries,Car,11,Front To Rear,2,2,0,4,"$501 to $1,500",1,0,0,0,0,0,0,03,Following Too Closely,28,Failing To Reduce Speed To Avoid Crash,3,Traffic Signal,4,Functioning Properly,1,Clear,1,Daylight,2,"Divided, No Median Barrier",1,Dry,1,Slow,1,No Defects,O30,O7,41.8919029,-87.7750168,41.8919029,-87.7750549,1136265.25,1903691.13
31910,25 01286,2501286,X003755196,2025-03-14,20:21:00,2025-03-14 20:21:00,2025-03-17 09:15:12,Madison/Oak Park,,MADISON,OAK PARK,0,0,0,0,Injury,C Injury Crash,Car,11,Front To Rear,3,3,0,3,$500 or less,0,1,0,0,0,3,3,03,Following Too Closely,28,Failing To Reduce Speed To Avoid Crash,3,Traffic Signal,4,Functioning Properly,1,Clear,5,"Darkness, Lighted Road",2,"Divided, No Median Barrier",1,Dry,2,Stopped,1,No Defects,O60,O14,41.8797417,-87.7942505,41.8797722,-87.7942581,1131056.50,1899226.38
31907,25 01287,2501287,X003755198,2025-03-14,21:26:00,2025-03-14 21:26:00,2025-03-17 09:09:11,Madison St/S Ridgeland Av,,MADISON ST,S RIDGELAND AV,1,1,0,1,Property Damage,No Injuries,Car,15,Angle,2,2,0,4,"$501 to $1,500",1,0,0,0,0,0,0,02,Failing To Yield Right-Of-Way,25,Disregarding Traffic Signals,3,Traffic Signal,4,Functioning Properly,1,Clear,5,"Darkness, Lighted Road",14,Four-Way Intersection,1,Dry,3,Free Flow,1,No Defects,O80,O13,41.8799019,-87.7844620,41.8799324,-87.7844620,1133723.63,1899302.88
31916,25 01290,2501290,X003755199,2025-03-15,00:19:00,2025-03-15 00:19:00,2025-03-17 09:38:16,6226 Roosevelt Rd,6226,ROOSEVELT RD,,0,0,0,1,Injury,B Injury Crash,Pedestrian,1,Pedestrian,2,1,0,4,"$501 to $1,500",0,1,0,0,1,0,1,18,Unable To Determine,99,Not Applicable,1,No Controls,1,No Controls,2,Rain,5,"Darkness, Lighted Road",1,Not Divided,2,Wet,1,Slow,1,No Defects,O90,O16,41.8654060,-87.7808380,41.8654785,-87.7806473,1134744.88,1894025.50
31989,25 01292,2501292,X003769855,2025-03-15,01:19:00,2025-03-15 01:19:00,2025-03-31 09:58:57,1176 S Grove Ave,1176,S GROVE AVE,,0,0,0,0,Property Damage,No Injuries,Car,13,Sideswipe - Opposite Direction,2,2,0,4,"$501 to $1,500",0,1,0,0,0,0,0,15,Driving Skills/Knowledge/Experience,99,Not Applicable,1,No Controls,1,No Controls,2,Rain,4,Darkness,1,Not Divided,2,Wet,3,Free Flow,1,No Defects,O90,O18,41.8660622,-87.7951279,41.8659477,-87.7949219,1130850.25,1894240.88
31922,25 01324,2501324,X003756288,2025-03-15,10:51:00,2025-03-15 10:51:00,2025-03-18 08:30:57,Roosevelt Rd/East Ave,,ROOSEVELT RD,EAST AVE,1,1,0,1,Property Damage,No Injuries,Car,11,Front To Rear,2,2,0,4,"$501 to $1,500",1,0,0,0,0,0,0,18,Unable To Determine,99,Not Applicable,3,Traffic Signal,4,Functioning Properly,2,Rain,5,"Darkness, Lighted Road",14,Four-Way Intersection,2,Wet,2,Stopped,1,No Defects,O90,O17,41.8652763,-87.7888641,41.8652534,-87.7888641,1132558.38,1893964.75
31919,25 01309,2501309,X003756072,2025-03-15,19:53:00,2025-03-15 19:53:00,2025-03-17 09:44:07,North Ave/N Austin Ave,,NORTH AVE,N AUSTIN AVE,1,1,0,1,Property Damage,No Injuries,Car,11,Front To Rear,2,2,0,4,"$501 to $1,500",1,0,0,0,0,0,0,28,Failing To Reduce Speed To Avoid Crash,99,Not Applicable,3,Traffic Signal,4,Functioning Properly,1,Clear,4,Darkness,2,"Divided, No Median Barrier",1,Dry,3,Free Flow,99,Unknown,O10,O1,41.9092293,-87.7755966,41.9092560,-87.7755890,1136068.00,1910004.63
31913,25 01314,2501314,X003756071,2025-03-16,11:23:00,2025-03-16 11:23:00,2025-03-17 09:15:13,Greenfield St/N Euclid Ave,,GREENFIELD ST,N EUCLID AVE,0,1,0,0,Property Damage,No Injuries,Car,15,Angle,2,2,0,4,"$501 to $1,500",1,0,0,0,0,0,0,18,Unable To Determine,18,Unable To Determine,1,No Controls,1,No Controls,3,Snow,1,Daylight,1,Not Divided,2,Wet,3,Free Flow,1,No Defects,O20,O2,41.9055595,-87.7937469,41.9055824,-87.7937546,1131134.25,1908635.38
31914,25 01317,2501317,X003755200,2025-03-16,15:02:00,2025-03-16 15:02:00,2025-03-17 09:21:07,S Austin Blvd/Madison St,,S AUSTIN BLVD,MADISON ST,0,0,0,0,Property Damage,No Injuries,Car,11,Front To Rear,2,2,0,4,"$501 to $1,500",1,0,0,0,0,0,0,03,Following Too Closely,28,Failing To Reduce Speed To Avoid Crash,3,Traffic Signal,4,Functioning Properly,1,Clear,1,Daylight,2,"Divided, No Median Barrier",1,Dry,1,Slow,1,No Defects,O80,O13,41.8800888,-87.7746963,41.8800888,-87.7746582,1136381.50,1899387.00
31918,25 01319,2501319,X003755201,2025-03-16,16:07:00,2025-03-16 16:07:00,2025-03-17 09:38:17,Harlem Ave/Augusta St,,HARLEM AVE,AUGUSTA ST,0,0,0,0,Property Damage,No Injuries,Car,11,Front To Rear,2,2,0,3,$500 or less,1,0,0,0,0,0,0,10,Equipment - Vehicle Condition,18,Unable To Determine,3,Traffic Signal,4,Functioning Properly,1,Clear,1,Daylight,1,Not Divided,1,Dry,2,Stopped,1,No Defects,O20,O6,41.8978958,-87.8054199,41.8978996,-87.8053818,1127974.75,1905822.13
31917,25 01320,2501320,X003755202,2025-03-16,17:34:00,2025-03-16 17:34:00,2025-03-17 09:38:16,Madison St/N Austin Blvd,,MADISON ST,N AUSTIN BLVD,1,0,0,0,Property Damage,No Injuries,Car,11,Front To Rear,3,3,0,5,"Over $1,500",1,0,0,0,0,0,0,28,Failing To Reduce Speed To Avoid Crash,99,Not Applicable,3,Traffic Signal,4,Functioning Properly,1,Clear,1,Daylight,1,Not Divided,1,Dry,2,Stopped,1,No Defects,O80,O13,41.8800621,-87.7746582,41.8800888,-87.7746582,1136391.38,1899377.50
31923,25 01322,2501322,X003756281,2025-03-17,06:44:00,2025-03-17 06:44:00,2025-03-18 08:30:58,43 Garfield St,43,GARFIELD ST,,0,0,0,0,Property Damage,No Injuries,Car,9,Parked Motor Vehicle,2,2,0,4,"$501 to $1,500",1,0,0,0,0,0,0,20,Improper Lane Usage,28,Failing To Reduce Speed To Avoid Crash,1,No Controls,1,No Controls,1,Clear,4,Darkness,1,Not Divided,1,Dry,3,Free Flow,1,No Defects,O90,O16,41.8705292,-87.7764282,41.8703766,-87.7762909,1135932.75,1895900.38
31925,25 01323,2501323,X003756285,2025-03-17,08:03:00,2025-03-17 08:03:00,2025-03-18 08:30:59,South Blvd/N Austin Blvd,,SOUTH BLVD,N AUSTIN BLVD,1,1,0,1,Property Damage,No Injuries,Car,9,Parked Motor Vehicle,2,2,0,4,"$501 to $1,500",1,0,0,0,0,0,0,04,Improper Overtaking/Passing,18,Unable To Determine,3,Traffic Signal,4,Functioning Properly,1,Clear,1,Daylight,14,Four-Way Intersection,1,Dry,3,Free Flow,1,No Defects,O50,O10,41.8871040,-87.7748947,41.8870812,-87.7748947,1136310.00,1901943.88
31921,25 01329,2501329,X003756292,2025-03-17,17:54:00,2025-03-17 17:54:00,2025-03-18 08:25:05,S Harlem Ave/I290,,S HARLEM AVE,I290,1,1,0,0,Property Damage,No Injuries,Car,10,Turning (At Least One Vehicle),2,2,0,5,"Over $1,500",1,0,0,0,0,0,0,20,Improper Lane Usage,28,Failing To Reduce Speed To Avoid Crash,3,Traffic Signal,4,Functioning Properly,1,Clear,1,Daylight,11,Ramp,1,Dry,3,Free Flow,1,No Defects,O60,O15,41.8737946,-87.8044968,41.8736153,-87.8045197,1128281.50,1897042.00
31933,25 01334,2501334,X003757214,2025-03-18,08:23:00,2025-03-18 08:23:00,2025-03-18 15:25:01,Chicago Ave/Harlem Ave,,CHICAGO AVE,HARLEM AVE,0,0,0,0,Property Damage,No Injuries,Car,11,Front To Rear,2,2,0,3,$500 or less,1,0,0,0,0,0,0,28,Failing To Reduce Speed To Avoid Crash,03,Following Too Closely,3,Traffic Signal,4,Functioning Properly,1,Clear,1,Daylight,2,"Divided, No Median Barrier",1,Dry,1,Slow,1,No Defects,O40,O9,41.8942032,-87.8052445,41.8942337,-87.8052445,1128030.88,1904477.63
31932,25 01335,2501335,X003757213,2025-03-18,09:25:00,2025-03-18 09:25:00,2025-03-18 15:25:00,N Harlem Ave/Washington Blvd,,N HARLEM AVE,WASHINGTON BLVD,1,1,0,1,Property Damage,No Injuries,Car,12,Sideswipe - Same Direction,2,2,0,5,"Over $1,500",0,1,0,0,0,0,0,02,Failing To Yield Right-Of-Way,28,Failing To Reduce Speed To Avoid Crash,3,Traffic Signal,4,Functioning Properly,8,Cloudy/Overcast,1,Daylight,1,Not Divided,1,Dry,3,Free Flow,1,No Defects,O70,O12,41.8813934,-87.8048325,41.8814087,-87.8047943,1128172.13,1899810.88
31931,25 01336,2501336,X003757212,2025-03-18,10:35:00,2025-03-18 10:35:00,2025-03-18 15:25:00,303 S Humphrey Ave,303,S HUMPHREY AVE,,0,0,0,0,Property Damage,No Injuries,Car,16,Rear To Side,2,2,0,5,"Over $1,500",1,0,0,0,0,0,0,02,Failing To Yield Right-Of-Way,18,Unable To Determine,1,No Controls,1,No Controls,1,Clear,1,Daylight,12,Alley,1,Dry,3,Free Flow,1,No Defects,O50,O10,41.8839149,-87.7763824,41.8837662,-87.7766571,1135914.75,1900778.00
31934,25 01338,2501338,X003775865,2025-03-18,12:25:00,2025-03-18 12:25:00,2025-03-18 15:25:02,6500 Roosevelt,6500,ROOSEVELT,,0,0,0,0,Property Damage,No Injuries,Car,16,Rear To Side,2,2,0,5,"Over $1,500",1,0,0,0,0,0,0,30,Improper Backing,28,Failing To Reduce Speed To Avoid Crash,2,Stop Sign,4,Functioning Properly,1,Clear,1,Daylight,1,Not Divided,1,Dry,3,Free Flow,1,No Defects,O90,O17,41.8653183,-87.7864227,41.8654098,-87.7866058,1133223.38,1893984.13
31935,25 01339,2501339,X003757215,2025-03-18,12:52:00,2025-03-18 12:52:00,2025-03-18 15:24:59,S Maple Ave/Madison St,,S MAPLE AVE,MADISON ST,1,1,0,0,Property Damage,No Injuries,Car,10,Turning (At Least One Vehicle),2,2,0,5,"Over $1,500",1,0,0,0,0,0,0,02,Failing To Yield Right-Of-Way,18,Unable To Determine,2,Stop Sign,4,Functioning Properly,1,Clear,1,Daylight,14,Four-Way Intersection,1,Dry,1,Slow,1,No Defects,O70,O12,41.8796234,-87.8038330,41.8796196,-87.8038635,1128448.88,1899167.25
31941,25 01342,2501342,X003757610,2025-03-18,15:02:00,2025-03-18 15:02:00,2025-03-19 09:08:02,N Oak Park Ave/Lake St,,N OAK PARK AVE,LAKE ST,1,1,0,1,Property Damage,No Injuries,Car,12,Sideswipe - Same Direction,2,2,0,3,$500 or less,1,0,0,0,0,0,0,03,Following Too Closely,20,Improper Lane Usage,3,Traffic Signal,4,Functioning Properly,1,Clear,1,Daylight,14,Four-Way Intersection,1,Dry,1,Slow,1,No Defects,O40,O9,41.8886414,-87.7945633,41.8886452,-87.7945251,1130952.25,1902468.88
31964,25 01398,2501398,X003764245,2025-03-18,18:07:00,2025-03-18 18:07:00,2025-03-24 10:24:23,S Ridgeland Ave/South Blvd,,S RIDGELAND AVE,SOUTH BLVD,0,0,0,1,Property Damage,No Injuries,Car,11,Front To Rear,2,2,0,5,"Over $1,500",1,0,0,0,0,0,0,28,Failing To Reduce Speed To Avoid Crash,03,Following Too Closely,3,Traffic Signal,4,Functioning Properly,1,Clear,1,Daylight,1,Not Divided,1,Dry,2,Stopped,1,No Defects,O50,O10,41.8869591,-87.7846298,41.8869553,-87.7846603,1133661.75,1901873.50
31940,25 01348,2501348,X003757611,2025-03-19,02:50:00,2025-03-19 02:50:00,2025-03-19 09:08:02,S Harlem Ave/I290 E,,S HARLEM AVE,I290 E,1,1,0,0,Property Damage,No Injuries,Car,11,Front To Rear,2,2,0,5,"Over $1,500",1,0,0,0,0,0,0,28,Failing To Reduce Speed To Avoid Crash,99,Not Applicable,3,Traffic Signal,4,Functioning Properly,1,Clear,4,Darkness,3,Divided With Median Barrier,1,Dry,3,Free Flow,1,No Defects,O90,O18,41.8735123,-87.8044891,41.8736153,-87.8045197,1128283.25,1896939.50
31944,25 01349,2501349,X003758856,2025-03-19,10:45:00,2025-03-19 10:45:00,2025-03-19 15:49:36,173 N Grove,173,N GROVE,,0,0,0,0,Property Damage,No Injuries,Car,9,Parked Motor Vehicle,2,2,0,3,$500 or less,1,0,0,0,0,0,0,04,Improper Overtaking/Passing,15,Driving Skills/Knowledge/Experience,1,No Controls,1,No Controls,1,Clear,1,Daylight,7,Parking Lot,1,Dry,3,Free Flow,1,No Defects,O40,O9,41.8897438,-87.7961044,41.8898964,-87.7963180,1130530.63,1902867.25
31946,25 01361,2501361,X003758857,2025-03-20,05:57:00,2025-03-20 05:57:00,2025-03-20 13:58:10,450 Division St,450,DIVISION ST,,0,0,0,0,Injury,B Injury Crash,Car,7,Other Object,3,1,1,5,"Over $1,500",0,1,0,0,1,0,1,18,Unable To Determine,18,Unable To Determine,1,No Controls,1,No Controls,3,Snow,5,"Darkness, Lighted Road",1,Not Divided,3,Snow or Slush,3,Free Flow,1,No Defects,O20,O6,41.9016266,-87.7979431,41.9018974,-87.7868271,1130001.88,1907194.63
31951,25 01369,2501369,X003760398,2025-03-20,12:51:00,2025-03-20 12:51:00,2025-03-21 07:34:46,Roosevelt Rd/S Humphrey Ave,,ROOSEVELT RD,S HUMPHREY AVE,1,0,0,0,Property Damage,No Injuries,Car,12,Sideswipe - Same Direction,2,2,0,4,"$501 to $1,500",1,0,0,0,0,0,0,02,Failing To Yield Right-Of-Way,99,Not Applicable,3,Traffic Signal,4,Functioning Properly,1,Clear,1,Daylight,1,Not Divided,1,Dry,3,Free Flow,1,No Defects,O90,O16,41.8654785,-87.7753677,41.8654518,-87.7753677,1136234.63,1894061.75
31952,25 01372,2501372,X003760399,2025-03-20,14:24:00,2025-03-20 14:24:00,2025-03-21 07:34:47,Madison St/N Harlem Ave,,MADISON ST,N HARLEM AVE,0,0,0,0,Property Damage,No Injuries,Car,11,Front To Rear,2,2,0,5,"Over $1,500",1,0,0,0,0,0,0,03,Following Too Closely,28,Failing To Reduce Speed To Avoid Crash,3,Traffic Signal,4,Functioning Properly,1,Clear,1,Daylight,1,Not Divided,1,Dry,3,Free Flow,1,No Defects,O60,O15,41.8796349,-87.8047333,41.8796654,-87.8047333,1128202.63,1899169.38
31950,25 01376,2501376,X003760397,2025-03-20,19:20:00,2025-03-20 19:20:00,2025-03-21 07:34:46,Austin Blvd/Ontario St,,AUSTIN BLVD,ONTARIO ST,0,0,0,0,Property Damage,No Injuries,Car,11,Front To Rear,2,2,0,5,"Over $1,500",0,1,0,0,0,0,0,28,Failing To Reduce Speed To Avoid Crash,03,Following Too Closely,1,No Controls,1,No Controls,1,Clear,5,"Darkness, Lighted Road",1,Not Divided,1,Dry,2,Stopped,1,No Defects,,,41.8905106,-87.7749710,41.8905106,-87.7750092,1136281.00,1903184.25
31948,25 01380,2501380,X003758859,2025-03-20,22:15:00,2025-03-20 22:15:00,2025-03-21 00:21:37,S Austin Blvd/Garfield St,,S AUSTIN BLVD,GARFIELD ST,1,0,0,1,Property Damage,No Injuries,Car,11,Front To Rear,2,2,0,5,"Over $1,500",1,0,0,0,0,0,0,15,Driving Skills/Knowledge/Experience,18,Unable To Determine,2,Stop Sign,4,Functioning Properly,1,Clear,5,"Darkness, Lighted Road",2,"Divided, No Median Barrier",1,Dry,3,Free Flow,1,No Defects,O90,O16,41.8704185,-87.7743530,41.8704224,-87.7743149,1136497.13,1895864.88
31949,25 01381,2501381,X003760396,2025-03-20,22:27:00,2025-03-20 22:27:00,2025-03-21 07:23:17,Austin Bl/Thomas St,,AUSTIN BL,THOMAS ST,0,0,0,0,Injury,B Injury Crash,Car,14,Front To Front,2,2,0,5,"Over $1,500",0,1,0,0,3,0,3,20,Improper Lane Usage,28,Failing To Reduce Speed To Avoid Crash,1,No Controls,1,No Controls,1,Clear,5,"Darkness, Lighted Road",1,Not Divided,1,Dry,,,1,No Defects,,,41.9001732,-87.7752686,41.9001732,-87.7753067,1136177.00,1906704.38
31961,25 01384,2501384,X003764239,2025-03-21,07:26:00,2025-03-21 07:26:00,2025-03-24 10:18:18,Chicago Ave/N Humphrey Ave,,CHICAGO AVE,N HUMPHREY AVE,1,1,0,0,Property Damage,No Injuries,Car,10,Turning (At Least One Vehicle),2,2,0,5,"Over $1,500",0,1,0,0,0,0,0,02,Failing To Yield Right-Of-Way,28,Failing To Reduce Speed To Avoid Crash,2,Stop Sign,4,Functioning Properly,1,Clear,1,Daylight,2,"Divided, No Median Barrier",1,Dry,1,Slow,1,No Defects,O10,O4,41.8947144,-87.7767563,41.8946838,-87.7767563,1135785.50,1904712.25
31959,25 01385,2501385,X003764238,2025-03-21,08:13:00,2025-03-21 08:13:00,2025-03-24 10:18:16,Lake St/N Humphrey Ave,,LAKE ST,N HUMPHREY AVE,1,0,0,1,Property Damage,No Injuries,Car,15,Angle,2,2,0,5,"Over $1,500",1,0,0,0,0,0,0,02,Failing To Yield Right-Of-Way,28,Failing To Reduce Speed To Avoid Crash,2,Stop Sign,4,Functioning Properly,1,Clear,1,Daylight,2,"Divided, No Median Barrier",1,Dry,1,Slow,1,No Defects,O30,O7,41.8880501,-87.7765503,41.8880806,-87.7765579,1135857.63,1902285.38
31962,25 01390,2501390,X003764241,2025-03-21,13:31:00,2025-03-21 13:31:00,2025-03-24 10:24:22,S Ridgeland Ave/Jackson Blvd,,S RIDGELAND AVE,JACKSON BLVD,1,1,0,0,Property Damage,No Injuries,Car,15,Angle,2,2,0,5,"Over $1,500",0,1,0,0,0,0,0,25,Disregarding Traffic Signals,28,Failing To Reduce Speed To Avoid Crash,3,Traffic Signal,4,Functioning Properly,1,Clear,1,Daylight,14,Four-Way Intersection,1,Dry,3,Free Flow,1,No Defects,O80,O13,41.8762855,-87.7843094,41.8762817,-87.7843475,1133773.38,1897984.50
31963,25 01394,2501394,X003764243,2025-03-21,16:08:00,2025-03-21 16:08:00,2025-03-24 10:24:23,Oak Park Ave/Erie St,,OAK PARK AVE,ERIE ST,0,0,0,0,Property Damage,No Injuries,Car,9,Parked Motor Vehicle,3,3,1,5,"Over $1,500",0,1,0,0,0,0,0,28,Failing To Reduce Speed To Avoid Crash,02,Failing To Yield Right-Of-Way,1,No Controls,1,No Controls,1,Clear,1,Daylight,2,"Divided, No Median Barrier",1,Dry,1,Slow,1,No Defects,O40,O9,41.8915558,-87.7946396,41.8915520,-87.7946014,1130925.00,1903530.00
31971,25 01446,2501446,X003764251,2025-03-21,19:17:00,2025-03-21 19:17:00,2025-03-25 08:44:19,S East Ave/Washington Blvd,,S EAST AVE,WASHINGTON BLVD,0,0,0,0,Property Damage,No Injuries,Car,11,Front To Rear,2,2,0,3,$500 or less,1,0,0,0,0,0,0,03,Following Too Closely,99,Not Applicable,1,No Controls,1,No Controls,1,Clear,1,Daylight,1,Not Divided,1,Dry,1,Slow,1,No Defects,O60,O11,41.8816414,-87.7893753,41.8816338,-87.7894134,1132380.13,1899926.50
31967,25 01400,2501400,X003764245,2025-03-21,21:12:00,2025-03-21 21:12:00,2025-03-24 10:18:17,Garfield St/S Humphrey Ave,,GARFIELD ST,S HUMPHREY AVE,0,0,0,1,Property Damage,No Injuries,Car,9,Parked Motor Vehicle,2,2,0,5,"Over $1,500",1,0,0,0,0,0,0,28,Failing To Reduce Speed To Avoid Crash,18,Unable To Determine,1,No Controls,1,No Controls,1,Clear,1,Daylight,1,Not Divided,1,Dry,3,Free Flow,1,No Defects,O90,O16,41.8704758,-87.7755432,41.8705025,-87.7755432,1136173.00,1895882.75
31965,25 01403,2501403,X003764247,2025-03-21,23:43:00,2025-03-21 23:43:00,2025-03-24 10:24:24,S Austin Blvd/Garfield St,,S AUSTIN BLVD,GARFIELD ST,1,0,0,0,Property Damage,No Injuries,Car,11,Front To Rear,2,2,0,5,"Over $1,500",1,0,0,0,0,0,0,03,Following Too Closely,15,Driving Skills/Knowledge/Experience,2,Stop Sign,4,Functioning Properly,1,Clear,5,"Darkness, Lighted Road",4,Two-Way Continuous Left-Turn Lane,1,Dry,2,Stopped,1,No Defects,O90,O16,41.8704185,-87.7743530,41.8704224,-87.7743149,1136497.13,1895864.88
31966,25 01405,2501405,X003764248,2025-03-22,02:13:00,2025-03-22 02:13:00,2025-03-24 10:24:24,1131 S Oak Park Ave,1131,S OAK PARK AVE,,0,0,0,0,Property Damage,No Injuries,Car,9,Parked Motor Vehicle,3,3,0,5,"Over $1,500",0,1,0,0,0,0,0,28,Failing To Reduce Speed To Avoid Crash,15,Driving Skills/Knowledge/Experience,1,No Controls,1,No Controls,1,Clear,5,"Darkness, Lighted Road",2,"Divided, No Median Barrier",1,Dry,3,Free Flow,1,No Defects,O90,O17,41.8675079,-87.7938003,41.8676567,-87.7940369,1131208.88,1894769.75
31954,25 01407,2501407,X003761908,2025-03-22,11:18:00,2025-03-22 11:18:00,2025-03-22 14:08:48,1163 S Elmwood Ave,,1163 S ELMWOOD AVE,FILLMORE ST,0,0,0,0,Property Damage,No Injuries,Car,12,Sideswipe - Same Direction,2,2,0,5,"Over $1,500",1,0,0,0,0,0,0,02,Failing To Yield Right-Of-Way,18,Unable To Determine,1,No Controls,1,No Controls,1,Clear,1,Daylight,1,Not Divided,1,Dry,3,Free Flow,1,No Defects,O90,O17,41.8671341,-87.7852173,41.8665962,-87.7854233,1133546.75,1894648.88
31968,25 01408,2501408,X003764249,2025-03-22,12:02:00,2025-03-22 12:02:00,2025-03-24 10:24:25,Madison St/S Grove Ave,,MADISON ST,S GROVE AVE,1,1,0,0,Property Damage,No Injuries,Pedalcyclist,2,Pedalcyclist,2,1,0,3,$500 or less,1,0,0,0,0,0,0,02,Failing To Yield Right-Of-Way,18,Unable To Determine,16,Railroad Crossing Sign,1,No Controls,1,Clear,1,Daylight,14,Four-Way Intersection,1,Dry,3,Free Flow,1,No Defects,O60,O15,41.8797226,-87.7955780,41.8797531,-87.7954559,1130695.00,1899217.25
31969,25 01410,2501410,X003764250,2025-03-22,13:20:00,2025-03-22 13:20:00,2025-03-24 10:24:25,Lombard Ave/Chicago Ave,,LOMBARD AVE,CHICAGO AVE,0,0,0,0,Property Damage,No Injuries,Car,15,Angle,2,2,0,3,$500 or less,1,0,0,0,0,0,0,02,Failing To Yield Right-Of-Way,28,Failing To Reduce Speed To Avoid Crash,1,No Controls,1,No Controls,1,Clear,1,Daylight,2,"Divided, No Median Barrier",1,Dry,1,Slow,1,No Defects,O30,O7,41.8946419,-87.7800446,41.8946495,-87.7800064,1134891.50,1904680.63
31960,25 01417,2501417,X003764766,2025-03-22,19:54:00,2025-03-22 19:54:00,2025-03-24 10:18:16,Madison St/Pennsylvania Way,,MADISON ST,PENNSYLVANIA WAY,1,1,0,0,Property Damage,No Injuries,Car,18,Rear To Front,2,2,0,5,"Over $1,500",1,0,0,0,0,0,0,30,Improper Backing,99,Not Applicable,1,No Controls,1,No Controls,1,Clear,5,"Darkness, Lighted Road",1,Not Divided,1,Dry,3,Free Flow,1,No Defects,O60,O15,41.8796234,-87.8015137,41.8796463,-87.8015137,1129079.75,1899170.13
31970,25 01435,2501435,,2025-03-23,20:33:00,2025-03-23 20:33:00,2025-03-24 10:30:18,S Harlem Ave/I290 W,,S HARLEM AVE,I290 W,0,0,0,1,Property Damage,No Injuries,Car,13,Sideswipe - Opposite Direction,3,3,0,5,"Over $1,500",1,0,0,0,0,0,0,08,Under The Influence Of Alc/Drugs-Use For Dui,20,Improper Lane Usage,3,Traffic Signal,4,Functioning Properly,10,Freezing Rain/Drizzle,5,"Darkness, Lighted Road",3,Divided With Median Barrier,2,Wet,2,Stopped,1,No Defects,O60,O15,41.8737946,-87.8044968,41.8738136,-87.8045197,1128281.50,1897042.00
31977,25 01451,2501451,X003765418,2025-03-25,12:11:00,2025-03-25 12:11:00,2025-03-25 15:49:30,N Ridgeland Ave/Erie St,,N RIDGELAND AVE,ERIE ST,1,1,0,0,Property Damage,No Injuries,Car,15,Angle,2,2,0,5,"Over $1,500",1,0,0,0,0,0,0,23,Disregarding Stop Sign,15,Driving Skills/Knowledge/Experience,2,Stop Sign,4,Functioning Properly,1,Clear,1,Daylight,1,Not Divided,1,Dry,3,Free Flow,1,No Defects,O30,O8,41.8917160,-87.7848282,41.8917236,-87.7847977,1133594.00,1903606.63
31981,25 01452,2501452,X003764781,2025-03-25,12:29:00,2025-03-25 12:29:00,2025-03-26 09:00:20,Madison St/S East Ave,,MADISON ST,S EAST AVE,1,1,0,0,Property Damage,No Injuries,Car,15,Angle,2,2,0,3,$500 or less,1,0,0,0,0,0,0,02,Failing To Yield Right-Of-Way,25,Disregarding Traffic Signals,3,Traffic Signal,4,Functioning Properly,1,Clear,1,Daylight,2,"Divided, No Median Barrier",1,Dry,3,Free Flow,1,No Defects,O60,O14,41.8798218,-87.7893600,41.8798523,-87.7893600,1132389.38,1899263.88
31976,25 01453,2501453,X003764253,2025-03-25,12:36:00,2025-03-25 12:36:00,2025-03-25 15:49:29,229 Madison St,229,MADISON ST,,0,0,0,0,Property Damage,No Injuries,Car,9,Parked Motor Vehicle,2,2,0,4,"$501 to $1,500",1,0,0,0,0,0,0,28,Failing To Reduce Speed To Avoid Crash,99,Not Applicable,1,No Controls,1,No Controls,1,Clear,1,Daylight,7,Parking Lot,1,Dry,2,Stopped,1,No Defects,O80,O13,41.8800392,-87.7758865,41.8798180,-87.7810822,1136058.00,1899366.00
31978,25 01455,2501455,X003764254,2025-03-25,13:21:00,2025-03-25 13:21:00,2025-03-25 15:49:30,Austin/Garfield,,AUSTIN,GARFIELD,1,0,0,0,Property Damage,No Injuries,Car,11,Front To Rear,2,2,0,4,"$501 to $1,500",1,0,0,0,0,0,0,03,Following Too Closely,28,Failing To Reduce Speed To Avoid Crash,1,No Controls,1,No Controls,1,Clear,1,Daylight,2,"Divided, No Median Barrier",1,Dry,1,Slow,1,No Defects,O90,O16,41.8704185,-87.7743530,41.8704224,-87.7743149,1136497.13,1895864.88
31979,25 01457,2501457,X003765436,2025-03-25,14:21:00,2025-03-25 14:21:00,2025-03-26 09:00:19,S Harlem Ave/Roosevelt Rd,,S HARLEM AVE,ROOSEVELT RD,0,0,0,0,Property Damage,No Injuries,Car,15,Angle,2,2,0,5,"Over $1,500",1,0,0,0,0,0,0,28,Failing To Reduce Speed To Avoid Crash,20,Improper Lane Usage,3,Traffic Signal,4,Functioning Properly,1,Clear,1,Daylight,1,Not Divided,1,Dry,3,Free Flow,1,No Defects,,,41.8649864,-87.8041687,41.8649864,-87.8042068,1128389.25,1893832.00