record_id,report_number,crash_id,idot_crash_number,date,time,occurred_at,record_added_at,location,street_number,street_name,cross_street,at_intersection,intersection_related,private_property,hit_and_run,crash_severity,crash_injury_severity,crash_mode,crash_type_code,crash_type,total_units,num_motor_vehicles,dooring_pedalcyclist,damage_code,damage,no_injury_drive_away,injury_or_towed,fatalities,a_injuries,b_injuries,c_injuries,total_injured,cause1_code,cause1,cause2_code,cause2,traffic_control_code,traffic_control,device_condition_code,device_condition,weather_code,weather,lighting_code,lighting,trafficway_code,trafficway,road_surface_code,road_surface,flow_condition_code,flow_condition,road_defects_code,road_defects,beat_zone,post_district,latitude,longitude,latitude_geocoded,longitude_geocoded,state_plane_x,state_plane_y
31980,25 01464,2501464,X003765437,2025-03-26,01:08:00,2025-03-26 01:08:00,2025-03-26 09:00:20,N Harlem Ave/Washington St,,N HARLEM AVE,WASHINGTON ST,1,1,0,0,Property Damage,No Injuries,Car,11,Front To Rear,2,2,0,4,"$501 to $1,500",1,0,0,0,0,0,0,43,"Distraction - Othr Elec Dev (Nav,Dvd,Etc)",28,Failing To Reduce Speed To Avoid Crash,3,Traffic Signal,4,Functioning Properly,1,Clear,5,"Darkness, Lighted Road",2,"Divided, No Median Barrier",1,Dry,3,Free Flow,1,No Defects,F1,FPPD,41.8813934,-87.8048325,41.8814087,-87.8047943,1128172.13,1899810.88
31982,25 01468,2501468,X003765441,2025-03-26,09:45:00,2025-03-26 09:45:00,2025-03-26 15:42:54,South Blvd/S Humphrey Ave,,SOUTH BLVD,S HUMPHREY AVE,1,1,0,0,Property Damage,No Injuries,Car,15,Angle,2,2,0,5,"Over $1,500",1,0,0,0,0,0,0,02,Failing To Yield Right-Of-Way,18,Unable To Determine,2,Stop Sign,4,Functioning Properly,1,Clear,1,Daylight,14,Four-Way Intersection,1,Dry,3,Free Flow,1,No Defects,O50,O10,41.8870316,-87.7765122,41.8870621,-87.7765198,1135870.00,1901914.13
31983,25 01478,2501478,X003765443,2025-03-26,17:34:00,2025-03-26 17:34:00,2025-03-27 09:53:44,Austin Blvd/Lake St,,AUSTIN BLVD,LAKE ST,1,0,0,1,Property Damage,No Injuries,Car,12,Sideswipe - Same Direction,2,2,0,4,"$501 to $1,500",1,0,0,0,0,0,0,20,Improper Lane Usage,99,Not Applicable,3,Traffic Signal,4,Functioning Properly,1,Clear,2,Dawn,1,Not Divided,1,Dry,3,Free Flow,1,No Defects,,,41.8880272,-87.7748947,41.8880234,-87.7749329,1136309.00,1902279.13
31985,25 01493,2501493,,2025-03-28,08:01:00,2025-03-28 08:01:00,2025-03-28 15:47:52,North Ave/Rossell,,NORTH AVE,ROSSELL,0,0,0,0,Property Damage,No Injuries,Car,12,Sideswipe - Same Direction,3,2,0,3,$500 or less,1,0,0,0,0,0,0,15,Driving Skills/Knowledge/Experience,18,Unable To Determine,1,No Controls,1,No Controls,7,Other,1,Daylight,2,"Divided, No Median Barrier",2,Wet,1,Slow,1,No Defects,O20,O2,41.9091034,-87.7860489,41.9091301,-87.7860565,1133222.13,1909939.63
32031,25 01643,2501643,X003776223,2025-03-28,08:55:00,2025-03-28 08:55:00,2025-04-07 12:56:41,Lake St/North Blvd,,LAKE ST,NORTH BLVD,0,0,0,0,Property Damage,No Injuries,Car,9,Parked Motor Vehicle,2,2,0,3,$500 or less,1,0,0,0,0,0,0,02,Failing To Yield Right-Of-Way,18,Unable To Determine,1,No Controls,1,No Controls,7,Other,1,Daylight,7,Parking Lot,9,Unknown,1,Slow,1,No Defects,O30,O7,41.8882256,-87.7822952,41.8878098,-87.7749329,1134293.50,1902338.00
31986,25 01500,2501500,X003769852,2025-03-28,17:36:00,2025-03-28 17:36:00,2025-03-31 09:53:04,Roosevelt Rd/Euclid Ave,,ROOSEVELT RD,EUCLID AVE,0,0,0,0,Property Damage,No Injuries,Car,11,Front To Rear,2,2,0,5,"Over $1,500",1,0,0,0,0,0,0,03,Following Too Closely,28,Failing To Reduce Speed To Avoid Crash,3,Traffic Signal,4,Functioning Properly,1,Clear,1,Daylight,4,Two-Way Continuous Left-Turn Lane,1,Dry,2,Stopped,1,No Defects,O90,O17,41.8652153,-87.7925339,41.8651848,-87.7925415,1131557.50,1893935.13
31987,25 01507,2501507,X003769853,2025-03-28,22:21:00,2025-03-28 22:21:00,2025-03-31 09:47:18,Madison St/S Ridgeland Ave,,MADISON ST,S RIDGELAND AVE,1,1,0,0,Injury,B Injury Crash,Car,15,Angle,2,2,0,5,"Over $1,500",0,1,0,0,1,1,2,25,Disregarding Traffic Signals,99,Not Applicable,3,Traffic Signal,4,Functioning Properly,1,Clear,4,Darkness,14,Four-Way Intersection,1,Dry,3,Free Flow,1,No Defects,O80,O13,41.8799019,-87.7844620,41.8799324,-87.7844620,1133723.63,1899302.88
31993,25 01516,2501516,X003769859,2025-03-29,11:25:00,2025-03-29 11:25:00,2025-03-31 09:58:56,Chicago Ave/N Grove Ave,,CHICAGO AVE,N GROVE AVE,1,0,0,0,Property Damage,No Injuries,Car,11,Front To Rear,2,2,0,5,"Over $1,500",1,0,0,0,0,0,0,03,Following Too Closely,28,Failing To Reduce Speed To Avoid Crash,3,Traffic Signal,4,Functioning Properly,8,Cloudy/Overcast,1,Daylight,1,Not Divided,1,Dry,1,Slow,1,No Defects,O20,O6,41.8944092,-87.7961731,41.8943787,-87.7961731,1130500.50,1904567.88
31994,25 01522,2501522,X003769860,2025-03-29,15:33:00,2025-03-29 15:33:00,2025-03-31 10:04:47,N Harlem Ave/Washington St,,N HARLEM AVE,WASHINGTON ST,1,1,0,0,Property Damage,No Injuries,Car,11,Front To Rear,2,2,0,4,"$501 to $1,500",1,0,0,0,0,0,0,03,Following Too Closely,15,Driving Skills/Knowledge/Experience,3,Traffic Signal,4,Functioning Properly,1,Clear,1,Daylight,1,Not Divided,1,Dry,2,Stopped,1,No Defects,F1,FPPD,41.8813934,-87.8048325,41.8814087,-87.8047943,1128172.13,1899810.88
31995,25 01525,2501525,X003769861,2025-03-29,17:33:00,2025-03-29 17:33:00,2025-03-31 10:16:15,N Maple Ave/Lake St,,N MAPLE AVE,LAKE ST,0,0,0,0,Property Damage,No Injuries,Car,9,Parked Motor Vehicle,2,2,0,5,"Over $1,500",1,0,0,0,0,0,0,28,Failing To Reduce Speed To Avoid Crash,15,Driving Skills/Knowledge/Experience,1,No Controls,1,No Controls,1,Clear,1,Daylight,2,"Divided, No Median Barrier",1,Dry,3,Free Flow,1,No Defects,O40,O9,41.8885956,-87.8040848,41.8885994,-87.8040466,1128358.38,1902436.63
32013,25 01526,2501526,X003772973,2025-03-29,22:51:00,2025-03-29 22:51:00,2025-04-03 09:21:33,S Austin Blvd/Garfield St,,S AUSTIN BLVD,GARFIELD ST,1,1,0,0,Property Damage,No Injuries,Car,15,Angle,2,2,0,3,$500 or less,1,0,0,0,0,0,0,02,Failing To Yield Right-Of-Way,18,Unable To Determine,1,No Controls,1,No Controls,2,Rain,5,"Darkness, Lighted Road",2,"Divided, No Median Barrier",2,Wet,1,Slow,1,No Defects,O90,O16,41.8704185,-87.7743530,41.8704224,-87.7743149,1136497.13,1895864.88
31990,25 01527,2501527,X003769856,2025-03-30,02:45:00,2025-03-30 02:45:00,2025-03-31 09:58:57,N Austin Blvd/Division St,,N AUSTIN BLVD,DIVISION ST,1,0,0,0,Injury,B Injury Crash,Car,9,Parked Motor Vehicle,3,3,0,4,"$501 to $1,500",0,1,0,0,1,0,1,28,Failing To Reduce Speed To Avoid Crash,28,Failing To Reduce Speed To Avoid Crash,1,No Controls,1,No Controls,1,Clear,5,"Darkness, Lighted Road",1,Not Divided,2,Wet,3,Free Flow,1,No Defects,,,41.9019966,-87.7753296,41.9020004,-87.7753677,1136156.75,1907368.88
31988,25 01533,2501533,X003769854,2025-03-30,13:52:00,2025-03-30 13:52:00,2025-03-31 09:53:04,S Harlem Ave/Dixon,,S HARLEM AVE,DIXON,0,0,0,0,Property Damage,No Injuries,Car,11,Front To Rear,2,2,0,3,$500 or less,1,0,0,0,0,0,0,03,Following Too Closely,28,Failing To Reduce Speed To Avoid Crash,1,No Controls,1,No Controls,1,Clear,1,Daylight,2,"Divided, No Median Barrier",1,Dry,2,Stopped,1,No Defects,O60,O15,41.8777771,-87.8046341,41.8842888,-87.8049011,1128233.63,1898493.50
31991,25 01535,2501535,X003769857,2025-03-30,16:08:00,2025-03-30 16:08:00,2025-03-31 09:58:58,Forest Ave/Lake St,,FOREST AVE,LAKE ST,0,1,0,0,Property Damage,No Injuries,Car,11,Front To Rear,2,2,0,5,"Over $1,500",1,0,0,0,0,0,0,03,Following Too Closely,28,Failing To Reduce Speed To Avoid Crash,3,Traffic Signal,4,Functioning Properly,8,Cloudy/Overcast,1,Daylight,4,Two-Way Continuous Left-Turn Lane,2,Wet,2,Stopped,1,No Defects,O40,O9,41.8886566,-87.8008347,41.8886642,-87.8007965,1129244.88,1902464.50
31996,25 01542,2501542,X003769862,2025-03-31,07:35:00,2025-03-31 07:35:00,2025-03-31 10:16:16,N Harlem Ave/Washington Blvd,,N HARLEM AVE,WASHINGTON BLVD,1,1,0,1,Property Damage,No Injuries,Car,12,Sideswipe - Same Direction,2,2,0,3,$500 or less,1,0,0,0,0,0,0,28,Failing To Reduce Speed To Avoid Crash,18,Unable To Determine,3,Traffic Signal,4,Functioning Properly,8,Cloudy/Overcast,1,Daylight,1,Not Divided,1,Dry,3,Free Flow,1,No Defects,F1,FPPD,41.8813934,-87.8048325,41.8814087,-87.8047943,1128172.13,1899810.88
31999,25 01546,2501546,X003770127,2025-03-31,14:26:00,2025-03-31 14:26:00,2025-04-01 08:15:51,S Harlem Ave/Monroe St,,S HARLEM AVE,MONROE ST,1,1,0,0,Property Damage,No Injuries,Car,10,Turning (At Least One Vehicle),2,2,0,5,"Over $1,500",1,0,0,0,0,0,0,02,Failing To Yield Right-Of-Way,18,Unable To Determine,2,Stop Sign,4,Functioning Properly,1,Clear,1,Daylight,15,T-Intersection,1,Dry,1,Slow,1,No Defects,O60,O15,41.8781509,-87.8046494,41.8781700,-87.8046799,1128229.00,1898629.25
32000,25 01549,2501549,X003770192,2025-03-31,15:24:00,2025-03-31 15:24:00,2025-04-01 08:15:52,N Ridgeland Ave/Lake St,,N RIDGELAND AVE,LAKE ST,0,0,0,0,Property Damage,No Injuries,Car,11,Front To Rear,2,2,0,3,$500 or less,1,0,0,0,0,0,0,28,Failing To Reduce Speed To Avoid Crash,03,Following Too Closely,3,Traffic Signal,4,Functioning Properly,1,Clear,1,Daylight,1,Not Divided,1,Dry,2,Stopped,1,No Defects,O30,O8,41.8883209,-87.7847366,41.8883209,-87.7846985,1133628.00,1902369.13
31998,25 01554,2501554,X003770129,2025-03-31,18:43:00,2025-03-31 18:43:00,2025-04-01 08:15:51,Oak Park Ave/Lexington,,OAK PARK AVE,LEXINGTON,0,0,0,1,Property Damage,No Injuries,Car,9,Parked Motor Vehicle,2,2,0,3,$500 or less,1,0,0,0,0,0,0,28,Failing To Reduce Speed To Avoid Crash,18,Unable To Determine,1,No Controls,1,No Controls,1,Clear,1,Daylight,2,"Divided, No Median Barrier",1,Dry,3,Free Flow,1,No Defects,O90,O17,41.8706436,-87.7939072,41.8706360,-87.7939453,1131171.25,1895911.75
31997,25 01556,2501556,X003770131,2025-03-31,19:04:00,2025-03-31 19:04:00,2025-04-01 08:15:50,Harlem Ave/Chicago Ave,,HARLEM AVE,CHICAGO AVE,1,1,0,0,Property Damage,No Injuries,Car,10,Turning (At Least One Vehicle),2,2,0,4,"$501 to $1,500",1,0,0,0,0,0,0,02,Failing To Yield Right-Of-Way,99,Not Applicable,3,Traffic Signal,4,Functioning Properly,1,Clear,4,Darkness,2,"Divided, No Median Barrier",1,Dry,3,Free Flow,1,No Defects,R82,RFPD,41.8942261,-87.8052826,41.8942337,-87.8052445,1128020.38,1904486.00
32005,25 01557,2501557,X003771364,2025-03-31,19:24:00,2025-03-31 19:24:00,2025-04-02 09:22:14,S Harlem Ave/I290 Ramp W,,S HARLEM AVE,I290 RAMP W,1,0,0,0,Property Damage,No Injuries,Car,10,Turning (At Least One Vehicle),2,2,0,5,"Over $1,500",1,0,0,0,0,0,0,06,Improper Turning/No Signal,99,Not Applicable,1,No Controls,1,No Controls,1,Clear,5,"Darkness, Lighted Road",1,Not Divided,1,Dry,3,Free Flow,1,No Defects,O60,O15,41.8737106,-87.8045197,41.8736877,-87.8045197,1128275.50,1897011.13
32007,25 01564,2501564,X003771375,2025-04-01,08:01:00,2025-04-01 08:01:00,2025-04-02 09:22:15,S Grove Ave/Madison St,,S GROVE AVE,MADISON ST,1,1,0,0,Property Damage,No Injuries,Car,10,Turning (At Least One Vehicle),3,3,0,5,"Over $1,500",1,0,0,0,0,0,0,04,Improper Overtaking/Passing,28,Failing To Reduce Speed To Avoid Crash,1,No Controls,1,No Controls,1,Clear,1,Daylight,2,"Divided, No Median Barrier",1,Dry,3,Free Flow,1,No Defects,O70,O12,41.8797531,-87.7955475,41.8797531,-87.7954559,1130704.13,1899228.75
32006,25 01563,2501563,X003771368,2025-04-01,08:02:00,2025-04-01 08:02:00,2025-04-02 09:22:15,N Ridgeland Ave/Ontario St,,N RIDGELAND AVE,ONTARIO ST,1,1,0,0,Property Damage,No Injuries,Car,15,Angle,2,2,0,5,"Over $1,500",0,1,0,0,0,0,0,02,Failing To Yield Right-Of-Way,28,Failing To Reduce Speed To Avoid Crash,2,Stop Sign,4,Functioning Properly,1,Clear,1,Daylight,1,Not Divided,1,Dry,1,Slow,1,No Defects,O30,O8,41.8903580,-87.7847900,41.8903656,-87.7847519,1133608.00,1903111.25
32008,25 01565,2501565,X003771376,2025-04-01,11:15:00,2025-04-01 11:15:00,2025-04-02 09:22:16,Madison St/S Ridgeland Ave,,MADISON ST,S RIDGELAND AVE,0,0,0,0,Property Damage,No Injuries,Car,10,Turning (At Least One Vehicle),2,2,0,5,"Over $1,500",1,0,0,0,0,0,0,28,Failing To Reduce Speed To Avoid Crash,02,Failing To Yield Right-Of-Way,1,No Controls,1,No Controls,1,Clear,1,Daylight,2,"Divided, No Median Barrier",1,Dry,1,Slow,1,No Defects,O80,O13,41.8799019,-87.7844620,41.8799324,-87.7844620,1133723.63,1899302.88
32004,25 01568,2501568,X003771378,2025-04-01,16:25:00,2025-04-01 16:25:00,2025-04-02 09:16:20,S Harlem Ave/Jackson Blvd,,S HARLEM AVE,JACKSON BLVD,1,1,0,0,Property Damage,No Injuries,Car,12,Sideswipe - Same Direction,2,2,0,4,"$501 to $1,500",1,0,0,0,0,0,0,20,Improper Lane Usage,28,Failing To Reduce Speed To Avoid Crash,3,Traffic Signal,4,Functioning Properly,1,Clear,1,Daylight,1,Not Divided,1,Dry,1,Slow,1,No Defects,O60,O15,41.8759766,-87.8045654,41.8759842,-87.8046036,1128256.50,1897837.00
32017,25 01570,2501570,X003773559,2025-04-01,17:15:00,2025-04-01 17:15:00,2025-04-04 15:59:00,21 N Harlem Ave,21,N HARLEM AVE,,0,0,0,1,Property Damage,No Injuries,Car,10,Turning (At Least One Vehicle),2,2,0,5,"Over $1,500",1,0,0,0,0,0,0,02,Failing To Yield Right-Of-Way,28,Failing To Reduce Speed To Avoid Crash,1,No Controls,1,No Controls,1,Clear,1,Daylight,1,Not Divided,1,Dry,3,Free Flow,1,No Defects,O70,O12,41.8804054,-87.8047409,41.8803825,-87.8043976,1128198.00,1899450.63
32009,25 01574,2501574,X003771380,2025-04-01,19:03:00,2025-04-01 19:03:00,2025-04-02 09:22:16,S Oak Park Ave/Washington Blvd,,S OAK PARK AVE,WASHINGTON BLVD,1,1,0,0,Property Damage,No Injuries,Car,12,Sideswipe - Same Direction,2,2,0,5,"Over $1,500",1,0,0,0,0,0,0,28,Failing To Reduce Speed To Avoid Crash,03,Following Too Closely,3,Traffic Signal,4,Functioning Properly,1,Clear,1,Daylight,1,Not Divided,1,Dry,3,Free Flow,1,No Defects,O60,O11,41.8815651,-87.7942734,41.8815613,-87.7943115,1131046.38,1899891.13
32010,25 01576,2501576,X003771385,2025-04-01,20:13:00,2025-04-01 20:13:00,2025-04-02 09:22:17,Roosevelt Rd/Clinton Ave,,ROOSEVELT RD,CLINTON AVE,1,1,0,0,Property Damage,No Injuries,Car,10,Turning (At Least One Vehicle),2,2,0,5,"Over $1,500",0,1,0,0,0,0,0,02,Failing To Yield Right-Of-Way,28,Failing To Reduce Speed To Avoid Crash,1,No Controls,1,No Controls,1,Clear,5,"Darkness, Lighted Road",1,Not Divided,1,Dry,1,Slow,1,No Defects,O90,O18,41.8651238,-87.7976685,41.8650932,-87.7976685,1130160.00,1893893.00
32011,25 01581,2501581,X003771883,2025-04-02,09:13:00,2025-04-02 09:13:00,2025-04-02 15:38:28,N Grove Ave/Augusta St,,N GROVE AVE,AUGUSTA ST,1,1,0,0,Property Damage,No Injuries,Car,15,Angle,2,2,0,5,"Over $1,500",1,0,0,0,0,0,0,18,Unable To Determine,18,Unable To Determine,2,Stop Sign,4,Functioning Properly,2,Rain,1,Daylight,14,Four-Way Intersection,2,Wet,3,Free Flow,1,No Defects,O20,O6,41.8980370,-87.7963104,41.8980408,-87.7962723,1130455.38,1905889.75
32016,25 01590,2501590,X003773132,2025-04-02,19:18:00,2025-04-02 19:18:00,2025-04-04 07:45:06,Erie Ct/N Austin Blvd,,ERIE CT,N AUSTIN BLVD,0,1,0,0,Property Damage,No Injuries,Car,11,Front To Rear,2,2,0,3,$500 or less,1,0,0,0,0,0,0,28,Failing To Reduce Speed To Avoid Crash,03,Following Too Closely,3,Traffic Signal,9,Unknown,9,Unknown,1,Daylight,1,Not Divided,2,Wet,2,Stopped,99,Unknown,O30,O7,41.8919296,-87.7750626,41.8919029,-87.7750549,1136254.88,1903701.75
32054,25 01613,2501613,X003779491,2025-04-03,00:31:00,2025-04-03 00:31:00,2025-04-10 09:47:04,Pleasant St/N Harlem Ave,,PLEASANT ST,N HARLEM AVE,1,1,0,0,Injury,A Injury Crash,Pedestrian,1,Pedestrian,2,1,0,4,"$501 to $1,500",0,1,0,1,0,0,1,02,Failing To Yield Right-Of-Way,99,Not Applicable,3,Traffic Signal,4,Functioning Properly,1,Clear,5,"Darkness, Lighted Road",1,Not Divided,1,Dry,3,Free Flow,1,No Defects,O70,O12,41.8853798,-87.8049393,41.8854065,-87.8049393,1128133.88,1901263.25
32014,25 01603,2501603,X003772974,2025-04-03,15:28:00,2025-04-03 15:28:00,2025-04-03 18:05:16,S Euclid Ave/Roosevelt Rd,,S EUCLID AVE,ROOSEVELT RD,0,0,0,1,Property Damage,No Injuries,Car,15,Angle,2,2,0,4,"$501 to $1,500",1,0,0,0,0,0,0,04,Improper Overtaking/Passing,28,Failing To Reduce Speed To Avoid Crash,1,No Controls,1,No Controls,8,Cloudy/Overcast,1,Daylight,4,Two-Way Continuous Left-Turn Lane,1,Dry,2,Stopped,1,No Defects,O90,O17,41.8651886,-87.7925034,41.8651848,-87.7925415,1131566.88,1893926.13
32015,25 01607,2501607,X003773234,2025-04-03,17:06:00,2025-04-03 17:06:00,2025-04-04 07:39:12,N Kenilworth Ave/Division St,,N KENILWORTH AVE,DIVISION ST,0,0,0,0,Property Damage,No Injuries,Car,11,Front To Rear,2,2,0,5,"Over $1,500",1,0,0,0,0,0,0,28,Failing To Reduce Speed To Avoid Crash,99,Not Applicable,2,Stop Sign,4,Functioning Properly,1,Clear,1,Daylight,1,Not Divided,1,Dry,2,Stopped,1,No Defects,O20,O6,41.9016495,-87.7979431,41.9016495,-87.7980270,1130002.88,1907203.75
32038,25 01604,2501604,X003777014,2025-04-03,17:15:00,2025-04-03 17:15:00,2025-04-08 09:36:02,300 Division St,300,DIVISION ST,,0,0,0,1,Property Damage,No Injuries,Car,11,Front To Rear,2,2,0,3,$500 or less,1,0,0,0,0,0,0,03,Following Too Closely,99,Not Applicable,1,No Controls,1,No Controls,1,Clear,1,Daylight,2,"Divided, No Median Barrier",1,Dry,2,Stopped,1,No Defects,O10,O1,41.9019165,-87.7838898,41.9019432,-87.7839661,1133826.63,1907324.38
32034,25 01606,2501606,X003777020,2025-04-03,17:46:00,2025-04-03 17:46:00,2025-04-08 09:18:49,Lake St/N Ridgeland Ave,,LAKE ST,N RIDGELAND AVE,0,0,0,0,Property Damage,No Injuries,Car,12,Sideswipe - Same Direction,2,2,0,4,"$501 to $1,500",1,0,0,0,0,0,0,20,Improper Lane Usage,28,Failing To Reduce Speed To Avoid Crash,3,Traffic Signal,4,Functioning Properly,9,Unknown,1,Daylight,1,Not Divided,9,Unknown,1,Slow,99,Unknown,O30,O7,41.8882980,-87.7846985,41.8883209,-87.7846985,1133638.38,1902360.50
32024,25 01626,2501626,X003776208,2025-04-04,09:15:00,2025-04-04 09:15:00,2025-04-07 12:56:37,Roosevelt Rd/East Ave,,ROOSEVELT RD,EAST AVE,1,1,0,1,Property Damage,No Injuries,Car,12,Sideswipe - Same Direction,2,2,0,3,$500 or less,1,0,0,0,0,0,0,28,Failing To Reduce Speed To Avoid Crash,18,Unable To Determine,3,Traffic Signal,4,Functioning Properly,8,Cloudy/Overcast,1,Daylight,14,Four-Way Intersection,1,Dry,1,Slow,1,No Defects,O90,O17,41.8652763,-87.7888641,41.8652534,-87.7888641,1132558.38,1893964.75
32018,25 01621,2501621,X003774682,2025-04-04,16:37:00,2025-04-04 16:37:00,2025-04-04 17:52:41,512 Harrison St,512,HARRISON ST,,0,0,0,1,Property Damage,No Injuries,Car,9,Parked Motor Vehicle,2,2,0,5,"Over $1,500",1,0,0,0,0,0,0,28,Failing To Reduce Speed To Avoid Crash,18,Unable To Determine,1,No Controls,1,No Controls,2,Rain,1,Daylight,1,Not Divided,2,Wet,3,Free Flow,1,No Defects,O60,O14,41.8726082,-87.7872620,41.8726692,-87.7872467,1132976.63,1896639.88
32220,25 01627,2501627,X003806664,2025-04-05,13:46:00,2025-04-05 13:46:00,2025-05-05 07:55:52,Austin Blvd/Madison St,,AUSTIN BLVD,MADISON ST,1,1,0,0,Property Damage,No Injuries,Car,11,Front To Rear,2,2,0,5,"Over $1,500",1,0,0,0,0,0,0,28,Failing To Reduce Speed To Avoid Crash,18,Unable To Determine,3,Traffic Signal,4,Functioning Properly,8,Cloudy/Overcast,1,Daylight,14,Four-Way Intersection,1,Dry,3,Free Flow,1,No Defects,,,41.8800926,-87.7746201,41.8800888,-87.7746582,1136401.50,1899388.00
32021,25 01631,2501631,X003776209,2025-04-05,13:48:00,2025-04-05 13:48:00,2025-04-07 12:56:35,S Grove Ave/Washington Blvd,,S GROVE AVE,WASHINGTON BLVD,1,1,0,0,Property Damage,No Injuries,Car,15,Angle,2,2,0,5,"Over $1,500",1,0,0,0,0,0,0,02,Failing To Yield Right-Of-Way,28,Failing To Reduce Speed To Avoid Crash,2,Stop Sign,4,Functioning Properly,8,Cloudy/Overcast,1,Daylight,14,Four-Way Intersection,1,Dry,3,Free Flow,1,No Defects,O70,O12,41.8815994,-87.7956085,41.8815994,-87.7956467,1130682.13,1899901.38
32027,25 01634,2501634,X003776211,2025-04-05,15:19:00,2025-04-05 15:19:00,2025-04-07 12:56:39,Chicago Ave/N Harlem Ave,,CHICAGO AVE,N HARLEM AVE,0,0,0,0,Property Damage,No Injuries,Car,9,Parked Motor Vehicle,2,2,0,5,"Over $1,500",1,0,0,0,0,0,0,02,Failing To Yield Right-Of-Way,28,Failing To Reduce Speed To Avoid Crash,1,No Controls,1,No Controls,8,Cloudy/Overcast,1,Daylight,7,Parking Lot,9,Unknown,1,Slow,99,Unknown,O40,O9,41.8942032,-87.8052445,41.8942337,-87.8052445,1128030.88,1904477.63
32022,25 01640,2501640,X003776213,2025-04-05,21:45:00,2025-04-05 21:45:00,2025-04-07 12:56:36,Erie St/N Harlem Ave,,ERIE ST,N HARLEM AVE,0,0,0,0,Property Damage,No Injuries,Car,12,Sideswipe - Same Direction,2,2,0,4,"$501 to $1,500",1,0,0,0,0,0,0,28,Failing To Reduce Speed To Avoid Crash,18,Unable To Determine,1,No Controls,1,No Controls,1,Clear,5,"Darkness, Lighted Road",1,Not Divided,1,Dry,1,Slow,1,No Defects,O40,O9,41.8917961,-87.8051529,41.8918228,-87.8051529,1128061.75,1903600.50
32028,25 01649,2501649,X003776227,2025-04-06,12:59:00,2025-04-06 12:59:00,2025-04-07 12:56:39,Madison St/N Austin Blvd,,MADISON ST,N AUSTIN BLVD,0,0,0,0,Property Damage,No Injuries,Pedestrian,1,Pedestrian,2,1,0,5,"Over $1,500",1,0,0,0,0,0,0,02,Failing To Yield Right-Of-Way,18,Unable To Determine,3,Traffic Signal,4,Functioning Properly,1,Clear,1,Daylight,1,Not Divided,1,Dry,3,Free Flow,1,No Defects,O80,O13,41.8800621,-87.7746582,41.8800888,-87.7746582,1136392.88,1899377.50
32030,25 01650,2501650,X003776229,2025-04-06,13:27:00,2025-04-06 13:27:00,2025-04-07 12:56:41,259 Lake St,259,LAKE ST,,0,0,0,1,Property Damage,No Injuries,Car,9,Parked Motor Vehicle,2,2,0,3,$500 or less,1,0,0,0,0,0,0,02,Failing To Yield Right-Of-Way,28,Failing To Reduce Speed To Avoid Crash,1,No Controls,1,No Controls,1,Clear,1,Daylight,7,Parking Lot,9,Unknown,1,Slow,99,Unknown,O30,O7,41.8882256,-87.7822952,41.8881416,-87.7822647,1134293.50,1902338.00
32023,25 01657,2501657,X003776230,2025-04-06,21:24:00,2025-04-06 21:24:00,2025-04-07 12:56:36,Roosevelt Rd/Cuyler Ave,,ROOSEVELT RD,CUYLER AVE,0,0,0,0,Property Damage,No Injuries,Car,18,Rear To Front,2,2,0,5,"Over $1,500",1,0,0,0,0,0,0,30,Improper Backing,28,Failing To Reduce Speed To Avoid Crash,1,No Controls,1,No Controls,1,Clear,4,Darkness,1,Not Divided,1,Dry,,,1,No Defects,O90,O16,41.8653831,-87.7827148,41.8653526,-87.7827148,1134233.00,1894014.50
32032,25 01659,2501659,X003776238,2025-04-06,23:10:00,2025-04-06 23:10:00,2025-04-07 12:56:42,N Austin Blvd/Washington Blvd,,N AUSTIN BLVD,WASHINGTON BLVD,0,0,0,1,Property Damage,No Injuries,Car,12,Sideswipe - Same Direction,2,2,0,5,"Over $1,500",1,0,0,0,0,0,0,04,Improper Overtaking/Passing,02,Failing To Yield Right-Of-Way,1,No Controls,1,No Controls,1,Clear,1,Daylight,2,"Divided, No Median Barrier",1,Dry,3,Free Flow,1,No Defects,,,41.8821068,-87.7746887,41.8821106,-87.7747269,1136378.00,1900122.38
32033,25 01662,2501662,X003776239,2025-04-07,08:34:00,2025-04-07 08:34:00,2025-04-07 12:56:43,Lombard Ave/Augusta,,LOMBARD AVE,AUGUSTA,0,0,0,1,Property Damage,No Injuries,Car,9,Parked Motor Vehicle,2,2,0,5,"Over $1,500",1,0,0,0,0,0,0,30,Improper Backing,18,Unable To Determine,1,No Controls,1,No Controls,1,Clear,1,Daylight,1,Not Divided,1,Dry,1,Slow,1,No Defects,O10,O4,41.8982849,-87.7801590,41.8982849,-87.7801209,1134850.63,1906007.75
32037,25 01666,2501666,X003777024,2025-04-07,11:10:00,2025-04-07 11:10:00,2025-04-08 09:36:01,Washington Blvd/S Humphrey Ave,,WASHINGTON BLVD,S HUMPHREY AVE,0,0,0,0,Property Damage,No Injuries,Car,9,Parked Motor Vehicle,2,2,0,5,"Over $1,500",1,0,0,0,0,0,0,30,Improper Backing,18,Unable To Determine,1,No Controls,1,No Controls,8,Cloudy/Overcast,1,Daylight,1,Not Divided,6,Other,3,Free Flow,1,No Defects,O50,O10,41.8820534,-87.7763519,41.8820839,-87.7763596,1135925.38,1900100.88