record_id,report_number,crash_id,idot_crash_number,date,time,occurred_at,record_added_at,location,street_number,street_name,cross_street,at_intersection,intersection_related,private_property,hit_and_run,crash_severity,crash_injury_severity,crash_mode,crash_type_code,crash_type,total_units,num_motor_vehicles,dooring_pedalcyclist,damage_code,damage,no_injury_drive_away,injury_or_towed,fatalities,a_injuries,b_injuries,c_injuries,total_injured,cause1_code,cause1,cause2_code,cause2,traffic_control_code,traffic_control,device_condition_code,device_condition,weather_code,weather,lighting_code,lighting,trafficway_code,trafficway,road_surface_code,road_surface,flow_condition_code,flow_condition,road_defects_code,road_defects,beat_zone,post_district,latitude,longitude,latitude_geocoded,longitude_geocoded,state_plane_x,state_plane_y
32026,25 01665,2501665,X003776240,2025-04-07,11:13:00,2025-04-07 11:13:00,2025-04-07 12:56:38,N Harlem Ave/Lake St,,N HARLEM AVE,LAKE ST,0,0,0,0,Property Damage,No Injuries,Car,11,Front To Rear,2,2,0,5,"Over $1,500",1,0,0,0,0,0,0,28,Failing To Reduce Speed To Avoid Crash,03,Following Too Closely,3,Traffic Signal,4,Functioning Properly,1,Clear,1,Daylight,2,"Divided, No Median Barrier",1,Dry,3,Free Flow,1,No Defects,R83,RFPD,41.8885765,-87.8050919,41.8885841,-87.8050537,1128084.88,1902427.75
32036,25 01671,2501671,X003777025,2025-04-07,14:05:00,2025-04-07 14:05:00,2025-04-08 09:13:02,S Kenilworth Ave/Harvard St,,S KENILWORTH AVE,HARVARD ST,0,0,0,0,Property Damage,No Injuries,Car,9,Parked Motor Vehicle,2,2,0,4,"$501 to $1,500",1,0,0,0,0,0,0,20,Improper Lane Usage,28,Failing To Reduce Speed To Avoid Crash,1,No Controls,1,No Controls,8,Cloudy/Overcast,1,Daylight,1,Not Divided,1,Dry,3,Free Flow,1,No Defects,O90,O18,41.8687706,-87.7964554,41.8687668,-87.7964935,1130481.00,1895224.13
32035,25 01674,2501674,X003777030,2025-04-07,15:40:00,2025-04-07 15:40:00,2025-04-08 09:18:49,521 N Euclid Ave,521,N EUCLID AVE,,0,0,0,0,Property Damage,No Injuries,Car,10,Turning (At Least One Vehicle),2,2,0,5,"Over $1,500",0,1,0,0,0,0,0,02,Failing To Yield Right-Of-Way,18,Unable To Determine,1,No Controls,1,No Controls,8,Cloudy/Overcast,1,Daylight,1,Not Divided,1,Dry,3,Free Flow,1,No Defects,O20,O5,41.8951874,-87.7929153,41.8953056,-87.7931519,1131386.25,1904857.00
32039,25 01676,2501676,X003777032,2025-04-07,16:54:00,2025-04-07 16:54:00,2025-04-08 09:36:03,N Ridgeland Ave/Division St,,N RIDGELAND AVE,DIVISION ST,1,1,0,0,Property Damage,No Injuries,Car,10,Turning (At Least One Vehicle),2,2,0,5,"Over $1,500",1,0,0,0,0,0,0,28,Failing To Reduce Speed To Avoid Crash,03,Following Too Closely,3,Traffic Signal,4,Functioning Properly,1,Clear,1,Daylight,15,T-Intersection,1,Dry,1,Slow,1,No Defects,O20,O2,41.9018860,-87.7849121,41.9018860,-87.7848740,1133548.63,1907311.13
32041,25 01679,2501679,X003778258,2025-04-08,06:46:00,2025-04-08 06:46:00,2025-04-08 15:58:24,S East Ave/Madison St,,S EAST AVE,MADISON ST,1,1,0,0,Property Damage,No Injuries,Car,15,Angle,2,2,0,5,"Over $1,500",0,1,0,0,0,0,0,25,Disregarding Traffic Signals,14,"Vision Obscured (Signs, Tree Limbs, Buildings",3,Traffic Signal,4,Functioning Properly,1,Clear,1,Daylight,14,Four-Way Intersection,1,Dry,3,Free Flow,1,No Defects,O60,O11,41.8798485,-87.7893219,41.8798523,-87.7893600,1132398.25,1899274.88
32044,25 01682,2501682,X003780437,2025-04-08,09:28:00,2025-04-08 09:28:00,2025-04-08 15:58:26,N Austin Blvd/Midway Park,,N AUSTIN BLVD,MIDWAY PARK,0,1,0,0,Property Damage,No Injuries,Car,15,Angle,2,2,0,5,"Over $1,500",1,0,0,0,0,0,0,02,Failing To Yield Right-Of-Way,28,Failing To Reduce Speed To Avoid Crash,2,Stop Sign,4,Functioning Properly,1,Clear,1,Daylight,2,"Divided, No Median Barrier",1,Dry,3,Free Flow,1,No Defects,O50,O7,41.8800926,-87.7746201,41.8946724,-87.7751389,1136401.50,1899388.00
32040,25 01686,2501686,X003784152,2025-04-08,12:48:00,2025-04-08 12:48:00,2025-04-08 15:52:33,S Harlem Ave/Adams St,,S HARLEM AVE,ADAMS ST,1,0,0,0,Property Damage,No Injuries,Car,10,Turning (At Least One Vehicle),2,2,0,5,"Over $1,500",1,0,0,0,0,0,0,02,Failing To Yield Right-Of-Way,28,Failing To Reduce Speed To Avoid Crash,2,Stop Sign,4,Functioning Properly,1,Clear,1,Daylight,2,"Divided, No Median Barrier",1,Dry,3,Free Flow,1,No Defects,O60,O15,41.8777771,-87.8046341,41.8777924,-87.8046646,1128233.63,1898493.50
32043,25 01687,2501687,X003778291,2025-04-08,13:05:00,2025-04-08 13:05:00,2025-04-08 15:58:25,Washington Blvd/S Ridgeland Ave,,WASHINGTON BLVD,S RIDGELAND AVE,1,0,0,0,Property Damage,No Injuries,Car,9,Parked Motor Vehicle,2,2,0,5,"Over $1,500",0,1,0,0,0,0,0,20,Improper Lane Usage,28,Failing To Reduce Speed To Avoid Crash,1,No Controls,1,No Controls,1,Clear,1,Daylight,2,"Divided, No Median Barrier",1,Dry,3,Free Flow,1,No Defects,O50,O10,41.8816948,-87.7845154,41.8817253,-87.7845154,1133704.88,1899954.38
32069,25 01688,2501688,X003783125,2025-04-08,13:29:00,2025-04-08 13:29:00,2025-04-14 08:32:57,N Taylor Ave/Lake St,,N TAYLOR AVE,LAKE ST,0,0,0,0,Property Damage,No Injuries,Car,9,Parked Motor Vehicle,2,2,0,3,$500 or less,1,0,0,0,0,0,0,28,Failing To Reduce Speed To Avoid Crash,30,Improper Backing,2,Stop Sign,3,Functioning Improperly,1,Clear,1,Daylight,3,Divided With Median Barrier,1,Dry,3,Free Flow,1,No Defects,O30,O7,41.8881264,-87.7781448,41.8881226,-87.7781753,1135423.50,1902310.25
32045,25 01692,2501692,X003778302,2025-04-08,18:54:00,2025-04-08 18:54:00,2025-04-09 07:42:07,Lexington St/S Euclid Ave,,LEXINGTON ST,S EUCLID AVE,1,1,0,1,Property Damage,No Injuries,Car,15,Angle,2,2,0,5,"Over $1,500",1,0,0,0,0,0,0,23,Disregarding Stop Sign,99,Not Applicable,2,Stop Sign,4,Functioning Properly,1,Clear,1,Daylight,14,Four-Way Intersection,1,Dry,3,Free Flow,1,No Defects,O90,O17,41.8706322,-87.7927246,41.8706627,-87.7927322,1131493.25,1895909.63
32046,25 01693,2501693,X003778279,2025-04-08,20:51:00,2025-04-08 20:51:00,2025-04-09 07:47:57,1142 Lake St,1142,LAKE ST,,0,0,0,0,Property Damage,No Injuries,Car,12,Sideswipe - Same Direction,2,2,0,5,"Over $1,500",1,0,0,0,0,0,0,28,Failing To Reduce Speed To Avoid Crash,15,Driving Skills/Knowledge/Experience,1,No Controls,1,No Controls,1,Clear,5,"Darkness, Lighted Road",1,Not Divided,1,Dry,3,Free Flow,1,No Defects,O40,O9,41.8886147,-87.8046799,41.8886986,-87.8044739,1128196.75,1902442.38
32051,25 01697,2501697,X003779494,2025-04-09,13:19:00,2025-04-09 13:19:00,2025-04-10 09:47:02,N Marion St/North Ave,,N MARION ST,NORTH AVE,0,0,0,0,Property Damage,No Injuries,Car,11,Front To Rear,2,2,0,4,"$501 to $1,500",1,0,0,0,0,0,0,03,Following Too Closely,18,Unable To Determine,1,No Controls,1,No Controls,1,Clear,1,Daylight,3,Divided With Median Barrier,1,Dry,2,Stopped,1,No Defects,O20,O3,41.9088707,-87.8042526,41.9088783,-87.8042145,1128268.00,1909824.38
32050,25 01700,2501700,X003779366,2025-04-09,16:50:00,2025-04-09 16:50:00,2025-04-10 09:41:14,Wesley Ave/Madison St,,WESLEY AVE,MADISON ST,1,1,0,0,Property Damage,No Injuries,Car,10,Turning (At Least One Vehicle),2,2,0,5,"Over $1,500",1,0,0,0,0,0,0,02,Failing To Yield Right-Of-Way,28,Failing To Reduce Speed To Avoid Crash,2,Stop Sign,4,Functioning Properly,2,Rain,1,Daylight,14,Four-Way Intersection,2,Wet,3,Free Flow,1,No Defects,O60,O11,41.8798218,-87.7909622,41.8798065,-87.7918091,1131953.00,1899261.75
32052,25 01701,2501701,X003779495,2025-04-09,17:04:00,2025-04-09 17:04:00,2025-04-10 09:47:03,S Harlem Ave/Garfield St,,S HARLEM AVE,GARFIELD ST,0,0,0,0,Property Damage,No Injuries,Car,11,Front To Rear,2,2,0,5,"Over $1,500",1,0,0,0,0,0,0,28,Failing To Reduce Speed To Avoid Crash,03,Following Too Closely,3,Traffic Signal,4,Functioning Properly,2,Rain,1,Daylight,2,"Divided, No Median Barrier",2,Wet,1,Slow,1,No Defects,O90,O18,41.8723068,-87.8044357,41.8723183,-87.8044663,1128300.88,1896500.75
32053,25 01703,2501703,X003779496,2025-04-09,18:08:00,2025-04-09 18:08:00,2025-04-10 09:47:03,1184 S East Ave,1184,S EAST AVE,,0,0,0,0,Property Damage,No Injuries,Car,10,Turning (At Least One Vehicle),2,2,0,5,"Over $1,500",1,0,0,0,0,0,0,02,Failing To Yield Right-Of-Way,99,Not Applicable,1,No Controls,1,No Controls,2,Rain,5,"Darkness, Lighted Road",1,Not Divided,2,Wet,3,Free Flow,1,No Defects,O90,O17,41.8658066,-87.7889252,41.8657684,-87.7887116,1132539.75,1894157.25
32060,25 01706,2501706,X003780451,2025-04-09,20:50:00,2025-04-09 20:50:00,2025-04-11 07:38:26,Washington Blvd/S Harvey Ave,,WASHINGTON BLVD,S HARVEY AVE,1,1,0,0,Property Damage,No Injuries,Car,10,Turning (At Least One Vehicle),2,2,0,5,"Over $1,500",0,1,0,0,0,0,0,06,Improper Turning/No Signal,28,Failing To Reduce Speed To Avoid Crash,2,Stop Sign,1,No Controls,2,Rain,5,"Darkness, Lighted Road",11,Ramp,2,Wet,3,Free Flow,1,No Defects,O50,O10,41.8817978,-87.7812500,41.8817711,-87.7812500,1134593.75,1899998.50
32055,25 01712,2501712,X003780454,2025-04-10,08:55:00,2025-04-10 08:55:00,2025-04-11 07:38:24,516 Wesley Ave,516,WESLEY AVE,,0,0,0,0,Property Damage,No Injuries,Car,9,Parked Motor Vehicle,2,2,0,3,$500 or less,1,0,0,0,0,0,0,28,Failing To Reduce Speed To Avoid Crash,18,Unable To Determine,1,No Controls,1,No Controls,8,Cloudy/Overcast,1,Daylight,1,Not Divided,1,Dry,3,Free Flow,1,No Defects,O60,O14,41.8791389,-87.7918243,41.8790703,-87.7916107,1131719.25,1899010.88
32056,25 01723,2501723,X003780457,2025-04-10,15:23:00,2025-04-10 15:23:00,2025-04-11 07:38:25,Lake St/N Harlem Ave,,LAKE ST,N HARLEM AVE,0,0,0,0,Property Damage,No Injuries,Car,11,Front To Rear,2,2,0,5,"Over $1,500",1,0,0,0,0,0,0,03,Following Too Closely,28,Failing To Reduce Speed To Avoid Crash,1,No Controls,1,No Controls,1,Clear,1,Daylight,4,Two-Way Continuous Left-Turn Lane,1,Dry,2,Stopped,1,No Defects,O40,O9,41.8885536,-87.8050537,41.8885841,-87.8050537,1128096.13,1902419.63
32057,25 01726,2501726,X003780459,2025-04-10,17:23:00,2025-04-10 17:23:00,2025-04-11 07:44:16,S Austin Blvd/Garfield St,,S AUSTIN BLVD,GARFIELD ST,1,1,0,0,Property Damage,No Injuries,Car,15,Angle,2,2,0,5,"Over $1,500",1,0,0,0,0,0,0,02,Failing To Yield Right-Of-Way,28,Failing To Reduce Speed To Avoid Crash,2,Stop Sign,4,Functioning Properly,1,Clear,1,Daylight,14,Four-Way Intersection,1,Dry,3,Free Flow,1,No Defects,O90,O16,41.8704185,-87.7743530,41.8704224,-87.7743149,1136497.13,1895864.88
32058,25 01728,2501728,X003780460,2025-04-10,18:18:00,2025-04-10 18:18:00,2025-04-11 07:44:16,212 S Austin Blvd,212,S AUSTIN BLVD,,0,0,0,0,Property Damage,No Injuries,Car,11,Front To Rear,2,2,0,5,"Over $1,500",1,0,0,0,0,0,0,28,Failing To Reduce Speed To Avoid Crash,99,Not Applicable,1,No Controls,1,No Controls,1,Clear,1,Daylight,1,Not Divided,1,Dry,3,Free Flow,1,No Defects,O80,O13,41.8771057,-87.7745972,41.8772774,-87.7747879,1136416.63,1898300.63
32059,25 01730,2501730,X003780466,2025-04-10,19:05:00,2025-04-10 19:05:00,2025-04-11 07:44:17,Westgate St/N Maple Ave,,WESTGATE ST,N MAPLE AVE,1,1,0,0,Property Damage,No Injuries,Pedestrian,1,Pedestrian,2,1,0,3,$500 or less,1,0,0,0,0,0,0,30,Improper Backing,99,Not Applicable,2,Stop Sign,4,Functioning Properly,1,Clear,1,Daylight,2,"Divided, No Median Barrier",1,Dry,3,Free Flow,1,No Defects,O40,O9,41.8878555,-87.8039322,41.8878822,-87.8040237,1128403.50,1902166.88
32153,25 01731,2501731,X003794502,2025-04-10,19:18:00,2025-04-10 19:18:00,2025-04-24 08:19:42,Ridgeland/South Blvd,,RIDGELAND,SOUTH BLVD,0,0,0,0,Property Damage,No Injuries,Car,12,Sideswipe - Same Direction,2,2,0,5,"Over $1,500",1,0,0,0,0,0,0,28,Failing To Reduce Speed To Avoid Crash,18,Unable To Determine,3,Traffic Signal,4,Functioning Properly,1,Clear,1,Daylight,1,Not Divided,1,Dry,3,Free Flow,1,No Defects,O50,O10,41.8869591,-87.7846298,41.8869553,-87.7846603,1133661.75,1901873.50
32061,25 01732,2501732,,2025-04-10,19:28:00,2025-04-10 19:28:00,2025-04-11 07:44:17,South Blvd/S Ridgeland Ave,,SOUTH BLVD,S RIDGELAND AVE,1,1,0,0,Property Damage,No Injuries,Car,11,Front To Rear,2,2,0,4,"$501 to $1,500",1,0,0,0,0,0,0,28,Failing To Reduce Speed To Avoid Crash,03,Following Too Closely,3,Traffic Signal,4,Functioning Properly,1,Clear,5,"Darkness, Lighted Road",2,"Divided, No Median Barrier",1,Dry,1,Slow,1,No Defects,O50,O10,41.8869286,-87.7846527,41.8869553,-87.7846603,1133653.50,1901862.13
32073,25 01738,2501738,X003782606,2025-04-11,12:27:00,2025-04-11 12:27:00,2025-04-14 08:26:33,460 N Austin Blvd,460,N AUSTIN BLVD,,0,1,0,0,Property Damage,No Injuries,Car,12,Sideswipe - Same Direction,2,2,0,3,$500 or less,1,0,0,0,0,0,0,20,Improper Lane Usage,04,Improper Overtaking/Passing,1,No Controls,1,No Controls,1,Clear,1,Daylight,1,Not Divided,1,Dry,3,Free Flow,1,No Defects,,,41.8895035,-87.7749481,41.8895187,-87.7751617,1136290.38,1902817.63
32065,25 01739,2501739,X003782607,2025-04-11,13:28:00,2025-04-11 13:28:00,2025-04-11 16:53:51,N Oak Park Ave/North Ave,,N OAK PARK AVE,NORTH AVE,0,0,0,0,Injury,B Injury Crash,Car,15,Angle,2,2,0,5,"Over $1,500",0,1,0,0,1,0,1,28,Failing To Reduce Speed To Avoid Crash,15,Driving Skills/Knowledge/Experience,1,No Controls,1,No Controls,1,Clear,1,Daylight,2,"Divided, No Median Barrier",1,Dry,3,Free Flow,1,No Defects,O20,O3,41.9090157,-87.7950974,41.9090233,-87.7950592,1130760.13,1909892.25
32438,25 01742,2501742,X003841468,2025-04-11,14:37:00,2025-04-11 14:37:00,2025-06-04 08:17:11,S Oak Park Ave/Madison St,,S OAK PARK AVE,MADISON ST,0,0,0,0,Property Damage,No Injuries,Car,11,Front To Rear,2,2,0,5,"Over $1,500",1,0,0,0,0,0,0,03,Following Too Closely,28,Failing To Reduce Speed To Avoid Crash,3,Traffic Signal,4,Functioning Properly,1,Clear,1,Daylight,2,"Divided, No Median Barrier",1,Dry,2,Stopped,1,No Defects,O60,O11,41.8797722,-87.7942200,41.8797722,-87.7942581,1131065.38,1899237.25
32077,25 01745,2501745,X003782626,2025-04-11,15:44:00,2025-04-11 15:44:00,2025-04-14 08:33:00,Madison St/Gunderson  Ave,,MADISON ST,GUNDERSON  AVE,0,0,0,0,Property Damage,No Injuries,Car,9,Parked Motor Vehicle,2,2,0,5,"Over $1,500",0,1,0,0,0,0,0,28,Failing To Reduce Speed To Avoid Crash,03,Following Too Closely,3,Traffic Signal,4,Functioning Properly,1,Clear,1,Daylight,2,"Divided, No Median Barrier",1,Dry,3,Free Flow,1,No Defects,O60,O14,41.8798637,-87.7869263,41.8798904,-87.7869263,1133052.38,1899283.13
32074,25 01748,2501748,X003782627,2025-04-11,16:42:00,2025-04-11 16:42:00,2025-04-14 08:26:33,Garfield St/S East Ave,,GARFIELD ST,S EAST AVE,0,0,0,0,Property Damage,No Injuries,Car,12,Sideswipe - Same Direction,2,2,0,3,$500 or less,1,0,0,0,0,0,0,28,Failing To Reduce Speed To Avoid Crash,99,Not Applicable,1,No Controls,1,No Controls,1,Clear,1,Daylight,1,Not Divided,1,Dry,3,Free Flow,1,No Defects,O90,O17,41.8715859,-87.7890854,41.8716087,-87.7890854,1132482.75,1896263.00
32076,25 01750,2501750,X003783768,2025-04-11,17:20:00,2025-04-11 17:20:00,2025-04-14 08:32:59,Oak Park Ave/Jackson Blvd,,OAK PARK AVE,JACKSON BLVD,0,0,0,1,Property Damage,No Injuries,Car,11,Front To Rear,2,2,0,4,"$501 to $1,500",1,0,0,0,0,0,0,41,Distraction - From Inside Vehicle,28,Failing To Reduce Speed To Avoid Crash,3,Traffic Signal,4,Functioning Properly,1,Clear,1,Daylight,1,Not Divided,1,Dry,3,Free Flow,1,No Defects,O60,O14,41.8761177,-87.7940979,41.8761177,-87.7941284,1131107.63,1897906.13
32075,25 01756,2501756,X003783801,2025-04-12,04:49:00,2025-04-12 04:49:00,2025-04-14 08:32:58,S Ridgeland Ave/Adams St,,S RIDGELAND AVE,ADAMS ST,1,1,0,0,Property Damage,No Injuries,Car,15,Angle,2,2,0,5,"Over $1,500",0,1,0,0,0,0,0,23,Disregarding Stop Sign,28,Failing To Reduce Speed To Avoid Crash,2,Stop Sign,4,Functioning Properly,1,Clear,5,"Darkness, Lighted Road",2,"Divided, No Median Barrier",1,Dry,3,Free Flow,1,No Defects,O80,O13,41.8780823,-87.7843704,41.8780785,-87.7844009,1133752.38,1898639.50
32067,25 01759,2501759,X003782696,2025-04-12,12:20:00,2025-04-12 12:20:00,2025-04-14 08:32:55,N Humphrey Ave/Lake St,,N HUMPHREY AVE,LAKE ST,1,1,0,0,Property Damage,No Injuries,Car,10,Turning (At Least One Vehicle),2,2,0,5,"Over $1,500",0,1,0,0,0,0,0,02,Failing To Yield Right-Of-Way,28,Failing To Reduce Speed To Avoid Crash,2,Stop Sign,4,Functioning Properly,1,Clear,1,Daylight,2,"Divided, No Median Barrier",1,Dry,3,Free Flow,1,No Defects,O30,O7,41.8880768,-87.7765961,41.8880806,-87.7765579,1135846.75,1902294.00
32066,25 01763,2501763,X003782782,2025-04-12,15:34:00,2025-04-12 15:34:00,2025-04-12 19:19:36,Linden Ave/Erie St,,LINDEN AVE,ERIE ST,1,1,0,0,Property Damage,No Injuries,Car,10,Turning (At Least One Vehicle),2,2,0,5,"Over $1,500",1,0,0,0,0,0,0,02,Failing To Yield Right-Of-Way,28,Failing To Reduce Speed To Avoid Crash,2,Stop Sign,4,Functioning Properly,1,Clear,1,Daylight,2,"Divided, No Median Barrier",1,Dry,3,Free Flow,1,No Defects,O30,O8,41.8916092,-87.7912826,41.8916054,-87.7912445,1131838.38,1903555.38
32071,25 01765,2501765,X003782649,2025-04-12,16:02:00,2025-04-12 16:02:00,2025-04-14 08:26:32,Le Moyne Pkwy/N Harlem Ave,,LE MOYNE PKWY,N HARLEM AVE,1,1,0,0,Property Damage,No Injuries,Car,10,Turning (At Least One Vehicle),2,2,0,5,"Over $1,500",0,1,0,0,0,0,0,18,Unable To Determine,18,Unable To Determine,1,No Controls,1,No Controls,1,Clear,1,Daylight,15,T-Intersection,1,Dry,3,Free Flow,1,No Defects,O20,O3,41.9070167,-87.8057251,41.9070435,-87.8057251,1127872.50,1909145.88
32070,25 01767,2501767,X003783775,2025-04-12,18:21:00,2025-04-12 18:21:00,2025-04-14 08:32:57,700 Madison St,700,MADISON ST,,0,0,0,0,Property Damage,No Injuries,Car,11,Front To Rear,3,3,0,5,"Over $1,500",1,0,0,0,0,0,0,28,Failing To Reduce Speed To Avoid Crash,41,Distraction - From Inside Vehicle,1,No Controls,1,No Controls,1,Clear,1,Daylight,4,Two-Way Continuous Left-Turn Lane,1,Dry,2,Stopped,1,No Defects,O60,O11,41.8798180,-87.7926254,41.8798485,-87.7926941,1131500.88,1899256.75
32083,25 01799,2501799,X003784108,2025-04-13,00:00:00,2025-04-13 00:00:00,2025-04-15 10:13:57,I290 Expy/Harlem Ave,,I290 EXPY,HARLEM AVE,1,1,0,1,Property Damage,No Injuries,Car,10,Turning (At Least One Vehicle),2,2,0,4,"$501 to $1,500",1,0,0,0,0,0,0,02,Failing To Yield Right-Of-Way,99,Not Applicable,3,Traffic Signal,4,Functioning Properly,1,Clear,5,"Darkness, Lighted Road",14,Four-Way Intersection,1,Dry,1,Slow,1,No Defects,O60,O15,41.8738327,-87.8045197,41.8738136,-87.8045197,1128274.75,1897056.88
32068,25 01780,2501780,X003783802,2025-04-13,12:15:00,2025-04-13 12:15:00,2025-04-14 08:32:56,Thomas St/Forest Ave,,THOMAS ST,FOREST AVE,1,1,0,0,Property Damage,No Injuries,Car,15,Angle,3,3,0,5,"Over $1,500",0,1,0,0,0,0,0,18,Unable To Determine,18,Unable To Determine,2,Stop Sign,4,Functioning Properly,8,Cloudy/Overcast,1,Daylight,14,Four-Way Intersection,1,Dry,3,Free Flow,1,No Defects,O20,O6,41.8997498,-87.8008881,41.8997803,-87.8008881,1129204.75,1906505.63
32136,25 01786,2501786,X003790830,2025-04-13,15:10:00,2025-04-13 15:10:00,2025-04-22 08:23:08,S Ridgeland Ave/Madison St,,S RIDGELAND AVE,MADISON ST,0,1,0,0,Injury,C Injury Crash,Car,10,Turning (At Least One Vehicle),2,2,0,4,"$501 to $1,500",0,1,0,0,0,1,1,02,Failing To Yield Right-Of-Way,06,Improper Turning/No Signal,2,Stop Sign,4,Functioning Properly,1,Clear,1,Daylight,1,Not Divided,1,Dry,3,Free Flow,1,No Defects,O80,O13,41.8799324,-87.7844238,41.8799324,-87.7844620,1133732.63,1899313.88
32072,25 01789,2501789,X003782661,2025-04-13,17:41:00,2025-04-13 17:41:00,2025-04-14 08:32:58,Garfield St/S Lombard Ave,,GARFIELD ST,S LOMBARD AVE,1,1,0,0,Property Damage,No Injuries,Car,15,Angle,2,2,0,5,"Over $1,500",0,1,0,0,0,0,0,23,Disregarding Stop Sign,99,Not Applicable,2,Stop Sign,4,Functioning Properly,1,Clear,1,Daylight,14,Four-Way Intersection,1,Dry,1,Slow,1,No Defects,O90,O16,41.8707581,-87.7792358,41.8707886,-87.7792358,1135166.13,1895978.38
32086,25 01810,2501810,X003784841,2025-04-14,00:00:00,2025-04-14 00:00:00,2025-04-16 08:34:25,Madison St/N Austin Blvd,,MADISON ST,N AUSTIN BLVD,1,1,0,0,Property Damage,No Injuries,Car,11,Front To Rear,2,2,0,4,"$501 to $1,500",1,0,0,0,0,0,0,03,Following Too Closely,99,Not Applicable,3,Traffic Signal,4,Functioning Properly,1,Clear,5,"Darkness, Lighted Road",14,Four-Way Intersection,1,Dry,2,Stopped,1,No Defects,O80,O13,41.8800621,-87.7746582,41.8800888,-87.7746582,1136391.38,1899377.50
32094,25 01807,2501807,X003784809,2025-04-15,07:34:00,2025-04-15 07:34:00,2025-04-16 08:40:24,425 Home Ave,425,HOME AVE,WASHINGTON BLVD,0,0,0,0,Property Damage,No Injuries,Car,10,Turning (At Least One Vehicle),2,2,0,5,"Over $1,500",1,0,0,0,0,0,0,02,Failing To Yield Right-Of-Way,99,Not Applicable,1,No Controls,1,No Controls,2,Rain,1,Daylight,1,Not Divided,2,Wet,3,Free Flow,1,No Defects,O70,O12,41.8814888,-87.7999039,41.8806267,-87.8001022,1129514.50,1899853.50
32087,25 01808,2501808,X003784818,2025-04-15,08:10:00,2025-04-15 08:10:00,2025-04-16 08:34:25,725 S Kenilworth Ave,725,S KENILWORTH AVE,JACKSON BLVD,0,0,0,0,Property Damage,No Injuries,Car,9,Parked Motor Vehicle,2,2,0,4,"$501 to $1,500",1,0,0,0,0,0,0,20,Improper Lane Usage,28,Failing To Reduce Speed To Avoid Crash,1,No Controls,1,No Controls,2,Rain,1,Daylight,1,Not Divided,2,Wet,3,Free Flow,1,No Defects,O60,O15,41.8754654,-87.7972107,41.8759728,-87.7974625,1130261.63,1897663.75
32089,25 01809,2501809,X003784826,2025-04-15,08:34:00,2025-04-15 08:34:00,2025-04-16 08:40:22,1100 S Oak Park Ave,1100,S OAK PARK AVE,FILLMORE ST,1,1,0,0,Property Damage,No Injuries,Car,15,Angle,2,2,0,5,"Over $1,500",0,1,0,0,0,0,0,02,Failing To Yield Right-Of-Way,18,Unable To Determine,2,Stop Sign,4,Functioning Properly,2,Rain,1,Daylight,14,Four-Way Intersection,2,Wet,3,Free Flow,1,No Defects,O90,O17,41.8669891,-87.7937775,41.8686752,-87.7936783,1131215.00,1894580.88
32096,25 01811,2501811,X003784842,2025-04-15,08:58:00,2025-04-15 08:58:00,2025-04-16 08:46:12,N Ridgeland Ave/Ontario St,,N RIDGELAND AVE,ONTARIO ST,1,1,0,0,Property Damage,No Injuries,Car,11,Front To Rear,3,3,0,4,"$501 to $1,500",1,0,0,0,0,0,0,99,Not Applicable,99,Not Applicable,1,No Controls,1,No Controls,1,Clear,1,Daylight,1,Not Divided,1,Dry,3,Free Flow,99,Unknown,O30,O8,41.8903580,-87.7847900,41.8903656,-87.7847519,1133608.00,1903111.25
32095,25 01813,2501813,X003784849,2025-04-15,09:31:00,2025-04-15 09:31:00,2025-04-16 08:46:11,Oak Park Ave/Roosevelt Rd,,OAK PARK AVE,ROOSEVELT RD,1,1,0,0,Property Damage,No Injuries,Car,11,Front To Rear,2,2,0,5,"Over $1,500",1,0,0,0,0,0,0,28,Failing To Reduce Speed To Avoid Crash,18,Unable To Determine,3,Traffic Signal,4,Functioning Properly,8,Cloudy/Overcast,1,Daylight,14,Four-Way Intersection,2,Wet,3,Free Flow,1,No Defects,O90,O18,41.8651619,-87.7937927,41.8651657,-87.7937546,1131216.00,1893914.50
32092,25 01816,2501816,X003784850,2025-04-15,11:26:00,2025-04-15 11:26:00,2025-04-16 08:40:23,1191 S Taylor Ave,1191,S TAYLOR AVE,,0,0,0,0,Property Damage,No Injuries,Car,12,Sideswipe - Same Direction,2,2,0,5,"Over $1,500",1,0,0,0,0,0,0,28,Failing To Reduce Speed To Avoid Crash,02,Failing To Yield Right-Of-Way,1,No Controls,1,No Controls,1,Clear,1,Daylight,1,Not Divided,1,Dry,3,Free Flow,1,No Defects,O90,O16,41.8657455,-87.7778015,41.8657684,-87.7779541,1135570.75,1894155.63
32091,25 01818,2501818,X003784852,2025-04-15,12:39:00,2025-04-15 12:39:00,2025-04-16 08:34:26,6346 Roosevelt Rd,6346,ROOSEVELT RD,,0,0,0,0,Property Damage,No Injuries,Car,15,Angle,2,2,0,4,"$501 to $1,500",1,0,0,0,0,0,0,02,Failing To Yield Right-Of-Way,15,Driving Skills/Knowledge/Experience,1,No Controls,1,No Controls,1,Clear,1,Daylight,4,Two-Way Continuous Left-Turn Lane,1,Dry,1,Slow,1,No Defects,O90,O16,41.8653679,-87.7836380,41.8655891,-87.7836456,1133981.75,1894006.88