record_id,report_number,crash_id,idot_crash_number,date,time,occurred_at,record_added_at,location,street_number,street_name,cross_street,at_intersection,intersection_related,private_property,hit_and_run,crash_severity,crash_injury_severity,crash_mode,crash_type_code,crash_type,total_units,num_motor_vehicles,dooring_pedalcyclist,damage_code,damage,no_injury_drive_away,injury_or_towed,fatalities,a_injuries,b_injuries,c_injuries,total_injured,cause1_code,cause1,cause2_code,cause2,traffic_control_code,traffic_control,device_condition_code,device_condition,weather_code,weather,lighting_code,lighting,trafficway_code,trafficway,road_surface_code,road_surface,flow_condition_code,flow_condition,road_defects_code,road_defects,beat_zone,post_district,latitude,longitude,latitude_geocoded,longitude_geocoded,state_plane_x,state_plane_y
32097,25 01819,2501819,X003784856,2025-04-15,15:16:00,2025-04-15 15:16:00,2025-04-16 08:46:12,S Maple Ave/Washington Blvd,,S MAPLE AVE,WASHINGTON BLVD,1,1,0,0,Property Damage,No Injuries,Car,15,Angle,2,2,0,4,"$501 to $1,500",0,1,0,0,0,0,0,02,Failing To Yield Right-Of-Way,15,Driving Skills/Knowledge/Experience,2,Stop Sign,4,Functioning Properly,1,Clear,1,Daylight,2,"Divided, No Median Barrier",1,Dry,3,Free Flow,1,No Defects,O70,O12,41.8814201,-87.8038940,41.8814201,-87.8039246,1128428.25,1899821.25
32098,25 01830,2501830,X003784844,2025-04-16,02:08:00,2025-04-16 02:08:00,2025-04-16 08:46:13,438 N Austin Blvd,438,N AUSTIN BLVD,,0,0,0,0,Property Damage,No Injuries,Car,9,Parked Motor Vehicle,2,2,0,5,"Over $1,500",0,1,0,0,0,0,0,28,Failing To Reduce Speed To Avoid Crash,15,Driving Skills/Knowledge/Experience,1,No Controls,1,No Controls,1,Clear,5,"Darkness, Lighted Road",2,"Divided, No Median Barrier",1,Dry,3,Free Flow,1,No Defects,O30,O7,41.8889084,-87.7749329,41.8888092,-87.7751694,1136295.88,1902600.00
32102,25 01833,2501833,X003786049,2025-04-16,08:24:00,2025-04-16 08:24:00,2025-04-17 07:54:44,Madison St/S Cuyler Ave,,MADISON ST,S CUYLER AVE,1,1,0,0,Injury,B Injury Crash,Pedalcyclist,2,Pedalcyclist,2,1,0,4,"$501 to $1,500",0,1,0,0,1,0,1,02,Failing To Yield Right-Of-Way,28,Failing To Reduce Speed To Avoid Crash,14,Delineators,4,Functioning Properly,1,Clear,1,Daylight,2,"Divided, No Median Barrier",1,Dry,1,Slow,1,No Defects,O80,O13,41.8799324,-87.7832260,41.8799591,-87.7832336,1134058.63,1899314.38
32103,25 01834,2501834,X003786987,2025-04-16,08:46:00,2025-04-16 08:46:00,2025-04-17 07:54:45,Augusta St/Woodbine Ave,,AUGUSTA ST,WOODBINE AVE,0,0,0,0,Injury,C Injury Crash,Car,11,Front To Rear,2,2,0,5,"Over $1,500",0,1,0,0,0,2,2,28,Failing To Reduce Speed To Avoid Crash,99,Not Applicable,2,Stop Sign,4,Functioning Properly,1,Clear,1,Daylight,2,"Divided, No Median Barrier",1,Dry,1,Slow,1,No Defects,O20,O6,41.8979568,-87.7992630,41.8979874,-87.7992630,1129651.13,1905855.13
32104,25 01837,2501837,X003786055,2025-04-16,11:43:00,2025-04-16 11:43:00,2025-04-17 07:54:45,N Harlem Ave/Washington Blvd,,N HARLEM AVE,WASHINGTON BLVD,0,0,0,0,Property Damage,No Injuries,Car,11,Front To Rear,2,2,0,3,$500 or less,1,0,0,0,0,0,0,03,Following Too Closely,15,Driving Skills/Knowledge/Experience,1,No Controls,1,No Controls,1,Clear,1,Daylight,1,Not Divided,1,Dry,3,Free Flow,1,No Defects,O70,O12,41.8813934,-87.8048325,41.8814087,-87.8047943,1128172.13,1899810.88
32135,25 01929,2501929,X003791250,2025-04-16,15:32:00,2025-04-16 15:32:00,2025-04-22 08:23:08,S Oak Park Ave/Harrison St,,S OAK PARK AVE,HARRISON ST,0,0,0,1,Property Damage,No Injuries,Car,9,Parked Motor Vehicle,2,2,0,5,"Over $1,500",1,0,0,0,0,0,0,28,Failing To Reduce Speed To Avoid Crash,99,Not Applicable,1,No Controls,1,No Controls,9,Unknown,1,Daylight,1,Not Divided,1,Dry,3,Free Flow,1,No Defects,O60,O14,41.8728065,-87.7939758,41.8728065,-87.7940140,1131147.75,1896700.00
32105,25 01846,2501846,X003786064,2025-04-16,17:59:00,2025-04-16 17:59:00,2025-04-17 07:54:46,Clarence Ave/Roosevelt Rd,,CLARENCE AVE,ROOSEVELT RD,1,1,0,0,Property Damage,No Injuries,Car,11,Front To Rear,2,2,0,4,"$501 to $1,500",1,0,0,0,0,0,0,03,Following Too Closely,99,Not Applicable,1,No Controls,1,No Controls,1,Clear,1,Daylight,14,Four-Way Intersection,1,Dry,2,Stopped,1,No Defects,O90,O17,41.8652306,-87.7900543,41.8652267,-87.7900925,1132233.13,1893945.88
32134,25 01867,2501867,X003791246,2025-04-17,00:00:00,2025-04-17 00:00:00,2025-04-22 08:23:07,Cuyler/Washington Blvd,,CUYLER,WASHINGTON BLVD,1,1,0,0,Property Damage,No Injuries,Car,11,Front To Rear,2,2,0,5,"Over $1,500",1,0,0,0,0,0,0,03,Following Too Closely,28,Failing To Reduce Speed To Avoid Crash,1,No Controls,1,No Controls,1,Clear,1,Daylight,2,"Divided, No Median Barrier",1,Dry,1,Slow,1,No Defects,O50,O10,41.8817482,-87.7828445,41.8817444,-87.7828751,1134159.63,1899977.88
32107,25 01857,2501857,X003787423,2025-04-17,12:57:00,2025-04-17 12:57:00,2025-04-18 08:19:19,Jackson Blvd/S Taylor Ave,,JACKSON BLVD,S TAYLOR AVE,1,1,0,0,Injury,B Injury Crash,Car,15,Angle,2,2,0,5,"Over $1,500",0,1,0,0,1,0,1,02,Failing To Yield Right-Of-Way,23,Disregarding Stop Sign,1,No Controls,1,No Controls,1,Clear,1,Daylight,3,Divided With Median Barrier,1,Dry,3,Free Flow,1,No Defects,O80,O13,41.8764420,-87.7781906,41.8764153,-87.7781982,1135438.00,1898051.75
32108,25 01861,2501861,X003787438,2025-04-17,14:58:00,2025-04-17 14:58:00,2025-04-18 08:19:20,North Ave/N Harlem Ave,,NORTH AVE,N HARLEM AVE,1,1,0,1,Property Damage,No Injuries,Car,11,Front To Rear,2,2,0,4,"$501 to $1,500",1,0,0,0,0,0,0,28,Failing To Reduce Speed To Avoid Crash,02,Failing To Yield Right-Of-Way,3,Traffic Signal,4,Functioning Properly,1,Clear,1,Daylight,2,"Divided, No Median Barrier",1,Dry,2,Stopped,1,No Defects,O40,O9,41.8871002,-87.8049927,41.9088860,-87.8057556,1128115.75,1901889.63
32109,25 01864,2501864,X003787443,2025-04-17,16:31:00,2025-04-17 16:31:00,2025-04-18 08:19:20,N Oak Park Ave/North Blvd,,N OAK PARK AVE,NORTH BLVD,0,0,0,0,Property Damage,No Injuries,Car,12,Sideswipe - Same Direction,2,2,0,4,"$501 to $1,500",1,0,0,0,0,0,0,02,Failing To Yield Right-Of-Way,15,Driving Skills/Knowledge/Experience,1,No Controls,1,No Controls,1,Clear,1,Daylight,1,Not Divided,2,Wet,3,Free Flow,1,No Defects,O40,O9,41.8873062,-87.7945175,41.8873138,-87.7944794,1130966.88,1901982.38
32110,25 01866,2501866,X003787450,2025-04-17,17:35:00,2025-04-17 17:35:00,2025-04-18 08:13:19,520 S Austin Blvd,520,S AUSTIN BLVD,,0,0,0,1,Property Damage,No Injuries,Car,12,Sideswipe - Same Direction,2,2,0,4,"$501 to $1,500",1,0,0,0,0,0,0,04,Improper Overtaking/Passing,18,Unable To Determine,3,Traffic Signal,4,Functioning Properly,1,Clear,1,Daylight,1,Not Divided,2,Wet,3,Free Flow,1,No Defects,O80,O13,41.8729363,-87.7744598,41.8730049,-87.7748718,1136463.00,1896780.38
32111,25 01873,2501873,X003787475,2025-04-17,21:16:00,2025-04-17 21:16:00,2025-04-18 08:19:21,N Elmwood Ave/Chicago Ave,,N ELMWOOD AVE,CHICAGO AVE,1,1,0,0,Property Damage,No Injuries,Car,15,Angle,2,2,0,4,"$501 to $1,500",1,0,0,0,0,0,0,02,Failing To Yield Right-Of-Way,99,Not Applicable,2,Stop Sign,4,Functioning Properly,1,Clear,5,"Darkness, Lighted Road",1,Not Divided,1,Dry,3,Free Flow,1,No Defects,O30,O8,41.8945389,-87.7865448,41.8945503,-87.7865067,1133121.50,1904632.38
32124,25 01887,2501887,X003789739,2025-04-18,12:34:00,2025-04-18 12:34:00,2025-04-21 08:43:25,300 Ontario/Oak Park,300,ONTARIO/OAK PARK,,0,0,0,0,Property Damage,No Injuries,Car,9,Parked Motor Vehicle,2,2,0,5,"Over $1,500",1,0,0,0,0,0,0,28,Failing To Reduce Speed To Avoid Crash,99,Not Applicable,1,No Controls,1,No Controls,1,Clear,1,Daylight,1,Not Divided,1,Dry,3,Free Flow,1,No Defects,O30,O8,41.8901749,-87.7945557,41.8902016,-87.7945557,1130949.88,1903028.13
32121,25 01885,2501885,X003789729,2025-04-18,15:09:00,2025-04-18 15:09:00,2025-04-21 08:37:16,Lake St/N Harlem Ave,,LAKE ST,N HARLEM AVE,1,1,0,0,Property Damage,No Injuries,Car,12,Sideswipe - Same Direction,2,2,0,4,"$501 to $1,500",1,0,0,0,0,0,0,02,Failing To Yield Right-Of-Way,99,Not Applicable,3,Traffic Signal,4,Functioning Properly,8,Cloudy/Overcast,1,Daylight,14,Four-Way Intersection,1,Dry,1,Slow,1,No Defects,O40,O9,41.8885536,-87.8050537,41.8885841,-87.8050537,1128096.13,1902419.63
32129,25 01886,2501886,X003789732,2025-04-18,15:58:00,2025-04-18 15:58:00,2025-04-21 08:43:27,Austin Blvd/Augusta,,AUSTIN BLVD,AUGUSTA,0,0,0,1,Property Damage,No Injuries,Car,12,Sideswipe - Same Direction,2,2,0,4,"$501 to $1,500",1,0,0,0,0,0,0,18,Unable To Determine,18,Unable To Determine,1,No Controls,1,No Controls,1,Clear,1,Daylight,2,"Divided, No Median Barrier",1,Dry,3,Free Flow,1,No Defects,O10,O4,41.8983345,-87.7752533,41.8983650,-87.7752533,1136187.38,1906035.63
32114,25 01889,2501889,X003789792,2025-04-18,16:10:00,2025-04-18 16:10:00,2025-04-21 08:37:15,Lake St/Forest Ave,,LAKE ST,FOREST AVE,1,1,0,1,Injury,B Injury Crash,Pedalcyclist,2,Pedalcyclist,2,1,0,3,$500 or less,0,1,0,0,1,0,1,28,Failing To Reduce Speed To Avoid Crash,18,Unable To Determine,3,Traffic Signal,4,Functioning Properly,8,Cloudy/Overcast,1,Daylight,14,Four-Way Intersection,1,Dry,3,Free Flow,1,No Defects,O40,O9,41.8886337,-87.8007965,41.8886642,-87.8007965,1129255.38,1902455.88
32120,25 01890,2501890,X003789793,2025-04-18,18:06:00,2025-04-18 18:06:00,2025-04-21 08:37:15,733 Lake St,733,LAKE ST,,0,0,0,0,Property Damage,No Injuries,Car,18,Rear To Front,2,2,0,3,$500 or less,1,0,0,0,0,0,0,28,Failing To Reduce Speed To Avoid Crash,18,Unable To Determine,1,No Controls,1,No Controls,1,Clear,1,Daylight,1,Not Divided,1,Dry,1,Slow,1,No Defects,O30,O8,41.8885918,-87.7937546,41.8885117,-87.7940979,1131171.25,1902452.13
32128,25 01893,2501893,X003789689,2025-04-18,20:57:00,2025-04-18 20:57:00,2025-04-21 08:43:27,11 Madison St,11,MADISON ST,,0,0,0,0,Property Damage,No Injuries,Car,11,Front To Rear,2,2,0,3,$500 or less,1,0,0,0,0,0,0,04,Improper Overtaking/Passing,28,Failing To Reduce Speed To Avoid Crash,1,No Controls,1,No Controls,1,Clear,1,Daylight,3,Divided With Median Barrier,1,Dry,1,Slow,1,No Defects,O80,O13,41.8800507,-87.7751694,41.8799171,-87.7751694,1136252.38,1899372.38
32115,25 01899,2501899,X003789794,2025-04-19,11:21:00,2025-04-19 11:21:00,2025-04-21 08:37:16,1001 Wisconsin Ave,1001,WISCONSIN AVE,,0,0,0,0,Property Damage,No Injuries,Car,9,Parked Motor Vehicle,2,2,0,4,"$501 to $1,500",1,0,0,0,0,0,0,28,Failing To Reduce Speed To Avoid Crash,30,Improper Backing,1,No Controls,1,No Controls,8,Cloudy/Overcast,1,Daylight,1,Not Divided,2,Wet,2,Stopped,1,No Defects,O90,O18,41.8704643,-87.8019409,41.8703575,-87.8021698,1128983.00,1895832.75
32122,25 01900,2501900,X003789802,2025-04-19,11:34:00,2025-04-19 11:34:00,2025-04-21 08:43:25,Lake St/Ontario St,,LAKE ST,ONTARIO ST,0,0,0,0,Property Damage,No Injuries,Car,15,Angle,2,2,0,4,"$501 to $1,500",1,0,0,0,0,0,0,02,Failing To Yield Right-Of-Way,99,Not Applicable,1,No Controls,1,No Controls,8,Cloudy/Overcast,1,Daylight,2,"Divided, No Median Barrier",1,Dry,1,Slow,1,No Defects,O30,O8,41.8883514,-87.7863312,41.8901939,-87.7960587,1133194.00,1902377.25
32125,25 01901,2501901,X003789796,2025-04-19,11:50:00,2025-04-19 11:50:00,2025-04-21 08:43:25,1038 Lake,1038,LAKE,,0,0,0,0,Property Damage,No Injuries,Car,12,Sideswipe - Same Direction,2,2,0,5,"Over $1,500",1,0,0,0,0,0,0,28,Failing To Reduce Speed To Avoid Crash,18,Unable To Determine,1,No Controls,1,No Controls,1,Clear,1,Daylight,1,Not Divided,1,Dry,1,Slow,1,No Defects,O40,O9,41.8886185,-87.8026733,41.8887711,-87.8020706,1128743.25,1902446.50
32117,25 01902,2501902,X003789819,2025-04-19,13:15:00,2025-04-19 13:15:00,2025-04-21 08:37:18,S Ridgeland Ave/Van Buren St,,S RIDGELAND AVE,VAN BUREN ST,1,1,0,0,Injury,C Injury Crash,Car,15,Angle,2,2,0,5,"Over $1,500",0,1,0,0,0,3,3,02,Failing To Yield Right-Of-Way,28,Failing To Reduce Speed To Avoid Crash,2,Stop Sign,4,Functioning Properly,8,Cloudy/Overcast,1,Daylight,2,"Divided, No Median Barrier",1,Dry,1,Slow,1,No Defects,O80,O13,41.8744621,-87.7842407,41.8744621,-87.7842789,1133795.00,1897319.63
32119,25 01903,2501903,X003789797,2025-04-19,14:06:00,2025-04-19 14:06:00,2025-04-21 08:37:19,Washington Blvd/N Austin Blvd,,WASHINGTON BLVD,N AUSTIN BLVD,0,0,0,0,Property Damage,No Injuries,Car,12,Sideswipe - Same Direction,2,2,0,5,"Over $1,500",1,0,0,0,0,0,0,28,Failing To Reduce Speed To Avoid Crash,20,Improper Lane Usage,3,Traffic Signal,4,Functioning Properly,1,Clear,1,Daylight,2,"Divided, No Median Barrier",1,Dry,3,Free Flow,1,No Defects,O50,O10,41.8820839,-87.7747269,41.8821106,-87.7747269,1136369.63,1900113.38
32126,25 01908,2501908,X003789826,2025-04-19,19:02:00,2025-04-19 19:02:00,2025-04-21 08:43:26,S Oak Park Ave/Harvard St,,S OAK PARK AVE,HARVARD ST,1,0,0,1,Property Damage,No Injuries,Car,11,Front To Rear,2,2,0,5,"Over $1,500",1,0,0,0,0,0,0,28,Failing To Reduce Speed To Avoid Crash,99,Not Applicable,3,Traffic Signal,1,No Controls,1,Clear,1,Daylight,1,Not Divided,1,Dry,2,Stopped,1,No Defects,O90,O17,41.8688164,-87.7938461,41.8688087,-87.7938767,1131193.50,1895245.88
32116,25 01909,2501909,X003789606,2025-04-19,19:47:00,2025-04-19 19:47:00,2025-04-21 08:37:17,N Austin/Chicago Ave,,N AUSTIN,CHICAGO AVE,0,1,0,0,Property Damage,No Injuries,Car,10,Turning (At Least One Vehicle),2,2,0,5,"Over $1,500",0,1,0,0,0,0,0,02,Failing To Yield Right-Of-Way,28,Failing To Reduce Speed To Avoid Crash,1,No Controls,4,Functioning Properly,1,Clear,5,"Darkness, Lighted Road",2,"Divided, No Median Barrier",1,Dry,1,Slow,1,No Defects,O30,O7,41.8946877,-87.7751389,41.8947105,-87.7751389,1136227.25,1904705.00
32342,25 02521,2502521,X003823476,2025-04-20,12:02:00,2025-04-20 12:02:00,2025-05-20 09:37:20,N Harlem Ave/Greenfield St,,N HARLEM AVE,GREENFIELD ST,0,0,0,1,Property Damage,No Injuries,Car,9,Parked Motor Vehicle,2,2,0,5,"Over $1,500",1,0,0,0,0,0,0,28,Failing To Reduce Speed To Avoid Crash,99,Not Applicable,1,No Controls,1,No Controls,9,Unknown,5,"Darkness, Lighted Road",2,"Divided, No Median Barrier",9,Unknown,3,Free Flow,9,Debris On Roadway,R81,RFPD,41.9052124,-87.8056869,41.9052162,-87.8056488,1127886.25,1908488.50
32118,25 01916,2501916,X003789838,2025-04-20,15:10:00,2025-04-20 15:10:00,2025-04-21 08:37:18,Madison St/S Lombard Ave,,MADISON ST,S LOMBARD AVE,0,0,0,0,Injury,B Injury Crash,Car,11,Front To Rear,3,3,0,5,"Over $1,500",0,1,0,0,1,0,1,28,Failing To Reduce Speed To Avoid Crash,03,Following Too Closely,1,No Controls,1,No Controls,8,Cloudy/Overcast,1,Daylight,2,"Divided, No Median Barrier",2,Wet,2,Stopped,1,No Defects,O80,O13,41.8799973,-87.7795563,41.8800240,-87.7795563,1135058.63,1899344.50
32221,25 02168,2502168,X003805736,2025-04-20,16:53:00,2025-04-20 16:53:00,2025-05-05 08:01:55,801 S East Ave,801,S EAST AVE,,0,0,0,0,Property Damage,No Injuries,Car,9,Parked Motor Vehicle,2,2,0,5,"Over $1,500",1,0,0,0,0,0,0,20,Improper Lane Usage,28,Failing To Reduce Speed To Avoid Crash,2,Stop Sign,4,Functioning Properly,2,Rain,1,Daylight,1,Not Divided,2,Wet,3,Free Flow,1,No Defects,O60,O14,41.8743401,-87.7891388,41.8740921,-87.7893219,1132461.50,1897266.25
32127,25 01921,2501921,X003789914,2025-04-20,21:19:00,2025-04-20 21:19:00,2025-04-21 08:43:26,Washington Blvd/S Ridgeland Ave,,WASHINGTON BLVD,S RIDGELAND AVE,1,1,0,0,Property Damage,No Injuries,Car,11,Front To Rear,2,2,0,4,"$501 to $1,500",1,0,0,0,0,0,0,28,Failing To Reduce Speed To Avoid Crash,03,Following Too Closely,3,Traffic Signal,4,Functioning Properly,1,Clear,5,"Darkness, Lighted Road",2,"Divided, No Median Barrier",2,Wet,1,Slow,10,Other,O50,O10,41.8816948,-87.7845154,41.8817253,-87.7845154,1133704.88,1899954.38
32123,25 01922,2501922,X003789839,2025-04-20,23:37:00,2025-04-20 23:37:00,2025-04-21 08:37:17,S Harlem Ave/I290,,S HARLEM AVE,I290,1,1,0,0,Property Damage,No Injuries,Car,10,Turning (At Least One Vehicle),2,2,0,5,"Over $1,500",1,0,0,0,0,0,0,28,Failing To Reduce Speed To Avoid Crash,20,Improper Lane Usage,3,Traffic Signal,4,Functioning Properly,2,Rain,5,"Darkness, Lighted Road",3,Divided With Median Barrier,2,Wet,1,Slow,1,No Defects,O60,O15,41.8737946,-87.8044968,41.8736153,-87.8045197,1128281.50,1897042.00
32137,25 01930,2501930,X003791255,2025-04-21,15:38:00,2025-04-21 15:38:00,2025-04-22 08:23:09,North Blvd/N Harlem Ave,,NORTH BLVD,N HARLEM AVE,0,0,0,0,Property Damage,No Injuries,Car,15,Angle,2,2,0,5,"Over $1,500",1,0,0,0,0,0,0,28,Failing To Reduce Speed To Avoid Crash,99,Not Applicable,3,Traffic Signal,4,Functioning Properly,1,Clear,1,Daylight,2,"Divided, No Median Barrier",1,Dry,1,Slow,1,No Defects,O40,O9,41.8871002,-87.8049927,41.8871231,-87.8049927,1128115.75,1901889.63
32133,25 01934,2501934,X003791267,2025-04-21,17:42:00,2025-04-21 17:42:00,2025-04-22 08:23:07,N Austin Blvd/Washington Blvd,,N AUSTIN BLVD,WASHINGTON BLVD,1,1,0,0,Property Damage,No Injuries,Car,10,Turning (At Least One Vehicle),2,2,0,3,$500 or less,1,0,0,0,0,0,0,02,Failing To Yield Right-Of-Way,02,Failing To Yield Right-Of-Way,3,Traffic Signal,4,Functioning Properly,1,Clear,2,Dawn,1,Not Divided,1,Dry,3,Free Flow,1,No Defects,,,41.8821068,-87.7746887,41.8821106,-87.7747269,1136378.00,1900122.38
32140,25 01941,2501941,X003792546,2025-04-22,05:10:00,2025-04-22 05:10:00,2025-04-23 08:00:19,S Oak Park Ave/Randolph,,S OAK PARK AVE,RANDOLPH,0,0,0,1,Property Damage,No Injuries,Car,12,Sideswipe - Same Direction,2,2,0,5,"Over $1,500",0,1,0,0,0,0,0,28,Failing To Reduce Speed To Avoid Crash,18,Unable To Determine,1,No Controls,1,No Controls,1,Clear,5,"Darkness, Lighted Road",1,Not Divided,1,Dry,3,Free Flow,1,No Defects,O60,O11,41.8832970,-87.7943268,41.8834534,-87.7943649,1131028.38,1900522.88
32139,25 01942,2501942,X003792555,2025-04-22,06:38:00,2025-04-22 06:38:00,2025-04-23 08:00:18,N Taylor Ave/Superior St,,N TAYLOR AVE,SUPERIOR ST,1,1,0,0,Injury,B Injury Crash,Car,15,Angle,2,2,0,5,"Over $1,500",0,1,0,0,3,0,3,02,Failing To Yield Right-Of-Way,28,Failing To Reduce Speed To Avoid Crash,2,Stop Sign,4,Functioning Properly,1,Clear,1,Daylight,1,Not Divided,1,Dry,3,Free Flow,1,No Defects,O30,O7,41.8931885,-87.7783737,41.8931923,-87.7783356,1135349.38,1904154.13
32143,25 01943,2501943,X003792562,2025-04-22,08:28:00,2025-04-22 08:28:00,2025-04-23 08:00:21,Jackson Blvd/Clinton,,JACKSON BLVD,CLINTON,0,0,0,1,Property Damage,No Injuries,Car,11,Front To Rear,3,3,0,5,"Over $1,500",1,0,0,0,0,0,0,18,Unable To Determine,18,Unable To Determine,1,No Controls,1,No Controls,1,Clear,1,Daylight,2,"Divided, No Median Barrier",1,Dry,1,Slow,1,No Defects,O60,O15,41.8754120,-87.7986755,41.8754425,-87.7986832,1129861.88,1897641.00
32142,25 01965,2501965,X003792541,2025-04-22,20:16:00,2025-04-22 20:16:00,2025-04-23 08:00:20,401 Madison St,401,MADISON ST,,0,0,0,0,Property Damage,No Injuries,Car,10,Turning (At Least One Vehicle),2,2,0,5,"Over $1,500",0,1,0,0,0,0,0,28,Failing To Reduce Speed To Avoid Crash,15,Driving Skills/Knowledge/Experience,3,Traffic Signal,4,Functioning Properly,1,Clear,5,"Darkness, Lighted Road",2,"Divided, No Median Barrier",1,Dry,3,Free Flow,1,No Defects,O60,O14,41.8799057,-87.7845306,41.8795738,-87.7848740,1133704.00,1899302.25
32141,25 01966,2501966,X003792534,2025-04-22,20:29:00,2025-04-22 20:29:00,2025-04-23 08:00:20,Ontario St/N Harlem Ave,,ONTARIO ST,N HARLEM AVE,1,1,0,1,Property Damage,No Injuries,Car,13,Sideswipe - Opposite Direction,2,2,0,4,"$501 to $1,500",1,0,0,0,0,0,0,04,Improper Overtaking/Passing,99,Not Applicable,3,Traffic Signal,4,Functioning Properly,1,Clear,1,Daylight,2,"Divided, No Median Barrier",1,Dry,1,Slow,1,No Defects,O40,O9,41.8905182,-87.8051224,41.8905449,-87.8051224,1128072.00,1903134.50
32151,25 01969,2501969,X003794501,2025-04-23,08:18:00,2025-04-23 08:18:00,2025-04-24 08:19:40,South Blvd/N Harlem Ave,,SOUTH BLVD,N HARLEM AVE,0,0,0,0,Property Damage,No Injuries,Car,12,Sideswipe - Same Direction,2,2,0,4,"$501 to $1,500",1,0,0,0,0,0,0,28,Failing To Reduce Speed To Avoid Crash,99,Not Applicable,1,No Controls,1,No Controls,1,Clear,1,Daylight,2,"Divided, No Median Barrier",2,Wet,1,Slow,1,No Defects,O70,O12,41.8866806,-87.8049850,41.8867111,-87.8049927,1128118.25,1901736.75
32148,25 01971,2501971,X003793497,2025-04-23,08:53:00,2025-04-23 08:53:00,2025-04-24 08:19:40,North Ave/Linden Ave,,NORTH AVE,LINDEN AVE,1,0,0,1,Property Damage,No Injuries,Car,12,Sideswipe - Same Direction,2,2,0,5,"Over $1,500",1,0,0,0,0,0,0,28,Failing To Reduce Speed To Avoid Crash,18,Unable To Determine,1,No Controls,1,No Controls,2,Rain,1,Daylight,1,Not Divided,2,Wet,1,Slow,1,No Defects,O20,O2,41.9090195,-87.7926331,41.9090500,-87.7926331,1131431.38,1909898.75
32149,25 01972,2501972,X003793498,2025-04-23,09:17:00,2025-04-23 09:17:00,2025-04-24 08:26:03,101 Madison St,101,MADISON ST,,0,0,0,0,Property Damage,No Injuries,Car,9,Parked Motor Vehicle,2,2,0,4,"$501 to $1,500",1,0,0,0,0,0,0,28,Failing To Reduce Speed To Avoid Crash,18,Unable To Determine,1,No Controls,1,No Controls,2,Rain,1,Daylight,1,Not Divided,2,Wet,3,Free Flow,1,No Defects,O80,O13,41.8800125,-87.7776413,41.8798790,-87.7774735,1135580.38,1899353.25
32152,25 01973,2501973,X003793517,2025-04-23,11:03:00,2025-04-23 11:03:00,2025-04-24 08:19:41,731 S Maple Ave,731,S MAPLE AVE,,0,0,0,1,Property Damage,No Injuries,Car,6,Fixed Object,2,1,0,4,"$501 to $1,500",0,1,0,0,0,0,0,20,Improper Lane Usage,28,Failing To Reduce Speed To Avoid Crash,14,Delineators,4,Functioning Properly,1,Clear,1,Daylight,3,Divided With Median Barrier,2,Wet,3,Free Flow,1,No Defects,O60,O15,41.8757286,-87.8036957,41.8755875,-87.8039093,1128494.63,1897748.50
32147,25 01979,2501979,X003793523,2025-04-23,16:18:00,2025-04-23 16:18:00,2025-04-24 08:02:09,Roosevelt Rd/S Harlem Ave,,ROOSEVELT RD,S HARLEM AVE,1,1,0,1,Property Damage,No Injuries,Car,12,Sideswipe - Same Direction,2,2,0,4,"$501 to $1,500",1,0,0,0,0,0,0,04,Improper Overtaking/Passing,18,Unable To Determine,3,Traffic Signal,4,Functioning Properly,1,Clear,1,Daylight,14,Four-Way Intersection,1,Dry,2,Stopped,1,No Defects,O90,O18,41.8650131,-87.8041992,41.8649864,-87.8042068,1128380.25,1893842.88
32146,25 01980,2501980,X003793525,2025-04-23,19:25:00,2025-04-23 19:25:00,2025-04-24 08:02:10,N Austin Blvd/Augusta Blvd,,N AUSTIN BLVD,AUGUSTA BLVD,0,0,0,0,Property Damage,No Injuries,Car,11,Front To Rear,2,2,0,5,"Over $1,500",0,1,0,0,0,0,0,28,Failing To Reduce Speed To Avoid Crash,99,Not Applicable,3,Traffic Signal,4,Functioning Properly,1,Clear,5,"Darkness, Lighted Road",2,"Divided, No Median Barrier",1,Dry,2,Stopped,1,No Defects,,,41.8983650,-87.7752228,41.8983650,-87.7752533,1136195.75,1906045.00
32145,25 01981,2501981,X003793117,2025-04-23,19:40:00,2025-04-23 19:40:00,2025-04-23 21:11:37,259 Lake St,259,LAKE ST,,0,0,0,1,Property Damage,No Injuries,Car,9,Parked Motor Vehicle,2,2,0,5,"Over $1,500",1,0,0,0,0,0,0,28,Failing To Reduce Speed To Avoid Crash,18,Unable To Determine,1,No Controls,1,No Controls,9,Unknown,1,Daylight,7,Parking Lot,1,Dry,,,1,No Defects,O30,O7,41.8882256,-87.7822952,41.8881416,-87.7822647,1134293.50,1902338.00
32156,25 01998,2501998,X003796528,2025-04-24,14:59:00,2025-04-24 14:59:00,2025-04-25 08:09:39,S Ridgeland Ave/South Blvd,,S RIDGELAND AVE,SOUTH BLVD,0,0,0,0,Injury,C Injury Crash,Car,11,Front To Rear,3,3,0,5,"Over $1,500",0,1,0,0,0,3,3,10,Equipment - Vehicle Condition,28,Failing To Reduce Speed To Avoid Crash,3,Traffic Signal,4,Functioning Properly,1,Clear,1,Daylight,2,"Divided, No Median Barrier",1,Dry,2,Stopped,1,No Defects,O50,O10,41.8869591,-87.7846298,41.8869553,-87.7846603,1133661.75,1901873.50