record_id,report_number,crash_id,idot_crash_number,date,time,occurred_at,record_added_at,location,street_number,street_name,cross_street,at_intersection,intersection_related,private_property,hit_and_run,crash_severity,crash_injury_severity,crash_mode,crash_type_code,crash_type,total_units,num_motor_vehicles,dooring_pedalcyclist,damage_code,damage,no_injury_drive_away,injury_or_towed,fatalities,a_injuries,b_injuries,c_injuries,total_injured,cause1_code,cause1,cause2_code,cause2,traffic_control_code,traffic_control,device_condition_code,device_condition,weather_code,weather,lighting_code,lighting,trafficway_code,trafficway,road_surface_code,road_surface,flow_condition_code,flow_condition,road_defects_code,road_defects,beat_zone,post_district,latitude,longitude,latitude_geocoded,longitude_geocoded,state_plane_x,state_plane_y
32157,25 01997,2501997,X003796529,2025-04-24,15:55:00,2025-04-24 15:55:00,2025-04-25 08:03:28,Ridgeland Ave/North Blvd,,RIDGELAND AVE,NORTH BLVD,1,0,0,0,Property Damage,No Injuries,Car,9,Parked Motor Vehicle,2,2,0,3,$500 or less,1,0,0,0,0,0,0,28,Failing To Reduce Speed To Avoid Crash,15,Driving Skills/Knowledge/Experience,3,Traffic Signal,4,Functioning Properly,1,Clear,1,Daylight,3,Divided With Median Barrier,1,Dry,1,Slow,1,No Defects,O30,O8,41.8874779,-87.7847137,41.8874855,-87.7846756,1133636.50,1902062.00
32183,25 02076,2502076,X003798830,2025-04-25,14:24:00,2025-04-25 14:24:00,2025-04-29 08:08:43,6431 North Ave,6431,NORTH AVE,,0,0,0,0,Property Damage,No Injuries,Car,10,Turning (At Least One Vehicle),2,2,0,5,"Over $1,500",1,0,0,0,0,0,0,28,Failing To Reduce Speed To Avoid Crash,18,Unable To Determine,1,No Controls,1,No Controls,9,Unknown,1,Daylight,1,Not Divided,9,Unknown,3,Free Flow,99,Unknown,O20,O2,41.9090996,-87.7862015,41.9088707,-87.7861710,1133181.50,1909938.75
32172,25 02015,2502015,X003798146,2025-04-25,14:32:00,2025-04-25 14:32:00,2025-04-28 08:09:21,N Ridgeland Ave/Lake St,,N RIDGELAND AVE,LAKE ST,0,0,0,0,Property Damage,No Injuries,Car,11,Front To Rear,2,2,0,4,"$501 to $1,500",1,0,0,0,0,0,0,03,Following Too Closely,28,Failing To Reduce Speed To Avoid Crash,1,No Controls,1,No Controls,2,Rain,1,Daylight,2,"Divided, No Median Barrier",2,Wet,2,Stopped,1,No Defects,O30,O8,41.8883209,-87.7847366,41.8883209,-87.7846985,1133628.00,1902369.13
32173,25 02017,2502017,X003798145,2025-04-25,15:31:00,2025-04-25 15:31:00,2025-04-28 08:09:21,Roosevelt Rd/S Harlem Ave,,ROOSEVELT RD,S HARLEM AVE,0,0,0,1,Property Damage,No Injuries,Car,10,Turning (At Least One Vehicle),3,3,0,4,"$501 to $1,500",1,0,0,0,0,0,0,02,Failing To Yield Right-Of-Way,28,Failing To Reduce Speed To Avoid Crash,3,Traffic Signal,4,Functioning Properly,8,Cloudy/Overcast,1,Daylight,1,Not Divided,2,Wet,2,Stopped,1,No Defects,O90,O18,41.8650131,-87.8041992,41.8649864,-87.8042068,1128380.25,1893842.88
32174,25 02021,2502021,X003798142,2025-04-25,16:50:00,2025-04-25 16:50:00,2025-04-28 08:03:25,N East Ave/Lake St,,N EAST AVE,LAKE ST,1,1,0,0,Property Damage,No Injuries,Car,6,Fixed Object,2,1,0,4,"$501 to $1,500",1,0,0,0,0,0,0,30,Improper Backing,28,Failing To Reduce Speed To Avoid Crash,10,Other Regulatory Sign,4,Functioning Properly,1,Clear,1,Daylight,15,T-Intersection,1,Dry,3,Free Flow,1,No Defects,O30,O8,41.8884811,-87.7896271,41.8884849,-87.7895889,1132295.75,1902419.13
32168,25 02029,2502029,X003798130,2025-04-25,23:44:00,2025-04-25 23:44:00,2025-04-28 08:03:25,S Harlem Ave/I290 W,,S HARLEM AVE,I290 W,0,0,0,1,Injury,B Injury Crash,Car,12,Sideswipe - Same Direction,2,2,0,5,"Over $1,500",0,1,0,0,2,0,2,04,Improper Overtaking/Passing,28,Failing To Reduce Speed To Avoid Crash,1,No Controls,1,No Controls,1,Clear,5,"Darkness, Lighted Road",2,"Divided, No Median Barrier",1,Dry,3,Free Flow,1,No Defects,O60,O15,41.8737946,-87.8044968,41.8738136,-87.8045197,1128281.50,1897042.00
32169,25 02044,2502044,X003798097,2025-04-26,18:53:00,2025-04-26 18:53:00,2025-04-28 08:09:20,S Oak Park Ave/Fillmore St,,S OAK PARK AVE,FILLMORE ST,1,1,0,0,Property Damage,No Injuries,Car,10,Turning (At Least One Vehicle),2,2,0,5,"Over $1,500",0,1,0,0,0,0,0,02,Failing To Yield Right-Of-Way,99,Not Applicable,2,Stop Sign,4,Functioning Properly,1,Clear,1,Daylight,14,Four-Way Intersection,1,Dry,1,Slow,1,No Defects,O90,O17,41.8669891,-87.7937775,41.8669815,-87.7938156,1131215.00,1894580.88
32170,25 02049,2502049,X003798092,2025-04-27,09:40:00,2025-04-27 09:40:00,2025-04-28 08:09:20,Madison St/S Taylor Ave,,MADISON ST,S TAYLOR AVE,1,1,0,0,Property Damage,No Injuries,Car,10,Turning (At Least One Vehicle),2,2,0,4,"$501 to $1,500",1,0,0,0,0,0,0,02,Failing To Yield Right-Of-Way,15,Driving Skills/Knowledge/Experience,1,No Controls,1,No Controls,1,Clear,1,Daylight,1,Not Divided,1,Dry,3,Free Flow,1,No Defects,O80,O13,41.8800087,-87.7779312,41.8800316,-87.7783203,1135501.50,1899352.50
32165,25 02054,2502054,X003798088,2025-04-27,14:06:00,2025-04-27 14:06:00,2025-04-28 07:57:35,Chicago Ave/N Grove Ave,,CHICAGO AVE,N GROVE AVE,0,0,0,0,Property Damage,No Injuries,Car,11,Front To Rear,2,2,0,4,"$501 to $1,500",1,0,0,0,0,0,0,41,Distraction - From Inside Vehicle,18,Unable To Determine,1,No Controls,1,No Controls,1,Clear,1,Daylight,1,Not Divided,1,Dry,3,Free Flow,1,No Defects,O20,O6,41.8944092,-87.7961731,41.8943787,-87.7961731,1130500.50,1904567.88
32279,25 02055,2502055,X003816147,2025-04-27,14:27:00,2025-04-27 14:27:00,2025-05-13 09:48:21,N Harlem Ave/Pleasant St,,N HARLEM AVE,PLEASANT ST,1,1,0,0,Injury,B Injury Crash,Car,15,Angle,2,2,0,3,$500 or less,0,1,0,0,1,0,1,02,Failing To Yield Right-Of-Way,15,Driving Skills/Knowledge/Experience,1,No Controls,1,No Controls,1,Clear,1,Daylight,1,Not Divided,1,Dry,3,Free Flow,1,No Defects,F1,FPPD,41.8853912,-87.8049774,41.8854065,-87.8049393,1128124.38,1901267.88
32181,25 02090,2502090,X003798810,2025-04-27,17:07:00,2025-04-27 17:07:00,2025-04-29 08:02:47,1016 Lake St,1016,LAKE ST,,0,0,0,0,Property Damage,No Injuries,Car,11,Front To Rear,2,2,0,4,"$501 to $1,500",1,0,0,0,0,0,0,28,Failing To Reduce Speed To Avoid Crash,99,Not Applicable,3,Traffic Signal,4,Functioning Properly,1,Clear,1,Daylight,1,Not Divided,1,Dry,1,Slow,1,No Defects,O40,O9,41.8886948,-87.8012848,41.8887901,-87.8010788,1129122.38,1902477.25
32166,25 02059,2502059,X003798086,2025-04-27,17:09:00,2025-04-27 17:09:00,2025-04-28 08:03:24,101 Madison St,101,MADISON ST,,0,0,0,0,Injury,B Injury Crash,Car,11,Front To Rear,2,2,0,5,"Over $1,500",0,1,0,0,1,0,1,28,Failing To Reduce Speed To Avoid Crash,18,Unable To Determine,1,No Controls,1,No Controls,1,Clear,1,Daylight,1,Not Divided,1,Dry,1,Slow,1,No Defects,O80,O13,41.8800125,-87.7776413,41.8798790,-87.7774735,1135580.38,1899353.25
32167,25 02062,2502062,X003798076,2025-04-27,17:10:00,2025-04-27 17:10:00,2025-04-28 08:03:24,S Austin Blvd/I290 Expy E,,S AUSTIN BLVD,I290 EXPY E,0,0,0,1,Property Damage,No Injuries,Car,11,Front To Rear,2,2,0,4,"$501 to $1,500",1,0,0,0,0,0,0,28,Failing To Reduce Speed To Avoid Crash,18,Unable To Determine,3,Traffic Signal,9,Unknown,9,Unknown,1,Daylight,1,Not Divided,9,Unknown,2,Stopped,99,Unknown,O90,O16,41.8709297,-87.7743607,41.8709335,-87.7743301,1136494.13,1896049.75
32437,25 02060,2502060,X003841467,2025-04-27,17:43:00,2025-04-27 17:43:00,2025-06-04 08:11:22,1009 Garfield St,1009,GARFIELD ST,,0,0,0,1,Property Damage,No Injuries,Car,12,Sideswipe - Same Direction,2,2,0,5,"Over $1,500",0,1,0,0,0,0,0,18,Unable To Determine,28,Failing To Reduce Speed To Avoid Crash,1,No Controls,1,No Controls,1,Clear,1,Daylight,2,"Divided, No Median Barrier",1,Dry,3,Free Flow,1,No Defects,O90,O18,41.8723335,-87.7998733,41.8722649,-87.7997055,1129543.50,1896517.38
32182,25 02069,2502069,X003798838,2025-04-28,06:10:00,2025-04-28 06:10:00,2025-04-29 08:08:42,Washington Blvd/N Harlem Ave,,WASHINGTON BLVD,N HARLEM AVE,1,1,0,0,Property Damage,No Injuries,Car,15,Angle,2,2,0,5,"Over $1,500",1,0,0,0,0,0,0,25,Disregarding Traffic Signals,15,Driving Skills/Knowledge/Experience,3,Traffic Signal,4,Functioning Properly,1,Clear,1,Daylight,4,Two-Way Continuous Left-Turn Lane,1,Dry,3,Free Flow,1,No Defects,O70,O12,41.8813782,-87.8047943,41.8814087,-87.8047943,1128181.38,1899805.25
32184,25 02077,2502077,X003798820,2025-04-28,12:36:00,2025-04-28 12:36:00,2025-04-29 08:08:43,1008 Washington Blvd,1008,WASHINGTON BLVD,,0,0,0,0,Property Damage,No Injuries,Car,9,Parked Motor Vehicle,2,2,0,5,"Over $1,500",0,1,0,0,0,0,0,28,Failing To Reduce Speed To Avoid Crash,18,Unable To Determine,1,No Controls,1,No Controls,1,Clear,1,Daylight,1,Not Divided,1,Dry,3,Free Flow,1,No Defects,O70,O12,41.8815041,-87.8003693,41.8815804,-87.8003082,1129386.38,1899858.63
32185,25 02082,2502082,X003798816,2025-04-28,16:25:00,2025-04-28 16:25:00,2025-04-29 08:08:43,S Maple Ave/Madison St,,S MAPLE AVE,MADISON ST,1,0,0,0,Injury,B Injury Crash,Pedestrian,1,Pedestrian,2,1,0,3,$500 or less,0,1,0,0,1,0,1,02,Failing To Yield Right-Of-Way,28,Failing To Reduce Speed To Avoid Crash,2,Stop Sign,4,Functioning Properly,1,Clear,1,Daylight,14,Four-Way Intersection,1,Dry,1,Slow,1,No Defects,O70,O12,41.8796234,-87.8038330,41.8796196,-87.8038635,1128448.88,1899167.25
32201,25 02084,2502084,X003801545,2025-04-28,18:21:00,2025-04-28 18:21:00,2025-05-01 07:52:40,411 S Harvey Ave,411,S HARVEY AVE,,0,0,0,0,Property Damage,No Injuries,Car,10,Turning (At Least One Vehicle),2,2,0,5,"Over $1,500",1,0,0,0,0,0,0,18,Unable To Determine,99,Not Applicable,1,No Controls,1,No Controls,1,Clear,1,Daylight,1,Not Divided,1,Dry,3,Free Flow,1,No Defects,O30,O7,41.8872871,-87.7813721,41.8811493,-87.7815933,1134546.88,1901998.75
32202,25 02092,2502092,X003801547,2025-04-28,23:16:00,2025-04-28 23:16:00,2025-05-01 07:52:40,Augusta St/Austin,,AUGUSTA ST,AUSTIN,1,1,0,0,Property Damage,No Injuries,Car,6,Fixed Object,4,3,0,5,"Over $1,500",0,1,0,0,0,0,0,28,Failing To Reduce Speed To Avoid Crash,20,Improper Lane Usage,3,Traffic Signal,4,Functioning Properly,1,Clear,4,Darkness,2,"Divided, No Median Barrier",1,Dry,3,Free Flow,1,No Defects,O10,O4,41.8983345,-87.7752533,41.8983650,-87.7752533,1136186.13,1906035.63
32189,25 02094,2502094,X003800044,2025-04-29,04:03:00,2025-04-29 04:03:00,2025-04-30 08:22:28,N Austin Blvd/Chicago Ave,,N AUSTIN BLVD,CHICAGO AVE,1,1,0,0,Property Damage,No Injuries,Car,6,Fixed Object,1,1,0,5,"Over $1,500",0,1,0,0,0,0,0,08,Under The Influence Of Alc/Drugs-Use For Dui,28,Failing To Reduce Speed To Avoid Crash,3,Traffic Signal,4,Functioning Properly,1,Clear,4,Darkness,2,"Divided, No Median Barrier",1,Dry,3,Free Flow,1,No Defects,O10,O4,41.8947105,-87.7751083,41.8947105,-87.7751389,1136235.63,1904714.63
32188,25 02095,2502095,X003800037,2025-04-29,07:07:00,2025-04-29 07:07:00,2025-04-30 08:22:28,Garfield St/S Austin Blvd,,GARFIELD ST,S AUSTIN BLVD,0,0,0,1,Property Damage,No Injuries,Car,11,Front To Rear,2,2,0,5,"Over $1,500",1,0,0,0,0,0,0,28,Failing To Reduce Speed To Avoid Crash,02,Failing To Yield Right-Of-Way,3,Traffic Signal,4,Functioning Properly,1,Clear,1,Daylight,2,"Divided, No Median Barrier",1,Dry,1,Slow,1,No Defects,O90,O16,41.8703918,-87.7743225,41.8704224,-87.7743149,1136506.38,1895854.13
32190,25 02099,2502099,X003800033,2025-04-29,11:57:00,2025-04-29 11:57:00,2025-04-30 08:16:11,Lake St/N Ridgeland Ave,,LAKE ST,N RIDGELAND AVE,0,0,0,0,Property Damage,No Injuries,Car,11,Front To Rear,2,2,0,5,"Over $1,500",1,0,0,0,0,0,0,03,Following Too Closely,28,Failing To Reduce Speed To Avoid Crash,3,Traffic Signal,4,Functioning Properly,1,Clear,1,Daylight,2,"Divided, No Median Barrier",1,Dry,2,Stopped,1,No Defects,O30,O7,41.8882980,-87.7846985,41.8883209,-87.7846985,1133638.38,1902360.50
32191,25 02105,2502105,X003800031,2025-04-29,15:09:00,2025-04-29 15:09:00,2025-04-30 08:22:29,S East Ave/Jackson Blvd,,S EAST AVE,JACKSON BLVD,1,1,0,0,Property Damage,No Injuries,Car,15,Angle,3,2,0,5,"Over $1,500",0,1,0,0,0,0,0,23,Disregarding Stop Sign,99,Not Applicable,2,Stop Sign,4,Functioning Properly,1,Clear,1,Daylight,1,Not Divided,1,Dry,3,Free Flow,1,No Defects,O60,O14,41.8762016,-87.7891998,41.8761978,-87.7892380,1132440.13,1897945.25
32192,25 02110,2502110,X003801465,2025-04-29,17:50:00,2025-04-29 17:50:00,2025-04-30 08:22:30,Roosevelt Rd/Gunderson Ave,,ROOSEVELT RD,GUNDERSON AVE,1,1,0,0,Injury,C Injury Crash,Car,11,Front To Rear,2,2,0,5,"Over $1,500",0,1,0,0,0,1,1,03,Following Too Closely,28,Failing To Reduce Speed To Avoid Crash,1,No Controls,1,No Controls,1,Clear,1,Daylight,2,"Divided, No Median Barrier",1,Dry,3,Free Flow,1,No Defects,O90,O17,41.8653412,-87.7851868,41.8655167,-87.7864227,1133559.25,1893994.63
32196,25 02115,2502115,X003801544,2025-04-30,09:59:00,2025-04-30 09:59:00,2025-05-01 07:46:52,North Blvd/N Harlem Ave,,NORTH BLVD,N HARLEM AVE,1,0,0,1,Property Damage,No Injuries,Car,12,Sideswipe - Same Direction,2,2,0,3,$500 or less,1,0,0,0,0,0,0,04,Improper Overtaking/Passing,28,Failing To Reduce Speed To Avoid Crash,3,Traffic Signal,5,,1,Clear,1,Daylight,3,Divided With Median Barrier,1,Dry,2,Stopped,1,No Defects,O40,O9,41.8871002,-87.8049927,41.8871231,-87.8049927,1128115.75,1901889.63
32200,25 02119,2502119,X003801541,2025-04-30,10:38:00,2025-04-30 10:38:00,2025-05-01 07:46:52,7005 North Ave,7005,NORTH AVE,,0,0,0,0,Property Damage,No Injuries,Car,12,Sideswipe - Same Direction,2,2,0,5,"Over $1,500",0,1,0,0,0,0,0,02,Failing To Yield Right-Of-Way,15,Driving Skills/Knowledge/Experience,1,No Controls,1,No Controls,1,Clear,1,Daylight,3,Divided With Median Barrier,1,Dry,3,Free Flow,1,No Defects,O20,O3,41.9088974,-87.8022308,41.9087868,-87.8015594,1128819.38,1909837.38
32198,25 02120,2502120,X003801457,2025-04-30,10:40:00,2025-04-30 10:40:00,2025-05-01 07:46:53,N Marion St/Lake St,,N MARION ST,LAKE ST,0,0,0,0,Property Damage,No Injuries,Car,11,Front To Rear,2,2,0,5,"Over $1,500",1,0,0,0,0,0,0,03,Following Too Closely,28,Failing To Reduce Speed To Avoid Crash,3,Traffic Signal,4,Functioning Properly,8,Cloudy/Overcast,1,Daylight,1,Not Divided,1,Dry,2,Stopped,1,No Defects,O40,O9,41.8886414,-87.8025055,41.8886452,-87.8026276,1128789.13,1902455.00
32197,25 02126,2502126,X003801456,2025-04-30,14:26:00,2025-04-30 14:26:00,2025-05-01 07:46:53,Wisconsin Ave/Madison St,,WISCONSIN AVE,MADISON ST,0,0,0,1,Property Damage,No Injuries,Car,11,Front To Rear,2,2,0,4,"$501 to $1,500",1,0,0,0,0,0,0,03,Following Too Closely,28,Failing To Reduce Speed To Avoid Crash,3,Traffic Signal,4,Functioning Properly,2,Rain,1,Daylight,4,Two-Way Continuous Left-Turn Lane,2,Wet,1,Slow,1,No Defects,O70,O12,41.8796387,-87.8022842,41.8796387,-87.8023148,1128870.63,1899175.13
32199,25 02131,2502131,X003801451,2025-04-30,18:37:00,2025-04-30 18:37:00,2025-05-01 07:46:54,North Ave/N Humphrey Ave,,NORTH AVE,N HUMPHREY AVE,1,1,0,1,Property Damage,No Injuries,Car,18,Rear To Front,2,2,0,4,"$501 to $1,500",1,0,0,0,0,0,0,28,Failing To Reduce Speed To Avoid Crash,99,Not Applicable,2,Stop Sign,4,Functioning Properly,9,Unknown,1,Daylight,1,Not Divided,9,Unknown,3,Free Flow,99,Unknown,O10,O1,41.9092140,-87.7769089,41.9092483,-87.7769089,1135710.63,1909996.50
32205,25 02135,2502135,X003802965,2025-05-01,08:02:00,2025-05-01 08:02:00,2025-05-02 08:19:21,East Ave/Van Buren,,EAST AVE,VAN BUREN,0,0,0,0,Property Damage,No Injuries,Car,9,Parked Motor Vehicle,2,2,0,4,"$501 to $1,500",1,0,0,0,0,0,0,15,Driving Skills/Knowledge/Experience,02,Failing To Yield Right-Of-Way,1,No Controls,1,No Controls,1,Clear,1,Daylight,1,Not Divided,2,Wet,3,Free Flow,1,No Defects,O60,O14,41.8743744,-87.7891388,41.8743706,-87.7891769,1132461.13,1897279.75
32206,25 02136,2502136,X003802966,2025-05-01,08:11:00,2025-05-01 08:11:00,2025-05-02 08:19:21,Harvey/Greenfield,,HARVEY,GREENFIELD,0,0,0,0,Property Damage,No Injuries,Car,12,Sideswipe - Same Direction,2,2,0,3,$500 or less,1,0,0,0,0,0,0,18,Unable To Determine,18,Unable To Determine,2,Stop Sign,4,Functioning Properly,2,Rain,1,Daylight,10,One-Way,2,Wet,1,Slow,1,No Defects,O10,O1,41.9058113,-87.7822266,41.9058075,-87.7821884,1134271.25,1908746.75
32207,25 02142,2502142,X003802967,2025-05-01,12:23:00,2025-05-01 12:23:00,2025-05-02 08:19:21,256 Lake St,256,LAKE ST,,0,0,0,0,Property Damage,No Injuries,Car,12,Sideswipe - Same Direction,2,2,0,3,$500 or less,1,0,0,0,0,0,0,02,Failing To Yield Right-Of-Way,18,Unable To Determine,1,No Controls,1,No Controls,2,Rain,1,Daylight,2,"Divided, No Median Barrier",2,Wet,1,Slow,1,No Defects,O30,O7,41.8882256,-87.7822952,41.8885002,-87.7824936,1134293.50,1902338.00
32222,25 02159,2502159,X003805732,2025-05-02,11:33:00,2025-05-02 11:33:00,2025-05-05 08:01:55,Roosevelt Rd/S East Ave,,ROOSEVELT RD,S EAST AVE,0,0,0,0,Property Damage,No Injuries,Car,11,Front To Rear,2,2,0,5,"Over $1,500",0,1,0,0,0,0,0,28,Failing To Reduce Speed To Avoid Crash,99,Not Applicable,1,No Controls,1,No Controls,1,Clear,1,Daylight,2,"Divided, No Median Barrier",1,Dry,3,Free Flow,1,No Defects,O90,O17,41.8652763,-87.7888641,41.8652534,-87.7888641,1132558.38,1893964.75
32211,25 02166,2502166,X003805735,2025-05-02,14:11:00,2025-05-02 14:11:00,2025-05-05 08:01:52,Augusta St/Columbian,,AUGUSTA ST,COLUMBIAN,1,1,0,0,Property Damage,No Injuries,Car,10,Turning (At Least One Vehicle),2,2,0,4,"$501 to $1,500",1,0,0,0,0,0,0,02,Failing To Yield Right-Of-Way,18,Unable To Determine,2,Stop Sign,4,Functioning Properly,1,Clear,1,Daylight,14,Four-Way Intersection,1,Dry,3,Free Flow,1,No Defects,O20,O5,41.8980980,-87.7911148,41.8981247,-87.7911148,1131869.75,1905920.88
32212,25 02173,2502173,X003805737,2025-05-02,19:43:00,2025-05-02 19:43:00,2025-05-05 07:55:52,S Oak Park Ave/Washington Blvd,,S OAK PARK AVE,WASHINGTON BLVD,1,1,0,0,Property Damage,No Injuries,Car,11,Front To Rear,2,2,0,5,"Over $1,500",1,0,0,0,0,0,0,28,Failing To Reduce Speed To Avoid Crash,15,Driving Skills/Knowledge/Experience,3,Traffic Signal,4,Functioning Properly,1,Clear,1,Daylight,1,Not Divided,1,Dry,3,Free Flow,1,No Defects,O60,O11,41.8815651,-87.7942734,41.8815613,-87.7943115,1131046.38,1899891.13
32239,25 02179,2502179,X003809220,2025-05-03,08:40:00,2025-05-03 08:40:00,2025-05-07 11:16:45,Randolph St/S Oak Park Ave,,RANDOLPH ST,S OAK PARK AVE,1,1,0,0,Property Damage,No Injuries,Car,15,Angle,3,3,0,5,"Over $1,500",1,0,0,0,0,0,0,02,Failing To Yield Right-Of-Way,15,Driving Skills/Knowledge/Experience,2,Stop Sign,4,Functioning Properly,1,Clear,1,Daylight,14,Four-Way Intersection,1,Dry,3,Free Flow,1,No Defects,O60,O11,41.8832703,-87.7943573,41.8834534,-87.7943649,1131020.00,1900511.75
32215,25 02198,2502198,X003805742,2025-05-03,11:37:00,2025-05-03 11:37:00,2025-05-05 08:01:53,Madison St/S Grove Ave,,MADISON ST,S GROVE AVE,1,1,0,0,Property Damage,No Injuries,Car,11,Front To Rear,2,2,0,4,"$501 to $1,500",1,0,0,0,0,0,0,28,Failing To Reduce Speed To Avoid Crash,99,Not Applicable,1,No Controls,1,No Controls,1,Clear,1,Daylight,2,"Divided, No Median Barrier",1,Dry,2,Stopped,1,No Defects,O60,O15,41.8797226,-87.7955780,41.8797531,-87.7954559,1130695.00,1899217.25
32214,25 02183,2502183,X003805774,2025-05-03,11:44:00,2025-05-03 11:44:00,2025-05-05 08:01:53,S Harlem Ave/Garfield St,,S HARLEM AVE,GARFIELD ST,1,1,0,0,Property Damage,No Injuries,Car,10,Turning (At Least One Vehicle),2,2,0,5,"Over $1,500",0,1,0,0,0,0,0,02,Failing To Yield Right-Of-Way,28,Failing To Reduce Speed To Avoid Crash,3,Traffic Signal,4,Functioning Properly,1,Clear,1,Daylight,14,Four-Way Intersection,1,Dry,3,Free Flow,1,No Defects,O90,O18,41.8723068,-87.8044357,41.8723183,-87.8044663,1128300.88,1896500.75
32213,25 02191,2502191,X003806659,2025-05-03,22:47:00,2025-05-03 22:47:00,2025-05-05 08:01:52,N Ridgeland Ave/Le Moyne Pkwy,,N RIDGELAND AVE,LE MOYNE PKWY,1,1,0,0,Property Damage,No Injuries,Car,15,Angle,3,3,0,5,"Over $1,500",0,1,0,0,0,0,0,02,Failing To Yield Right-Of-Way,28,Failing To Reduce Speed To Avoid Crash,2,Stop Sign,4,Functioning Properly,1,Clear,5,"Darkness, Lighted Road",1,Not Divided,1,Dry,3,Free Flow,1,No Defects,O20,O2,41.9073372,-87.7833481,41.9073372,-87.7833099,1133961.88,1909300.50
32218,25 02192,2502192,X003805738,2025-05-04,04:37:00,2025-05-04 04:37:00,2025-05-05 08:01:54,699 Thomas St,699,THOMAS ST,,0,0,0,0,Property Damage,No Injuries,Car,11,Front To Rear,2,2,0,5,"Over $1,500",0,1,0,0,0,0,0,20,Improper Lane Usage,99,Not Applicable,1,No Controls,1,No Controls,1,Clear,5,"Darkness, Lighted Road",1,Not Divided,1,Dry,3,Free Flow,1,No Defects,O20,O5,41.8997421,-87.7923813,41.8997154,-87.7923050,1131521.75,1906518.00
32216,25 02194,2502194,X003805740,2025-05-04,07:53:00,2025-05-04 07:53:00,2025-05-05 08:01:54,North Ave/Rossell Ave,,NORTH AVE,ROSSELL AVE,1,1,0,0,Property Damage,No Injuries,Car,11,Front To Rear,2,2,0,3,$500 or less,1,0,0,0,0,0,0,03,Following Too Closely,99,Not Applicable,3,Traffic Signal,4,Functioning Properly,8,Cloudy/Overcast,1,Daylight,15,T-Intersection,1,Dry,1,Slow,1,No Defects,O20,O2,41.9091034,-87.7860489,41.9091301,-87.7860565,1133222.13,1909939.63
32217,25 02197,2502197,X003805741,2025-05-04,11:01:00,2025-05-04 11:01:00,2025-05-05 08:01:54,S Austin Blvd/Jackson Blvd,,S AUSTIN BLVD,JACKSON BLVD,0,0,0,0,Property Damage,No Injuries,Car,15,Angle,2,2,0,5,"Over $1,500",1,0,0,0,0,0,0,02,Failing To Yield Right-Of-Way,28,Failing To Reduce Speed To Avoid Crash,3,Traffic Signal,9,Unknown,9,Unknown,1,Daylight,2,"Divided, No Median Barrier",9,Unknown,1,Slow,99,Unknown,O80,O13,41.8764229,-87.7745743,41.8764229,-87.7745361,1136424.63,1898051.75
32219,25 02202,2502202,X003805743,2025-05-04,18:34:00,2025-05-04 18:34:00,2025-05-05 08:01:55,6942 Roosevelt Rd,6942,ROOSEVELT RD,,0,0,0,0,Property Damage,No Injuries,Car,10,Turning (At Least One Vehicle),2,2,0,5,"Over $1,500",1,0,0,0,0,0,0,02,Failing To Yield Right-Of-Way,99,Not Applicable,1,No Controls,1,No Controls,2,Rain,1,Daylight,1,Not Divided,2,Wet,3,Free Flow,1,No Defects,O90,O18,41.8651085,-87.7983246,41.8651733,-87.7985001,1129981.88,1893887.63
32229,25 02212,2502212,X003807860,2025-05-05,06:27:00,2025-05-05 06:27:00,2025-05-06 09:30:44,Roosevelt Rd/Clinton,,ROOSEVELT RD,CLINTON,0,0,0,0,Property Damage,No Injuries,Car,11,Front To Rear,2,2,0,5,"Over $1,500",1,0,0,0,0,0,0,03,Following Too Closely,28,Failing To Reduce Speed To Avoid Crash,1,No Controls,1,No Controls,8,Cloudy/Overcast,1,Daylight,1,Not Divided,2,Wet,3,Free Flow,1,No Defects,O90,O18,41.8651238,-87.7976685,41.8650932,-87.7976685,1130160.00,1893893.00
32224,25 02213,2502213,X003807855,2025-05-05,08:06:00,2025-05-05 08:06:00,2025-05-06 09:24:56,N Oak Park Ave/Chicago Ave,,N OAK PARK AVE,CHICAGO AVE,0,0,0,0,Property Damage,No Injuries,Car,15,Angle,2,2,0,5,"Over $1,500",1,0,0,0,0,0,0,20,Improper Lane Usage,28,Failing To Reduce Speed To Avoid Crash,3,Traffic Signal,4,Functioning Properly,8,Cloudy/Overcast,1,Daylight,4,Two-Way Continuous Left-Turn Lane,1,Dry,1,Slow,1,No Defects,O40,O9,41.8944054,-87.7947082,41.8944054,-87.7946777,1130898.00,1904568.63
32226,25 02217,2502217,X003807857,2025-05-05,09:55:00,2025-05-05 09:55:00,2025-05-06 09:30:43,N Austin Blvd/Ontario St,,N AUSTIN BLVD,ONTARIO ST,0,0,0,0,Injury,B Injury Crash,Car,14,Front To Front,3,3,0,5,"Over $1,500",0,1,0,0,2,0,2,05,Driving On Wrong Side/Wrong Way,18,Unable To Determine,1,No Controls,1,No Controls,8,Cloudy/Overcast,1,Daylight,1,Not Divided,1,Dry,3,Free Flow,1,No Defects,,,41.8905106,-87.7749710,41.8905106,-87.7750092,1136281.00,1903184.25