record_id,report_number,crash_id,idot_crash_number,date,time,occurred_at,record_added_at,location,street_number,street_name,cross_street,at_intersection,intersection_related,private_property,hit_and_run,crash_severity,crash_injury_severity,crash_mode,crash_type_code,crash_type,total_units,num_motor_vehicles,dooring_pedalcyclist,damage_code,damage,no_injury_drive_away,injury_or_towed,fatalities,a_injuries,b_injuries,c_injuries,total_injured,cause1_code,cause1,cause2_code,cause2,traffic_control_code,traffic_control,device_condition_code,device_condition,weather_code,weather,lighting_code,lighting,trafficway_code,trafficway,road_surface_code,road_surface,flow_condition_code,flow_condition,road_defects_code,road_defects,beat_zone,post_district,latitude,longitude,latitude_geocoded,longitude_geocoded,state_plane_x,state_plane_y
32225,25 02230,2502230,X003807856,2025-05-05,16:10:00,2025-05-05 16:10:00,2025-05-06 09:24:56,N Ridgeland Ave/Thomas St,,N RIDGELAND AVE,THOMAS ST,1,1,0,1,Property Damage,No Injuries,Car,15,Angle,2,2,0,3,$500 or less,1,0,0,0,0,0,0,18,Unable To Determine,18,Unable To Determine,2,Stop Sign,4,Functioning Properly,1,Clear,1,Daylight,2,"Divided, No Median Barrier",1,Dry,1,Slow,1,No Defects,O20,O5,41.8998909,-87.7851028,41.8998947,-87.7850571,1133502.50,1906584.25
32228,25 02232,2502232,X003807859,2025-05-05,19:10:00,2025-05-05 19:10:00,2025-05-06 09:30:43,Roosevelt Rd/S Harlem Ave,,ROOSEVELT RD,S HARLEM AVE,0,0,0,1,Property Damage,No Injuries,Car,12,Sideswipe - Same Direction,2,2,0,4,"$501 to $1,500",1,0,0,0,0,0,0,04,Improper Overtaking/Passing,99,Not Applicable,3,Traffic Signal,4,Functioning Properly,1,Clear,1,Daylight,14,Four-Way Intersection,1,Dry,1,Slow,1,No Defects,O90,O18,41.8650131,-87.8041992,41.8649864,-87.8042068,1128380.25,1893842.88
32227,25 02233,2502233,X003807858,2025-05-05,20:31:00,2025-05-05 20:31:00,2025-05-06 09:30:43,Roosevelt Rd/S Maple Ave,,ROOSEVELT RD,S MAPLE AVE,1,1,0,0,Property Damage,No Injuries,Car,12,Sideswipe - Same Direction,2,2,0,5,"Over $1,500",1,0,0,0,0,0,0,04,Improper Overtaking/Passing,99,Not Applicable,2,Stop Sign,4,Functioning Properly,1,Clear,1,Daylight,15,T-Intersection,1,Dry,1,Slow,1,No Defects,O90,O18,41.8650284,-87.8033371,41.8650017,-87.8033447,1128615.13,1893849.88
32232,25 02237,2502237,X003807862,2025-05-06,07:00:00,2025-05-06 07:00:00,2025-05-06 12:48:46,Division St/N Elmwood Ave,,DIVISION ST,N ELMWOOD AVE,1,1,0,0,Injury,B Injury Crash,Car,15,Angle,2,2,0,5,"Over $1,500",0,1,0,0,1,0,1,02,Failing To Yield Right-Of-Way,18,Unable To Determine,2,Stop Sign,4,Functioning Properly,1,Clear,1,Daylight,14,Four-Way Intersection,1,Dry,3,Free Flow,1,No Defects,O20,O5,41.9018135,-87.7867508,41.9018402,-87.7867508,1133048.88,1907282.63
32231,25 02241,2502241,X003807861,2025-05-06,08:55:00,2025-05-06 08:55:00,2025-05-06 12:48:45,Roosevelt Rd/Grove Ave,,ROOSEVELT RD,GROVE AVE,1,0,0,0,Property Damage,No Injuries,Car,15,Angle,2,2,0,4,"$501 to $1,500",1,0,0,0,0,0,0,28,Failing To Reduce Speed To Avoid Crash,99,Not Applicable,1,No Controls,1,No Controls,1,Clear,1,Daylight,7,Parking Lot,1,Dry,3,Free Flow,1,No Defects,O90,O18,41.8651695,-87.7950668,41.8651390,-87.7950668,1130868.88,1893914.13
32233,25 02243,2502243,X003808214,2025-05-06,12:20:00,2025-05-06 12:20:00,2025-05-07 08:15:13,North Ave/Belleforte Ave,,NORTH AVE,BELLEFORTE AVE,0,0,0,0,Property Damage,No Injuries,Car,9,Parked Motor Vehicle,3,2,0,3,$500 or less,1,0,0,0,0,0,0,28,Failing To Reduce Speed To Avoid Crash,18,Unable To Determine,2,Stop Sign,4,Functioning Properly,1,Clear,1,Daylight,2,"Divided, No Median Barrier",1,Dry,1,Slow,1,No Defects,O20,O3,41.9088898,-87.8026810,41.9089127,-87.8026886,1128695.50,1909833.25
32234,25 02245,2502245,X003808204,2025-05-06,14:26:00,2025-05-06 14:26:00,2025-05-07 08:15:13,Garfield St/S Austin Blvd,,GARFIELD ST,S AUSTIN BLVD,1,1,0,0,Injury,B Injury Crash,Car,15,Angle,3,3,0,5,"Over $1,500",0,1,0,0,2,0,2,02,Failing To Yield Right-Of-Way,28,Failing To Reduce Speed To Avoid Crash,2,Stop Sign,4,Functioning Properly,1,Clear,1,Daylight,1,Not Divided,1,Dry,3,Free Flow,1,No Defects,O90,O16,41.8703918,-87.7743225,41.8704224,-87.7743149,1136506.38,1895854.13
32235,25 02246,2502246,X003808218,2025-05-06,14:28:00,2025-05-06 14:28:00,2025-05-07 08:15:13,N Kenilworth Ave/Chicago Ave,,N KENILWORTH AVE,CHICAGO AVE,0,0,0,0,Property Damage,No Injuries,Car,11,Front To Rear,2,2,0,5,"Over $1,500",1,0,0,0,0,0,0,28,Failing To Reduce Speed To Avoid Crash,99,Not Applicable,3,Traffic Signal,4,Functioning Properly,1,Clear,1,Daylight,2,"Divided, No Median Barrier",1,Dry,1,Slow,1,No Defects,O40,O9,41.8943520,-87.7977066,41.8943520,-87.7976761,1130082.00,1904544.63
32236,25 02249,2502249,X003808219,2025-05-06,15:50:00,2025-05-06 15:50:00,2025-05-07 08:15:14,838 Madison St,838,MADISON ST,,0,0,0,0,Property Damage,No Injuries,Car,9,Parked Motor Vehicle,2,2,0,3,$500 or less,1,0,0,0,0,0,0,30,Improper Backing,15,Driving Skills/Knowledge/Experience,1,No Controls,1,No Controls,1,Clear,1,Daylight,2,"Divided, No Median Barrier",1,Dry,1,Slow,1,No Defects,O70,O12,41.8797722,-87.7958984,41.8798523,-87.7960739,1130609.00,1899234.88
32237,25 02250,2502250,X003808239,2025-05-06,16:26:00,2025-05-06 16:26:00,2025-05-07 08:15:14,Belleforte Ave/Chicago Ave,,BELLEFORTE AVE,CHICAGO AVE,1,1,0,0,Injury,C Injury Crash,Car,11,Front To Rear,2,2,0,5,"Over $1,500",0,1,0,0,0,1,1,28,Failing To Reduce Speed To Avoid Crash,03,Following Too Closely,2,Stop Sign,4,Functioning Properly,1,Clear,1,Daylight,1,Not Divided,1,Dry,3,Free Flow,1,No Defects,O20,O6,41.8942795,-87.8018875,41.8942795,-87.8019180,1128944.75,1904511.13
32401,25 02252,2502252,X003834725,2025-05-06,19:43:00,2025-05-06 19:43:00,2025-05-29 15:14:29,Washington Blvd/S East Ave,,WASHINGTON BLVD,S EAST AVE,0,0,0,0,Injury,B Injury Crash,Pedalcyclist,2,Pedalcyclist,2,1,0,5,"Over $1,500",0,1,0,0,1,0,1,15,Driving Skills/Knowledge/Experience,28,Failing To Reduce Speed To Avoid Crash,1,No Controls,1,No Controls,1,Clear,1,Daylight,1,Not Divided,1,Dry,3,Free Flow,1,No Defects,O60,O11,41.8816071,-87.7894058,41.8816338,-87.7894134,1132371.63,1899914.88
32238,25 02254,2502254,X003808250,2025-05-06,23:55:00,2025-05-06 23:55:00,2025-05-07 08:21:07,S Harlem Ave/Fillmore St,,S HARLEM AVE,FILLMORE ST,1,1,0,0,Injury,B Injury Crash,Car,11,Front To Rear,3,3,0,5,"Over $1,500",0,1,0,0,1,0,1,03,Following Too Closely,99,Not Applicable,1,No Controls,1,No Controls,1,Clear,5,"Darkness, Lighted Road",15,T-Intersection,1,Dry,1,Slow,1,No Defects,O90,O18,41.8668556,-87.8042374,41.8668671,-87.8042679,1128366.38,1894514.13
32240,25 02259,2502259,X003809221,2025-05-07,08:23:00,2025-05-07 08:23:00,2025-05-07 11:16:46,S Harlem Ave/Roosevelt Rd,,S HARLEM AVE,ROOSEVELT RD,1,1,0,1,Property Damage,No Injuries,Car,15,Angle,2,2,0,5,"Over $1,500",1,0,0,0,0,0,0,02,Failing To Yield Right-Of-Way,28,Failing To Reduce Speed To Avoid Crash,3,Traffic Signal,4,Functioning Properly,1,Clear,2,Dawn,14,Four-Way Intersection,1,Dry,1,Slow,1,No Defects,,,41.8649864,-87.8041687,41.8649864,-87.8042068,1128389.25,1893832.00
32242,25 02263,2502263,X003809439,2025-05-07,13:58:00,2025-05-07 13:58:00,2025-05-08 07:51:35,Roosevelt/East,,ROOSEVELT,EAST,0,0,0,0,Property Damage,No Injuries,Car,11,Front To Rear,2,2,0,4,"$501 to $1,500",1,0,0,0,0,0,0,28,Failing To Reduce Speed To Avoid Crash,03,Following Too Closely,1,No Controls,1,No Controls,1,Clear,1,Daylight,1,Not Divided,1,Dry,2,Stopped,1,No Defects,O90,O17,41.8652763,-87.7888641,41.8652534,-87.7888641,1132558.38,1893964.75
32243,25 02266,2502266,X003809440,2025-05-07,15:15:00,2025-05-07 15:15:00,2025-05-08 07:45:45,Ontario St/N Ridgeland Ave,,ONTARIO ST,N RIDGELAND AVE,1,1,0,0,Property Damage,No Injuries,Car,15,Angle,2,2,0,5,"Over $1,500",1,0,0,0,0,0,0,02,Failing To Yield Right-Of-Way,28,Failing To Reduce Speed To Avoid Crash,2,Stop Sign,4,Functioning Properly,1,Clear,1,Daylight,1,Not Divided,1,Dry,3,Free Flow,1,No Defects,O30,O7,41.8903351,-87.7847519,41.8903656,-87.7847519,1133619.75,1903102.75
32317,25 02365,2502365,X003818872,2025-05-07,16:00:00,2025-05-07 16:00:00,2025-05-16 09:19:31,Madison St/Harvey,,MADISON ST,HARVEY,0,0,0,1,Property Damage,No Injuries,Car,9,Parked Motor Vehicle,2,2,0,4,"$501 to $1,500",1,0,0,0,0,0,0,03,Following Too Closely,18,Unable To Determine,1,No Controls,1,No Controls,1,Clear,1,Daylight,2,"Divided, No Median Barrier",1,Dry,2,Stopped,1,No Defects,O80,O13,41.8799553,-87.7811890,41.8799896,-87.7807999,1134614.75,1899326.50
32245,25 02270,2502270,X003811527,2025-05-07,17:27:00,2025-05-07 17:27:00,2025-05-09 08:16:09,Madison St/S Oak Park Ave,,MADISON ST,S OAK PARK AVE,1,1,0,0,Property Damage,No Injuries,Car,10,Turning (At Least One Vehicle),2,2,0,5,"Over $1,500",1,0,0,0,0,0,0,06,Improper Turning/No Signal,99,Not Applicable,3,Traffic Signal,4,Functioning Properly,1,Clear,1,Daylight,1,Not Divided,1,Dry,3,Free Flow,1,No Defects,O60,O14,41.8797417,-87.7942505,41.8797722,-87.7942581,1131056.50,1899226.38
32241,25 02269,2502269,X003809437,2025-05-07,17:35:00,2025-05-07 17:35:00,2025-05-08 07:51:34,Chicago Ave/Belleforte Ave,,CHICAGO AVE,BELLEFORTE AVE,1,1,0,0,Property Damage,No Injuries,Car,10,Turning (At Least One Vehicle),2,2,0,4,"$501 to $1,500",1,0,0,0,0,0,0,04,Improper Overtaking/Passing,20,Improper Lane Usage,1,No Controls,1,No Controls,1,Clear,1,Daylight,2,"Divided, No Median Barrier",1,Dry,2,Stopped,1,No Defects,O40,O9,41.8942490,-87.8019180,41.8942795,-87.8019180,1128936.00,1904500.63
32246,25 02281,2502281,X003811528,2025-05-08,16:27:00,2025-05-08 16:27:00,2025-05-09 08:16:09,600 S Harlem Ave,600,S HARLEM AVE,,0,0,0,1,Property Damage,No Injuries,Car,12,Sideswipe - Same Direction,3,3,0,5,"Over $1,500",1,0,0,0,0,0,0,28,Failing To Reduce Speed To Avoid Crash,03,Following Too Closely,3,Traffic Signal,4,Functioning Properly,1,Clear,1,Daylight,1,Not Divided,1,Dry,1,Slow,1,No Defects,O60,O15,41.8737068,-87.8044968,41.8756027,-87.8045349,1128280.50,1897009.13
32290,25 02284,2502284,X003818918,2025-05-08,19:42:00,2025-05-08 19:42:00,2025-05-14 09:33:51,300 Madison St,300,MADISON ST,,0,0,0,0,Property Damage,No Injuries,Car,12,Sideswipe - Same Direction,2,2,0,5,"Over $1,500",1,0,0,0,0,0,0,02,Failing To Yield Right-Of-Way,28,Failing To Reduce Speed To Avoid Crash,1,No Controls,1,No Controls,1,Clear,1,Daylight,1,Not Divided,1,Dry,,,1,No Defects,O80,O13,41.8799896,-87.7831039,41.8801231,-87.7830124,1134091.50,1899335.00
32265,25 02292,2502292,X003813677,2025-05-09,09:40:00,2025-05-09 09:40:00,2025-05-12 08:44:55,S Marion St/Pleasant St,,S MARION ST,PLEASANT ST,0,0,0,0,Property Damage,No Injuries,Car,9,Parked Motor Vehicle,2,2,0,4,"$501 to $1,500",1,0,0,0,0,0,0,15,Driving Skills/Knowledge/Experience,28,Failing To Reduce Speed To Avoid Crash,1,No Controls,1,No Controls,1,Clear,1,Daylight,1,Not Divided,1,Dry,3,Free Flow,1,No Defects,O70,O12,41.8854599,-87.8025513,41.8857117,-87.8025207,1128784.88,1901295.88
32269,25 02295,2502295,X003813682,2025-05-09,11:08:00,2025-05-09 11:08:00,2025-05-12 08:44:56,Washington Blvd/Humphrey,,WASHINGTON BLVD,HUMPHREY,0,0,0,0,Property Damage,No Injuries,Car,15,Angle,2,2,0,5,"Over $1,500",0,1,0,0,0,0,0,02,Failing To Yield Right-Of-Way,06,Improper Turning/No Signal,1,No Controls,1,No Controls,1,Clear,1,Daylight,1,Not Divided,1,Dry,3,Free Flow,1,No Defects,O50,O10,41.8820534,-87.7763519,41.8820839,-87.7763596,1135925.38,1900100.88
32261,25 02323,2502323,X003813727,2025-05-09,13:04:00,2025-05-09 13:04:00,2025-05-12 08:44:53,N Austin Blvd/Chicago Ave,,N AUSTIN BLVD,CHICAGO AVE,0,0,0,0,Property Damage,No Injuries,Car,10,Turning (At Least One Vehicle),2,2,0,4,"$501 to $1,500",1,0,0,0,0,0,0,02,Failing To Yield Right-Of-Way,28,Failing To Reduce Speed To Avoid Crash,1,No Controls,1,No Controls,1,Clear,1,Daylight,2,"Divided, No Median Barrier",1,Dry,3,Free Flow,1,No Defects,,,41.8947105,-87.7751083,41.8947105,-87.7751389,1136235.63,1904714.63
32258,25 02299,2502299,X003813692,2025-05-09,14:57:00,2025-05-09 14:57:00,2025-05-12 08:32:32,S Harlem Ave/Roosevelt Rd,,S HARLEM AVE,ROOSEVELT RD,0,1,0,0,Property Damage,No Injuries,Car,10,Turning (At Least One Vehicle),2,2,0,5,"Over $1,500",1,0,0,0,0,0,0,02,Failing To Yield Right-Of-Way,15,Driving Skills/Knowledge/Experience,3,Traffic Signal,4,Functioning Properly,1,Clear,1,Daylight,4,Two-Way Continuous Left-Turn Lane,1,Dry,1,Slow,1,No Defects,,,41.8649864,-87.8041687,41.8649864,-87.8042068,1128389.25,1893832.00
32260,25 02302,2502302,X003813714,2025-05-09,15:49:00,2025-05-09 15:49:00,2025-05-12 08:44:53,Lake St/N Lombard Ave,,LAKE ST,N LOMBARD AVE,1,1,0,0,Property Damage,No Injuries,Car,15,Angle,3,3,0,5,"Over $1,500",1,0,0,0,0,0,0,28,Failing To Reduce Speed To Avoid Crash,99,Not Applicable,2,Stop Sign,4,Functioning Properly,1,Clear,1,Daylight,14,Four-Way Intersection,1,Dry,3,Free Flow,1,No Defects,O30,O7,41.8881493,-87.7798080,41.8881798,-87.7798080,1134970.38,1902315.25
32249,25 02301,2502301,X003813712,2025-05-09,15:51:00,2025-05-09 15:51:00,2025-05-12 08:32:32,Chicago Ave/N Elmwood Ave,,CHICAGO AVE,N ELMWOOD AVE,1,1,0,0,Property Damage,No Injuries,Car,15,Angle,2,2,0,5,"Over $1,500",0,1,0,0,0,0,0,18,Unable To Determine,18,Unable To Determine,2,Stop Sign,4,Functioning Properly,1,Clear,1,Daylight,14,Four-Way Intersection,1,Dry,3,Free Flow,1,No Defects,O30,O8,41.8945160,-87.7864990,41.8945503,-87.7865067,1133133.00,1904623.88
32254,25 02303,2502303,X003813717,2025-05-09,16:20:00,2025-05-09 16:20:00,2025-05-12 08:38:35,Roosevelt Rd/S Harlem Ave,,ROOSEVELT RD,S HARLEM AVE,0,0,0,0,Property Damage,No Injuries,Car,11,Front To Rear,2,2,0,4,"$501 to $1,500",1,0,0,0,0,0,0,28,Failing To Reduce Speed To Avoid Crash,03,Following Too Closely,3,Traffic Signal,4,Functioning Properly,1,Clear,1,Daylight,1,Not Divided,1,Dry,2,Stopped,1,No Defects,O90,O18,41.8650131,-87.8041992,41.8649864,-87.8042068,1128380.25,1893842.88
32268,25 02307,2502307,X003814768,2025-05-09,20:23:00,2025-05-09 20:23:00,2025-05-12 08:44:55,N Harlem Ave/Pleasant St,,N HARLEM AVE,PLEASANT ST,0,0,0,1,Property Damage,No Injuries,Car,11,Front To Rear,2,2,0,5,"Over $1,500",1,0,0,0,0,0,0,28,Failing To Reduce Speed To Avoid Crash,18,Unable To Determine,1,No Controls,1,No Controls,1,Clear,5,"Darkness, Lighted Road",2,"Divided, No Median Barrier",1,Dry,2,Stopped,1,No Defects,F1,FPPD,41.8853912,-87.8049774,41.8854065,-87.8049393,1128124.38,1901267.88
32250,25 02309,2502309,X003813720,2025-05-09,23:46:00,2025-05-09 23:46:00,2025-05-12 08:38:33,S Oak Park Ave/Lexington St,,S OAK PARK AVE,LEXINGTON ST,1,1,0,1,Property Damage,No Injuries,Car,15,Angle,2,2,0,5,"Over $1,500",0,1,0,0,0,0,0,18,Unable To Determine,99,Not Applicable,2,Stop Sign,4,Functioning Properly,1,Clear,1,Daylight,14,Four-Way Intersection,1,Dry,3,Free Flow,1,No Defects,O90,O17,41.8706436,-87.7939072,41.8706360,-87.7939453,1131171.25,1895911.75
32253,25 02313,2502313,X003816232,2025-05-10,07:14:00,2025-05-10 07:14:00,2025-05-12 08:38:34,S Oak Park Ave/Garfield St,,S OAK PARK AVE,GARFIELD ST,1,0,0,1,Injury,C Injury Crash,Car,7,Other Object,2,1,0,3,$500 or less,0,1,0,0,0,1,1,24,Disregarding Other Traffic Signs,18,Unable To Determine,3,Traffic Signal,4,Functioning Properly,1,Clear,1,Daylight,1,Not Divided,1,Dry,3,Free Flow,1,No Defects,O90,O17,41.8720245,-87.7939529,41.8720245,-87.7939911,1131156.25,1896415.88
32272,25 02318,2502318,X003813756,2025-05-10,10:35:00,2025-05-10 10:35:00,2025-05-12 08:44:57,610 Madison St,610,MADISON ST,,0,0,0,0,Property Damage,No Injuries,Car,10,Turning (At Least One Vehicle),2,2,0,4,"$501 to $1,500",1,0,0,0,0,0,0,02,Failing To Yield Right-Of-Way,28,Failing To Reduce Speed To Avoid Crash,1,No Controls,1,No Controls,1,Clear,1,Daylight,4,Two-Way Continuous Left-Turn Lane,1,Dry,3,Free Flow,1,No Defects,O60,O11,41.8798676,-87.7899475,41.8800507,-87.7901230,1132229.50,1899279.00
32259,25 02319,2502319,X003813723,2025-05-10,12:28:00,2025-05-10 12:28:00,2025-05-12 08:38:37,N Harlem Ave/Pleasant St,,N HARLEM AVE,PLEASANT ST,1,1,0,0,Injury,C Injury Crash,Car,15,Angle,2,2,0,5,"Over $1,500",0,1,0,0,0,1,1,02,Failing To Yield Right-Of-Way,18,Unable To Determine,2,Stop Sign,4,Functioning Properly,1,Clear,1,Daylight,14,Four-Way Intersection,1,Dry,3,Free Flow,1,No Defects,F1,FPPD,41.8853912,-87.8049774,41.8854065,-87.8049393,1128124.38,1901267.88
32255,25 02320,2502320,X003813725,2025-05-10,12:44:00,2025-05-10 12:44:00,2025-05-12 08:38:35,S Ridgeland Ave/South Blvd,,S RIDGELAND AVE,SOUTH BLVD,1,1,0,0,Property Damage,No Injuries,Car,6,Fixed Object,2,1,0,5,"Over $1,500",1,0,0,0,0,0,0,28,Failing To Reduce Speed To Avoid Crash,99,Not Applicable,3,Traffic Signal,4,Functioning Properly,1,Clear,1,Daylight,14,Four-Way Intersection,1,Dry,3,Free Flow,1,No Defects,O50,O10,41.8869591,-87.7846298,41.8869553,-87.7846603,1133661.75,1901873.50
32251,25 02324,2502324,X003813730,2025-05-10,15:28:00,2025-05-10 15:28:00,2025-05-12 08:38:34,N Austin Blvd/South Blvd,,N AUSTIN BLVD,SOUTH BLVD,0,1,0,0,Property Damage,No Injuries,Car,11,Front To Rear,2,2,0,5,"Over $1,500",1,0,0,0,0,0,0,18,Unable To Determine,99,Not Applicable,1,No Controls,1,No Controls,1,Clear,1,Daylight,2,"Divided, No Median Barrier",1,Dry,3,Free Flow,1,No Defects,,,41.8870773,-87.7748642,41.8870812,-87.7748947,1136320.13,1901933.75
32287,25 02330,2502330,,2025-05-10,16:28:00,2025-05-10 16:28:00,2025-05-14 09:33:50,1022 Lake St,1022,LAKE ST,,0,0,0,1,Property Damage,No Injuries,Pedestrian,1,Pedestrian,2,1,0,3,$500 or less,1,0,0,0,0,0,0,02,Failing To Yield Right-Of-Way,15,Driving Skills/Knowledge/Experience,17,Pedestrian Crossing Sign,1,No Controls,1,Clear,5,"Darkness, Lighted Road",1,Not Divided,1,Dry,1,Slow,1,No Defects,O30,O7,41.8881111,-87.7785645,41.8887558,-87.8014145,1135310.00,1902303.25
32262,25 02327,2502327,X003813732,2025-05-10,18:33:00,2025-05-10 18:33:00,2025-05-12 08:44:54,Madison St/S Ridgeland Ave,,MADISON ST,S RIDGELAND AVE,1,1,0,0,Property Damage,No Injuries,Car,10,Turning (At Least One Vehicle),3,3,0,5,"Over $1,500",0,1,0,0,0,0,0,02,Failing To Yield Right-Of-Way,28,Failing To Reduce Speed To Avoid Crash,3,Traffic Signal,4,Functioning Properly,1,Clear,1,Daylight,1,Not Divided,1,Dry,3,Free Flow,1,No Defects,O80,O13,41.8799019,-87.7844620,41.8799324,-87.7844620,1133723.63,1899302.88
32252,25 02328,2502328,X003813734,2025-05-10,19:03:00,2025-05-10 19:03:00,2025-05-12 08:38:34,Washington Blvd/S Ridgeland Ave,,WASHINGTON BLVD,S RIDGELAND AVE,1,1,0,0,Property Damage,No Injuries,Car,11,Front To Rear,2,2,0,4,"$501 to $1,500",1,0,0,0,0,0,0,03,Following Too Closely,99,Not Applicable,3,Traffic Signal,4,Functioning Properly,1,Clear,1,Daylight,14,Four-Way Intersection,1,Dry,1,Slow,1,No Defects,O50,O10,41.8816948,-87.7845154,41.8817253,-87.7845154,1133704.88,1899954.38
32256,25 02331,2502331,X003813735,2025-05-10,20:40:00,2025-05-10 20:40:00,2025-05-12 08:38:35,N Harlem Ave/Division St,,N HARLEM AVE,DIVISION ST,1,0,0,1,Property Damage,No Injuries,Car,12,Sideswipe - Same Direction,2,2,0,4,"$501 to $1,500",1,0,0,0,0,0,0,20,Improper Lane Usage,04,Improper Overtaking/Passing,3,Traffic Signal,4,Functioning Properly,1,Clear,5,"Darkness, Lighted Road",2,"Divided, No Median Barrier",1,Dry,3,Free Flow,1,No Defects,R81,RFPD,41.9015350,-87.8055573,41.9015427,-87.8055191,1127930.38,1907148.88
32257,25 02335,2502335,X003813737,2025-05-11,02:33:00,2025-05-11 02:33:00,2025-05-12 08:38:36,Madison St/Wisconsin,,MADISON ST,WISCONSIN,1,1,0,0,Property Damage,No Injuries,Car,13,Sideswipe - Opposite Direction,2,2,0,4,"$501 to $1,500",1,0,0,0,0,0,0,41,Distraction - From Inside Vehicle,99,Not Applicable,3,Traffic Signal,4,Functioning Properly,1,Clear,4,Darkness,1,Not Divided,1,Dry,3,Free Flow,1,No Defects,O60,O15,41.8796082,-87.8023148,41.8796387,-87.8023148,1128861.88,1899164.00
32264,25 02337,2502337,X003815096,2025-05-11,09:43:00,2025-05-11 09:43:00,2025-05-12 08:44:54,333 S Oak Park Ave,333,S OAK PARK AVE,,0,0,0,0,Injury,B Injury Crash,Car,7,Other Object,2,1,0,4,"$501 to $1,500",0,1,0,0,1,0,1,20,Improper Lane Usage,06,Improper Turning/No Signal,3,Traffic Signal,4,Functioning Properly,1,Clear,1,Daylight,1,Not Divided,1,Dry,3,Free Flow,1,No Defects,O60,O11,41.8820534,-87.7942886,41.8821945,-87.7944946,1131041.00,1900068.88
32309,25 02343,2502343,X003818835,2025-05-11,13:57:00,2025-05-11 13:57:00,2025-05-16 09:13:44,Roosevelt Rd/Ridgeland Ave,,ROOSEVELT RD,RIDGELAND AVE,1,1,0,0,Property Damage,No Injuries,Car,10,Turning (At Least One Vehicle),2,2,0,4,"$501 to $1,500",1,0,0,0,0,0,0,28,Failing To Reduce Speed To Avoid Crash,99,Not Applicable,3,Traffic Signal,4,Functioning Properly,1,Clear,1,Daylight,1,Not Divided,1,Dry,2,Stopped,1,No Defects,O90,O16,41.8653641,-87.7839661,41.8653374,-87.7839661,1133892.13,1894004.13
32298,25 02348,2502348,X003817652,2025-05-11,17:26:00,2025-05-11 17:26:00,2025-05-15 10:14:38,Madison St/Grove,,MADISON ST,GROVE,0,0,0,1,Property Damage,No Injuries,Car,11,Front To Rear,2,2,0,4,"$501 to $1,500",1,0,0,0,0,0,0,03,Following Too Closely,28,Failing To Reduce Speed To Avoid Crash,1,No Controls,1,No Controls,1,Clear,1,Daylight,4,Two-Way Continuous Left-Turn Lane,1,Dry,1,Slow,1,No Defects,O60,O15,41.8797226,-87.7955780,41.8797531,-87.7954559,1130695.00,1899217.25
32303,25 02345,2502345,X003817651,2025-05-11,18:02:00,2025-05-11 18:02:00,2025-05-15 10:31:40,S Cuyler Ave/Adams St,,S CUYLER AVE,ADAMS ST,1,1,0,0,Property Damage,No Injuries,Car,15,Angle,2,2,0,5,"Over $1,500",0,1,0,0,0,0,0,02,Failing To Yield Right-Of-Way,28,Failing To Reduce Speed To Avoid Crash,2,Stop Sign,4,Functioning Properly,1,Clear,1,Daylight,1,Not Divided,1,Dry,3,Free Flow,1,No Defects,O80,O13,41.8781014,-87.7831345,41.8780975,-87.7831726,1134087.75,1898647.25
32278,25 02353,2502353,X003815052,2025-05-12,08:44:00,2025-05-12 08:44:00,2025-05-13 09:42:40,1178 S Scoville Ave,1178,S SCOVILLE AVE,,0,0,0,0,Property Damage,No Injuries,Car,9,Parked Motor Vehicle,2,2,0,4,"$501 to $1,500",1,0,0,0,0,0,0,15,Driving Skills/Knowledge/Experience,28,Failing To Reduce Speed To Avoid Crash,1,No Controls,1,No Controls,1,Clear,1,Daylight,1,Not Divided,1,Dry,3,Free Flow,1,No Defects,O90,O17,41.8660927,-87.7877121,41.8660126,-87.7875137,1132870.50,1894263.00
32280,25 02359,2502359,X003816148,2025-05-12,13:24:00,2025-05-12 13:24:00,2025-05-13 09:59:40,S Harlem Ave/Roosevelt Rd,,S HARLEM AVE,ROOSEVELT RD,1,1,0,0,Property Damage,No Injuries,Car,10,Turning (At Least One Vehicle),2,2,0,5,"Over $1,500",1,0,0,0,0,0,0,15,Driving Skills/Knowledge/Experience,28,Failing To Reduce Speed To Avoid Crash,3,Traffic Signal,4,Functioning Properly,1,Clear,1,Daylight,1,Not Divided,1,Dry,3,Free Flow,1,No Defects,,,41.8649864,-87.8041687,41.8649864,-87.8042068,1128389.25,1893832.00
32277,25 02361,2502361,X003815085,2025-05-12,14:28:00,2025-05-12 14:28:00,2025-05-13 09:37:00,N Harlem Ave/Division St,,N HARLEM AVE,DIVISION ST,0,0,0,0,Property Damage,No Injuries,Car,12,Sideswipe - Same Direction,2,2,0,5,"Over $1,500",1,0,0,0,0,0,0,04,Improper Overtaking/Passing,28,Failing To Reduce Speed To Avoid Crash,3,Traffic Signal,4,Functioning Properly,1,Clear,1,Daylight,1,Not Divided,1,Dry,3,Free Flow,1,No Defects,R81,RFPD,41.9015350,-87.8055573,41.9015427,-87.8055191,1127930.38,1907148.88
32284,25 02376,2502376,X003817408,2025-05-13,05:07:00,2025-05-13 05:07:00,2025-05-14 09:33:49,S Harlem Ave/Roosevelt Rd,,S HARLEM AVE,ROOSEVELT RD,0,0,0,0,Injury,C Injury Crash,Pedestrian,1,Pedestrian,2,1,0,5,"Over $1,500",0,1,0,0,0,1,1,99,Not Applicable,18,Unable To Determine,1,No Controls,1,No Controls,1,Clear,1,Daylight,2,"Divided, No Median Barrier",1,Dry,3,Free Flow,1,No Defects,,,41.8649864,-87.8041687,41.8649864,-87.8042068,1128389.25,1893832.00