record_id,report_number,crash_id,idot_crash_number,date,time,occurred_at,record_added_at,location,street_number,street_name,cross_street,at_intersection,intersection_related,private_property,hit_and_run,crash_severity,crash_injury_severity,crash_mode,crash_type_code,crash_type,total_units,num_motor_vehicles,dooring_pedalcyclist,damage_code,damage,no_injury_drive_away,injury_or_towed,fatalities,a_injuries,b_injuries,c_injuries,total_injured,cause1_code,cause1,cause2_code,cause2,traffic_control_code,traffic_control,device_condition_code,device_condition,weather_code,weather,lighting_code,lighting,trafficway_code,trafficway,road_surface_code,road_surface,flow_condition_code,flow_condition,road_defects_code,road_defects,beat_zone,post_district,latitude,longitude,latitude_geocoded,longitude_geocoded,state_plane_x,state_plane_y
32286,25 02377,2502377,X003817409,2025-05-13,08:04:00,2025-05-13 08:04:00,2025-05-14 09:33:50,S Lombard Ave/Madison St,,S LOMBARD AVE,MADISON ST,1,1,0,0,Property Damage,No Injuries,Car,10,Turning (At Least One Vehicle),2,2,0,5,"Over $1,500",1,0,0,0,0,0,0,02,Failing To Yield Right-Of-Way,28,Failing To Reduce Speed To Avoid Crash,3,Traffic Signal,4,Functioning Properly,1,Clear,1,Daylight,2,"Divided, No Median Barrier",9,Unknown,1,Slow,99,Unknown,O80,O13,41.8800278,-87.7795258,41.8800240,-87.7795563,1135067.63,1899356.00
32282,25 02385,2502385,X003816150,2025-05-13,15:53:00,2025-05-13 15:53:00,2025-05-13 17:32:40,Westgate St/Maple Ave,,WESTGATE ST,MAPLE AVE,0,0,0,0,Property Damage,No Injuries,Car,9,Parked Motor Vehicle,2,2,0,4,"$501 to $1,500",1,0,0,0,0,0,0,28,Failing To Reduce Speed To Avoid Crash,15,Driving Skills/Knowledge/Experience,1,No Controls,1,No Controls,1,Clear,1,Daylight,7,Parking Lot,1,Dry,1,Slow,1,No Defects,O40,O9,41.8878555,-87.8039322,41.8878822,-87.8040237,1128403.50,1902166.88
32288,25 02387,2502387,X003817410,2025-05-13,16:49:00,2025-05-13 16:49:00,2025-05-14 09:28:04,N Austin Blvd/Madison St,,N AUSTIN BLVD,MADISON ST,0,0,0,1,Property Damage,No Injuries,Car,12,Sideswipe - Same Direction,2,2,0,3,$500 or less,1,0,0,0,0,0,0,02,Failing To Yield Right-Of-Way,28,Failing To Reduce Speed To Avoid Crash,3,Traffic Signal,4,Functioning Properly,1,Clear,1,Daylight,2,"Divided, No Median Barrier",1,Dry,1,Slow,1,No Defects,,,41.8800926,-87.7746201,41.8800888,-87.7746582,1136401.50,1899388.00
32291,25 02390,2502390,X003817411,2025-05-13,18:07:00,2025-05-13 18:07:00,2025-05-14 09:33:51,Madison St/S Maple Ave,,MADISON ST,S MAPLE AVE,1,1,0,0,Property Damage,No Injuries,Car,10,Turning (At Least One Vehicle),2,2,0,5,"Over $1,500",1,0,0,0,0,0,0,06,Improper Turning/No Signal,99,Not Applicable,1,No Controls,1,No Controls,1,Clear,1,Daylight,1,Not Divided,1,Dry,3,Free Flow,1,No Defects,O60,O15,41.8795929,-87.8038635,41.8796196,-87.8038635,1128439.38,1899156.50
32289,25 02395,2502395,X003826687,2025-05-13,20:20:00,2025-05-13 20:20:00,2025-05-14 09:33:50,Roosevelt Rd/Ridgeland Ave,,ROOSEVELT RD,RIDGELAND AVE,1,1,0,0,Property Damage,No Injuries,Car,10,Turning (At Least One Vehicle),2,2,0,5,"Over $1,500",1,0,0,0,0,0,0,02,Failing To Yield Right-Of-Way,28,Failing To Reduce Speed To Avoid Crash,3,Traffic Signal,4,Functioning Properly,1,Clear,1,Daylight,2,"Divided, No Median Barrier",1,Dry,3,Free Flow,1,No Defects,O90,O16,41.8653641,-87.7839661,41.8653374,-87.7839661,1133892.13,1894004.13
32285,25 02397,2502397,X003817664,2025-05-13,23:32:00,2025-05-13 23:32:00,2025-05-14 09:33:49,661 South Blvd,661,SOUTH BLVD,,0,0,0,0,Property Damage,No Injuries,Car,6,Fixed Object,2,1,0,5,"Over $1,500",1,0,0,0,0,0,0,30,Improper Backing,15,Driving Skills/Knowledge/Experience,1,No Controls,1,No Controls,1,Clear,5,"Darkness, Lighted Road",7,Parking Lot,1,Dry,3,Free Flow,1,No Defects,O60,O11,41.8868790,-87.7925415,41.8867454,-87.7924118,1131505.00,1901830.50
32302,25 02400,2502400,X003817674,2025-05-14,08:48:00,2025-05-14 08:48:00,2025-05-15 10:31:40,S Ridgeland Ave/Pleasant St,,S RIDGELAND AVE,PLEASANT ST,0,0,0,0,Property Damage,No Injuries,Car,11,Front To Rear,2,2,0,5,"Over $1,500",1,0,0,0,0,0,0,03,Following Too Closely,28,Failing To Reduce Speed To Avoid Crash,1,No Controls,1,No Controls,1,Clear,1,Daylight,2,"Divided, No Median Barrier",1,Dry,3,Free Flow,1,No Defects,O50,O10,41.8852119,-87.7845764,41.8852081,-87.7846069,1133679.25,1901236.63
32299,25 02402,2502402,X003817681,2025-05-14,09:03:00,2025-05-14 09:03:00,2025-05-15 10:20:16,S Harlem Ave/Jackson Blvd,,S HARLEM AVE,JACKSON BLVD,0,0,0,0,Property Damage,No Injuries,Car,11,Front To Rear,2,2,0,3,$500 or less,1,0,0,0,0,0,0,03,Following Too Closely,17,Physical Condition Of Driver,3,Traffic Signal,4,Functioning Properly,1,Clear,1,Daylight,2,"Divided, No Median Barrier",1,Dry,1,Slow,1,No Defects,O60,O15,41.8759766,-87.8045654,41.8759842,-87.8046036,1128256.50,1897837.00
32304,25 02401,2502401,X003817677,2025-05-14,09:05:00,2025-05-14 09:05:00,2025-05-15 10:31:41,Madison St/S Maple Ave,,MADISON ST,S MAPLE AVE,0,0,0,0,Property Damage,No Injuries,Car,11,Front To Rear,2,2,0,4,"$501 to $1,500",1,0,0,0,0,0,0,18,Unable To Determine,18,Unable To Determine,1,No Controls,1,No Controls,8,Cloudy/Overcast,1,Daylight,1,Not Divided,1,Dry,3,Free Flow,1,No Defects,O60,O15,41.8795929,-87.8038635,41.8796196,-87.8038635,1128439.38,1899156.50
32301,25 02412,2502412,X003817691,2025-05-14,15:25:00,2025-05-14 15:25:00,2025-05-15 10:31:40,314 S Elmwood Ave,314,S ELMWOOD AVE,,0,0,0,0,Property Damage,No Injuries,Car,18,Rear To Front,2,2,0,3,$500 or less,1,0,0,0,0,0,0,30,Improper Backing,28,Failing To Reduce Speed To Avoid Crash,1,No Controls,1,No Controls,1,Clear,1,Daylight,2,"Divided, No Median Barrier",1,Dry,3,Free Flow,1,No Defects,O60,O11,41.8828430,-87.7862167,41.8827515,-87.7858963,1133238.63,1900370.00
32305,25 02413,2502413,X003817697,2025-05-14,15:51:00,2025-05-14 15:51:00,2025-05-15 10:31:41,Erie St/Harlem Ct,,ERIE ST,HARLEM CT,1,1,0,1,Property Damage,No Injuries,Car,11,Front To Rear,2,2,0,3,$500 or less,1,0,0,0,0,0,0,28,Failing To Reduce Speed To Avoid Crash,99,Not Applicable,3,Traffic Signal,4,Functioning Properly,1,Clear,1,Daylight,2,"Divided, No Median Barrier",1,Dry,1,Slow,1,No Defects,O40,O9,41.8918076,-87.8043060,41.8918304,-87.8043060,1128292.00,1903606.13
32295,25 02414,2502414,X003817713,2025-05-14,16:03:00,2025-05-14 16:03:00,2025-05-15 10:03:21,S Oak Park Ave/Washington Blvd,,S OAK PARK AVE,WASHINGTON BLVD,0,0,0,0,Property Damage,No Injuries,Car,11,Front To Rear,2,2,0,4,"$501 to $1,500",1,0,0,0,0,0,0,18,Unable To Determine,18,Unable To Determine,3,Traffic Signal,4,Functioning Properly,1,Clear,1,Daylight,1,Not Divided,1,Dry,2,Stopped,1,No Defects,O60,O11,41.8815651,-87.7942734,41.8815613,-87.7943115,1131046.38,1899891.13
32296,25 02415,2502415,X003818631,2025-05-14,16:29:00,2025-05-14 16:29:00,2025-05-15 10:37:24,7036 Roosevelt Rd,7036,ROOSEVELT RD,,0,0,0,1,Property Damage,No Injuries,Car,11,Front To Rear,2,2,0,3,$500 or less,1,0,0,0,0,0,0,18,Unable To Determine,18,Unable To Determine,1,No Controls,1,No Controls,1,Clear,1,Daylight,2,"Divided, No Median Barrier",1,Dry,1,Slow,1,No Defects,O90,O18,41.8650703,-87.8006592,41.8651390,-87.8002625,1129344.00,1893869.13
32308,25 02423,2502423,X003817718,2025-05-14,18:24:00,2025-05-14 18:24:00,2025-05-15 10:31:42,N Harlem Ave/South Blvd,,N HARLEM AVE,SOUTH BLVD,0,0,0,1,Property Damage,No Injuries,Car,11,Front To Rear,2,2,0,3,$500 or less,1,0,0,0,0,0,0,03,Following Too Closely,99,Not Applicable,1,No Controls,1,No Controls,1,Clear,1,Daylight,1,Not Divided,1,Dry,1,Slow,1,No Defects,F1,FPPD,41.8866921,-87.8050156,41.8867111,-87.8049927,1128109.63,1901740.13
32297,25 02420,2502420,X003817714,2025-05-14,18:39:00,2025-05-14 18:39:00,2025-05-15 10:08:59,S Austin Blvd/Jackson Blvd,,S AUSTIN BLVD,JACKSON BLVD,1,1,0,0,Property Damage,No Injuries,Car,11,Front To Rear,2,2,0,4,"$501 to $1,500",1,0,0,0,0,0,0,03,Following Too Closely,99,Not Applicable,3,Traffic Signal,4,Functioning Properly,1,Clear,1,Daylight,14,Four-Way Intersection,1,Dry,1,Slow,1,No Defects,O80,O13,41.8764229,-87.7745743,41.8764229,-87.7745361,1136424.63,1898051.75
32307,25 02425,2502425,X003817723,2025-05-14,18:48:00,2025-05-14 18:48:00,2025-05-15 10:31:42,618 Washington Blvd,618,WASHINGTON BLVD,,0,0,0,1,Property Damage,No Injuries,Car,9,Parked Motor Vehicle,2,2,0,5,"Over $1,500",1,0,0,0,0,0,0,18,Unable To Determine,15,Driving Skills/Knowledge/Experience,1,No Controls,1,No Controls,1,Clear,1,Daylight,12,Alley,1,Dry,3,Free Flow,1,No Defects,O60,O11,41.8816452,-87.7904511,41.8818436,-87.7903442,1132088.38,1899926.88
32310,25 02431,2502431,X003818884,2025-05-15,11:46:00,2025-05-15 11:46:00,2025-05-16 09:13:45,Taylor/Chicago,,TAYLOR,CHICAGO,0,0,0,0,Property Damage,No Injuries,Car,13,Sideswipe - Opposite Direction,2,2,0,3,$500 or less,1,0,0,0,0,0,0,18,Unable To Determine,99,Not Applicable,1,No Controls,1,No Controls,1,Clear,1,Daylight,1,Not Divided,1,Dry,3,Free Flow,1,No Defects,O30,O7,41.8946648,-87.7784195,41.8946686,-87.7783814,1135333.75,1904692.00
32312,25 02437,2502437,X003818887,2025-05-15,16:36:00,2025-05-15 16:36:00,2025-05-16 09:13:45,S Ridgeland Ave/Fillmore St,,S RIDGELAND AVE,FILLMORE ST,0,0,0,0,Property Damage,No Injuries,Car,9,Parked Motor Vehicle,2,2,0,4,"$501 to $1,500",1,0,0,0,0,0,0,28,Failing To Reduce Speed To Avoid Crash,99,Not Applicable,1,No Controls,1,No Controls,1,Clear,1,Daylight,1,Not Divided,1,Dry,3,Free Flow,1,No Defects,O90,O16,41.8671608,-87.7839889,41.8671532,-87.7840271,1133880.25,1894659.13
32313,25 02439,2502439,X003818889,2025-05-15,17:23:00,2025-05-15 17:23:00,2025-05-16 09:19:29,Chicago Ave/N Lombard Ave,,CHICAGO AVE,N LOMBARD AVE,1,1,0,0,Property Damage,No Injuries,Car,15,Angle,2,2,0,5,"Over $1,500",0,1,0,0,0,0,0,02,Failing To Yield Right-Of-Way,28,Failing To Reduce Speed To Avoid Crash,2,Stop Sign,4,Functioning Properly,1,Clear,1,Daylight,2,"Divided, No Median Barrier",1,Dry,3,Free Flow,1,No Defects,O30,O7,41.8946152,-87.7799988,41.8946495,-87.7800064,1134903.13,1904671.63
32476,25 02440,2502440,X003846055,2025-05-15,18:07:00,2025-05-15 18:07:00,2025-06-09 09:46:08,Ridgeland/Chicago,,RIDGELAND,CHICAGO,0,0,0,0,Injury,B Injury Crash,Car,16,Rear To Side,2,2,0,3,$500 or less,0,1,0,0,1,0,1,02,Failing To Yield Right-Of-Way,14,"Vision Obscured (Signs, Tree Limbs, Buildings",1,No Controls,1,No Controls,8,Cloudy/Overcast,1,Daylight,12,Alley,1,Dry,1,Slow,1,No Defects,O30,O8,41.8945694,-87.7849121,41.8945770,-87.7848740,1133565.38,1904645.88
32314,25 02444,2502444,X003818899,2025-05-15,19:35:00,2025-05-15 19:35:00,2025-05-16 09:19:30,S Austin Blvd/I290,,S AUSTIN BLVD,I290,1,1,0,1,Property Damage,No Injuries,Car,12,Sideswipe - Same Direction,2,2,0,4,"$501 to $1,500",1,0,0,0,0,0,0,04,Improper Overtaking/Passing,99,Not Applicable,3,Traffic Signal,4,Functioning Properly,1,Clear,1,Daylight,14,Four-Way Intersection,1,Dry,1,Slow,1,No Defects,O80,O13,41.8712502,-87.7743759,41.8710709,-87.7743301,1136490.13,1896166.00
32315,25 02445,2502445,X003818900,2025-05-15,19:58:00,2025-05-15 19:58:00,2025-05-16 09:19:30,Garfield/S Harlem Ave,,GARFIELD,S HARLEM AVE,1,1,0,0,Property Damage,No Injuries,Car,11,Front To Rear,2,2,0,5,"Over $1,500",1,0,0,0,0,0,0,41,Distraction - From Inside Vehicle,99,Not Applicable,3,Traffic Signal,4,Functioning Properly,2,Rain,3,Dusk,14,Four-Way Intersection,2,Wet,2,Stopped,1,No Defects,F3,FPPD,41.8722877,-87.8044739,41.8723183,-87.8044663,1128289.00,1896492.88
32316,25 02446,2502446,X003818901,2025-05-15,22:11:00,2025-05-15 22:11:00,2025-05-16 09:19:30,North Ave/N Oak Park Ave,,NORTH AVE,N OAK PARK AVE,0,0,0,1,Property Damage,No Injuries,Car,11,Front To Rear,2,2,0,4,"$501 to $1,500",1,0,0,0,0,0,0,03,Following Too Closely,99,Not Applicable,1,No Controls,1,No Controls,1,Clear,4,Darkness,1,Not Divided,1,Dry,1,Slow,1,No Defects,O20,O2,41.9089928,-87.7947922,41.9090233,-87.7950592,1130843.13,1909884.38
32333,25 02448,2502448,X003822065,2025-05-16,08:53:00,2025-05-16 08:53:00,2025-05-19 09:51:02,Lake St/N Austin Blvd,,LAKE ST,N AUSTIN BLVD,0,0,0,0,Property Damage,No Injuries,Car,11,Front To Rear,2,2,0,3,$500 or less,1,0,0,0,0,0,0,03,Following Too Closely,99,Not Applicable,1,No Controls,1,No Controls,1,Clear,1,Daylight,2,"Divided, No Median Barrier",1,Dry,1,Slow,1,No Defects,O30,O7,41.8880539,-87.7749329,41.8880234,-87.7749329,1136298.88,1902289.50
32334,25 02449,2502449,X003826571,2025-05-16,10:14:00,2025-05-16 10:14:00,2025-05-19 09:51:03,1125 Ontario St,1125,ONTARIO ST,,0,0,0,0,Property Damage,No Injuries,Car,15,Angle,2,2,0,4,"$501 to $1,500",1,0,0,0,0,0,0,02,Failing To Yield Right-Of-Way,18,Unable To Determine,1,No Controls,1,No Controls,1,Clear,1,Daylight,7,Parking Lot,1,Dry,3,Free Flow,1,No Defects,O40,O9,41.8905373,-87.8039322,41.8897705,-87.8039246,1128396.75,1903143.13
32335,25 02454,2502454,X003822133,2025-05-16,12:34:00,2025-05-16 12:34:00,2025-05-19 09:45:12,Woodbine Ave/Chicago Ave,,WOODBINE AVE,CHICAGO AVE,1,1,0,0,Property Damage,No Injuries,Car,11,Front To Rear,2,2,0,4,"$501 to $1,500",1,0,0,0,0,0,0,03,Following Too Closely,28,Failing To Reduce Speed To Avoid Crash,17,Pedestrian Crossing Sign,4,Functioning Properly,1,Clear,1,Daylight,2,"Divided, No Median Barrier",1,Dry,2,Stopped,1,No Defects,O20,O6,41.8943291,-87.7991180,41.8943253,-87.7991486,1129699.75,1904533.88
32328,25 02460,2502460,X003822141,2025-05-16,14:48:00,2025-05-16 14:48:00,2025-05-19 09:39:29,S Harvey Ave/Madison St,,S HARVEY AVE,MADISON ST,0,0,0,0,Property Damage,No Injuries,Car,11,Front To Rear,2,2,0,5,"Over $1,500",1,0,0,0,0,0,0,03,Following Too Closely,28,Failing To Reduce Speed To Avoid Crash,1,No Controls,1,No Controls,1,Clear,1,Daylight,2,"Divided, No Median Barrier",9,Unknown,1,Slow,99,Unknown,O80,O13,41.8799858,-87.7811508,41.8799896,-87.7807999,1134623.13,1899338.38
32346,25 02531,2502531,X003824748,2025-05-16,16:24:00,2025-05-16 16:24:00,2025-05-20 09:48:50,S Austin Blvd/Garfield St,,S AUSTIN BLVD,GARFIELD ST,1,1,0,0,Property Damage,No Injuries,Car,10,Turning (At Least One Vehicle),2,2,0,4,"$501 to $1,500",1,0,0,0,0,0,0,02,Failing To Yield Right-Of-Way,28,Failing To Reduce Speed To Avoid Crash,2,Stop Sign,4,Functioning Properly,9,Unknown,5,"Darkness, Lighted Road",1,Not Divided,1,Dry,1,Slow,1,No Defects,O90,O16,41.8704185,-87.7743530,41.8704224,-87.7743149,1136497.13,1895864.88
32318,25 02469,2502469,X003834823,2025-05-16,19:01:00,2025-05-16 19:01:00,2025-05-17 00:10:47,Pleasant St/S Cuyler Ave,,PLEASANT ST,S CUYLER AVE,0,0,0,0,Property Damage,No Injuries,Car,18,Rear To Front,2,2,0,5,"Over $1,500",1,0,0,0,0,0,0,30,Improper Backing,28,Failing To Reduce Speed To Avoid Crash,1,No Controls,1,No Controls,1,Clear,1,Daylight,1,Not Divided,1,Dry,1,Slow,1,No Defects,O50,O10,41.8852119,-87.7829742,41.8852425,-87.7829742,1134115.13,1901239.13
32339,25 02472,2502472,X003822152,2025-05-16,20:08:00,2025-05-16 20:08:00,2025-05-19 09:51:02,501 N Lombard Ave,501,N LOMBARD AVE,,0,0,0,1,Property Damage,No Injuries,Car,9,Parked Motor Vehicle,2,2,0,5,"Over $1,500",0,1,0,0,0,0,0,28,Failing To Reduce Speed To Avoid Crash,10,Equipment - Vehicle Condition,1,No Controls,1,No Controls,1,Clear,3,Dusk,12,Alley,1,Dry,3,Free Flow,1,No Defects,O10,O4,41.8946915,-87.7800446,41.8948937,-87.7802048,1134891.00,1904699.13
32928,25 02475,2502475,X003929799,2025-05-17,03:57:00,2025-05-17 03:57:00,2025-08-21 10:46:25,Roosevelt Rd/Austin Blvd,,ROOSEVELT RD,AUSTIN BLVD,0,1,0,0,Property Damage,No Injuries,Car,15,Angle,2,2,0,5,"Over $1,500",0,1,0,0,0,0,0,24,Disregarding Other Traffic Signs,28,Failing To Reduce Speed To Avoid Crash,3,Traffic Signal,4,Functioning Properly,8,Cloudy/Overcast,5,"Darkness, Lighted Road",15,T-Intersection,1,Dry,,,1,No Defects,O90,O16,41.8654785,-87.7753677,41.8654709,-87.7741318,1136234.63,1894061.75
32332,25 02482,2502482,X003822217,2025-05-17,14:52:00,2025-05-17 14:52:00,2025-05-19 09:51:02,Washington Blvd/S Kenilworth Ave,,WASHINGTON BLVD,S KENILWORTH AVE,0,0,0,0,Property Damage,No Injuries,Car,12,Sideswipe - Same Direction,3,3,0,5,"Over $1,500",1,0,0,0,0,0,0,20,Improper Lane Usage,02,Failing To Yield Right-Of-Way,1,No Controls,1,No Controls,1,Clear,1,Daylight,1,Not Divided,1,Dry,1,Slow,1,No Defects,O70,O12,41.8815270,-87.7969742,41.8815537,-87.7969742,1130311.88,1899872.13
32331,25 02486,2502486,X003827811,2025-05-17,14:56:00,2025-05-17 14:56:00,2025-05-19 09:51:01,Washington Blvd/S Oak Park Ave,,WASHINGTON BLVD,S OAK PARK AVE,0,0,0,0,Injury,C Injury Crash,Car,11,Front To Rear,2,2,0,5,"Over $1,500",0,1,0,0,0,1,1,03,Following Too Closely,28,Failing To Reduce Speed To Avoid Crash,1,No Controls,1,No Controls,1,Clear,1,Daylight,1,Not Divided,1,Dry,3,Free Flow,1,No Defects,O60,O11,41.8815384,-87.7943115,41.8815613,-87.7943115,1131037.25,1899880.13
32336,25 02485,2502485,X003822218,2025-05-17,15:11:00,2025-05-17 15:11:00,2025-05-19 09:45:13,S Euclid Ave/Pleasant St,,S EUCLID AVE,PLEASANT ST,0,0,0,0,Property Damage,No Injuries,Car,10,Turning (At Least One Vehicle),2,2,0,4,"$501 to $1,500",1,0,0,0,0,0,0,06,Improper Turning/No Signal,05,Driving On Wrong Side/Wrong Way,1,No Controls,1,No Controls,1,Clear,1,Daylight,1,Not Divided,1,Dry,1,Slow,1,No Defects,O60,O11,41.8850746,-87.7927399,41.8850746,-87.7927704,1131457.38,1901172.13
32337,25 02509,2502509,X003823187,2025-05-17,19:28:00,2025-05-17 19:28:00,2025-05-19 09:56:46,6129 North Ave,6129,NORTH AVE,,0,0,0,0,Property Damage,No Injuries,Car,10,Turning (At Least One Vehicle),2,2,0,3,$500 or less,1,0,0,0,0,0,0,06,Improper Turning/No Signal,15,Driving Skills/Knowledge/Experience,1,No Controls,1,No Controls,1,Clear,2,Dawn,7,Parking Lot,1,Dry,3,Free Flow,1,No Defects,O10,O1,41.9091759,-87.7799912,41.9088707,-87.7798691,1134870.38,1909977.38
32319,25 02463,2502463,X003821722,2025-05-17,20:27:00,2025-05-17 20:27:00,2025-05-18 19:27:36,652 Erie,652,ERIE,,0,0,0,1,Property Damage,No Injuries,Car,12,Sideswipe - Same Direction,2,2,0,4,"$501 to $1,500",1,0,0,0,0,0,0,28,Failing To Reduce Speed To Avoid Crash,18,Unable To Determine,1,No Controls,1,No Controls,1,Clear,1,Daylight,1,Not Divided,1,Dry,2,Stopped,1,No Defects,O30,O7,41.8917961,-87.7764206,41.8917885,-87.7919464,1135885.13,1903649.63
32330,25 02504,2502504,X003822229,2025-05-18,14:10:00,2025-05-18 14:10:00,2025-05-19 09:45:12,Division St/N Lombard Ave,,DIVISION ST,N LOMBARD AVE,0,0,0,0,Property Damage,No Injuries,Car,9,Parked Motor Vehicle,2,2,0,4,"$501 to $1,500",1,0,0,0,0,0,0,15,Driving Skills/Knowledge/Experience,28,Failing To Reduce Speed To Avoid Crash,1,No Controls,1,No Controls,1,Clear,1,Daylight,1,Not Divided,1,Dry,3,Free Flow,1,No Defects,O10,O4,41.9019089,-87.7802353,41.9019394,-87.7802429,1134821.13,1907328.75
32326,25 02505,2502505,X003822232,2025-05-18,16:01:00,2025-05-18 16:01:00,2025-05-19 09:33:50,Hayes Ave/Division St,,HAYES AVE,DIVISION ST,0,1,0,0,Property Damage,No Injuries,Car,11,Front To Rear,2,2,0,5,"Over $1,500",1,0,0,0,0,0,0,28,Failing To Reduce Speed To Avoid Crash,99,Not Applicable,2,Stop Sign,4,Functioning Properly,1,Clear,1,Daylight,1,Not Divided,1,Dry,2,Stopped,1,No Defects,O10,O4,41.9019508,-87.7790680,41.9019585,-87.7790299,1135140.25,1907346.38
32325,25 02081,2502081,X003822062,2025-05-18,16:46:00,2025-05-18 16:46:00,2025-05-19 09:28:08,South Blvd/S East Ave,,SOUTH BLVD,S EAST AVE,0,0,0,1,Property Damage,No Injuries,Car,12,Sideswipe - Same Direction,2,2,0,3,$500 or less,1,0,0,0,0,0,0,04,Improper Overtaking/Passing,28,Failing To Reduce Speed To Avoid Crash,1,No Controls,1,No Controls,1,Clear,1,Daylight,1,Not Divided,1,Dry,1,Slow,1,No Defects,O60,O11,41.8869133,-87.7895584,41.8869362,-87.7895584,1132319.38,1901847.25
32320,25 02506,2502506,X003821724,2025-05-18,18:57:00,2025-05-18 18:57:00,2025-05-18 19:55:50,N Ridgeland Ave/Iowa St,,N RIDGELAND AVE,IOWA ST,1,1,0,0,Property Damage,No Injuries,Car,15,Angle,2,2,0,5,"Over $1,500",1,0,0,0,0,0,0,02,Failing To Yield Right-Of-Way,28,Failing To Reduce Speed To Avoid Crash,2,Stop Sign,4,Functioning Properly,1,Clear,1,Daylight,1,Not Divided,1,Dry,3,Free Flow,1,No Defects,O20,O5,41.8963928,-87.7849731,41.8963966,-87.7849350,1133544.13,1905310.38
32338,25 02507,2502507,X003826697,2025-05-18,19:03:00,2025-05-18 19:03:00,2025-05-19 09:56:46,Washington Blvd/S Maple Ave,,WASHINGTON BLVD,S MAPLE AVE,1,1,0,0,Property Damage,No Injuries,Car,15,Angle,2,2,0,5,"Over $1,500",1,0,0,0,0,0,0,28,Failing To Reduce Speed To Avoid Crash,02,Failing To Yield Right-Of-Way,1,No Controls,1,No Controls,1,Clear,1,Daylight,1,Not Divided,1,Dry,3,Free Flow,1,No Defects,O70,O12,41.8813858,-87.8039246,41.8814201,-87.8039246,1128419.88,1899809.88
32327,25 02508,2502508,X003822279,2025-05-18,19:28:00,2025-05-18 19:28:00,2025-05-19 09:33:50,483 N Harlem Ave,483,N HARLEM AVE,,0,0,0,0,Property Damage,No Injuries,Car,15,Angle,2,2,0,4,"$501 to $1,500",1,0,0,0,0,0,0,30,Improper Backing,15,Driving Skills/Knowledge/Experience,1,No Controls,1,No Controls,1,Clear,1,Daylight,7,Parking Lot,1,Dry,3,Free Flow,1,No Defects,R82,RFPD,41.8902626,-87.8051529,41.8902741,-87.8046799,1128064.13,1903041.38
32344,25 02512,2502512,X003824746,2025-05-19,06:38:00,2025-05-19 06:38:00,2025-05-20 09:48:49,N Austin Blvd/South Blvd,,N AUSTIN BLVD,SOUTH BLVD,1,0,0,0,Injury,C Injury Crash,Car,12,Sideswipe - Same Direction,2,2,0,5,"Over $1,500",0,1,0,0,0,1,1,06,Improper Turning/No Signal,15,Driving Skills/Knowledge/Experience,3,Traffic Signal,4,Functioning Properly,8,Cloudy/Overcast,1,Daylight,1,Not Divided,1,Dry,3,Free Flow,1,No Defects,,,41.8870773,-87.7748642,41.8870812,-87.7748947,1136320.13,1901933.75
32343,25 02513,2502513,X003824745,2025-05-19,06:57:00,2025-05-19 06:57:00,2025-05-20 09:48:48,N Marion St/Lake St,,N MARION ST,LAKE ST,1,1,0,0,Property Damage,No Injuries,Car,10,Turning (At Least One Vehicle),2,2,0,4,"$501 to $1,500",1,0,0,0,0,0,0,18,Unable To Determine,18,Unable To Determine,3,Traffic Signal,4,Functioning Properly,8,Cloudy/Overcast,1,Daylight,14,Four-Way Intersection,1,Dry,3,Free Flow,1,No Defects,O40,O9,41.8886414,-87.8025055,41.8886452,-87.8026276,1128789.13,1902455.00
32341,25 02514,2502514,X003823471,2025-05-19,07:27:00,2025-05-19 07:27:00,2025-05-20 09:37:20,N Ridgeland Ave/Chicago Ave,,N RIDGELAND AVE,CHICAGO AVE,1,1,0,0,Property Damage,No Injuries,Car,10,Turning (At Least One Vehicle),2,2,0,4,"$501 to $1,500",1,0,0,0,0,0,0,02,Failing To Yield Right-Of-Way,28,Failing To Reduce Speed To Avoid Crash,3,Traffic Signal,4,Functioning Properly,1,Clear,1,Daylight,2,"Divided, No Median Barrier",1,Dry,3,Free Flow,1,No Defects,O30,O8,41.8945694,-87.7849121,41.8945770,-87.7848740,1133565.38,1904645.88
32345,25 02517,2502517,X003824747,2025-05-19,11:10:00,2025-05-19 11:10:00,2025-05-20 09:48:49,1135 Chicago Ave,1135,CHICAGO AVE,,0,0,0,1,Property Damage,No Injuries,Car,12,Sideswipe - Same Direction,2,2,0,5,"Over $1,500",1,0,0,0,0,0,0,18,Unable To Determine,18,Unable To Determine,1,No Controls,1,No Controls,8,Cloudy/Overcast,1,Daylight,1,Not Divided,1,Dry,3,Free Flow,1,No Defects,O20,O6,41.8942604,-87.8043823,41.8941078,-87.8044891,1128266.88,1904500.50