record_id,report_number,crash_id,idot_crash_number,date,time,occurred_at,record_added_at,location,street_number,street_name,cross_street,at_intersection,intersection_related,private_property,hit_and_run,crash_severity,crash_injury_severity,crash_mode,crash_type_code,crash_type,total_units,num_motor_vehicles,dooring_pedalcyclist,damage_code,damage,no_injury_drive_away,injury_or_towed,fatalities,a_injuries,b_injuries,c_injuries,total_injured,cause1_code,cause1,cause2_code,cause2,traffic_control_code,traffic_control,device_condition_code,device_condition,weather_code,weather,lighting_code,lighting,trafficway_code,trafficway,road_surface_code,road_surface,flow_condition_code,flow_condition,road_defects_code,road_defects,beat_zone,post_district,latitude,longitude,latitude_geocoded,longitude_geocoded,state_plane_x,state_plane_y
32340,25 02520,2502520,X003823473,2025-05-19,11:36:00,2025-05-19 11:36:00,2025-05-20 09:37:19,S Harlem Ave/Jackson Blvd,,S HARLEM AVE,JACKSON BLVD,1,1,0,0,Property Damage,No Injuries,Car,11,Front To Rear,2,2,0,3,$500 or less,1,0,0,0,0,0,0,03,Following Too Closely,18,Unable To Determine,3,Traffic Signal,4,Functioning Properly,1,Clear,1,Daylight,2,"Divided, No Median Barrier",1,Dry,1,Slow,1,No Defects,O60,O15,41.8759766,-87.8045654,41.8759842,-87.8046036,1128256.50,1897837.00
32347,25 02539,2502539,X003824749,2025-05-20,08:22:00,2025-05-20 08:22:00,2025-05-20 12:16:13,Randolph St/S Marion St,,RANDOLPH ST,S MARION ST,0,0,0,1,Property Damage,No Injuries,Car,9,Parked Motor Vehicle,2,2,0,3,$500 or less,1,0,0,0,0,0,0,28,Failing To Reduce Speed To Avoid Crash,99,Not Applicable,1,No Controls,1,No Controls,8,Cloudy/Overcast,1,Daylight,1,Not Divided,2,Wet,3,Free Flow,1,No Defects,O70,O12,41.8832359,-87.8024368,41.8832626,-87.8024368,1128820.13,1900485.88
32349,25 02545,2502545,X003826097,2025-05-20,12:41:00,2025-05-20 12:41:00,2025-05-21 08:46:36,720 North Blvd,,720 NORTH BLVD,N OAK PARK AVE,0,0,0,0,Property Damage,No Injuries,Car,7,Other Object,1,1,0,3,$500 or less,1,0,0,0,0,0,0,28,Failing To Reduce Speed To Avoid Crash,15,Driving Skills/Knowledge/Experience,11,Other Warning Sign,4,Functioning Properly,2,Rain,1,Daylight,7,Parking Lot,2,Wet,1,Slow,1,No Defects,O30,O8,41.8872833,-87.7944717,41.8874664,-87.7937241,1130980.38,1901974.00
32350,25 02557,2502557,X003826699,2025-05-20,16:55:00,2025-05-20 16:55:00,2025-05-21 08:40:48,922 Madison St,922,MADISON ST,,0,0,0,0,Property Damage,No Injuries,Car,18,Rear To Front,2,2,0,5,"Over $1,500",1,0,0,0,0,0,0,02,Failing To Yield Right-Of-Way,28,Failing To Reduce Speed To Avoid Crash,1,No Controls,1,No Controls,2,Rain,1,Daylight,4,Two-Way Continuous Left-Turn Lane,2,Wet,3,Free Flow,1,No Defects,O70,O12,41.8797340,-87.7981491,41.8798180,-87.7979889,1129996.00,1899217.25
32348,25 02555,2502555,X003824750,2025-05-20,18:07:00,2025-05-20 18:07:00,2025-05-20 20:23:36,414 Madison St,414,MADISON ST,,0,0,0,0,Property Damage,No Injuries,Car,11,Front To Rear,2,2,0,4,"$501 to $1,500",1,0,0,0,0,0,0,28,Failing To Reduce Speed To Avoid Crash,15,Driving Skills/Knowledge/Experience,1,No Controls,1,No Controls,2,Rain,1,Daylight,1,Not Divided,2,Wet,2,Stopped,1,No Defects,O60,O11,41.8799438,-87.7852631,41.8803139,-87.7852478,1133504.75,1899315.75
32364,25 02568,2502568,X003828427,2025-05-21,11:19:00,2025-05-21 11:19:00,2025-05-23 08:09:54,Chicago Ave/N Austin Blvd,,CHICAGO AVE,N AUSTIN BLVD,0,0,0,0,Property Damage,No Injuries,Car,11,Front To Rear,2,2,0,5,"Over $1,500",1,0,0,0,0,0,0,28,Failing To Reduce Speed To Avoid Crash,18,Unable To Determine,1,No Controls,1,No Controls,2,Rain,1,Daylight,1,Not Divided,2,Wet,3,Free Flow,1,No Defects,O30,O7,41.8946877,-87.7751465,41.8947105,-87.7751389,1136225.63,1904705.00
32360,25 02571,2502571,X003828419,2025-05-21,12:01:00,2025-05-21 12:01:00,2025-05-23 08:03:59,113 N Oak Park Ave,113,N OAK PARK AVE,,0,0,0,0,Injury,B Injury Crash,Car,11,Front To Rear,2,2,0,5,"Over $1,500",0,1,0,0,2,0,2,03,Following Too Closely,28,Failing To Reduce Speed To Avoid Crash,3,Traffic Signal,4,Functioning Properly,2,Rain,1,Daylight,1,Not Divided,2,Wet,2,Stopped,1,No Defects,O40,O9,41.8878517,-87.7945404,41.8877983,-87.7946167,1130960.63,1902181.50
32365,25 02578,2502578,X003832885,2025-05-21,15:41:00,2025-05-21 15:41:00,2025-05-23 08:04:00,Washington Blvd/Ridgeland,,WASHINGTON BLVD,RIDGELAND,0,0,0,0,Property Damage,No Injuries,Car,11,Front To Rear,2,2,0,5,"Over $1,500",1,0,0,0,0,0,0,28,Failing To Reduce Speed To Avoid Crash,99,Not Applicable,3,Traffic Signal,4,Functioning Properly,8,Cloudy/Overcast,1,Daylight,1,Not Divided,2,Wet,2,Stopped,1,No Defects,O50,O10,41.8816948,-87.7845154,41.8817253,-87.7845154,1133704.88,1899954.38
32359,25 02582,2502582,X003828417,2025-05-21,17:02:00,2025-05-21 17:02:00,2025-05-23 08:09:53,S Oak Park Ave/Roosevelt Rd,,S OAK PARK AVE,ROOSEVELT RD,0,0,0,1,Property Damage,No Injuries,Car,10,Turning (At Least One Vehicle),2,2,0,3,$500 or less,1,0,0,0,0,0,0,04,Improper Overtaking/Passing,20,Improper Lane Usage,1,No Controls,1,No Controls,10,Freezing Rain/Drizzle,1,Daylight,2,"Divided, No Median Barrier",2,Wet,1,Slow,1,No Defects,O90,O17,41.8651657,-87.7937164,41.8651657,-87.7937546,1131236.00,1893916.13
32363,25 02594,2502594,X003828425,2025-05-22,09:18:00,2025-05-22 09:18:00,2025-05-23 08:09:53,Madison St/Ridgeland,,MADISON ST,RIDGELAND,0,0,0,0,Property Damage,No Injuries,Car,15,Angle,2,2,0,5,"Over $1,500",1,0,0,0,0,0,0,02,Failing To Yield Right-Of-Way,28,Failing To Reduce Speed To Avoid Crash,3,Traffic Signal,4,Functioning Properly,8,Cloudy/Overcast,1,Daylight,1,Not Divided,1,Dry,2,Stopped,1,No Defects,O80,O13,41.8799019,-87.7844620,41.8799324,-87.7844620,1133723.63,1899302.88
32356,25 02595,2502595,X003827309,2025-05-22,11:05:00,2025-05-22 11:05:00,2025-05-22 14:51:15,Harrison St/S Ridgeland Ave,,HARRISON ST,S RIDGELAND AVE,0,0,0,0,Property Damage,No Injuries,Car,12,Sideswipe - Same Direction,2,2,0,4,"$501 to $1,500",1,0,0,0,0,0,0,04,Improper Overtaking/Passing,20,Improper Lane Usage,1,No Controls,1,No Controls,8,Cloudy/Overcast,1,Daylight,1,Not Divided,1,Dry,3,Free Flow,1,No Defects,O80,O13,41.8726044,-87.7842178,41.8726349,-87.7842178,1133806.88,1896642.25
32361,25 02598,2502598,X003828421,2025-05-22,13:04:00,2025-05-22 13:04:00,2025-05-23 08:03:59,Madison St/Taylor Ave,,MADISON ST,TAYLOR AVE,0,0,0,1,Property Damage,No Injuries,Car,12,Sideswipe - Same Direction,2,2,0,4,"$501 to $1,500",1,0,0,0,0,0,0,04,Improper Overtaking/Passing,18,Unable To Determine,1,No Controls,1,No Controls,8,Cloudy/Overcast,1,Daylight,1,Not Divided,1,Dry,3,Free Flow,1,No Defects,O80,O13,41.8800087,-87.7779312,41.8800316,-87.7783203,1135501.50,1899352.50
32358,25 02602,2502602,X003828415,2025-05-22,14:57:00,2025-05-22 14:57:00,2025-05-23 08:09:52,Chicago Ave/N Elmwood Ave,,CHICAGO AVE,N ELMWOOD AVE,1,1,0,0,Property Damage,No Injuries,Car,15,Angle,2,2,0,5,"Over $1,500",1,0,0,0,0,0,0,02,Failing To Yield Right-Of-Way,28,Failing To Reduce Speed To Avoid Crash,2,Stop Sign,4,Functioning Properly,1,Clear,1,Daylight,14,Four-Way Intersection,1,Dry,3,Free Flow,1,No Defects,O30,O8,41.8945160,-87.7864990,41.8945503,-87.7865067,1133133.00,1904623.88
32362,25 02605,2502605,X003828423,2025-05-22,15:38:00,2025-05-22 15:38:00,2025-05-23 08:04:00,325 S Kenilworth Ave,325,S KENILWORTH AVE,,0,0,0,0,Property Damage,No Injuries,Car,12,Sideswipe - Same Direction,2,2,0,3,$500 or less,1,0,0,0,0,0,0,20,Improper Lane Usage,28,Failing To Reduce Speed To Avoid Crash,1,No Controls,1,No Controls,1,Clear,1,Daylight,1,Not Divided,1,Dry,3,Free Flow,1,No Defects,O70,O12,41.8823509,-87.7969665,41.8823280,-87.7976837,1130311.50,1900172.63
32366,25 02619,2502619,X003828428,2025-05-23,12:30:00,2025-05-23 12:30:00,2025-05-23 13:50:12,N Harlem Ave/Schneider Ave,,N HARLEM AVE,SCHNEIDER AVE,0,0,0,1,Property Damage,No Injuries,Car,12,Sideswipe - Same Direction,2,2,0,4,"$501 to $1,500",1,0,0,0,0,0,0,18,Unable To Determine,18,Unable To Determine,3,Traffic Signal,4,Functioning Properly,1,Clear,1,Daylight,1,Not Divided,1,Dry,2,Stopped,1,No Defects,R82,RFPD,41.8962707,-87.8053589,41.8962784,-87.8053207,1127994.63,1905231.38
32439,25 02627,2502627,X003840333,2025-05-23,16:57:00,2025-05-23 16:57:00,2025-06-04 08:17:11,Washington Blvd/S Ridgeland Ave,,WASHINGTON BLVD,S RIDGELAND AVE,1,1,0,1,Property Damage,No Injuries,Car,12,Sideswipe - Same Direction,2,2,0,4,"$501 to $1,500",1,0,0,0,0,0,0,02,Failing To Yield Right-Of-Way,06,Improper Turning/No Signal,3,Traffic Signal,4,Functioning Properly,1,Clear,1,Daylight,4,Two-Way Continuous Left-Turn Lane,1,Dry,3,Free Flow,1,No Defects,O50,O10,41.8816948,-87.7845154,41.8817253,-87.7845154,1133704.88,1899954.38
32383,25 02628,2502628,X003831290,2025-05-23,17:51:00,2025-05-23 17:51:00,2025-05-27 08:59:39,Washington Blvd/Wisconsin Ave,,WASHINGTON BLVD,WISCONSIN AVE,1,1,0,0,Property Damage,No Injuries,Car,4,Animal,1,1,0,3,$500 or less,1,0,0,0,0,0,0,02,Failing To Yield Right-Of-Way,28,Failing To Reduce Speed To Avoid Crash,3,Traffic Signal,4,Functioning Properly,1,Clear,1,Daylight,14,Four-Way Intersection,1,Dry,3,Free Flow,1,No Defects,O70,O12,41.8814163,-87.8023682,41.8814468,-87.8023682,1128842.63,1899822.13
32387,25 02629,2502629,X003831291,2025-05-23,18:18:00,2025-05-23 18:18:00,2025-05-27 09:05:25,Washington Blvd/S Kenilworth Ave,,WASHINGTON BLVD,S KENILWORTH AVE,1,1,0,0,Property Damage,No Injuries,Car,12,Sideswipe - Same Direction,2,2,0,5,"Over $1,500",1,0,0,0,0,0,0,18,Unable To Determine,99,Not Applicable,1,No Controls,1,No Controls,1,Clear,1,Daylight,1,Not Divided,1,Dry,1,Slow,1,No Defects,O70,O12,41.8815270,-87.7969742,41.8815537,-87.7969742,1130311.88,1899872.13
32382,25 02633,2502633,X003832751,2025-05-23,18:21:00,2025-05-23 18:21:00,2025-05-27 08:59:39,Randolph St/Home Ave,,RANDOLPH ST,HOME AVE,1,1,0,0,Property Damage,No Injuries,Car,18,Rear To Front,2,2,0,3,$500 or less,1,0,0,0,0,0,0,03,Following Too Closely,99,Not Applicable,2,Stop Sign,4,Functioning Properly,1,Clear,1,Daylight,1,Not Divided,1,Dry,1,Slow,1,No Defects,O70,O12,41.8832932,-87.8000031,41.8833275,-87.8000031,1129483.88,1900511.75
32367,25 02631,2502631,X003828429,2025-05-23,19:26:00,2025-05-23 19:26:00,2025-05-24 04:22:47,Madison St/N Harlem Ave,,MADISON ST,N HARLEM AVE,0,0,0,0,Property Damage,No Injuries,Car,12,Sideswipe - Same Direction,2,2,0,4,"$501 to $1,500",1,0,0,0,0,0,0,20,Improper Lane Usage,99,Not Applicable,1,No Controls,1,No Controls,1,Clear,1,Daylight,1,Not Divided,1,Dry,1,Slow,1,No Defects,O60,O15,41.8796349,-87.8047333,41.8796654,-87.8047333,1128202.63,1899169.38
32368,25 02639,2502639,X003829218,2025-05-24,05:56:00,2025-05-24 05:56:00,2025-05-24 08:48:11,730 N Austin Blvd,730,N AUSTIN BLVD,,0,0,0,1,Property Damage,No Injuries,Car,12,Sideswipe - Same Direction,2,2,0,4,"$501 to $1,500",1,0,0,0,0,0,0,18,Unable To Determine,99,Not Applicable,1,No Controls,1,No Controls,1,Clear,9,Unknown,1,Not Divided,1,Dry,3,Free Flow,1,No Defects,,,41.8943253,-87.7750931,41.8942604,-87.7752686,1136240.00,1904573.38
32386,25 02645,2502645,X003831316,2025-05-24,12:26:00,2025-05-24 12:26:00,2025-05-27 09:05:25,Roosevelt Rd/Wisconsin Ave,,ROOSEVELT RD,WISCONSIN AVE,0,0,0,0,Property Damage,No Injuries,Car,11,Front To Rear,2,2,0,3,$500 or less,1,0,0,0,0,0,0,28,Failing To Reduce Speed To Avoid Crash,03,Following Too Closely,1,No Controls,1,No Controls,1,Clear,1,Daylight,4,Two-Way Continuous Left-Turn Lane,1,Dry,1,Slow,1,No Defects,O90,O18,41.8650513,-87.8015976,41.8650207,-87.8017807,1129090.75,1893861.00
32378,25 02660,2502660,X003831341,2025-05-24,19:44:00,2025-05-24 19:44:00,2025-05-27 08:59:38,6435 North Ave (Alley),,6435 NORTH AVE (ALLEY),ELMWOOD,0,0,0,0,Property Damage,No Injuries,Pedestrian,1,Pedestrian,3,1,0,3,$500 or less,1,0,0,0,0,0,0,28,Failing To Reduce Speed To Avoid Crash,32,"Evasive Action Due To Animal, Object, Non-Mot",1,No Controls,1,No Controls,1,Clear,3,Dusk,12,Alley,1,Dry,,,1,No Defects,O20,O2,41.9090843,-87.7873535,41.9089775,-87.7865143,1132868.88,1909931.63
32374,25 02680,2502680,X003831360,2025-05-25,04:38:00,2025-05-25 04:38:00,2025-05-27 08:53:48,950 Lake St,950,LAKE ST,,0,0,0,0,Property Damage,No Injuries,Car,11,Front To Rear,2,2,0,4,"$501 to $1,500",1,0,0,0,0,0,0,03,Following Too Closely,99,Not Applicable,3,Traffic Signal,4,Functioning Properly,1,Clear,1,Daylight,1,Not Divided,1,Dry,1,Slow,1,No Defects,O40,O9,41.8887100,-87.7999191,41.8888359,-87.7999344,1129494.13,1902484.38
32379,25 02666,2502666,X003831345,2025-05-25,05:22:00,2025-05-25 05:22:00,2025-05-27 08:59:38,I290 Expy E/S Harlem Ave,,I290 EXPY E,S HARLEM AVE,1,1,0,1,Injury,B Injury Crash,Car,7,Other Object,2,1,0,3,$500 or less,1,0,0,0,1,0,1,50,"Oper. Veh. In Erratic,Reckless,Careless Manne",18,Unable To Determine,3,Traffic Signal,4,Functioning Properly,2,Rain,3,Dusk,3,Divided With Median Barrier,2,Wet,3,Free Flow,1,No Defects,F3,FPPD,41.8734665,-87.8045197,41.8734894,-87.8045120,1128275.63,1896922.00
32797,25 02665,2502665,,2025-05-25,05:22:00,2025-05-25 05:22:00,2025-08-01 13:28:19,Madison St/S Austin Blvd,,MADISON ST,S AUSTIN BLVD,0,0,0,0,Property Damage,No Injuries,Car,11,Front To Rear,3,3,0,5,"Over $1,500",0,1,0,0,0,0,0,28,Failing To Reduce Speed To Avoid Crash,50,"Oper. Veh. In Erratic,Reckless,Careless Manne",3,Traffic Signal,4,Functioning Properly,2,Rain,2,Dawn,1,Not Divided,2,Wet,3,Free Flow,1,No Defects,O80,O13,41.8800621,-87.7746582,41.8800888,-87.7746582,1136391.38,1899377.50
32385,25 02667,2502667,X003831347,2025-05-25,08:30:00,2025-05-25 08:30:00,2025-05-27 09:05:24,644 Lake St,644,LAKE ST,,0,0,0,1,Property Damage,No Injuries,Car,6,Fixed Object,2,1,0,3,$500 or less,1,0,0,0,0,0,0,08,Under The Influence Of Alc/Drugs-Use For Dui,17,Physical Condition Of Driver,1,No Controls,1,No Controls,1,Clear,1,Daylight,2,"Divided, No Median Barrier",2,Wet,1,Slow,1,No Defects,O30,O8,41.8885689,-87.7914429,41.8886833,-87.7916412,1131801.63,1902448.50
32380,25 02670,2502670,X003831350,2025-05-25,12:32:00,2025-05-25 12:32:00,2025-05-27 08:53:47,N Oak Park Ave/Lake St,,N OAK PARK AVE,LAKE ST,0,0,0,0,Property Damage,No Injuries,Car,12,Sideswipe - Same Direction,2,2,0,4,"$501 to $1,500",1,0,0,0,0,0,0,18,Unable To Determine,18,Unable To Determine,1,No Controls,1,No Controls,1,Clear,1,Daylight,1,Not Divided,1,Dry,3,Free Flow,1,No Defects,O40,O9,41.8886414,-87.7945633,41.8886452,-87.7945251,1130952.25,1902468.88
32381,25 02686,2502686,X003831364,2025-05-26,09:46:00,2025-05-26 09:46:00,2025-05-27 08:59:39,N Harlem Ave/Washington Blvd,,N HARLEM AVE,WASHINGTON BLVD,1,1,0,0,Property Damage,No Injuries,Car,12,Sideswipe - Same Direction,2,2,0,3,$500 or less,1,0,0,0,0,0,0,02,Failing To Yield Right-Of-Way,28,Failing To Reduce Speed To Avoid Crash,3,Traffic Signal,4,Functioning Properly,1,Clear,1,Daylight,14,Four-Way Intersection,1,Dry,3,Free Flow,1,No Defects,F1,FPPD,41.8813934,-87.8048325,41.8814087,-87.8047943,1128172.13,1899810.88
32369,25 02688,2502688,X003832883,2025-05-26,10:55:00,2025-05-26 10:55:00,2025-05-26 15:02:05,Madison St/Ridgeland,,MADISON ST,RIDGELAND,1,1,0,0,Property Damage,No Injuries,Car,12,Sideswipe - Same Direction,2,2,0,5,"Over $1,500",0,1,0,0,0,0,0,02,Failing To Yield Right-Of-Way,20,Improper Lane Usage,3,Traffic Signal,4,Functioning Properly,1,Clear,1,Daylight,2,"Divided, No Median Barrier",1,Dry,3,Free Flow,1,No Defects,O80,O13,41.8799019,-87.7844620,41.8799324,-87.7844620,1133723.63,1899302.88
32375,25 02701,2502701,X003831369,2025-05-26,19:21:00,2025-05-26 19:21:00,2025-05-27 08:53:48,Ridgeland/Madison,,RIDGELAND,MADISON,0,0,0,0,Property Damage,No Injuries,Car,10,Turning (At Least One Vehicle),2,2,0,5,"Over $1,500",1,0,0,0,0,0,0,02,Failing To Yield Right-Of-Way,28,Failing To Reduce Speed To Avoid Crash,1,No Controls,1,No Controls,1,Clear,1,Daylight,1,Not Divided,1,Dry,3,Free Flow,1,No Defects,O80,O13,41.8799324,-87.7844238,41.8799324,-87.7844620,1133732.63,1899313.88
32390,25 02721,2502721,X003833592,2025-05-27,11:50:00,2025-05-27 11:50:00,2025-05-28 09:28:24,Madison/Harvey,,MADISON,HARVEY,1,1,0,0,Property Damage,No Injuries,Car,11,Front To Rear,2,2,0,5,"Over $1,500",1,0,0,0,0,0,0,28,Failing To Reduce Speed To Avoid Crash,99,Not Applicable,17,Pedestrian Crossing Sign,4,Functioning Properly,1,Clear,1,Daylight,2,"Divided, No Median Barrier",1,Dry,2,Stopped,1,No Defects,O80,O13,41.8799553,-87.7811890,41.8799896,-87.7807999,1134614.75,1899326.50
32389,25 02723,2502723,X003833591,2025-05-27,13:11:00,2025-05-27 13:11:00,2025-05-28 09:28:24,N Harlem Ave/Washington Blvd,,N HARLEM AVE,WASHINGTON BLVD,1,1,0,0,Injury,C Injury Crash,Car,11,Front To Rear,4,4,0,5,"Over $1,500",0,1,0,0,0,2,2,03,Following Too Closely,28,Failing To Reduce Speed To Avoid Crash,3,Traffic Signal,4,Functioning Properly,1,Clear,1,Daylight,1,Not Divided,1,Dry,3,Free Flow,1,No Defects,F1,FPPD,41.8813934,-87.8048325,41.8814087,-87.8047943,1128172.13,1899810.88
32391,25 02728,2502728,X003832583,2025-05-27,16:22:00,2025-05-27 16:22:00,2025-05-28 09:22:39,Humphrey Ave/South Blvd,,HUMPHREY AVE,SOUTH BLVD,0,0,0,1,Property Damage,No Injuries,Car,9,Parked Motor Vehicle,2,2,0,4,"$501 to $1,500",1,0,0,0,0,0,0,15,Driving Skills/Knowledge/Experience,18,Unable To Determine,1,No Controls,1,No Controls,1,Clear,1,Daylight,1,Not Divided,1,Dry,1,Slow,1,No Defects,O50,O10,41.8870621,-87.7764816,41.8870621,-87.7765198,1135878.88,1901925.38
32399,25 02730,2502730,X003834724,2025-05-27,18:48:00,2025-05-27 18:48:00,2025-05-29 09:32:41,224 S Austin Blvd,224,S AUSTIN BLVD,,0,0,0,0,Property Damage,No Injuries,Car,11,Front To Rear,3,3,0,5,"Over $1,500",1,0,0,0,0,0,0,28,Failing To Reduce Speed To Avoid Crash,03,Following Too Closely,3,Traffic Signal,4,Functioning Properly,1,Clear,1,Daylight,1,Not Divided,1,Dry,1,Slow,1,No Defects,O80,O13,41.8766708,-87.7745819,41.8768730,-87.7748108,1136421.63,1898141.63
32400,25 02739,2502739,X003833853,2025-05-28,09:51:00,2025-05-28 09:51:00,2025-05-29 09:32:41,N Austin Blvd/Greenfield St,,N AUSTIN BLVD,GREENFIELD ST,0,0,0,0,Property Damage,No Injuries,Car,10,Turning (At Least One Vehicle),2,2,0,4,"$501 to $1,500",1,0,0,0,0,0,0,28,Failing To Reduce Speed To Avoid Crash,99,Not Applicable,2,Stop Sign,4,Functioning Properly,2,Rain,1,Daylight,2,"Divided, No Median Barrier",2,Wet,1,Slow,1,No Defects,,,41.9058800,-87.7754593,41.9058800,-87.7754898,1136113.50,1908783.88
32404,25 02742,2502742,X003834814,2025-05-28,11:22:00,2025-05-28 11:22:00,2025-05-30 07:38:39,Pleasant St/Home Ave,,PLEASANT ST,HOME AVE,0,0,0,0,Property Damage,No Injuries,Car,9,Parked Motor Vehicle,3,3,0,4,"$501 to $1,500",1,0,0,0,0,0,0,04,Improper Overtaking/Passing,28,Failing To Reduce Speed To Avoid Crash,2,Stop Sign,4,Functioning Properly,8,Cloudy/Overcast,1,Daylight,1,Not Divided,1,Dry,3,Free Flow,1,No Defects,O70,O12,41.8853989,-87.8000717,41.8857498,-87.8000870,1129458.38,1901277.88
32403,25 02761,2502761,X003834727,2025-05-28,14:02:00,2025-05-28 14:02:00,2025-05-29 15:37:14,137 N Ridgeland Ave,137,N RIDGELAND AVE,,0,0,0,0,Property Damage,No Injuries,Car,9,Parked Motor Vehicle,2,2,0,3,$500 or less,1,0,0,0,0,0,0,18,Unable To Determine,18,Unable To Determine,1,No Controls,1,No Controls,1,Clear,1,Daylight,2,"Divided, No Median Barrier",1,Dry,1,Slow,1,No Defects,O30,O8,41.8888206,-87.7847519,41.8887825,-87.7849045,1133622.88,1902551.25
32398,25 02746,2502746,X003833850,2025-05-28,14:48:00,2025-05-28 14:48:00,2025-05-29 09:32:41,Ridgeland Ave/Harvard St,,RIDGELAND AVE,HARVARD ST,0,0,0,1,Property Damage,No Injuries,Car,9,Parked Motor Vehicle,2,2,0,4,"$501 to $1,500",1,0,0,0,0,0,0,28,Failing To Reduce Speed To Avoid Crash,99,Not Applicable,1,No Controls,1,No Controls,8,Cloudy/Overcast,5,"Darkness, Lighted Road",1,Not Divided,1,Dry,3,Free Flow,1,No Defects,O90,O16,41.8689842,-87.7840500,41.8689804,-87.7840881,1133859.50,1895323.25
32396,25 02747,2502747,X003833849,2025-05-28,14:57:00,2025-05-28 14:57:00,2025-05-29 09:26:45,Roosevelt Rd/Home,,ROOSEVELT RD,HOME,0,0,0,0,Property Damage,No Injuries,Car,11,Front To Rear,3,3,0,5,"Over $1,500",1,0,0,0,0,0,0,03,Following Too Closely,04,Improper Overtaking/Passing,3,Traffic Signal,4,Functioning Properly,8,Cloudy/Overcast,1,Daylight,4,Two-Way Continuous Left-Turn Lane,1,Dry,1,Slow,1,No Defects,O90,O18,41.8650971,-87.7989807,41.8650742,-87.7989807,1129802.63,1893882.25
32397,25 02752,2502752,X003833848,2025-05-28,22:43:00,2025-05-28 22:43:00,2025-05-29 09:26:46,North Ave/N Oak Park Ave,,NORTH AVE,N OAK PARK AVE,0,1,0,1,Property Damage,No Injuries,Car,11,Front To Rear,3,3,0,5,"Over $1,500",0,1,0,0,0,0,0,28,Failing To Reduce Speed To Avoid Crash,99,Not Applicable,3,Traffic Signal,4,Functioning Properly,1,Clear,5,"Darkness, Lighted Road",1,Not Divided,1,Dry,2,Stopped,1,No Defects,O20,O2,41.9089928,-87.7947922,41.9090233,-87.7950592,1130843.13,1909884.38
32402,25 02754,2502754,X003834726,2025-05-29,08:54:00,2025-05-29 08:54:00,2025-05-29 15:14:29,Madison St/Maple,,MADISON ST,MAPLE,1,1,0,0,Property Damage,No Injuries,Car,10,Turning (At Least One Vehicle),2,2,0,5,"Over $1,500",1,0,0,0,0,0,0,02,Failing To Yield Right-Of-Way,28,Failing To Reduce Speed To Avoid Crash,1,No Controls,1,No Controls,8,Cloudy/Overcast,1,Daylight,2,"Divided, No Median Barrier",1,Dry,3,Free Flow,1,No Defects,O60,O15,41.8795929,-87.8038635,41.8796196,-87.8038635,1128439.38,1899156.50
32416,25 02788,2502788,X003837749,2025-05-29,11:30:00,2025-05-29 11:30:00,2025-06-02 09:05:35,1116 Garfield St,1116,GARFIELD ST,,0,0,0,1,Property Damage,No Injuries,Car,9,Parked Motor Vehicle,2,2,0,4,"$501 to $1,500",1,0,0,0,0,0,0,28,Failing To Reduce Speed To Avoid Crash,18,Unable To Determine,1,No Controls,1,No Controls,1,Clear,1,Daylight,7,Parking Lot,1,Dry,1,Slow,1,No Defects,O90,O18,41.8723373,-87.8027649,41.8724365,-87.8027649,1128756.13,1896514.63
32405,25 02763,2502763,X003834802,2025-05-29,15:16:00,2025-05-29 15:16:00,2025-05-30 07:32:56,Madison St/N Austin Blvd,,MADISON ST,N AUSTIN BLVD,0,0,0,0,Injury,B Injury Crash,Car,11,Front To Rear,2,2,0,5,"Over $1,500",0,1,0,0,1,0,1,28,Failing To Reduce Speed To Avoid Crash,03,Following Too Closely,3,Traffic Signal,4,Functioning Properly,8,Cloudy/Overcast,1,Daylight,3,Divided With Median Barrier,1,Dry,2,Stopped,1,No Defects,O80,O13,41.8800621,-87.7746582,41.8800888,-87.7746582,1136391.38,1899377.50
32406,25 02765,2502765,X003834817,2025-05-29,15:44:00,2025-05-29 15:44:00,2025-05-30 07:38:39,Washington Blvd/S Oak Park Ave,,WASHINGTON BLVD,S OAK PARK AVE,0,0,0,0,Property Damage,No Injuries,Car,11,Front To Rear,2,2,0,4,"$501 to $1,500",1,0,0,0,0,0,0,03,Following Too Closely,28,Failing To Reduce Speed To Avoid Crash,3,Traffic Signal,4,Functioning Properly,1,Clear,1,Daylight,1,Not Divided,1,Dry,1,Slow,1,No Defects,O60,O11,41.8815384,-87.7943115,41.8815613,-87.7943115,1131037.25,1899880.13
32418,25 02778,2502778,X003837720,2025-05-30,07:50:00,2025-05-30 07:50:00,2025-06-02 09:11:30,Madison St/Oak Park Ave,,MADISON ST,OAK PARK AVE,0,0,0,0,Property Damage,No Injuries,Car,11,Front To Rear,2,2,0,5,"Over $1,500",1,0,0,0,0,0,0,03,Following Too Closely,28,Failing To Reduce Speed To Avoid Crash,3,Traffic Signal,4,Functioning Properly,1,Clear,1,Daylight,2,"Divided, No Median Barrier",9,Unknown,1,Slow,99,Unknown,O60,O14,41.8797417,-87.7942505,41.8797722,-87.7942581,1131056.50,1899226.38