record_id,report_number,crash_id,idot_crash_number,date,time,occurred_at,record_added_at,location,street_number,street_name,cross_street,at_intersection,intersection_related,private_property,hit_and_run,crash_severity,crash_injury_severity,crash_mode,crash_type_code,crash_type,total_units,num_motor_vehicles,dooring_pedalcyclist,damage_code,damage,no_injury_drive_away,injury_or_towed,fatalities,a_injuries,b_injuries,c_injuries,total_injured,cause1_code,cause1,cause2_code,cause2,traffic_control_code,traffic_control,device_condition_code,device_condition,weather_code,weather,lighting_code,lighting,trafficway_code,trafficway,road_surface_code,road_surface,flow_condition_code,flow_condition,road_defects_code,road_defects,beat_zone,post_district,latitude,longitude,latitude_geocoded,longitude_geocoded,state_plane_x,state_plane_y
32419,25 02779,2502779,X003837725,2025-05-30,09:11:00,2025-05-30 09:11:00,2025-06-02 09:11:30,S Oak Park Ave/Washington Blvd,,S OAK PARK AVE,WASHINGTON BLVD,0,0,0,0,Property Damage,No Injuries,Car,11,Front To Rear,2,2,0,5,"Over $1,500",0,1,0,0,0,0,0,03,Following Too Closely,28,Failing To Reduce Speed To Avoid Crash,3,Traffic Signal,4,Functioning Properly,1,Clear,1,Daylight,2,"Divided, No Median Barrier",1,Dry,1,Slow,1,No Defects,O60,O11,41.8815651,-87.7942734,41.8815613,-87.7943115,1131046.38,1899891.13
32415,25 02783,2502783,X003837739,2025-05-30,10:54:00,2025-05-30 10:54:00,2025-06-02 09:05:35,101 S East Ave,101,S EAST AVE,,0,0,0,0,Property Damage,No Injuries,Car,9,Parked Motor Vehicle,2,2,0,3,$500 or less,1,0,0,0,0,0,0,28,Failing To Reduce Speed To Avoid Crash,99,Not Applicable,1,No Controls,1,No Controls,1,Clear,1,Daylight,1,Not Divided,1,Dry,3,Free Flow,1,No Defects,O60,O11,41.8868904,-87.7895203,41.8868790,-87.7896347,1132328.25,1901839.00
32413,25 02785,2502785,X003837746,2025-05-30,11:32:00,2025-05-30 11:32:00,2025-06-02 09:05:34,S Austin Blvd/Madison St,,S AUSTIN BLVD,MADISON ST,1,1,0,1,Property Damage,No Injuries,Car,12,Sideswipe - Same Direction,2,2,0,4,"$501 to $1,500",1,0,0,0,0,0,0,02,Failing To Yield Right-Of-Way,18,Unable To Determine,3,Traffic Signal,4,Functioning Properly,1,Clear,1,Daylight,14,Four-Way Intersection,1,Dry,3,Free Flow,1,No Defects,O80,O13,41.8800888,-87.7746963,41.8800888,-87.7746582,1136381.50,1899387.00
32420,25 02790,2502790,X003837751,2025-05-30,13:21:00,2025-05-30 13:21:00,2025-06-02 09:11:30,Lake St/N Ridgeland Ave,,LAKE ST,N RIDGELAND AVE,1,1,0,0,Property Damage,No Injuries,Car,10,Turning (At Least One Vehicle),2,2,0,4,"$501 to $1,500",1,0,0,0,0,0,0,06,Improper Turning/No Signal,28,Failing To Reduce Speed To Avoid Crash,3,Traffic Signal,4,Functioning Properly,1,Clear,1,Daylight,2,"Divided, No Median Barrier",1,Dry,3,Free Flow,1,No Defects,O30,O7,41.8882980,-87.7846985,41.8883209,-87.7846985,1133638.38,1902360.50
32414,25 02791,2502791,X003837755,2025-05-30,13:23:00,2025-05-30 13:23:00,2025-06-02 09:05:35,Harrison St/Clarence Ave,,HARRISON ST,CLARENCE AVE,0,0,0,1,Property Damage,No Injuries,Car,9,Parked Motor Vehicle,2,2,0,4,"$501 to $1,500",1,0,0,0,0,0,0,28,Failing To Reduce Speed To Avoid Crash,18,Unable To Determine,1,No Controls,1,No Controls,1,Clear,1,Daylight,1,Not Divided,1,Dry,3,Free Flow,1,No Defects,O60,O14,41.8725205,-87.7903366,41.8725548,-87.7903366,1132140.25,1896602.25
32421,25 02798,2502798,X003837785,2025-05-30,23:11:00,2025-05-30 23:11:00,2025-06-02 09:11:31,641 S Harlem Ave,641,S HARLEM AVE,,0,1,0,1,Injury,A Injury Crash,Car,15,Angle,3,3,0,5,"Over $1,500",0,1,0,1,0,0,1,25,Disregarding Traffic Signals,15,Driving Skills/Knowledge/Experience,3,Traffic Signal,4,Functioning Properly,1,Clear,5,"Darkness, Lighted Road",3,Divided With Median Barrier,1,Dry,3,Free Flow,1,No Defects,O90,O18,41.8735847,-87.8044510,41.8735619,-87.8044128,1128293.50,1896965.88
32423,25 02801,2502801,X003837787,2025-05-31,10:11:00,2025-05-31 10:11:00,2025-06-02 09:11:32,N Euclid Ave/Ontario St,,N EUCLID AVE,ONTARIO ST,0,0,0,0,Property Damage,No Injuries,Car,9,Parked Motor Vehicle,2,2,0,5,"Over $1,500",1,0,0,0,0,0,0,28,Failing To Reduce Speed To Avoid Crash,15,Driving Skills/Knowledge/Experience,2,Stop Sign,4,Functioning Properly,1,Clear,1,Daylight,1,Not Divided,1,Dry,3,Free Flow,1,No Defects,O30,O8,41.8902245,-87.7927780,41.8902283,-87.7927399,1131434.25,1903049.13
32422,25 02802,2502802,X003837789,2025-05-31,10:26:00,2025-05-31 10:26:00,2025-06-02 09:11:31,Randolph St/Marion St,,RANDOLPH ST,MARION ST,0,0,0,0,Property Damage,No Injuries,Car,10,Turning (At Least One Vehicle),2,2,0,5,"Over $1,500",1,0,0,0,0,0,0,02,Failing To Yield Right-Of-Way,28,Failing To Reduce Speed To Avoid Crash,1,No Controls,1,No Controls,1,Clear,1,Daylight,2,"Divided, No Median Barrier",1,Dry,1,Slow,1,No Defects,O70,O12,41.8832359,-87.8024368,41.8832626,-87.8024368,1128820.13,1900485.88
32408,25 02807,2502807,X003837825,2025-05-31,15:50:00,2025-05-31 15:50:00,2025-06-02 08:53:46,Lombard Ave/Harrison St,,LOMBARD AVE,HARRISON ST,1,1,0,1,Property Damage,No Injuries,Car,9,Parked Motor Vehicle,2,2,0,3,$500 or less,1,0,0,0,0,0,0,28,Failing To Reduce Speed To Avoid Crash,18,Unable To Determine,2,Stop Sign,4,Functioning Properly,1,Clear,1,Daylight,14,Four-Way Intersection,1,Dry,1,Slow,1,No Defects,O80,O13,41.8727150,-87.7792740,41.8727150,-87.7793121,1135153.13,1896691.25
32424,25 02810,2502810,X003837832,2025-05-31,16:09:00,2025-05-31 16:09:00,2025-06-02 09:11:32,828 S Elmwood,828,S ELMWOOD,,0,0,0,0,Injury,B Injury Crash,Pedestrian,1,Pedestrian,2,1,0,3,$500 or less,0,1,0,0,1,0,1,02,Failing To Yield Right-Of-Way,14,"Vision Obscured (Signs, Tree Limbs, Buildings",1,No Controls,1,No Controls,1,Clear,1,Daylight,1,Not Divided,1,Dry,3,Free Flow,1,No Defects,O60,O14,41.8733902,-87.7854309,41.8733826,-87.7852783,1133473.13,1896927.13
32425,25 02815,2502815,X003837839,2025-05-31,23:20:00,2025-05-31 23:20:00,2025-06-02 09:11:33,516 N Taylor Ave,516,N TAYLOR AVE,,0,0,0,0,Property Damage,No Injuries,Car,14,Front To Front,2,2,0,5,"Over $1,500",0,1,0,0,0,0,0,28,Failing To Reduce Speed To Avoid Crash,99,Not Applicable,1,No Controls,1,No Controls,1,Clear,5,"Darkness, Lighted Road",1,Not Divided,1,Dry,3,Free Flow,1,No Defects,O10,O4,41.8952065,-87.7784348,41.8953514,-87.7781753,1135327.63,1904889.00
32427,25 02822,2502822,X003837862,2025-06-01,10:21:00,2025-06-01 10:21:00,2025-06-02 09:11:34,Austin Blvd/Fillmore St,,AUSTIN BLVD,FILLMORE ST,0,0,0,0,Property Damage,No Injuries,Car,10,Turning (At Least One Vehicle),2,2,0,3,$500 or less,1,0,0,0,0,0,0,28,Failing To Reduce Speed To Avoid Crash,15,Driving Skills/Knowledge/Experience,1,No Controls,1,No Controls,1,Clear,1,Daylight,2,"Divided, No Median Barrier",1,Dry,2,Stopped,1,No Defects,O90,O16,41.8654671,-87.7741699,41.8673019,-87.7742996,1136559.00,1894060.13
32426,25 02827,2502827,X003837867,2025-06-01,14:07:00,2025-06-01 14:07:00,2025-06-02 09:11:33,S Harlem Ave/I290 Expy W,,S HARLEM AVE,I290 EXPY W,0,1,0,0,Property Damage,No Injuries,Car,12,Sideswipe - Same Direction,2,2,0,4,"$501 to $1,500",1,0,0,0,0,0,0,02,Failing To Yield Right-Of-Way,99,Not Applicable,3,Traffic Signal,4,Functioning Properly,1,Clear,5,"Darkness, Lighted Road",1,Not Divided,1,Dry,,,1,No Defects,O60,O15,41.8737946,-87.8044968,41.8738136,-87.8045197,1128281.50,1897042.00
32410,25 02828,2502828,X003837868,2025-06-01,14:34:00,2025-06-01 14:34:00,2025-06-02 08:53:46,Jackson Blvd/S East Ave,,JACKSON BLVD,S EAST AVE,1,1,0,0,Property Damage,No Injuries,Car,15,Angle,2,2,0,4,"$501 to $1,500",1,0,0,0,0,0,0,23,Disregarding Stop Sign,99,Not Applicable,2,Stop Sign,4,Functioning Properly,1,Clear,1,Daylight,2,"Divided, No Median Barrier",1,Dry,1,Slow,1,No Defects,O60,O14,41.8761711,-87.7892380,41.8761978,-87.7892380,1132431.75,1897934.00
32411,25 02829,2502829,X003837870,2025-06-01,14:50:00,2025-06-01 14:50:00,2025-06-02 08:59:40,Ridgeland Ave/Jackson,,RIDGELAND AVE,JACKSON,0,0,0,0,Property Damage,No Injuries,Car,12,Sideswipe - Same Direction,2,2,0,4,"$501 to $1,500",1,0,0,0,0,0,0,28,Failing To Reduce Speed To Avoid Crash,18,Unable To Determine,3,Traffic Signal,4,Functioning Properly,1,Clear,1,Daylight,14,Four-Way Intersection,1,Dry,2,Stopped,1,No Defects,O80,O13,41.8762855,-87.7843094,41.8762817,-87.7843475,1133773.38,1897984.50
32409,25 02835,2502835,X003837890,2025-06-01,19:11:00,2025-06-01 19:11:00,2025-06-02 08:59:40,N Austin Blvd/Washington Blvd,,N AUSTIN BLVD,WASHINGTON BLVD,0,0,0,0,Property Damage,No Injuries,Car,12,Sideswipe - Same Direction,2,2,0,5,"Over $1,500",1,0,0,0,0,0,0,20,Improper Lane Usage,28,Failing To Reduce Speed To Avoid Crash,1,No Controls,1,No Controls,1,Clear,1,Daylight,1,Not Divided,1,Dry,3,Free Flow,1,No Defects,,,41.8821068,-87.7746887,41.8821106,-87.7747269,1136378.00,1900122.38
32412,25 02840,2502840,X003837963,2025-06-01,20:37:00,2025-06-01 20:37:00,2025-06-02 08:53:49,Division St/N Ridgeland Ave,,DIVISION ST,N RIDGELAND AVE,1,1,0,0,Property Damage,No Injuries,Car,11,Front To Rear,2,2,0,4,"$501 to $1,500",1,0,0,0,0,0,0,20,Improper Lane Usage,28,Failing To Reduce Speed To Avoid Crash,3,Traffic Signal,1,No Controls,1,Clear,1,Daylight,1,Not Divided,1,Dry,3,Free Flow,1,No Defects,O10,O4,41.9018593,-87.7841949,41.9018860,-87.7848740,1133744.00,1907303.25
32433,25 02846,2502846,X003838984,2025-06-02,08:06:00,2025-06-02 08:06:00,2025-06-03 08:09:45,Madison St/S Ridgeland Ave,,MADISON ST,S RIDGELAND AVE,0,0,0,0,Property Damage,No Injuries,Car,11,Front To Rear,2,2,0,4,"$501 to $1,500",1,0,0,0,0,0,0,28,Failing To Reduce Speed To Avoid Crash,03,Following Too Closely,3,Traffic Signal,4,Functioning Properly,8,Cloudy/Overcast,1,Daylight,1,Not Divided,1,Dry,2,Stopped,1,No Defects,O80,O13,41.8799019,-87.7844620,41.8799324,-87.7844620,1133723.63,1899302.88
32430,25 02848,2502848,X003838817,2025-06-02,09:27:00,2025-06-02 09:27:00,2025-06-02 11:39:27,629 Madison St,629,MADISON ST,,0,0,0,0,Property Damage,No Injuries,Car,15,Angle,2,2,0,4,"$501 to $1,500",1,0,0,0,0,0,0,02,Failing To Yield Right-Of-Way,28,Failing To Reduce Speed To Avoid Crash,2,Stop Sign,4,Functioning Properly,1,Clear,1,Daylight,1,Not Divided,1,Dry,3,Free Flow,1,No Defects,O60,O14,41.8797913,-87.7909927,41.8796539,-87.7909393,1131944.25,1899250.50
32434,25 2924,252924,X003838983,2025-06-02,13:15:00,2025-06-02 13:15:00,2025-06-03 08:09:46,Lake St/N Marion St,,LAKE ST,N MARION ST,1,1,0,0,Property Damage,No Injuries,Car,11,Front To Rear,2,2,0,4,"$501 to $1,500",1,0,0,0,0,0,0,28,Failing To Reduce Speed To Avoid Crash,02,Failing To Yield Right-Of-Way,3,Traffic Signal,4,Functioning Properly,1,Clear,1,Daylight,2,"Divided, No Median Barrier",1,Dry,2,Stopped,1,No Defects,O40,O9,41.8886185,-87.8026276,41.8886452,-87.8026276,1128756.38,1902446.75
32431,25 02859,2502859,X003838971,2025-06-02,14:24:00,2025-06-02 14:24:00,2025-06-03 08:04:02,I290 Expy E/S Austin Blvd,,I290 EXPY E,S AUSTIN BLVD,1,0,0,0,Property Damage,No Injuries,Car,12,Sideswipe - Same Direction,2,2,0,4,"$501 to $1,500",1,0,0,0,0,0,0,28,Failing To Reduce Speed To Avoid Crash,99,Not Applicable,3,Traffic Signal,4,Functioning Properly,1,Clear,1,Daylight,14,Four-Way Intersection,1,Dry,1,Slow,1,No Defects,O90,O16,41.8709068,-87.7743378,41.8709335,-87.7743301,1136501.88,1896041.25
32432,25 02861,2502861,X003838987,2025-06-02,15:22:00,2025-06-02 15:22:00,2025-06-03 08:09:45,Ridgeland Ave/Madison,,RIDGELAND AVE,MADISON,0,0,0,1,Property Damage,No Injuries,Car,9,Parked Motor Vehicle,2,2,0,4,"$501 to $1,500",1,0,0,0,0,0,0,15,Driving Skills/Knowledge/Experience,28,Failing To Reduce Speed To Avoid Crash,1,No Controls,1,No Controls,1,Clear,1,Daylight,2,"Divided, No Median Barrier",1,Dry,3,Free Flow,1,No Defects,O80,O13,41.8799324,-87.7844238,41.8799324,-87.7844620,1133732.63,1899313.88
32443,25 02871,2502871,X003840332,2025-06-03,07:44:00,2025-06-03 07:44:00,2025-06-04 08:17:13,S Oak Park Ave/Harvard St,,S OAK PARK AVE,HARVARD ST,0,0,0,0,Property Damage,No Injuries,Car,10,Turning (At Least One Vehicle),2,2,0,4,"$501 to $1,500",1,0,0,0,0,0,0,02,Failing To Yield Right-Of-Way,06,Improper Turning/No Signal,1,No Controls,1,No Controls,1,Clear,1,Daylight,1,Not Divided,1,Dry,3,Free Flow,1,No Defects,O90,O17,41.8688164,-87.7938461,41.8688087,-87.7938767,1131193.50,1895245.88
32442,25 02872,2502872,X003840331,2025-06-03,08:43:00,2025-06-03 08:43:00,2025-06-04 08:17:12,Roosevelt Rd/S East Ave,,ROOSEVELT RD,S EAST AVE,0,0,0,0,Property Damage,No Injuries,Car,12,Sideswipe - Same Direction,2,2,0,4,"$501 to $1,500",1,0,0,0,0,0,0,20,Improper Lane Usage,02,Failing To Yield Right-Of-Way,3,Traffic Signal,4,Functioning Properly,1,Clear,1,Daylight,1,Not Divided,1,Dry,1,Slow,1,No Defects,O90,O17,41.8652763,-87.7888641,41.8652534,-87.7888641,1132558.38,1893964.75
32435,25 02877,2502877,X003840319,2025-06-03,10:00:00,2025-06-03 10:00:00,2025-06-04 08:11:21,Augusta St/Hayes Ave,,AUGUSTA ST,HAYES AVE,0,0,0,0,Property Damage,No Injuries,Car,10,Turning (At Least One Vehicle),2,2,0,5,"Over $1,500",1,0,0,0,0,0,0,04,Improper Overtaking/Passing,28,Failing To Reduce Speed To Avoid Crash,2,Stop Sign,4,Functioning Properly,8,Cloudy/Overcast,1,Daylight,1,Not Divided,1,Dry,3,Free Flow,1,No Defects,O10,O4,41.8983307,-87.7789154,41.8983040,-87.7789154,1135189.88,1906027.75
32488,25 02882,2502882,X003849665,2025-06-03,14:17:00,2025-06-03 14:17:00,2025-06-11 15:42:03,South Blvd/S East Ave,,SOUTH BLVD,S EAST AVE,1,1,0,0,Property Damage,No Injuries,Car,11,Front To Rear,2,2,0,4,"$501 to $1,500",1,0,0,0,0,0,0,28,Failing To Reduce Speed To Avoid Crash,11,Weather,2,Stop Sign,4,Functioning Properly,2,Rain,1,Daylight,2,"Divided, No Median Barrier",2,Wet,3,Free Flow,1,No Defects,O60,O11,41.8869133,-87.7895584,41.8869362,-87.7895584,1132319.38,1901847.25
32440,25 02883,2502883,X003840337,2025-06-03,15:40:00,2025-06-03 15:40:00,2025-06-04 08:17:12,N East Ave/Iowa St,,N EAST AVE,IOWA ST,1,1,0,0,Property Damage,No Injuries,Car,15,Angle,2,2,0,5,"Over $1,500",0,1,0,0,0,0,0,02,Failing To Yield Right-Of-Way,18,Unable To Determine,2,Stop Sign,4,Functioning Properly,1,Clear,1,Daylight,14,Four-Way Intersection,1,Dry,3,Free Flow,1,No Defects,O20,O5,41.8963203,-87.7898712,41.8963242,-87.7898331,1132212.63,1905275.00
32467,25 02886,2502886,X003842768,2025-06-03,16:43:00,2025-06-03 16:43:00,2025-06-06 07:28:16,Augusta St/N Harlem Ave,,AUGUSTA ST,N HARLEM AVE,0,0,0,0,Injury,B Injury Crash,Car,11,Front To Rear,3,3,0,5,"Over $1,500",0,1,0,0,1,0,1,28,Failing To Reduce Speed To Avoid Crash,02,Failing To Yield Right-Of-Way,3,Traffic Signal,4,Functioning Properly,1,Clear,1,Daylight,2,"Divided, No Median Barrier",1,Dry,3,Free Flow,1,No Defects,R82,RFPD,41.8978691,-87.8053894,41.8978996,-87.8053818,1127983.50,1905813.38
32441,25 02889,2502889,X003840335,2025-06-03,19:15:00,2025-06-03 19:15:00,2025-06-04 08:17:12,163 S Oak Park Ave,163,S OAK PARK AVE,,0,0,0,1,Property Damage,No Injuries,Car,12,Sideswipe - Same Direction,2,2,0,3,$500 or less,1,0,0,0,0,0,0,02,Failing To Yield Right-Of-Way,15,Driving Skills/Knowledge/Experience,1,No Controls,1,No Controls,1,Clear,1,Daylight,1,Not Divided,1,Dry,1,Slow,1,No Defects,O60,O11,41.8856506,-87.7943954,41.8857651,-87.7945557,1131003.50,1901379.88
32436,25 02893,2502893,X003840329,2025-06-03,22:21:00,2025-06-03 22:21:00,2025-06-04 08:11:22,12 S Austin Blvd,12,S AUSTIN BLVD,,0,0,0,0,Injury,A Injury Crash,Car,9,Parked Motor Vehicle,3,3,0,5,"Over $1,500",0,1,0,1,0,0,1,28,Failing To Reduce Speed To Avoid Crash,04,Improper Overtaking/Passing,1,No Controls,1,No Controls,1,Clear,5,"Darkness, Lighted Road",1,Not Divided,1,Dry,3,Free Flow,1,No Defects,O80,O13,41.8795586,-87.7746811,41.8794823,-87.7748261,1136387.63,1899194.63
32458,25 02896,2502896,X003841724,2025-06-04,08:07:00,2025-06-04 08:07:00,2025-06-05 09:16:50,Jackson Blvd/S Austin Blvd,,JACKSON BLVD,S AUSTIN BLVD,0,0,0,1,Property Damage,No Injuries,Car,15,Angle,2,2,0,3,$500 or less,1,0,0,0,0,0,0,28,Failing To Reduce Speed To Avoid Crash,99,Not Applicable,3,Traffic Signal,4,Functioning Properly,2,Rain,1,Daylight,1,Not Divided,2,Wet,2,Stopped,1,No Defects,O80,O13,41.8763962,-87.7745361,41.8764229,-87.7745361,1136434.00,1898041.00
32459,25 02897,2502897,X003841688,2025-06-04,08:31:00,2025-06-04 08:31:00,2025-06-05 09:16:50,Oak Park Ave/South Blvd,,OAK PARK AVE,SOUTH BLVD,0,0,0,1,Property Damage,No Injuries,Car,10,Turning (At Least One Vehicle),2,2,0,5,"Over $1,500",1,0,0,0,0,0,0,02,Failing To Yield Right-Of-Way,28,Failing To Reduce Speed To Avoid Crash,3,Traffic Signal,4,Functioning Properly,2,Rain,1,Daylight,2,"Divided, No Median Barrier",2,Wet,1,Slow,1,No Defects,O60,O11,41.8868980,-87.7944336,41.8868904,-87.7944717,1130991.25,1901833.88
32454,25 02898,2502898,X003841661,2025-06-04,10:20:00,2025-06-04 10:20:00,2025-06-05 09:05:21,Grove Ave/Erie St,,GROVE AVE,ERIE ST,0,0,0,1,Property Damage,No Injuries,Car,13,Sideswipe - Opposite Direction,2,2,0,3,$500 or less,1,0,0,0,0,0,0,28,Failing To Reduce Speed To Avoid Crash,15,Driving Skills/Knowledge/Experience,1,No Controls,1,No Controls,2,Rain,1,Daylight,1,Not Divided,2,Wet,1,Slow,1,No Defects,O40,O9,41.8913040,-87.7961273,41.8913116,-87.7960892,1130519.75,1903436.38
32451,25 02899,2502899,X003841662,2025-06-04,10:44:00,2025-06-04 10:44:00,2025-06-05 09:05:21,N Marion St/North Ave,,N MARION ST,NORTH AVE,0,0,0,0,Property Damage,No Injuries,Car,15,Angle,2,2,0,4,"$501 to $1,500",1,0,0,0,0,0,0,30,Improper Backing,15,Driving Skills/Knowledge/Experience,1,No Controls,1,No Controls,2,Rain,1,Daylight,1,Not Divided,2,Wet,1,Slow,1,No Defects,O20,O3,41.9088707,-87.8042526,41.9088783,-87.8042145,1128268.00,1909824.38
32455,25 02900,2502900,X003842138,2025-06-04,11:21:00,2025-06-04 11:21:00,2025-06-05 09:16:49,426 S Austin Blvd,426,S AUSTIN BLVD,,0,0,0,0,Injury,C Injury Crash,Car,15,Angle,3,3,0,5,"Over $1,500",0,1,0,0,0,3,3,28,Failing To Reduce Speed To Avoid Crash,18,Unable To Determine,1,No Controls,1,No Controls,2,Rain,1,Daylight,1,Not Divided,2,Wet,3,Free Flow,1,No Defects,O80,O13,41.8737297,-87.7744827,41.8736801,-87.7746582,1136455.63,1897070.38
32452,25 02901,2502901,X003841663,2025-06-04,12:55:00,2025-06-04 12:55:00,2025-06-05 09:11:05,S Ridgeland Ave/Van Buren St,,S RIDGELAND AVE,VAN BUREN ST,1,0,0,0,Injury,B Injury Crash,Pedalcyclist,2,Pedalcyclist,2,1,0,3,$500 or less,0,1,0,0,1,0,1,28,Failing To Reduce Speed To Avoid Crash,02,Failing To Yield Right-Of-Way,2,Stop Sign,4,Functioning Properly,2,Rain,1,Daylight,2,"Divided, No Median Barrier",2,Wet,1,Slow,1,No Defects,O80,O13,41.8744621,-87.7842407,41.8744621,-87.7842789,1133795.00,1897319.63
32449,25 02905,2502905,X003841668,2025-06-04,14:26:00,2025-06-04 14:26:00,2025-06-05 09:05:20,Ridgeland/Jackson,,RIDGELAND,JACKSON,1,1,0,0,Injury,B Injury Crash,Car,11,Front To Rear,3,3,0,5,"Over $1,500",0,1,0,0,1,0,1,03,Following Too Closely,28,Failing To Reduce Speed To Avoid Crash,3,Traffic Signal,4,Functioning Properly,2,Rain,1,Daylight,15,T-Intersection,2,Wet,3,Free Flow,1,No Defects,O80,O13,41.8762855,-87.7843094,41.8762817,-87.7843475,1133773.38,1897984.50
32457,25 02906,2502906,X003841686,2025-06-04,14:59:00,2025-06-04 14:59:00,2025-06-05 09:16:50,N Harvey Ave/Le Moyne Pkwy,,N HARVEY AVE,LE MOYNE PKWY,1,1,0,0,Injury,C Injury Crash,Car,15,Angle,2,2,0,5,"Over $1,500",0,1,0,0,0,1,1,02,Failing To Yield Right-Of-Way,28,Failing To Reduce Speed To Avoid Crash,2,Stop Sign,4,Functioning Properly,2,Rain,1,Daylight,14,Four-Way Intersection,2,Wet,1,Slow,1,No Defects,O10,O1,41.9074593,-87.7821045,41.9074669,-87.7820663,1134299.50,1909347.00
32453,25 02907,2502907,X003841678,2025-06-04,15:13:00,2025-06-04 15:13:00,2025-06-05 09:11:06,South Blvd/East Ave,,SOUTH BLVD,EAST AVE,0,0,0,0,Property Damage,No Injuries,Car,11,Front To Rear,2,2,0,5,"Over $1,500",1,0,0,0,0,0,0,28,Failing To Reduce Speed To Avoid Crash,11,Weather,2,Stop Sign,4,Functioning Properly,3,Snow,1,Daylight,1,Not Divided,2,Wet,2,Stopped,1,No Defects,O60,O11,41.8869133,-87.7895584,41.8869362,-87.7895584,1132319.38,1901847.25
32464,25 02910,2502910,X003842770,2025-06-04,16:21:00,2025-06-04 16:21:00,2025-06-06 07:28:14,601 S Ridgeland,601,S RIDGELAND,,0,1,0,0,Injury,C Injury Crash,Car,15,Angle,4,2,0,5,"Over $1,500",0,1,0,0,0,1,1,02,Failing To Yield Right-Of-Way,28,Failing To Reduce Speed To Avoid Crash,2,Stop Sign,4,Functioning Properly,8,Cloudy/Overcast,1,Daylight,1,Not Divided,2,Wet,3,Free Flow,1,No Defects,O60,O14,41.8777313,-87.7844315,41.8779716,-87.7845993,1133736.38,1898510.88
32456,25 02914,2502914,X003841723,2025-06-04,21:53:00,2025-06-04 21:53:00,2025-06-05 09:16:49,100 N Austin Blvd,100,N AUSTIN BLVD,,0,0,0,1,Property Damage,No Injuries,Car,12,Sideswipe - Same Direction,2,2,0,3,$500 or less,1,0,0,0,0,0,0,04,Improper Overtaking/Passing,18,Unable To Determine,3,Traffic Signal,4,Functioning Properly,1,Clear,5,"Darkness, Lighted Road",1,Not Divided,1,Dry,1,Slow,1,No Defects,,,41.8821106,-87.7746887,41.8821678,-87.7748032,1136378.00,1900123.63
32450,25 02915,2502915,X003841685,2025-06-04,23:47:00,2025-06-04 23:47:00,2025-06-05 09:05:21,669 S Harlem Ave,669,S HARLEM AVE,,0,1,0,1,Property Damage,No Injuries,Car,10,Turning (At Least One Vehicle),2,2,0,4,"$501 to $1,500",1,0,0,0,0,0,0,06,Improper Turning/No Signal,15,Driving Skills/Knowledge/Experience,3,Traffic Signal,4,Functioning Properly,1,Clear,5,"Darkness, Lighted Road",1,Not Divided,1,Dry,3,Free Flow,1,No Defects,O90,O18,41.8734703,-87.8044891,41.8735352,-87.8044128,1128282.00,1896923.25
32460,25 02918,2502918,X003842708,2025-06-05,08:57:00,2025-06-05 08:57:00,2025-06-05 17:11:31,Lake St/N Cuyler Ave,,LAKE ST,N CUYLER AVE,1,1,0,0,Property Damage,No Injuries,Car,15,Angle,2,2,0,5,"Over $1,500",1,0,0,0,0,0,0,28,Failing To Reduce Speed To Avoid Crash,18,Unable To Determine,1,No Controls,1,No Controls,1,Clear,1,Daylight,20,L-Intersection,1,Dry,1,Slow,1,No Defects,O30,O7,41.8882484,-87.7830658,41.8882751,-87.7830582,1134084.75,1902345.25
32463,25 02919,2502919,X003842771,2025-06-05,09:23:00,2025-06-05 09:23:00,2025-06-06 07:28:14,435 N Harlem Ave,435,N HARLEM AVE,,0,0,0,0,Property Damage,No Injuries,Car,11,Front To Rear,2,2,0,3,$500 or less,1,0,0,0,0,0,0,28,Failing To Reduce Speed To Avoid Crash,18,Unable To Determine,1,No Controls,1,No Controls,1,Clear,1,Daylight,1,Not Divided,1,Dry,3,Free Flow,1,No Defects,R83,RFPD,41.8882179,-87.8050766,41.8884392,-87.8048248,1128090.50,1902296.38
32465,25 02921,2502921,X003842773,2025-06-05,10:13:00,2025-06-05 10:13:00,2025-06-06 07:28:15,508 Oak Park Ave,508,OAK PARK AVE,,0,0,0,0,Injury,C Injury Crash,Car,15,Angle,2,2,0,5,"Over $1,500",0,1,0,0,0,1,1,02,Failing To Yield Right-Of-Way,28,Failing To Reduce Speed To Avoid Crash,1,No Controls,1,No Controls,1,Clear,1,Daylight,1,Not Divided,1,Dry,3,Free Flow,1,No Defects,O20,O5,41.8946991,-87.7946472,41.8948364,-87.7943954,1130914.63,1904676.13
32466,25 02923,2502923,X003842776,2025-06-05,11:22:00,2025-06-05 11:22:00,2025-06-06 07:28:15,Le Moyne Pkwy/N Elmwood Ave,,LE MOYNE PKWY,N ELMWOOD AVE,1,1,0,0,Property Damage,No Injuries,Car,15,Angle,2,2,0,5,"Over $1,500",1,0,0,0,0,0,0,28,Failing To Reduce Speed To Avoid Crash,02,Failing To Yield Right-Of-Way,2,Stop Sign,4,Functioning Properly,1,Clear,1,Daylight,1,Not Divided,1,Dry,3,Free Flow,1,No Defects,O20,O2,41.9072571,-87.7872925,41.9072838,-87.7872925,1132888.38,1909265.75
32462,25 02927,2502927,X003842777,2025-06-05,14:21:00,2025-06-05 14:21:00,2025-06-06 07:28:14,S Harlem Ave/I290,,S HARLEM AVE,I290,1,1,0,1,Property Damage,No Injuries,Car,10,Turning (At Least One Vehicle),2,2,0,4,"$501 to $1,500",1,0,0,0,0,0,0,20,Improper Lane Usage,02,Failing To Yield Right-Of-Way,3,Traffic Signal,4,Functioning Properly,9,Unknown,5,"Darkness, Lighted Road",3,Divided With Median Barrier,9,Unknown,3,Free Flow,1,No Defects,O60,O15,41.8737946,-87.8044968,41.8736153,-87.8045197,1128281.50,1897042.00