record_id,report_number,crash_id,idot_crash_number,date,time,occurred_at,record_added_at,location,street_number,street_name,cross_street,at_intersection,intersection_related,private_property,hit_and_run,crash_severity,crash_injury_severity,crash_mode,crash_type_code,crash_type,total_units,num_motor_vehicles,dooring_pedalcyclist,damage_code,damage,no_injury_drive_away,injury_or_towed,fatalities,a_injuries,b_injuries,c_injuries,total_injured,cause1_code,cause1,cause2_code,cause2,traffic_control_code,traffic_control,device_condition_code,device_condition,weather_code,weather,lighting_code,lighting,trafficway_code,trafficway,road_surface_code,road_surface,flow_condition_code,flow_condition,road_defects_code,road_defects,beat_zone,post_district,latitude,longitude,latitude_geocoded,longitude_geocoded,state_plane_x,state_plane_y
32461,25 02928,2502928,X003842710,2025-06-05,18:01:00,2025-06-05 18:01:00,2025-06-05 23:12:56,483 N Harlem Ave,483,N HARLEM AVE,,0,0,0,0,Property Damage,No Injuries,Car,10,Turning (At Least One Vehicle),2,2,0,5,"Over $1,500",1,0,0,0,0,0,0,02,Failing To Yield Right-Of-Way,99,Not Applicable,1,No Controls,1,No Controls,1,Clear,1,Daylight,1,Not Divided,1,Dry,3,Free Flow,1,No Defects,R82,RFPD,41.8902626,-87.8051529,41.8902741,-87.8046799,1128064.13,1903041.38
32468,25 02929,2502929,X003842765,2025-06-05,18:12:00,2025-06-05 18:12:00,2025-06-06 07:22:26,S Austin Blvd/W Adams Blvd,,S AUSTIN BLVD,W ADAMS BLVD,0,0,0,0,Property Damage,No Injuries,Car,11,Front To Rear,3,3,0,5,"Over $1,500",1,0,0,0,0,0,0,10,Equipment - Vehicle Condition,28,Failing To Reduce Speed To Avoid Crash,1,No Controls,1,No Controls,1,Clear,1,Daylight,1,Not Divided,1,Dry,1,Slow,1,No Defects,O80,O13,41.8776207,-87.7746124,41.8782463,-87.7747116,1136410.88,1898487.00
32473,25 02945,2502945,X003846084,2025-06-06,12:18:00,2025-06-06 12:18:00,2025-06-09 09:51:56,Washington Blvd/S Harvey Ave,,WASHINGTON BLVD,S HARVEY AVE,1,1,0,0,Property Damage,No Injuries,Car,10,Turning (At Least One Vehicle),2,2,0,5,"Over $1,500",1,0,0,0,0,0,0,02,Failing To Yield Right-Of-Way,14,"Vision Obscured (Signs, Tree Limbs, Buildings",2,Stop Sign,4,Functioning Properly,1,Clear,1,Daylight,1,Not Divided,1,Dry,2,Stopped,1,No Defects,O50,O10,41.8817978,-87.7812500,41.8817711,-87.7812500,1134593.75,1899998.50
32469,25 02943,2502943,X003846079,2025-06-06,14:07:00,2025-06-06 14:07:00,2025-06-09 09:46:08,North Ave/Forest Ave,,NORTH AVE,FOREST AVE,0,0,0,0,Property Damage,No Injuries,Car,10,Turning (At Least One Vehicle),2,2,0,5,"Over $1,500",1,0,0,0,0,0,0,02,Failing To Yield Right-Of-Way,99,Not Applicable,1,No Controls,1,No Controls,1,Clear,1,Daylight,3,Divided With Median Barrier,1,Dry,3,Free Flow,1,No Defects,O20,O3,41.9089165,-87.8011856,41.9089394,-87.8011856,1129103.25,1909845.50
32471,25 02946,2502946,X003846087,2025-06-06,20:29:00,2025-06-06 20:29:00,2025-06-09 09:51:54,150 N Austin Blvd,150,N AUSTIN BLVD,,0,0,0,0,Property Damage,No Injuries,Car,11,Front To Rear,2,2,0,4,"$501 to $1,500",1,0,0,0,0,0,0,28,Failing To Reduce Speed To Avoid Crash,99,Not Applicable,1,No Controls,1,No Controls,1,Clear,1,Daylight,1,Not Divided,1,Dry,3,Free Flow,1,No Defects,,,41.8839340,-87.7747498,41.8838768,-87.7749939,1136358.75,1900787.25
32472,25 02955,2502955,X003846100,2025-06-07,10:26:00,2025-06-07 10:26:00,2025-06-09 09:51:55,528 N Harvey Ave,528,N HARVEY AVE,,0,0,0,1,Property Damage,No Injuries,Car,13,Sideswipe - Opposite Direction,2,2,0,5,"Over $1,500",1,0,0,0,0,0,0,18,Unable To Determine,18,Unable To Determine,1,No Controls,1,No Controls,8,Cloudy/Overcast,9,Unknown,1,Not Divided,1,Dry,3,Free Flow,1,No Defects,O10,O4,41.8956718,-87.7817078,41.8956490,-87.7813721,1134436.88,1905053.75
32470,25 02960,2502960,X003846153,2025-06-07,12:35:00,2025-06-07 12:35:00,2025-06-09 09:46:07,N Austin Blvd/Augusta Blvd,,N AUSTIN BLVD,AUGUSTA BLVD,1,1,0,0,Property Damage,No Injuries,Car,15,Angle,3,3,0,5,"Over $1,500",1,0,0,0,0,0,0,18,Unable To Determine,18,Unable To Determine,3,Traffic Signal,4,Functioning Properly,1,Clear,1,Daylight,14,Four-Way Intersection,1,Dry,3,Free Flow,1,No Defects,,,41.8983650,-87.7752228,41.8983650,-87.7752533,1136195.75,1906045.00
32475,25 02968,2502968,X003846159,2025-06-08,00:41:00,2025-06-08 00:41:00,2025-06-09 09:51:57,S Austin Blvd/I290 Expy W,,S AUSTIN BLVD,I290 EXPY W,1,1,0,0,Property Damage,No Injuries,Car,10,Turning (At Least One Vehicle),2,2,0,5,"Over $1,500",1,0,0,0,0,0,0,28,Failing To Reduce Speed To Avoid Crash,99,Not Applicable,3,Traffic Signal,4,Functioning Properly,2,Rain,5,"Darkness, Lighted Road",8,Other,2,Wet,3,Free Flow,1,No Defects,O80,O13,41.8712502,-87.7743759,41.8712502,-87.7743378,1136490.13,1896166.00
32477,25 02980,2502980,X003846171,2025-06-08,18:25:00,2025-06-08 18:25:00,2025-06-09 09:46:09,Madison St/S Ridgeland Ave,,MADISON ST,S RIDGELAND AVE,0,0,0,0,Property Damage,No Injuries,Car,12,Sideswipe - Same Direction,2,2,0,5,"Over $1,500",1,0,0,0,0,0,0,02,Failing To Yield Right-Of-Way,20,Improper Lane Usage,1,No Controls,1,No Controls,1,Clear,1,Daylight,1,Not Divided,2,Wet,3,Free Flow,1,No Defects,O80,O13,41.8799019,-87.7844620,41.8799324,-87.7844620,1133723.63,1899302.88
32478,25 02985,2502985,X003848262,2025-06-09,08:54:00,2025-06-09 08:54:00,2025-06-10 09:31:00,South Blvd/S Taylor Ave,,SOUTH BLVD,S TAYLOR AVE,0,0,0,0,Property Damage,No Injuries,Car,15,Angle,2,2,0,4,"$501 to $1,500",1,0,0,0,0,0,0,02,Failing To Yield Right-Of-Way,18,Unable To Determine,1,No Controls,1,No Controls,1,Clear,1,Daylight,1,Not Divided,1,Dry,3,Free Flow,1,No Defects,O50,O10,41.8870544,-87.7781372,41.8870888,-87.7781448,1135427.63,1901919.88
32508,25 03088,2503088,X003854780,2025-06-09,10:16:00,2025-06-09 10:16:00,2025-06-16 09:49:15,130 Home Ave,130,HOME AVE,,0,0,0,1,Property Damage,No Injuries,Car,9,Parked Motor Vehicle,2,2,0,3,$500 or less,1,0,0,0,0,0,0,20,Improper Lane Usage,99,Not Applicable,1,No Controls,1,No Controls,9,Unknown,9,Unknown,1,Not Divided,9,Unknown,3,Free Flow,1,No Defects,O70,O12,41.8857498,-87.8001251,41.8857498,-87.7999039,1129443.50,1901405.25
32482,25 02995,2502995,X003849866,2025-06-09,16:27:00,2025-06-09 16:27:00,2025-06-10 09:31:01,South Blvd/Euclid,,SOUTH BLVD,EUCLID,0,0,0,0,Property Damage,No Injuries,Car,16,Rear To Side,2,2,0,5,"Over $1,500",1,0,0,0,0,0,0,30,Improper Backing,28,Failing To Reduce Speed To Avoid Crash,1,No Controls,1,No Controls,1,Clear,1,Daylight,1,Not Divided,1,Dry,3,Free Flow,1,No Defects,O60,O11,41.8868790,-87.7927933,41.8869095,-87.7927933,1131438.50,1901830.38
32480,25 02997,2502997,X003850244,2025-06-09,18:39:00,2025-06-09 18:39:00,2025-06-10 09:36:42,807 Washington Blvd,807,WASHINGTON BLVD,,0,0,0,0,Property Damage,No Injuries,Car,18,Rear To Front,2,2,0,5,"Over $1,500",1,0,0,0,0,0,0,28,Failing To Reduce Speed To Avoid Crash,99,Not Applicable,1,No Controls,4,Functioning Properly,1,Clear,1,Daylight,1,Not Divided,1,Dry,3,Free Flow,1,No Defects,O60,O11,41.8816490,-87.7943115,41.8814621,-87.7947617,1131035.50,1899921.75
32978,25 02999,2502999,X003940293,2025-06-09,20:30:00,2025-06-09 20:30:00,2025-08-29 09:49:47,N Harlem Ave/Madison St,,N HARLEM AVE,MADISON ST,1,1,0,0,Injury,B Injury Crash,Car,10,Turning (At Least One Vehicle),2,2,0,5,"Over $1,500",0,1,0,0,1,0,1,02,Failing To Yield Right-Of-Way,28,Failing To Reduce Speed To Avoid Crash,3,Traffic Signal,4,Functioning Properly,1,Clear,4,Darkness,15,T-Intersection,1,Dry,3,Free Flow,1,No Defects,F2,FPPD,41.8796730,-87.8047714,41.8796654,-87.8047333,1128192.88,1899183.13
32481,25 03001,2503001,X003848264,2025-06-09,22:53:00,2025-06-09 22:53:00,2025-06-10 09:36:42,S Ridgeland Ave/Madison St,,S RIDGELAND AVE,MADISON ST,1,0,0,0,Property Damage,No Injuries,Car,11,Front To Rear,2,2,0,4,"$501 to $1,500",1,0,0,0,0,0,0,02,Failing To Yield Right-Of-Way,99,Not Applicable,3,Traffic Signal,1,No Controls,1,Clear,5,"Darkness, Lighted Road",1,Not Divided,1,Dry,3,Free Flow,1,No Defects,O80,O13,41.8799324,-87.7844238,41.8799324,-87.7844620,1133732.63,1899313.88
32486,25 03007,2503007,X003849868,2025-06-10,07:56:00,2025-06-10 07:56:00,2025-06-11 09:13:06,241 South Blvd,241,SOUTH BLVD,,0,0,0,0,Property Damage,No Injuries,Car,9,Parked Motor Vehicle,2,2,0,3,$500 or less,1,0,0,0,0,0,0,28,Failing To Reduce Speed To Avoid Crash,99,Not Applicable,1,No Controls,1,No Controls,1,Clear,1,Daylight,1,Not Divided,1,Dry,3,Free Flow,1,No Defects,O50,O10,41.8870048,-87.7819443,41.8869019,-87.7817612,1134391.38,1901894.13
32487,25 03015,2503015,X003849663,2025-06-10,14:55:00,2025-06-10 14:55:00,2025-06-11 09:13:07,Madison St/S Oak Park Ave,,MADISON ST,S OAK PARK AVE,0,0,0,1,Property Damage,No Injuries,Car,12,Sideswipe - Same Direction,2,2,0,4,"$501 to $1,500",1,0,0,0,0,0,0,04,Improper Overtaking/Passing,99,Not Applicable,1,No Controls,1,No Controls,1,Clear,1,Daylight,4,Two-Way Continuous Left-Turn Lane,1,Dry,3,Free Flow,10,Other,O60,O14,41.8797417,-87.7942505,41.8797722,-87.7942581,1131056.50,1899226.38
32483,25 03023,2503023,X003848266,2025-06-10,21:55:00,2025-06-10 21:55:00,2025-06-10 23:57:09,345 Madison St,345,MADISON ST,,0,0,0,1,Property Damage,No Injuries,Car,12,Sideswipe - Same Direction,2,2,0,4,"$501 to $1,500",1,0,0,0,0,0,0,20,Improper Lane Usage,15,Driving Skills/Knowledge/Experience,1,No Controls,1,No Controls,1,Clear,5,"Darkness, Lighted Road",2,"Divided, No Median Barrier",1,Dry,3,Free Flow,1,No Defects,O80,O13,41.8799095,-87.7842789,41.8797722,-87.7835999,1133773.38,1899304.50
32491,25 03029,2503029,X003849872,2025-06-11,07:38:00,2025-06-11 07:38:00,2025-06-12 09:34:44,S Grove Ave/Roosevelt Rd,,S GROVE AVE,ROOSEVELT RD,1,1,0,0,Property Damage,No Injuries,Car,10,Turning (At Least One Vehicle),2,2,0,5,"Over $1,500",1,0,0,0,0,0,0,28,Failing To Reduce Speed To Avoid Crash,02,Failing To Yield Right-Of-Way,1,No Controls,1,No Controls,1,Clear,1,Daylight,4,Two-Way Continuous Left-Turn Lane,1,Dry,3,Free Flow,1,No Defects,O90,O18,41.8651428,-87.7950287,41.8651390,-87.7950668,1130878.25,1893905.25
32492,25 03034,2503034,X003849877,2025-06-11,12:42:00,2025-06-11 12:42:00,2025-06-12 09:28:57,Thomas St/N Austin Blvd,,THOMAS ST,N AUSTIN BLVD,1,1,0,0,Property Damage,No Injuries,Car,16,Rear To Side,2,2,0,5,"Over $1,500",1,0,0,0,0,0,0,30,Improper Backing,28,Failing To Reduce Speed To Avoid Crash,1,No Controls,1,No Controls,1,Clear,1,Daylight,2,"Divided, No Median Barrier",1,Dry,2,Stopped,1,No Defects,,,41.9001465,-87.7753067,41.9001732,-87.7753067,1136167.88,1906695.63
32496,25 03035,2503035,X003849878,2025-06-11,12:51:00,2025-06-11 12:51:00,2025-06-12 09:34:45,Washington Blvd/S Grove Ave,,WASHINGTON BLVD,S GROVE AVE,1,1,0,0,Property Damage,No Injuries,Car,15,Angle,2,2,0,5,"Over $1,500",0,1,0,0,0,0,0,02,Failing To Yield Right-Of-Way,23,Disregarding Stop Sign,2,Stop Sign,4,Functioning Properly,1,Clear,1,Daylight,1,Not Divided,1,Dry,3,Free Flow,1,No Defects,O70,O12,41.8815689,-87.7956467,41.8815994,-87.7956467,1130673.25,1899890.13
32493,25 03038,2503038,X003849880,2025-06-11,14:56:00,2025-06-11 14:56:00,2025-06-12 09:34:44,N Marion St/Chicago Ave,,N MARION ST,CHICAGO AVE,0,0,0,0,Property Damage,No Injuries,Car,15,Angle,2,2,0,4,"$501 to $1,500",1,0,0,0,0,0,0,18,Unable To Determine,18,Unable To Determine,1,No Controls,1,No Controls,1,Clear,1,Daylight,1,Not Divided,1,Dry,3,Free Flow,1,No Defects,O40,O9,41.8942604,-87.8028641,41.8942528,-87.8032684,1128678.38,1904502.00
32497,25 03040,2503040,X003849881,2025-06-11,15:10:00,2025-06-11 15:10:00,2025-06-12 09:34:46,Washington Blvd/S Oak Park Ave,,WASHINGTON BLVD,S OAK PARK AVE,1,1,0,0,Property Damage,No Injuries,Car,10,Turning (At Least One Vehicle),2,2,0,5,"Over $1,500",0,1,0,0,0,0,0,02,Failing To Yield Right-Of-Way,28,Failing To Reduce Speed To Avoid Crash,3,Traffic Signal,4,Functioning Properly,1,Clear,1,Daylight,4,Two-Way Continuous Left-Turn Lane,1,Dry,1,Slow,1,No Defects,O60,O11,41.8815384,-87.7943115,41.8815613,-87.7943115,1131037.25,1899880.13
32494,25 03047,2503047,X003850247,2025-06-12,04:52:00,2025-06-12 04:52:00,2025-06-12 09:34:45,N Ridgeland Ave/Chicago Ave,,N RIDGELAND AVE,CHICAGO AVE,1,1,0,0,Property Damage,No Injuries,Car,10,Turning (At Least One Vehicle),2,2,0,5,"Over $1,500",0,1,0,0,0,0,0,02,Failing To Yield Right-Of-Way,99,Not Applicable,3,Traffic Signal,4,Functioning Properly,1,Clear,2,Dawn,14,Four-Way Intersection,1,Dry,3,Free Flow,1,No Defects,O30,O8,41.8945694,-87.7849121,41.8945770,-87.7848740,1133565.38,1904645.88
32495,25 03050,2503050,X003850248,2025-06-12,08:02:00,2025-06-12 08:02:00,2025-06-12 09:34:45,Roosevelt Rd/Grove Ave,,ROOSEVELT RD,GROVE AVE,0,0,0,0,Property Damage,No Injuries,Car,11,Front To Rear,2,2,0,4,"$501 to $1,500",1,0,0,0,0,0,0,28,Failing To Reduce Speed To Avoid Crash,03,Following Too Closely,1,No Controls,1,No Controls,1,Clear,1,Daylight,1,Not Divided,1,Dry,1,Slow,1,No Defects,O90,O18,41.8651695,-87.7950668,41.8651390,-87.7950668,1130868.88,1893914.13
32499,25 03052,2503052,X003850821,2025-06-12,08:43:00,2025-06-12 08:43:00,2025-06-13 07:38:49,S Oak Park Ave/Harvard St,,S OAK PARK AVE,HARVARD ST,0,0,0,1,Property Damage,No Injuries,Car,9,Parked Motor Vehicle,2,2,0,4,"$501 to $1,500",1,0,0,0,0,0,0,28,Failing To Reduce Speed To Avoid Crash,99,Not Applicable,1,No Controls,1,No Controls,9,Unknown,9,Unknown,1,Not Divided,1,Dry,3,Free Flow,1,No Defects,O90,O17,41.8688164,-87.7938461,41.8688087,-87.7938767,1131193.50,1895245.88
32500,25 03062,2503062,X003850819,2025-06-12,17:32:00,2025-06-12 17:32:00,2025-06-13 07:38:49,North Ave/Grove Ave,,NORTH AVE,GROVE AVE,1,1,0,0,Property Damage,No Injuries,Car,11,Front To Rear,2,2,0,4,"$501 to $1,500",1,0,0,0,0,0,0,28,Failing To Reduce Speed To Avoid Crash,99,Not Applicable,1,No Controls,1,No Controls,1,Clear,1,Daylight,1,Not Divided,1,Dry,,,1,No Defects,O20,O3,41.9089737,-87.7965546,41.9090042,-87.7965546,1130363.63,1909874.38
32505,25 03070,2503070,X003855069,2025-06-13,09:40:00,2025-06-13 09:40:00,2025-06-16 09:49:14,Roosevelt Rd/Lombard Ave,,ROOSEVELT RD,LOMBARD AVE,1,1,0,1,Property Damage,No Injuries,Car,15,Angle,2,2,0,5,"Over $1,500",1,0,0,0,0,0,0,28,Failing To Reduce Speed To Avoid Crash,18,Unable To Determine,1,No Controls,1,No Controls,1,Clear,1,Daylight,1,Not Divided,2,Wet,3,Free Flow,1,No Defects,O90,O16,41.8654251,-87.7790527,41.8653984,-87.7790527,1135230.13,1894036.25
32506,25 03073,2503073,X003854779,2025-06-13,12:20:00,2025-06-13 12:20:00,2025-06-16 09:43:30,Madison St/N Harlem Ave,,MADISON ST,N HARLEM AVE,0,0,0,0,Property Damage,No Injuries,Car,10,Turning (At Least One Vehicle),2,2,0,4,"$501 to $1,500",1,0,0,0,0,0,0,02,Failing To Yield Right-Of-Way,99,Not Applicable,2,Stop Sign,4,Functioning Properly,10,Freezing Rain/Drizzle,1,Daylight,2,"Divided, No Median Barrier",2,Wet,2,Stopped,1,No Defects,O60,O15,41.8796349,-87.8047333,41.8796654,-87.8047333,1128202.63,1899169.38
32507,25 03078,2503078,X003855229,2025-06-13,15:35:00,2025-06-13 15:35:00,2025-06-16 09:49:15,S Harlem Ave/Lexington St,,S HARLEM AVE,LEXINGTON ST,1,1,0,0,Property Damage,No Injuries,Car,10,Turning (At Least One Vehicle),2,2,0,5,"Over $1,500",1,0,0,0,0,0,0,04,Improper Overtaking/Passing,28,Failing To Reduce Speed To Avoid Crash,2,Stop Sign,4,Functioning Properly,8,Cloudy/Overcast,1,Daylight,1,Not Divided,2,Wet,3,Free Flow,1,No Defects,O90,O18,41.8704796,-87.8043671,41.8704834,-87.8043976,1128323.00,1895834.00
32504,25 03079,2503079,X003854778,2025-06-13,15:52:00,2025-06-13 15:52:00,2025-06-16 09:49:14,S Austin Blvd/Garfield St,,S AUSTIN BLVD,GARFIELD ST,1,1,0,0,Property Damage,No Injuries,Car,10,Turning (At Least One Vehicle),2,2,0,5,"Over $1,500",0,1,0,0,0,0,0,02,Failing To Yield Right-Of-Way,99,Not Applicable,2,Stop Sign,4,Functioning Properly,10,Freezing Rain/Drizzle,1,Daylight,2,"Divided, No Median Barrier",2,Wet,3,Free Flow,1,No Defects,O90,O16,41.8704185,-87.7743530,41.8704224,-87.7743149,1136497.13,1895864.88
32511,25 03080,2503080,X003854784,2025-06-13,16:46:00,2025-06-13 16:46:00,2025-06-16 09:54:54,Lombard Ave/Division St,,LOMBARD AVE,DIVISION ST,1,1,0,0,Property Damage,No Injuries,Car,15,Angle,2,2,0,5,"Over $1,500",1,0,0,0,0,0,0,02,Failing To Yield Right-Of-Way,28,Failing To Reduce Speed To Avoid Crash,2,Stop Sign,4,Functioning Properly,8,Cloudy/Overcast,1,Daylight,14,Four-Way Intersection,1,Dry,1,Slow,1,No Defects,O10,O4,41.9019318,-87.7802811,41.9019394,-87.7802429,1134810.38,1907336.50
32510,25 03085,2503085,X003854782,2025-06-13,23:09:00,2025-06-13 23:09:00,2025-06-16 09:49:16,N Harlem/Madison,,N HARLEM,MADISON,1,0,0,0,Property Damage,No Injuries,Car,11,Front To Rear,2,2,0,4,"$501 to $1,500",1,0,0,0,0,0,0,28,Failing To Reduce Speed To Avoid Crash,15,Driving Skills/Knowledge/Experience,1,No Controls,1,No Controls,1,Clear,5,"Darkness, Lighted Road",1,Not Divided,1,Dry,3,Free Flow,1,No Defects,O70,O12,41.8796730,-87.8047028,41.8796654,-87.8047333,1128211.38,1899183.38
32512,25 03091,2503091,X003854785,2025-06-14,12:20:00,2025-06-14 12:20:00,2025-06-16 09:54:54,1133 Chicago Ave,1133,CHICAGO AVE,,0,0,0,0,Property Damage,No Injuries,Car,11,Front To Rear,2,2,0,5,"Over $1,500",1,0,0,0,0,0,0,03,Following Too Closely,28,Failing To Reduce Speed To Avoid Crash,1,No Controls,1,No Controls,1,Clear,1,Daylight,1,Not Divided,1,Dry,3,Free Flow,1,No Defects,O20,O6,41.8942490,-87.8049622,41.8941269,-87.8042221,1128107.25,1904495.25
32509,25 03104,2503104,X003854781,2025-06-15,09:24:00,2025-06-15 09:24:00,2025-06-16 09:49:15,1145 Lake St,1145,LAKE ST,,0,0,0,0,Property Damage,No Injuries,Car,9,Parked Motor Vehicle,2,2,0,3,$500 or less,1,0,0,0,0,0,0,20,Improper Lane Usage,28,Failing To Reduce Speed To Avoid Crash,3,Traffic Signal,4,Functioning Properly,1,Clear,1,Daylight,2,"Divided, No Median Barrier",1,Dry,3,Free Flow,1,No Defects,O40,O9,41.8886147,-87.8048096,41.8882866,-87.8044128,1128162.50,1902441.38
32513,25 03107,2503107,X003854786,2025-06-15,16:39:00,2025-06-15 16:39:00,2025-06-16 09:54:54,Lake St/N Lombard Ave,,LAKE ST,N LOMBARD AVE,1,1,0,0,Property Damage,No Injuries,Car,11,Front To Rear,2,2,0,4,"$501 to $1,500",1,0,0,0,0,0,0,28,Failing To Reduce Speed To Avoid Crash,18,Unable To Determine,2,Stop Sign,4,Functioning Properly,1,Clear,1,Daylight,14,Four-Way Intersection,1,Dry,3,Free Flow,1,No Defects,O30,O7,41.8881493,-87.7798080,41.8881798,-87.7798080,1134970.38,1902315.25
32525,25 03112,2503112,X003856438,2025-06-16,06:42:00,2025-06-16 06:42:00,2025-06-18 08:45:10,Washington Blvd/Cuyler,,WASHINGTON BLVD,CUYLER,0,0,0,1,Property Damage,No Injuries,Car,9,Parked Motor Vehicle,2,2,0,3,$500 or less,1,0,0,0,0,0,0,28,Failing To Reduce Speed To Avoid Crash,18,Unable To Determine,1,No Controls,1,No Controls,1,Clear,4,Darkness,2,"Divided, No Median Barrier",1,Dry,3,Free Flow,1,No Defects,O50,O10,41.8817177,-87.7828751,41.8817444,-87.7828751,1134151.00,1899966.38
32515,25 03115,2503115,X003854788,2025-06-16,08:43:00,2025-06-16 08:43:00,2025-06-16 16:33:31,N Austin Blvd/Division,,N AUSTIN BLVD,DIVISION,0,0,0,0,Property Damage,No Injuries,Car,12,Sideswipe - Same Direction,2,2,0,3,$500 or less,1,0,0,0,0,0,0,04,Improper Overtaking/Passing,20,Improper Lane Usage,3,Traffic Signal,4,Functioning Properly,1,Clear,1,Daylight,1,Not Divided,1,Dry,3,Free Flow,1,No Defects,,,41.9019966,-87.7753296,41.9020004,-87.7753677,1136156.75,1907368.88
32516,25 03119,2503119,X003854789,2025-06-16,08:44:00,2025-06-16 08:44:00,2025-06-16 16:39:12,611 N Cuyler Ave,,611 N CUYLER AVE,IOWA ST,0,0,0,1,Property Damage,No Injuries,Car,9,Parked Motor Vehicle,2,2,0,4,"$501 to $1,500",1,0,0,0,0,0,0,18,Unable To Determine,28,Failing To Reduce Speed To Avoid Crash,2,Stop Sign,4,Functioning Properly,1,Clear,1,Daylight,1,Not Divided,1,Dry,1,Slow,1,No Defects,O10,O4,41.8964157,-87.7833557,41.8968811,-87.7835312,1133985.88,1905321.13
32514,25 03116,2503116,X003854787,2025-06-16,09:08:00,2025-06-16 09:08:00,2025-06-16 16:33:31,Garfield St/S Austin Blvd,,GARFIELD ST,S AUSTIN BLVD,1,0,0,0,Injury,B Injury Crash,Car,15,Angle,2,2,0,5,"Over $1,500",0,1,0,0,3,0,3,03,Following Too Closely,02,Failing To Yield Right-Of-Way,2,Stop Sign,4,Functioning Properly,1,Clear,1,Daylight,14,Four-Way Intersection,1,Dry,3,Free Flow,1,No Defects,O90,O16,41.8703918,-87.7743225,41.8704224,-87.7743149,1136506.38,1895854.13
32517,25 03125,2503125,X003854790,2025-06-16,14:50:00,2025-06-16 14:50:00,2025-06-16 16:39:13,1000 Chicago Ave,1000,CHICAGO AVE,,0,0,0,0,Property Damage,No Injuries,Car,11,Front To Rear,2,2,0,4,"$501 to $1,500",1,0,0,0,0,0,0,28,Failing To Reduce Speed To Avoid Crash,99,Not Applicable,1,No Controls,1,No Controls,1,Clear,1,Daylight,2,"Divided, No Median Barrier",1,Dry,2,Stopped,1,No Defects,O20,O6,41.8943253,-87.8006134,41.8943558,-87.8006821,1129292.38,1904530.63
32520,25 03129,2503129,X003855245,2025-06-16,15:52:00,2025-06-16 15:52:00,2025-06-17 09:29:10,904 S Oak Park Ave,904,S OAK PARK AVE,,0,0,0,0,Property Damage,No Injuries,Car,11,Front To Rear,2,2,0,5,"Over $1,500",1,0,0,0,0,0,0,03,Following Too Closely,28,Failing To Reduce Speed To Avoid Crash,3,Traffic Signal,4,Functioning Properly,1,Clear,1,Daylight,2,"Divided, No Median Barrier",1,Dry,2,Stopped,1,No Defects,O90,O18,41.8718758,-87.7940216,41.8718262,-87.7938309,1131137.88,1896360.25
32522,25 03157,2503157,X003856092,2025-06-16,18:29:00,2025-06-16 18:29:00,2025-06-17 23:43:57,Madison St/Taylor St,,MADISON ST,TAYLOR ST,0,0,0,1,Property Damage,No Injuries,Car,9,Parked Motor Vehicle,2,2,0,3,$500 or less,1,0,0,0,0,0,0,28,Failing To Reduce Speed To Avoid Crash,18,Unable To Determine,1,No Controls,1,No Controls,1,Clear,1,Daylight,8,Other,1,Dry,3,Free Flow,1,No Defects,O80,O13,41.8800087,-87.7779312,41.8800316,-87.7783203,1135501.50,1899352.50
32521,25 03141,2503141,X003856091,2025-06-17,10:55:00,2025-06-17 10:55:00,2025-06-17 16:37:24,S Harlem Ave/Garfield St,,S HARLEM AVE,GARFIELD ST,1,1,0,0,Property Damage,No Injuries,Car,12,Sideswipe - Same Direction,2,2,0,5,"Over $1,500",1,0,0,0,0,0,0,02,Failing To Yield Right-Of-Way,28,Failing To Reduce Speed To Avoid Crash,3,Traffic Signal,4,Functioning Properly,1,Clear,1,Daylight,1,Not Divided,1,Dry,3,Free Flow,1,No Defects,O90,O18,41.8723068,-87.8044357,41.8723183,-87.8044663,1128300.88,1896500.75
32526,25 03145,2503145,X003856446,2025-06-17,13:37:00,2025-06-17 13:37:00,2025-06-18 08:45:10,240 Chicago Ave,,240 CHICAGO AVE,HARVEY,0,0,0,0,Property Damage,No Injuries,Car,9,Parked Motor Vehicle,2,2,0,4,"$501 to $1,500",1,0,0,0,0,0,0,30,Improper Backing,28,Failing To Reduce Speed To Avoid Crash,1,No Controls,1,No Controls,1,Clear,1,Daylight,7,Parking Lot,1,Dry,1,Slow,1,No Defects,O10,O4,41.8946457,-87.7816315,41.8948937,-87.7819061,1134459.13,1904679.63
32561,25 03150,2503150,X003864843,2025-06-17,17:00:00,2025-06-17 17:00:00,2025-06-24 08:04:37,Washington Blvd/Ridgeland Ave,,WASHINGTON BLVD,RIDGELAND AVE,0,1,0,0,Property Damage,No Injuries,Car,15,Angle,2,2,0,5,"Over $1,500",1,0,0,0,0,0,0,28,Failing To Reduce Speed To Avoid Crash,18,Unable To Determine,3,Traffic Signal,4,Functioning Properly,1,Clear,1,Daylight,1,Not Divided,1,Dry,3,Free Flow,1,No Defects,O50,O10,41.8816948,-87.7845154,41.8817253,-87.7845154,1133704.88,1899954.38