record_id,report_number,crash_id,idot_crash_number,date,time,occurred_at,record_added_at,location,street_number,street_name,cross_street,at_intersection,intersection_related,private_property,hit_and_run,crash_severity,crash_injury_severity,crash_mode,crash_type_code,crash_type,total_units,num_motor_vehicles,dooring_pedalcyclist,damage_code,damage,no_injury_drive_away,injury_or_towed,fatalities,a_injuries,b_injuries,c_injuries,total_injured,cause1_code,cause1,cause2_code,cause2,traffic_control_code,traffic_control,device_condition_code,device_condition,weather_code,weather,lighting_code,lighting,trafficway_code,trafficway,road_surface_code,road_surface,flow_condition_code,flow_condition,road_defects_code,road_defects,beat_zone,post_district,latitude,longitude,latitude_geocoded,longitude_geocoded,state_plane_x,state_plane_y
32528,25 03153,2503153,X003856447,2025-06-17,18:03:00,2025-06-17 18:03:00,2025-06-18 08:45:11,Greenfield St/N Austin Blvd,,GREENFIELD ST,N AUSTIN BLVD,1,1,0,1,Injury,C Injury Crash,Pedestrian,1,Pedestrian,2,1,0,3,$500 or less,0,1,0,0,0,2,2,02,Failing To Yield Right-Of-Way,99,Not Applicable,1,No Controls,1,No Controls,1,Clear,1,Daylight,1,Not Divided,9,Unknown,3,Free Flow,99,Unknown,O10,O1,41.9058533,-87.7754974,41.9058800,-87.7754898,1136103.38,1908774.50
32527,25 03161,2503161,X003856449,2025-06-17,23:39:00,2025-06-17 23:39:00,2025-06-18 08:45:11,S Austin Blvd/Jackson Blvd,,S AUSTIN BLVD,JACKSON BLVD,0,0,0,1,Property Damage,No Injuries,Car,9,Parked Motor Vehicle,2,2,0,5,"Over $1,500",0,1,0,0,0,0,0,28,Failing To Reduce Speed To Avoid Crash,18,Unable To Determine,1,No Controls,1,No Controls,2,Rain,5,"Darkness, Lighted Road",1,Not Divided,2,Wet,3,Free Flow,1,No Defects,O80,O13,41.8764229,-87.7745743,41.8764229,-87.7745361,1136424.63,1898051.75
32529,25 03172,2503172,X003857404,2025-06-18,12:25:00,2025-06-18 12:25:00,2025-06-18 16:14:31,28 Chicago Ave,28,CHICAGO AVE,,0,0,0,1,Property Damage,No Injuries,Car,9,Parked Motor Vehicle,2,2,0,5,"Over $1,500",1,0,0,0,0,0,0,28,Failing To Reduce Speed To Avoid Crash,18,Unable To Determine,1,No Controls,1,No Controls,8,Cloudy/Overcast,1,Daylight,1,Not Divided,1,Dry,3,Free Flow,1,No Defects,O10,O4,41.8947296,-87.7759781,41.8948097,-87.7765122,1135998.13,1904719.00
32531,25 03185,2503185,X003858681,2025-06-18,20:18:00,2025-06-18 20:18:00,2025-06-20 08:02:19,911 S Oak Park Ave,911,S OAK PARK AVE,,0,0,0,0,Property Damage,No Injuries,Car,10,Turning (At Least One Vehicle),2,2,0,5,"Over $1,500",1,0,0,0,0,0,0,18,Unable To Determine,18,Unable To Determine,1,No Controls,1,No Controls,2,Rain,3,Dusk,1,Not Divided,2,Wet,3,Free Flow,1,No Defects,O90,O17,41.8716126,-87.7939377,41.8716011,-87.7940979,1131161.00,1896265.63
32530,25 03187,2503187,X003857405,2025-06-18,22:33:00,2025-06-18 22:33:00,2025-06-19 02:56:58,759 S Harlem Ave,759,S HARLEM AVE,,0,0,0,1,Property Damage,No Injuries,Car,11,Front To Rear,2,2,0,5,"Over $1,500",1,0,0,0,0,0,0,18,Unable To Determine,18,Unable To Determine,1,No Controls,1,No Controls,2,Rain,5,"Darkness, Lighted Road",1,Not Divided,2,Wet,3,Free Flow,1,No Defects,O90,O18,41.8730202,-87.8043976,41.8726349,-87.8043442,1128309.00,1896759.88
32532,25 03189,2503189,X003858688,2025-06-19,10:40:00,2025-06-19 10:40:00,2025-06-20 07:56:36,6520 Roosevelt Rd,6520,ROOSEVELT RD,,0,0,0,0,Property Damage,No Injuries,Car,9,Parked Motor Vehicle,2,2,0,5,"Over $1,500",1,0,0,0,0,0,0,28,Failing To Reduce Speed To Avoid Crash,18,Unable To Determine,1,No Controls,1,No Controls,1,Clear,1,Daylight,1,Not Divided,1,Dry,3,Free Flow,1,No Defects,O90,O17,41.8652992,-87.7875214,41.8653297,-87.7875290,1132922.13,1893975.63
32533,25 03191,2503191,X003858690,2025-06-19,14:43:00,2025-06-19 14:43:00,2025-06-20 08:02:20,543 Madison St,543,MADISON ST,,0,0,0,0,Injury,C Injury Crash,Car,11,Front To Rear,2,2,0,5,"Over $1,500",0,1,0,0,0,1,1,28,Failing To Reduce Speed To Avoid Crash,17,Physical Condition Of Driver,3,Traffic Signal,4,Functioning Properly,1,Clear,1,Daylight,1,Not Divided,1,Dry,2,Stopped,1,No Defects,O60,O14,41.8798256,-87.7890091,41.8796806,-87.7888718,1132485.75,1899266.88
32538,25 03196,2503196,X003859805,2025-06-19,18:25:00,2025-06-19 18:25:00,2025-06-20 17:09:58,Lake St/Harvey,,LAKE ST,HARVEY,1,1,0,0,Injury,A Injury Crash,Car,10,Turning (At Least One Vehicle),3,3,0,5,"Over $1,500",0,1,0,1,0,0,1,25,Disregarding Traffic Signals,02,Failing To Yield Right-Of-Way,3,Traffic Signal,4,Functioning Properly,1,Clear,1,Daylight,1,Not Divided,1,Dry,3,Free Flow,1,No Defects,O30,O7,41.8881989,-87.7814407,41.8882217,-87.7814407,1134526.25,1902330.00
32899,25 03199,2503199,,2025-06-19,19:02:00,2025-06-19 19:02:00,2025-08-18 10:53:59,Lake St Alley/N Harlem,,LAKE ST ALLEY,N HARLEM,0,0,0,0,Property Damage,No Injuries,Car,9,Parked Motor Vehicle,2,2,0,5,"Over $1,500",1,0,0,0,0,0,0,04,Improper Overtaking/Passing,99,Not Applicable,1,No Controls,1,No Controls,1,Clear,1,Daylight,12,Alley,1,Dry,1,Slow,1,No Defects,O40,O9,41.8885536,-87.8050537,41.8974495,-87.8053665,1128096.13,1902419.63
32535,25 03203,2503203,X003858716,2025-06-19,21:46:00,2025-06-19 21:46:00,2025-06-20 08:02:21,S Ridgeland Ave/Washington Blvd,,S RIDGELAND AVE,WASHINGTON BLVD,0,0,0,1,Property Damage,No Injuries,Car,12,Sideswipe - Same Direction,2,2,0,4,"$501 to $1,500",1,0,0,0,0,0,0,20,Improper Lane Usage,99,Not Applicable,3,Traffic Signal,4,Functioning Properly,1,Clear,5,"Darkness, Lighted Road",1,Not Divided,1,Dry,1,Slow,1,No Defects,O50,O10,41.8817215,-87.7844772,41.8817253,-87.7845154,1133714.00,1899965.25
32534,25 03206,2503206,X003858724,2025-06-20,00:40:00,2025-06-20 00:40:00,2025-06-20 08:02:20,Roosevelt Rd/Clinton Ave,,ROOSEVELT RD,CLINTON AVE,1,1,0,0,Property Damage,No Injuries,Car,10,Turning (At Least One Vehicle),2,2,0,4,"$501 to $1,500",0,1,0,0,0,0,0,28,Failing To Reduce Speed To Avoid Crash,99,Not Applicable,1,No Controls,1,No Controls,1,Clear,5,"Darkness, Lighted Road",1,Not Divided,1,Dry,3,Free Flow,1,No Defects,O90,O18,41.8651238,-87.7976685,41.8650932,-87.7976685,1130160.00,1893893.00
32539,25 03211,2503211,X003859807,2025-06-20,12:07:00,2025-06-20 12:07:00,2025-06-20 17:15:34,S Washington Alley/S Ridgeland Ave,,S WASHINGTON ALLEY,S RIDGELAND AVE,0,0,0,0,Property Damage,No Injuries,Car,13,Sideswipe - Opposite Direction,2,2,0,4,"$501 to $1,500",1,0,0,0,0,0,0,28,Failing To Reduce Speed To Avoid Crash,99,Not Applicable,1,No Controls,1,No Controls,1,Clear,1,Daylight,12,Alley,1,Dry,1,Slow,1,No Defects,O50,O10,41.8816948,-87.7845154,41.8817253,-87.7845154,1133704.88,1899954.38
32537,25 03218,2503218,X003859803,2025-06-20,15:51:00,2025-06-20 15:51:00,2025-06-20 17:04:15,325 Oak Park Ave,325,OAK PARK AVE,,0,0,0,0,Property Damage,No Injuries,Car,12,Sideswipe - Same Direction,2,2,0,4,"$501 to $1,500",1,0,0,0,0,0,0,02,Failing To Yield Right-Of-Way,28,Failing To Reduce Speed To Avoid Crash,1,No Controls,1,No Controls,1,Clear,1,Daylight,2,"Divided, No Median Barrier",1,Dry,3,Free Flow,1,No Defects,O40,O9,41.8923950,-87.7946549,41.8824806,-87.7945328,1130917.13,1903836.13
32547,25 03221,2503221,X003862111,2025-06-20,17:10:00,2025-06-20 17:10:00,2025-06-23 08:33:45,Madison St/S Kenilworth Ave,,MADISON ST,S KENILWORTH AVE,0,0,0,1,Property Damage,No Injuries,Car,12,Sideswipe - Same Direction,2,2,0,4,"$501 to $1,500",1,0,0,0,0,0,0,04,Improper Overtaking/Passing,28,Failing To Reduce Speed To Avoid Crash,1,No Controls,1,No Controls,1,Clear,1,Daylight,2,"Divided, No Median Barrier",1,Dry,1,Slow,1,No Defects,O70,O12,41.8797531,-87.7969131,41.8797264,-87.7969208,1130331.13,1899226.75
32550,25 03222,2503222,X003862113,2025-06-20,18:19:00,2025-06-20 18:19:00,2025-06-23 08:33:46,Randolph St/S Lombard Ave,,RANDOLPH ST,S LOMBARD AVE,0,0,0,0,Property Damage,No Injuries,Car,10,Turning (At Least One Vehicle),2,2,0,5,"Over $1,500",1,0,0,0,0,0,0,05,Driving On Wrong Side/Wrong Way,28,Failing To Reduce Speed To Avoid Crash,1,No Controls,1,No Controls,1,Clear,1,Daylight,1,Not Divided,1,Dry,3,Free Flow,1,No Defects,O50,O10,41.8839531,-87.7796783,41.8839836,-87.7796783,1135016.00,1900786.25
32543,25 03223,2503223,X003862114,2025-06-20,19:34:00,2025-06-20 19:34:00,2025-06-23 08:28:03,S Oak Park Ave/South Blvd,,S OAK PARK AVE,SOUTH BLVD,1,1,0,0,Property Damage,No Injuries,Car,10,Turning (At Least One Vehicle),2,2,0,4,"$501 to $1,500",1,0,0,0,0,0,0,04,Improper Overtaking/Passing,15,Driving Skills/Knowledge/Experience,3,Traffic Signal,4,Functioning Properly,1,Clear,1,Daylight,14,Four-Way Intersection,1,Dry,3,Free Flow,1,No Defects,O60,O11,41.8868980,-87.7944336,41.8868904,-87.7944717,1130991.25,1901833.88
32541,25 03224,2503224,X003862115,2025-06-20,19:52:00,2025-06-20 19:52:00,2025-06-23 08:28:02,505 Madison St,505,MADISON ST,,0,0,0,0,Property Damage,No Injuries,Car,12,Sideswipe - Same Direction,2,2,0,4,"$501 to $1,500",1,0,0,0,0,0,0,02,Failing To Yield Right-Of-Way,99,Not Applicable,1,No Controls,1,No Controls,1,Clear,1,Daylight,1,Not Divided,1,Dry,,,1,No Defects,O60,O14,41.8798523,-87.7875519,41.8797188,-87.7872086,1132881.63,1899278.50
32544,25 03225,2503225,X003862116,2025-06-20,20:49:00,2025-06-20 20:49:00,2025-06-23 08:33:44,902 N Austin Blvd,902,N AUSTIN BLVD,,0,0,0,0,Property Damage,No Injuries,Car,9,Parked Motor Vehicle,2,2,0,4,"$501 to $1,500",1,0,0,0,0,0,0,28,Failing To Reduce Speed To Avoid Crash,99,Not Applicable,1,No Controls,1,No Controls,1,Clear,4,Darkness,1,Not Divided,9,Unknown,3,Free Flow,99,Unknown,,,41.8966331,-87.7751694,41.8967743,-87.7753677,1136214.63,1905414.38
32540,25 03240,2503240,X003862148,2025-06-21,11:28:00,2025-06-21 11:28:00,2025-06-23 08:16:51,Madison St/S Humphrey Ave,,MADISON ST,S HUMPHREY AVE,0,0,0,0,Property Damage,No Injuries,Car,10,Turning (At Least One Vehicle),2,2,0,4,"$501 to $1,500",1,0,0,0,0,0,0,30,Improper Backing,99,Not Applicable,1,No Controls,1,No Controls,1,Clear,1,Daylight,1,Not Divided,1,Dry,3,Free Flow,1,No Defects,O80,O13,41.8800392,-87.7758865,41.8800697,-87.7758865,1136058.00,1899366.00
32546,25 03241,2503241,X003862149,2025-06-21,12:41:00,2025-06-21 12:41:00,2025-06-23 08:33:45,Roosevelt Rd/East Ave,,ROOSEVELT RD,EAST AVE,1,1,0,0,Injury,B Injury Crash,Car,15,Angle,2,2,0,5,"Over $1,500",0,1,0,0,1,0,1,02,Failing To Yield Right-Of-Way,28,Failing To Reduce Speed To Avoid Crash,3,Traffic Signal,4,Functioning Properly,1,Clear,1,Daylight,1,Not Divided,1,Dry,3,Free Flow,1,No Defects,O90,O17,41.8652763,-87.7888641,41.8652534,-87.7888641,1132558.38,1893964.75
32549,25 03242,2503242,X003862150,2025-06-21,15:21:00,2025-06-21 15:21:00,2025-06-23 08:33:46,S Austin Blvd/Garfield St,,S AUSTIN BLVD,GARFIELD ST,1,1,0,0,Injury,B Injury Crash,Car,10,Turning (At Least One Vehicle),2,2,0,4,"$501 to $1,500",0,1,0,0,1,0,1,02,Failing To Yield Right-Of-Way,28,Failing To Reduce Speed To Avoid Crash,1,No Controls,1,No Controls,1,Clear,1,Daylight,2,"Divided, No Median Barrier",1,Dry,3,Free Flow,1,No Defects,O90,O16,41.8704185,-87.7743530,41.8704224,-87.7743149,1136497.13,1895864.88
32542,25 03243,2503243,X003862157,2025-06-21,16:59:00,2025-06-21 16:59:00,2025-06-23 08:28:03,S Harlem Ave/Monroe St,,S HARLEM AVE,MONROE ST,0,0,0,0,Property Damage,No Injuries,Car,15,Angle,2,2,0,5,"Over $1,500",1,0,0,0,0,0,0,02,Failing To Yield Right-Of-Way,28,Failing To Reduce Speed To Avoid Crash,2,Stop Sign,4,Functioning Properly,1,Clear,1,Daylight,2,"Divided, No Median Barrier",1,Dry,3,Free Flow,1,No Defects,O60,O15,41.8781509,-87.8046494,41.8781700,-87.8046799,1128229.00,1898629.25
32548,25 03248,2503248,X003862173,2025-06-22,01:15:00,2025-06-22 01:15:00,2025-06-23 08:33:46,Division St/N Lombard Ave,,DIVISION ST,N LOMBARD AVE,1,1,0,0,Injury,B Injury Crash,Car,15,Angle,2,2,0,5,"Over $1,500",0,1,0,0,1,1,2,23,Disregarding Stop Sign,99,Not Applicable,1,No Controls,1,No Controls,1,Clear,4,Darkness,1,Not Divided,9,Unknown,3,Free Flow,99,Unknown,O10,O4,41.9019089,-87.7802353,41.9019394,-87.7802429,1134821.13,1907328.75
32545,25 03249,2503249,X003862174,2025-06-22,04:51:00,2025-06-22 04:51:00,2025-06-23 08:33:44,N Austin Blvd/Augusta St,,N AUSTIN BLVD,AUGUSTA ST,0,1,0,0,Injury,C Injury Crash,Car,11,Front To Rear,2,2,0,5,"Over $1,500",0,1,0,0,0,1,1,28,Failing To Reduce Speed To Avoid Crash,10,Equipment - Vehicle Condition,3,Traffic Signal,4,Functioning Properly,1,Clear,5,"Darkness, Lighted Road",1,Not Divided,1,Dry,,,1,No Defects,,,41.8983650,-87.7752228,41.8983650,-87.7752533,1136195.75,1906045.00
32574,25 03254,2503254,X003865522,2025-06-22,17:21:00,2025-06-22 17:21:00,2025-06-25 16:32:53,N Austin Blvd/Augusta Blvd,,N AUSTIN BLVD,AUGUSTA BLVD,1,1,0,0,Property Damage,No Injuries,Car,12,Sideswipe - Same Direction,2,2,0,5,"Over $1,500",1,0,0,0,0,0,0,02,Failing To Yield Right-Of-Way,28,Failing To Reduce Speed To Avoid Crash,3,Traffic Signal,4,Functioning Properly,1,Clear,1,Daylight,2,"Divided, No Median Barrier",1,Dry,3,Free Flow,1,No Defects,,,41.8983650,-87.7752228,41.8983650,-87.7752533,1136195.75,1906045.00
32560,25 03259,2503259,X003863659,2025-06-23,07:45:00,2025-06-23 07:45:00,2025-06-24 08:10:13,Wesley Ave/Madison St,,WESLEY AVE,MADISON ST,1,1,0,0,Property Damage,No Injuries,Car,11,Front To Rear,2,2,0,5,"Over $1,500",1,0,0,0,0,0,0,28,Failing To Reduce Speed To Avoid Crash,18,Unable To Determine,1,No Controls,1,No Controls,1,Clear,1,Daylight,1,Not Divided,1,Dry,3,Free Flow,1,No Defects,O60,O11,41.8798218,-87.7909622,41.8798065,-87.7918091,1131953.00,1899261.75
32558,25 03260,2503260,X003863009,2025-06-23,08:05:00,2025-06-23 08:05:00,2025-06-23 14:51:52,Ridgeland Ave/Lake St,,RIDGELAND AVE,LAKE ST,1,1,0,0,Injury,B Injury Crash,Pedestrian,1,Pedestrian,2,1,0,5,"Over $1,500",0,1,0,0,1,0,1,02,Failing To Yield Right-Of-Way,99,Not Applicable,3,Traffic Signal,4,Functioning Properly,1,Clear,1,Daylight,14,Four-Way Intersection,1,Dry,1,Slow,1,No Defects,O30,O8,41.8883209,-87.7847366,41.8883209,-87.7846985,1133628.00,1902369.13
32559,25 03269,2503269,X003863657,2025-06-23,15:11:00,2025-06-23 15:11:00,2025-06-24 08:10:12,Ridgeland Ave/North Ave,,RIDGELAND AVE,NORTH AVE,0,1,0,0,Property Damage,No Injuries,Car,11,Front To Rear,2,2,0,5,"Over $1,500",1,0,0,0,0,0,0,28,Failing To Reduce Speed To Avoid Crash,03,Following Too Closely,3,Traffic Signal,4,Functioning Properly,1,Clear,1,Daylight,14,Four-Way Intersection,1,Dry,1,Slow,1,No Defects,O20,O2,41.9091606,-87.7834091,41.9091644,-87.7833710,1133941.38,1909965.38
32562,25 03273,2503273,X003863660,2025-06-23,19:14:00,2025-06-23 19:14:00,2025-06-24 08:15:49,S Ridgeland Ave/Pleasant St,,S RIDGELAND AVE,PLEASANT ST,1,1,0,0,Property Damage,No Injuries,Car,10,Turning (At Least One Vehicle),2,2,0,5,"Over $1,500",1,0,0,0,0,0,0,28,Failing To Reduce Speed To Avoid Crash,99,Not Applicable,1,No Controls,1,No Controls,1,Clear,1,Daylight,1,Not Divided,1,Dry,3,Free Flow,1,No Defects,O50,O10,41.8852119,-87.7845764,41.8852081,-87.7846069,1133679.25,1901236.63
32583,25 03292,2503292,X003866746,2025-06-24,06:56:00,2025-06-24 06:56:00,2025-06-26 16:29:49,7050 Roosevelt Rd,7050,ROOSEVELT RD,,0,0,0,0,Property Damage,No Injuries,Car,11,Front To Rear,3,3,0,5,"Over $1,500",1,0,0,0,0,0,0,18,Unable To Determine,18,Unable To Determine,1,No Controls,1,No Controls,1,Clear,1,Daylight,1,Not Divided,1,Dry,2,Stopped,1,No Defects,,,41.8650169,-87.8005295,41.8651848,-87.8012924,1129381.50,1893850.13
32563,25 03280,2503280,X003864428,2025-06-24,07:01:00,2025-06-24 07:01:00,2025-06-24 16:13:18,S Ridgeland Ave/Roosevelt Rd,,S RIDGELAND AVE,ROOSEVELT RD,1,1,0,0,Property Damage,No Injuries,Car,11,Front To Rear,2,2,0,4,"$501 to $1,500",1,0,0,0,0,0,0,03,Following Too Closely,28,Failing To Reduce Speed To Avoid Crash,3,Traffic Signal,4,Functioning Properly,1,Clear,1,Daylight,14,Four-Way Intersection,1,Dry,1,Slow,1,No Defects,O90,O16,41.8653374,-87.7839279,41.8653374,-87.7839661,1133901.50,1893995.88
32564,25 03288,2503288,X003864429,2025-06-24,09:44:00,2025-06-24 09:44:00,2025-06-24 16:13:18,Harlem Ave/North Ave,,HARLEM AVE,NORTH AVE,0,1,0,0,Injury,C Injury Crash,Car,11,Front To Rear,2,2,0,4,"$501 to $1,500",0,1,0,0,0,1,1,41,Distraction - From Inside Vehicle,18,Unable To Determine,3,Traffic Signal,4,Functioning Properly,8,Cloudy/Overcast,1,Daylight,1,Not Divided,1,Dry,2,Stopped,1,No Defects,R81,RFPD,41.9088783,-87.8057938,41.9088860,-87.8057556,1127849.25,1909824.75
32566,25 03290,2503290,X003864431,2025-06-24,11:13:00,2025-06-24 11:13:00,2025-06-24 16:13:19,Roosevelt Rd/S Harlem Ave,,ROOSEVELT RD,S HARLEM AVE,1,1,0,0,Property Damage,No Injuries,Car,11,Front To Rear,2,2,0,4,"$501 to $1,500",1,0,0,0,0,0,0,28,Failing To Reduce Speed To Avoid Crash,18,Unable To Determine,3,Traffic Signal,4,Functioning Properly,1,Clear,1,Daylight,1,Not Divided,1,Dry,2,Stopped,1,No Defects,O90,O18,41.8650131,-87.8041992,41.8649864,-87.8042068,1128380.25,1893842.88
32567,25 03297,2503297,X003864772,2025-06-24,15:29:00,2025-06-24 15:29:00,2025-06-25 09:15:02,Division St/Hayes Ave,,DIVISION ST,HAYES AVE,1,1,0,1,Property Damage,No Injuries,Pedalcyclist,2,Pedalcyclist,2,1,0,3,$500 or less,1,0,0,0,0,0,0,28,Failing To Reduce Speed To Avoid Crash,18,Unable To Determine,3,Traffic Signal,4,Functioning Properly,1,Clear,1,Daylight,14,Four-Way Intersection,1,Dry,3,Free Flow,1,No Defects,O10,O4,41.9019280,-87.7790222,41.9019585,-87.7790299,1135151.38,1907337.25
32569,25 03299,2503299,X003864763,2025-06-24,16:08:00,2025-06-24 16:08:00,2025-06-25 09:15:03,Lemoyne/N East Ave,,LEMOYNE,N EAST AVE,0,0,0,0,Property Damage,No Injuries,Car,9,Parked Motor Vehicle,2,2,0,5,"Over $1,500",0,1,0,0,0,0,0,20,Improper Lane Usage,18,Unable To Determine,2,Stop Sign,3,Functioning Improperly,8,Cloudy/Overcast,1,Daylight,1,Not Divided,1,Dry,3,Free Flow,1,No Defects,O20,O2,41.9072228,-87.7901611,41.9072495,-87.7901611,1132108.63,1909247.00
32571,25 03300,2503300,X003864760,2025-06-24,16:18:00,2025-06-24 16:18:00,2025-06-25 09:15:04,Chicago Ave/N Euclid Ave,,CHICAGO AVE,N EUCLID AVE,0,0,0,0,Property Damage,No Injuries,Car,11,Front To Rear,3,3,0,4,"$501 to $1,500",0,1,0,0,0,0,0,28,Failing To Reduce Speed To Avoid Crash,18,Unable To Determine,1,No Controls,1,No Controls,1,Clear,1,Daylight,2,"Divided, No Median Barrier",1,Dry,3,Free Flow,1,No Defects,O30,O8,41.8944130,-87.7928543,41.8944435,-87.7928543,1131404.75,1904574.38
32568,25 03298,2503298,X003864771,2025-06-24,16:20:00,2025-06-24 16:20:00,2025-06-25 09:15:02,N Austin Blvd/Washington Blvd,,N AUSTIN BLVD,WASHINGTON BLVD,0,0,0,0,Property Damage,No Injuries,Car,12,Sideswipe - Same Direction,2,2,0,4,"$501 to $1,500",1,0,0,0,0,0,0,02,Failing To Yield Right-Of-Way,18,Unable To Determine,1,No Controls,1,No Controls,1,Clear,1,Daylight,1,Not Divided,1,Dry,3,Free Flow,1,No Defects,,,41.8821068,-87.7746887,41.8821106,-87.7747269,1136378.00,1900122.38
32570,25 03303,2503303,X003864754,2025-06-24,20:34:00,2025-06-24 20:34:00,2025-06-25 09:15:03,6831 North Ave,6831,NORTH AVE,,0,0,0,0,Property Damage,No Injuries,Car,10,Turning (At Least One Vehicle),2,2,0,4,"$501 to $1,500",1,0,0,0,0,0,0,02,Failing To Yield Right-Of-Way,20,Improper Lane Usage,1,No Controls,1,No Controls,2,Rain,5,"Darkness, Lighted Road",3,Divided With Median Barrier,2,Wet,3,Free Flow,1,No Defects,O20,O3,41.9089623,-87.7973785,41.9088592,-87.7967758,1130138.00,1909869.25
32573,25 03310,2503310,X003865521,2025-06-25,11:02:00,2025-06-25 11:02:00,2025-06-25 16:32:53,520 S Maple Ave,520,S MAPLE AVE,,0,0,0,0,Property Damage,No Injuries,Car,9,Parked Motor Vehicle,2,2,0,5,"Over $1,500",1,0,0,0,0,0,0,28,Failing To Reduce Speed To Avoid Crash,15,Driving Skills/Knowledge/Experience,1,No Controls,1,No Controls,1,Clear,1,Daylight,1,Not Divided,1,Dry,1,Slow,1,No Defects,O60,O15,41.8796234,-87.8039017,41.8782425,-87.8033371,1128428.88,1899166.25
32575,25 03312,2503312,X003865523,2025-06-25,13:30:00,2025-06-25 13:30:00,2025-06-25 16:32:54,N Ridgeland Ave/Augusta Blvd,,N RIDGELAND AVE,AUGUSTA BLVD,0,1,0,0,Property Damage,No Injuries,Car,11,Front To Rear,2,2,0,5,"Over $1,500",1,0,0,0,0,0,0,03,Following Too Closely,28,Failing To Reduce Speed To Avoid Crash,3,Traffic Signal,4,Functioning Properly,1,Clear,1,Daylight,1,Not Divided,1,Dry,1,Slow,1,No Defects,O20,O5,41.8982162,-87.7850418,41.8982239,-87.7850037,1133522.63,1905974.50
32576,25 03321,2503321,X003866737,2025-06-25,17:13:00,2025-06-25 17:13:00,2025-06-26 09:55:59,400 S Austin Blvd,400,S AUSTIN BLVD,,0,0,0,0,Property Damage,No Injuries,Car,12,Sideswipe - Same Direction,2,2,0,5,"Over $1,500",1,0,0,0,0,0,0,02,Failing To Yield Right-Of-Way,15,Driving Skills/Knowledge/Experience,1,No Controls,1,No Controls,1,Clear,1,Daylight,2,"Divided, No Median Barrier",1,Dry,3,Free Flow,1,No Defects,O80,O13,41.8745155,-87.7745056,41.8744583,-87.7745438,1136446.38,1897356.38
32577,25 03331,2503331,X003866738,2025-06-26,09:27:00,2025-06-26 09:27:00,2025-06-26 12:53:26,North Ave Alley/N Harvey Ave,,NORTH AVE ALLEY,N HARVEY AVE,1,1,0,0,Property Damage,No Injuries,Car,15,Angle,2,2,0,4,"$501 to $1,500",1,0,0,0,0,0,0,02,Failing To Yield Right-Of-Way,28,Failing To Reduce Speed To Avoid Crash,1,No Controls,1,No Controls,1,Clear,1,Daylight,1,Not Divided,1,Dry,3,Free Flow,1,No Defects,O10,O1,41.9091530,-87.7821274,41.9054146,-87.7823257,1134290.88,1909964.00
32580,25 03332,2503332,X003866743,2025-06-26,09:38:00,2025-06-26 09:38:00,2025-06-26 16:24:11,North Ave/Forest Ave,,NORTH AVE,FOREST AVE,0,0,0,0,Injury,B Injury Crash,Car,11,Front To Rear,2,2,0,4,"$501 to $1,500",0,1,0,0,2,0,2,28,Failing To Reduce Speed To Avoid Crash,03,Following Too Closely,2,Stop Sign,4,Functioning Properly,1,Clear,1,Daylight,3,Divided With Median Barrier,1,Dry,1,Slow,1,No Defects,O20,O3,41.9089165,-87.8011856,41.9089394,-87.8011856,1129103.25,1909845.50
32578,25 03333,2503333,X003866740,2025-06-26,09:52:00,2025-06-26 09:52:00,2025-06-26 16:24:10,S Austin Blvd/Roosevelt Rd,,S AUSTIN BLVD,ROOSEVELT RD,0,0,0,0,Property Damage,No Injuries,Car,12,Sideswipe - Same Direction,2,2,0,4,"$501 to $1,500",1,0,0,0,0,0,0,03,Following Too Closely,28,Failing To Reduce Speed To Avoid Crash,1,No Controls,1,No Controls,1,Clear,1,Daylight,2,"Divided, No Median Barrier",1,Dry,2,Stopped,1,No Defects,O90,O16,41.8654671,-87.7741699,41.8654709,-87.7741394,1136559.00,1894060.13
32582,25 03334,2503334,X003866745,2025-06-26,09:53:00,2025-06-26 09:53:00,2025-06-26 16:29:48,7112 Roosevelt Road,7112,ROOSEVELT ROAD,,0,0,0,0,Property Damage,No Injuries,Car,12,Sideswipe - Same Direction,2,2,0,3,$500 or less,1,0,0,0,0,0,0,02,Failing To Yield Right-Of-Way,28,Failing To Reduce Speed To Avoid Crash,1,No Controls,1,No Controls,1,Clear,1,Daylight,2,"Divided, No Median Barrier",1,Dry,3,Free Flow,1,No Defects,O90,O18,41.8650360,-87.8024521,41.8651009,-87.8025360,1128857.50,1893854.50
32579,25 02453,2502453,X003866741,2025-06-26,10:47:00,2025-06-26 10:47:00,2025-06-26 16:24:10,824 S Oak Park,824,S OAK PARK,,0,0,0,1,Property Damage,No Injuries,Car,9,Parked Motor Vehicle,2,2,0,4,"$501 to $1,500",1,0,0,0,0,0,0,28,Failing To Reduce Speed To Avoid Crash,18,Unable To Determine,1,No Controls,1,No Controls,1,Clear,1,Daylight,1,Not Divided,1,Dry,3,Free Flow,1,No Defects,O60,O15,41.8734932,-87.7940750,41.8733025,-87.7938995,1131119.25,1896950.50
32586,25 03337,2503337,X003866751,2025-06-26,13:13:00,2025-06-26 13:13:00,2025-06-26 16:57:30,N Taylor Ave/Berkshire,,N TAYLOR AVE,BERKSHIRE,0,0,0,0,Property Damage,No Injuries,Car,12,Sideswipe - Same Direction,2,2,0,4,"$501 to $1,500",1,0,0,0,0,0,0,02,Failing To Yield Right-Of-Way,15,Driving Skills/Knowledge/Experience,2,Stop Sign,4,Functioning Properly,8,Cloudy/Overcast,1,Daylight,1,Not Divided,1,Dry,3,Free Flow,1,No Defects,O10,O1,41.9038849,-87.7779083,41.9038925,-87.7778702,1135450.13,1908052.88