record_id,report_number,crash_id,idot_crash_number,date,time,occurred_at,record_added_at,location,street_number,street_name,cross_street,at_intersection,intersection_related,private_property,hit_and_run,crash_severity,crash_injury_severity,crash_mode,crash_type_code,crash_type,total_units,num_motor_vehicles,dooring_pedalcyclist,damage_code,damage,no_injury_drive_away,injury_or_towed,fatalities,a_injuries,b_injuries,c_injuries,total_injured,cause1_code,cause1,cause2_code,cause2,traffic_control_code,traffic_control,device_condition_code,device_condition,weather_code,weather,lighting_code,lighting,trafficway_code,trafficway,road_surface_code,road_surface,flow_condition_code,flow_condition,road_defects_code,road_defects,beat_zone,post_district,latitude,longitude,latitude_geocoded,longitude_geocoded,state_plane_x,state_plane_y
32584,25 03340,2503340,X003866748,2025-06-26,14:31:00,2025-06-26 14:31:00,2025-06-26 17:03:06,Madison St/Wisconsin Ave,,MADISON ST,WISCONSIN AVE,0,0,0,0,Property Damage,No Injuries,Car,11,Front To Rear,2,2,0,4,"$501 to $1,500",1,0,0,0,0,0,0,03,Following Too Closely,28,Failing To Reduce Speed To Avoid Crash,3,Traffic Signal,4,Functioning Properly,1,Clear,1,Daylight,2,"Divided, No Median Barrier",1,Dry,2,Stopped,1,No Defects,O60,O15,41.8796082,-87.8023148,41.8796387,-87.8023148,1128861.88,1899164.00
32742,25 03345,2503345,X003896993,2025-06-26,15:59:00,2025-06-26 15:59:00,2025-07-23 14:55:41,Mapleton Ave/Berkshire St,,MAPLETON AVE,BERKSHIRE ST,1,1,0,0,Property Damage,No Injuries,Car,15,Angle,2,2,0,5,"Over $1,500",0,1,0,0,0,0,0,02,Failing To Yield Right-Of-Way,28,Failing To Reduce Speed To Avoid Crash,2,Stop Sign,4,Functioning Properly,1,Clear,1,Daylight,1,Not Divided,1,Dry,3,Free Flow,1,No Defects,O10,O1,41.9038315,-87.7815704,41.9038391,-87.7815323,1134454.13,1908026.88
32589,25 03346,2503346,X003866897,2025-06-26,17:38:00,2025-06-26 17:38:00,2025-06-27 07:32:10,Harrison St/S Lombard Ave,,HARRISON ST,S LOMBARD AVE,1,0,0,0,Property Damage,No Injuries,Car,11,Front To Rear,2,2,0,5,"Over $1,500",0,1,0,0,0,0,0,28,Failing To Reduce Speed To Avoid Crash,03,Following Too Closely,2,Stop Sign,4,Functioning Properly,1,Clear,1,Daylight,2,"Divided, No Median Barrier",1,Dry,3,Free Flow,1,No Defects,O80,O13,41.8726845,-87.7793045,41.8727150,-87.7793121,1135144.88,1896680.25
32590,25 03347,2503347,X003866878,2025-06-26,18:20:00,2025-06-26 18:20:00,2025-06-27 07:32:10,Madison St/S Taylor Ave,,MADISON ST,S TAYLOR AVE,1,1,0,0,Property Damage,No Injuries,Car,10,Turning (At Least One Vehicle),2,2,0,4,"$501 to $1,500",1,0,0,0,0,0,0,02,Failing To Yield Right-Of-Way,28,Failing To Reduce Speed To Avoid Crash,1,No Controls,1,No Controls,1,Clear,1,Daylight,1,Not Divided,1,Dry,3,Free Flow,1,No Defects,O80,O13,41.8800087,-87.7779312,41.8800316,-87.7783203,1135501.50,1899352.50
32861,25 03349,2503349,X003919334,2025-06-26,18:28:00,2025-06-26 18:28:00,2025-08-12 11:00:06,S Ridgeland Ave/Madison St,,S RIDGELAND AVE,MADISON ST,0,0,0,0,Property Damage,No Injuries,Car,15,Angle,2,2,0,5,"Over $1,500",0,1,0,0,0,0,0,02,Failing To Yield Right-Of-Way,99,Not Applicable,1,No Controls,1,No Controls,1,Clear,1,Daylight,1,Not Divided,1,Dry,2,Stopped,1,No Defects,O80,O13,41.8799324,-87.7844238,41.8799324,-87.7844620,1133732.63,1899313.88
32591,25 03350,2503350,X003867204,2025-06-26,19:14:00,2025-06-26 19:14:00,2025-06-27 07:32:10,N Harlem Ave/Randolph St,,N HARLEM AVE,RANDOLPH ST,1,1,0,0,Injury,C Injury Crash,Car,7,Other Object,2,1,0,5,"Over $1,500",0,1,0,0,0,1,1,10,Equipment - Vehicle Condition,18,Unable To Determine,3,Traffic Signal,4,Functioning Properly,1,Clear,1,Daylight,14,Four-Way Intersection,1,Dry,1,Slow,1,No Defects,O70,O12,41.8832092,-87.8048935,41.8832283,-87.8048630,1128150.63,1900472.25
32592,25 03351,2503351,X003866887,2025-06-26,23:06:00,2025-06-26 23:06:00,2025-06-27 07:32:11,N Harlem Ave/Washington Blvd,,N HARLEM AVE,WASHINGTON BLVD,1,1,0,0,Property Damage,No Injuries,Car,10,Turning (At Least One Vehicle),2,2,0,4,"$501 to $1,500",1,0,0,0,0,0,0,28,Failing To Reduce Speed To Avoid Crash,99,Not Applicable,3,Traffic Signal,4,Functioning Properly,1,Clear,5,"Darkness, Lighted Road",2,"Divided, No Median Barrier",1,Dry,1,Slow,1,No Defects,F1,FPPD,41.8813934,-87.8048325,41.8814087,-87.8047943,1128172.13,1899810.88
32596,25 03352,2503352,X003867955,2025-06-27,00:42:00,2025-06-27 00:42:00,2025-06-27 15:23:30,Augusta St/Austin Blvd,,AUGUSTA ST,AUSTIN BLVD,0,1,0,0,Property Damage,No Injuries,Car,9,Parked Motor Vehicle,3,3,0,5,"Over $1,500",0,1,0,0,0,0,0,18,Unable To Determine,28,Failing To Reduce Speed To Avoid Crash,3,Traffic Signal,4,Functioning Properly,1,Clear,5,"Darkness, Lighted Road",1,Not Divided,1,Dry,3,Free Flow,1,No Defects,O10,O4,41.8983345,-87.7752533,41.8983650,-87.7752533,1136186.13,1906035.63
32594,25 03356,2503356,X003867231,2025-06-27,09:15:00,2025-06-27 09:15:00,2025-06-27 11:14:08,Austin Blvd/N Austin Blvd,,AUSTIN BLVD,N AUSTIN BLVD,0,0,0,0,Property Damage,No Injuries,Car,12,Sideswipe - Same Direction,2,2,0,5,"Over $1,500",1,0,0,0,0,0,0,28,Failing To Reduce Speed To Avoid Crash,20,Improper Lane Usage,3,Traffic Signal,4,Functioning Properly,1,Clear,1,Daylight,2,"Divided, No Median Barrier",1,Dry,3,Free Flow,1,No Defects,O80,O13,41.8800888,-87.7746963,41.8800888,-87.7746582,1136381.50,1899387.00
32600,25 03364,2503364,X003870036,2025-06-27,13:50:00,2025-06-27 13:50:00,2025-06-30 09:19:30,South Blvd/N Austin Blvd,,SOUTH BLVD,N AUSTIN BLVD,1,1,0,0,Injury,A Injury Crash,Pedestrian,1,Pedestrian,2,1,0,3,$500 or less,0,1,0,1,0,0,1,02,Failing To Yield Right-Of-Way,18,Unable To Determine,3,Traffic Signal,4,Functioning Properly,1,Clear,1,Daylight,14,Four-Way Intersection,1,Dry,3,Free Flow,1,No Defects,O50,O10,41.8871040,-87.7748947,41.8870812,-87.7748947,1136310.00,1901943.88
32604,25 03392,2503392,X003870201,2025-06-28,14:38:00,2025-06-28 14:38:00,2025-06-30 09:19:32,922 Madison St,922,MADISON ST,,0,0,0,0,Property Damage,No Injuries,Car,11,Front To Rear,2,2,0,5,"Over $1,500",1,0,0,0,0,0,0,28,Failing To Reduce Speed To Avoid Crash,18,Unable To Determine,1,No Controls,1,No Controls,9,Unknown,9,Unknown,2,"Divided, No Median Barrier",9,Unknown,2,Stopped,1,No Defects,O70,O12,41.8797340,-87.7981491,41.8798180,-87.7979889,1129996.00,1899217.25
32602,25 03386,2503386,X003870197,2025-06-29,08:07:00,2025-06-29 08:07:00,2025-06-30 09:19:31,S Austin Blvd/Garfield St,,S AUSTIN BLVD,GARFIELD ST,1,1,0,0,Property Damage,No Injuries,Car,10,Turning (At Least One Vehicle),2,2,0,5,"Over $1,500",1,0,0,0,0,0,0,28,Failing To Reduce Speed To Avoid Crash,18,Unable To Determine,2,Stop Sign,4,Functioning Properly,1,Clear,1,Daylight,2,"Divided, No Median Barrier",1,Dry,3,Free Flow,1,No Defects,O90,O16,41.8704185,-87.7743530,41.8704224,-87.7743149,1136497.13,1895864.88
32605,25 03407,2503407,X003871090,2025-06-29,09:35:00,2025-06-29 09:35:00,2025-06-30 16:43:05,6405 North Ave,6405,NORTH AVE,,0,0,0,0,Property Damage,No Injuries,Car,11,Front To Rear,2,2,0,3,$500 or less,1,0,0,0,0,0,0,18,Unable To Determine,18,Unable To Determine,3,Traffic Signal,4,Functioning Properly,1,Clear,1,Daylight,2,"Divided, No Median Barrier",1,Dry,1,Slow,1,No Defects,O20,O2,41.9091148,-87.7850037,41.9089775,-87.7848740,1133506.00,1909946.13
32601,25 03397,2503397,X003870209,2025-06-29,20:06:00,2025-06-29 20:06:00,2025-06-30 09:19:31,800 Lake St,800,LAKE ST,,0,0,0,0,Property Damage,No Injuries,Car,9,Parked Motor Vehicle,2,2,0,4,"$501 to $1,500",1,0,0,0,0,0,0,30,Improper Backing,99,Not Applicable,1,No Controls,1,No Controls,1,Clear,1,Daylight,1,Not Divided,1,Dry,1,Slow,1,No Defects,O40,O9,41.8886719,-87.7945251,41.8887711,-87.7947235,1130962.50,1902480.13
32650,25 03401,2503401,X003881516,2025-06-30,01:57:00,2025-06-30 01:57:00,2025-07-09 09:52:08,S Ridgeland Ave/Harrison St,,S RIDGELAND AVE,HARRISON ST,0,0,0,1,Injury,A Injury Crash,Car,11,Front To Rear,2,2,0,5,"Over $1,500",0,1,0,1,0,0,1,03,Following Too Closely,18,Unable To Determine,1,No Controls,1,No Controls,1,Clear,5,"Darkness, Lighted Road",1,Not Divided,1,Dry,3,Free Flow,1,No Defects,O80,O13,41.8726311,-87.7841797,41.8726349,-87.7842178,1133816.00,1896653.38
32606,25 03413,2503413,X003871092,2025-06-30,11:19:00,2025-06-30 11:19:00,2025-06-30 16:43:06,1137 Chicago Ave,1137,CHICAGO AVE,,0,0,0,0,Property Damage,No Injuries,Car,15,Angle,2,2,0,4,"$501 to $1,500",1,0,0,0,0,0,0,18,Unable To Determine,18,Unable To Determine,1,No Controls,1,No Controls,8,Cloudy/Overcast,1,Daylight,1,Not Divided,1,Dry,3,Free Flow,1,No Defects,O40,O9,41.8942070,-87.8041687,41.8941078,-87.8046417,1128324.25,1904481.75
32607,25 03426,2503426,X003871548,2025-07-01,00:31:00,2025-07-01 00:31:00,2025-07-01 07:53:49,S Harlem Ave/Harvard St,,S HARLEM AVE,HARVARD ST,1,0,0,0,Injury,B Injury Crash,Car,6,Fixed Object,2,1,0,5,"Over $1,500",0,1,0,0,1,0,1,20,Improper Lane Usage,28,Failing To Reduce Speed To Avoid Crash,1,No Controls,1,No Controls,1,Clear,5,"Darkness, Lighted Road",1,Not Divided,1,Dry,3,Free Flow,1,No Defects,O90,O18,41.8686790,-87.8043060,41.8686943,-87.8043366,1128344.38,1895178.63
32608,25 03428,2503428,X003872563,2025-07-01,07:34:00,2025-07-01 07:34:00,2025-07-01 16:57:38,Roosevelt Rd/Grove Ave,,ROOSEVELT RD,GROVE AVE,1,1,0,0,Property Damage,No Injuries,Car,10,Turning (At Least One Vehicle),2,2,0,4,"$501 to $1,500",0,1,0,0,0,0,0,28,Failing To Reduce Speed To Avoid Crash,99,Not Applicable,1,No Controls,1,No Controls,1,Clear,1,Daylight,4,Two-Way Continuous Left-Turn Lane,1,Dry,2,Stopped,1,No Defects,O90,O18,41.8651695,-87.7950668,41.8651390,-87.7950668,1130868.88,1893914.13
32609,25 03429,2503429,X003872564,2025-07-01,08:15:00,2025-07-01 08:15:00,2025-07-01 16:51:58,Roosevelt Rd/Grove Ave,,ROOSEVELT RD,GROVE AVE,0,0,0,0,Property Damage,No Injuries,Car,12,Sideswipe - Same Direction,2,2,0,4,"$501 to $1,500",1,0,0,0,0,0,0,02,Failing To Yield Right-Of-Way,99,Not Applicable,1,No Controls,1,No Controls,1,Clear,1,Daylight,1,Not Divided,1,Dry,1,Slow,1,No Defects,O90,O18,41.8651695,-87.7950668,41.8651390,-87.7950668,1130868.88,1893914.13
32611,25 03432,2503432,X003872566,2025-07-01,09:22:00,2025-07-01 09:22:00,2025-07-01 16:51:59,Lake St/Forest Ave,,LAKE ST,FOREST AVE,0,0,0,0,Property Damage,No Injuries,Pedalcyclist,2,Pedalcyclist,2,1,0,3,$500 or less,1,0,0,0,0,0,0,20,Improper Lane Usage,03,Following Too Closely,1,No Controls,1,No Controls,1,Clear,1,Daylight,2,"Divided, No Median Barrier",1,Dry,3,Free Flow,1,No Defects,O40,O9,41.8886337,-87.8007965,41.8886642,-87.8007965,1129255.38,1902455.88
32610,25 03433,2503433,X003872565,2025-07-01,10:43:00,2025-07-01 10:43:00,2025-07-01 16:57:38,Madison St/Wisconsin Ave,,MADISON ST,WISCONSIN AVE,0,0,0,0,Property Damage,No Injuries,Car,11,Front To Rear,2,2,0,3,$500 or less,1,0,0,0,0,0,0,18,Unable To Determine,18,Unable To Determine,1,No Controls,1,No Controls,1,Clear,1,Daylight,2,"Divided, No Median Barrier",1,Dry,1,Slow,1,No Defects,O60,O15,41.8796082,-87.8023148,41.8796387,-87.8023148,1128861.88,1899164.00
32612,25 03437,2503437,X003872567,2025-07-01,12:19:00,2025-07-01 12:19:00,2025-07-01 16:57:38,Garfield St/S Austin Blvd,,GARFIELD ST,S AUSTIN BLVD,1,1,0,0,Injury,B Injury Crash,Pedestrian,1,Pedestrian,2,1,0,5,"Over $1,500",0,1,0,0,1,0,1,28,Failing To Reduce Speed To Avoid Crash,02,Failing To Yield Right-Of-Way,2,Stop Sign,3,Functioning Improperly,1,Clear,1,Daylight,2,"Divided, No Median Barrier",1,Dry,3,Free Flow,1,No Defects,O90,O16,41.8703918,-87.7743225,41.8704224,-87.7743149,1136506.38,1895854.13
32613,25 03446,2503446,X003872568,2025-07-01,16:43:00,2025-07-01 16:43:00,2025-07-02 00:27:01,1033 Lincoln Trl,1033,LINCOLN TRL,,0,0,0,0,Property Damage,No Injuries,Car,6,Fixed Object,1,1,0,5,"Over $1,500",1,0,0,0,0,0,0,06,Improper Turning/No Signal,15,Driving Skills/Knowledge/Experience,1,No Controls,1,No Controls,1,Clear,1,Daylight,1,Not Divided,1,Dry,3,Free Flow,1,No Defects,O70,O12,41.8808250,-87.8014984,41.8808174,-87.8014297,1129080.38,1899609.13
32615,25 03448,2503448,X003873107,2025-07-01,17:33:00,2025-07-01 17:33:00,2025-07-02 08:46:31,Chicago Ave/Kenilworth Ave,,CHICAGO AVE,KENILWORTH AVE,0,0,0,0,Property Damage,No Injuries,Car,11,Front To Rear,2,2,0,5,"Over $1,500",1,0,0,0,0,0,0,28,Failing To Reduce Speed To Avoid Crash,99,Not Applicable,1,No Controls,1,No Controls,1,Clear,1,Daylight,1,Not Divided,1,Dry,1,Slow,1,No Defects,O40,O9,41.8943253,-87.7976685,41.8943520,-87.7976761,1130093.38,1904535.50
32616,25 03456,2503456,X003873737,2025-07-02,09:41:00,2025-07-02 09:41:00,2025-07-02 16:26:39,Washington Blvd/S Kenilworth Ave,,WASHINGTON BLVD,S KENILWORTH AVE,0,0,0,0,Property Damage,No Injuries,Car,9,Parked Motor Vehicle,2,2,0,5,"Over $1,500",0,1,0,0,0,0,0,10,Equipment - Vehicle Condition,18,Unable To Determine,1,No Controls,1,No Controls,1,Clear,1,Daylight,1,Not Divided,1,Dry,3,Free Flow,1,No Defects,O70,O12,41.8815270,-87.7969742,41.8815537,-87.7969742,1130311.88,1899872.13
32617,25 03457,2503457,X003873738,2025-07-02,10:08:00,2025-07-02 10:08:00,2025-07-02 16:26:39,S Lombard Ave - West Alley/Roosevelt Rd - Alley,,S LOMBARD AVE - WEST ALLEY,ROOSEVELT RD - ALLEY,1,1,0,0,Property Damage,No Injuries,Car,10,Turning (At Least One Vehicle),2,2,0,4,"$501 to $1,500",1,0,0,0,0,0,0,02,Failing To Yield Right-Of-Way,14,"Vision Obscured (Signs, Tree Limbs, Buildings",1,No Controls,1,No Controls,1,Clear,1,Daylight,12,Alley,1,Dry,3,Free Flow,1,No Defects,O90,O16,41.8654022,-87.7790146,41.8651276,-87.7957153,1135239.13,1894027.38
32637,25 03458,2503458,X003879428,2025-07-02,10:39:00,2025-07-02 10:39:00,2025-07-08 09:43:04,Chicago Ave/N Ridgeland Ave,,CHICAGO AVE,N RIDGELAND AVE,1,1,0,0,Property Damage,No Injuries,Car,12,Sideswipe - Same Direction,2,2,0,5,"Over $1,500",1,0,0,0,0,0,0,04,Improper Overtaking/Passing,06,Improper Turning/No Signal,3,Traffic Signal,4,Functioning Properly,1,Clear,1,Daylight,14,Four-Way Intersection,1,Dry,3,Free Flow,1,No Defects,O30,O7,41.8945465,-87.7848740,41.8945770,-87.7848740,1133576.63,1904637.00
32636,25 03476,2503476,X003879433,2025-07-02,17:26:00,2025-07-02 17:26:00,2025-07-08 09:43:04,S Maple Ave/Madison St,,S MAPLE AVE,MADISON ST,1,1,0,1,Property Damage,No Injuries,Car,10,Turning (At Least One Vehicle),2,2,0,5,"Over $1,500",1,0,0,0,0,0,0,28,Failing To Reduce Speed To Avoid Crash,99,Not Applicable,1,No Controls,1,No Controls,1,Clear,1,Daylight,1,Not Divided,1,Dry,3,Free Flow,1,No Defects,O70,O12,41.8796234,-87.8038330,41.8796196,-87.8038635,1128448.88,1899167.25
32619,25 03478,2503478,X003874858,2025-07-03,09:33:00,2025-07-03 09:33:00,2025-07-03 16:00:42,N Oak Park Ave/Lake St,,N OAK PARK AVE,LAKE ST,1,1,0,0,Property Damage,No Injuries,Car,12,Sideswipe - Same Direction,2,2,0,5,"Over $1,500",1,0,0,0,0,0,0,04,Improper Overtaking/Passing,28,Failing To Reduce Speed To Avoid Crash,3,Traffic Signal,4,Functioning Properly,1,Clear,1,Daylight,1,Not Divided,1,Dry,3,Free Flow,1,No Defects,O40,O9,41.8886414,-87.7945633,41.8886452,-87.7945251,1130952.25,1902468.88
32630,25 03498,2503498,X003880223,2025-07-04,11:05:00,2025-07-04 11:05:00,2025-07-08 09:43:02,Division St/Hayes Ave,,DIVISION ST,HAYES AVE,1,1,0,0,Property Damage,No Injuries,Car,15,Angle,2,2,0,4,"$501 to $1,500",1,0,0,0,0,0,0,28,Failing To Reduce Speed To Avoid Crash,99,Not Applicable,2,Stop Sign,1,No Controls,8,Cloudy/Overcast,1,Daylight,14,Four-Way Intersection,2,Wet,3,Free Flow,1,No Defects,O10,O4,41.9019280,-87.7790222,41.9019585,-87.7790299,1135151.38,1907337.25
32631,25 03501,2503501,X003880224,2025-07-04,15:33:00,2025-07-04 15:33:00,2025-07-08 09:43:02,Highland Ave/Adams St,,HIGHLAND AVE,ADAMS ST,0,0,0,1,Property Damage,No Injuries,Car,9,Parked Motor Vehicle,2,2,0,5,"Over $1,500",1,0,0,0,0,0,0,18,Unable To Determine,18,Unable To Determine,2,Stop Sign,4,Functioning Properly,1,Clear,1,Daylight,1,Not Divided,1,Dry,3,Free Flow,1,No Defects,O80,O13,41.8781204,-87.7819138,41.8781166,-87.7819443,1134421.63,1898657.25
32632,25 03505,2503505,X003880225,2025-07-04,23:03:00,2025-07-04 23:03:00,2025-07-08 09:43:02,S Austin Blvd/W Adams Blvd,,S AUSTIN BLVD,W ADAMS BLVD,1,1,0,0,Property Damage,No Injuries,Car,12,Sideswipe - Same Direction,2,2,0,4,"$501 to $1,500",1,0,0,0,0,0,0,02,Failing To Yield Right-Of-Way,99,Not Applicable,2,Stop Sign,4,Functioning Properly,1,Clear,5,"Darkness, Lighted Road",15,T-Intersection,1,Dry,1,Slow,1,No Defects,O80,O13,41.8776207,-87.7746124,41.8782463,-87.7747116,1136410.88,1898487.00
32668,25 03507,2503507,X003882651,2025-07-05,01:10:00,2025-07-05 01:10:00,2025-07-10 20:00:19,S Cuyler Ave/Van Buren,,S CUYLER AVE,VAN BUREN,0,0,0,1,Property Damage,No Injuries,Car,9,Parked Motor Vehicle,2,2,0,5,"Over $1,500",1,0,0,0,0,0,0,28,Failing To Reduce Speed To Avoid Crash,30,Improper Backing,1,No Controls,1,No Controls,1,Clear,5,"Darkness, Lighted Road",1,Not Divided,1,Dry,3,Free Flow,1,No Defects,O80,O13,41.8744812,-87.7830124,41.8744812,-87.7830505,1134130.00,1897328.50
32633,25 03509,2503509,X003880226,2025-07-05,10:49:00,2025-07-05 10:49:00,2025-07-08 09:43:03,Augusta St/N East Ave,,AUGUSTA ST,N EAST AVE,0,0,0,1,Property Damage,No Injuries,Car,13,Sideswipe - Opposite Direction,2,2,0,5,"Over $1,500",1,0,0,0,0,0,0,18,Unable To Determine,18,Unable To Determine,1,No Controls,1,No Controls,8,Cloudy/Overcast,1,Daylight,1,Not Divided,1,Dry,3,Free Flow,1,No Defects,O20,O5,41.8981171,-87.7898865,41.8981514,-87.7898865,1132203.63,1905930.38
32638,25 03511,2503511,X003880229,2025-07-05,11:55:00,2025-07-05 11:55:00,2025-07-08 09:43:05,N Austin Blvd/Chicago Ave,,N AUSTIN BLVD,CHICAGO AVE,0,0,0,1,Property Damage,No Injuries,Car,12,Sideswipe - Same Direction,2,2,0,4,"$501 to $1,500",1,0,0,0,0,0,0,04,Improper Overtaking/Passing,28,Failing To Reduce Speed To Avoid Crash,1,No Controls,1,No Controls,1,Clear,1,Daylight,2,"Divided, No Median Barrier",1,Dry,3,Free Flow,1,No Defects,,,41.8947105,-87.7751083,41.8947105,-87.7751389,1136235.63,1904714.63
32624,25 03512,2503512,X003880217,2025-07-05,14:10:00,2025-07-05 14:10:00,2025-07-08 09:37:20,S Harlem Ave/Jackson Blvd,,S HARLEM AVE,JACKSON BLVD,0,0,0,0,Property Damage,No Injuries,Car,12,Sideswipe - Same Direction,2,2,0,5,"Over $1,500",1,0,0,0,0,0,0,02,Failing To Yield Right-Of-Way,20,Improper Lane Usage,3,Traffic Signal,4,Functioning Properly,1,Clear,1,Daylight,2,"Divided, No Median Barrier",1,Dry,3,Free Flow,1,No Defects,O60,O15,41.8759766,-87.8045654,41.8759842,-87.8046036,1128256.50,1897837.00
32658,25 03516,2503516,X003881736,2025-07-05,19:52:00,2025-07-05 19:52:00,2025-07-10 09:44:14,235 S Marion St,235,S MARION ST,,0,0,0,0,Property Damage,No Injuries,Car,9,Parked Motor Vehicle,2,2,0,5,"Over $1,500",0,1,0,0,0,0,0,20,Improper Lane Usage,15,Driving Skills/Knowledge/Experience,1,No Controls,1,No Controls,1,Clear,3,Dusk,1,Not Divided,1,Dry,3,Free Flow,1,No Defects,O70,O12,41.8842926,-87.8024292,41.8842735,-87.8026581,1128819.13,1900870.38
32659,25 03518,2503518,X003881737,2025-07-06,03:06:00,2025-07-06 03:06:00,2025-07-10 09:44:14,1520 N Austin Blvd,1520,N AUSTIN BLVD,,0,0,0,0,Property Damage,No Injuries,Car,9,Parked Motor Vehicle,2,2,0,5,"Over $1,500",0,1,0,0,0,0,0,20,Improper Lane Usage,99,Not Applicable,1,No Controls,1,No Controls,1,Clear,4,Darkness,2,"Divided, No Median Barrier",9,Unknown,3,Free Flow,99,Unknown,O10,O4,41.9085426,-87.7755508,41.9082375,-87.7758331,1136081.75,1909754.75
32634,25 03527,2503527,X003880227,2025-07-06,14:49:00,2025-07-06 14:49:00,2025-07-08 09:43:03,Madison/Wisconsin,,MADISON,WISCONSIN,0,0,0,0,Injury,B Injury Crash,Car,15,Angle,2,2,0,5,"Over $1,500",0,1,0,0,1,0,1,02,Failing To Yield Right-Of-Way,99,Not Applicable,1,No Controls,1,No Controls,1,Clear,1,Daylight,1,Not Divided,1,Dry,3,Free Flow,1,No Defects,O60,O15,41.8796082,-87.8023148,41.8796387,-87.8023148,1128861.88,1899164.00
32640,25 03562,2503562,X003880231,2025-07-06,17:50:00,2025-07-06 17:50:00,2025-07-08 17:12:16,Garfield St/S Oak Park Ave,,GARFIELD ST,S OAK PARK AVE,0,0,0,0,Property Damage,No Injuries,Car,11,Front To Rear,2,2,0,5,"Over $1,500",1,0,0,0,0,0,0,28,Failing To Reduce Speed To Avoid Crash,18,Unable To Determine,1,No Controls,1,No Controls,1,Clear,1,Daylight,2,"Divided, No Median Barrier",1,Dry,2,Stopped,1,No Defects,O90,O18,41.8719978,-87.7939911,41.8720245,-87.7939911,1131146.25,1896404.88
32626,25 03551,2503551,,2025-07-07,11:23:00,2025-07-07 11:23:00,2025-07-08 09:31:37,323 South Blvd,323,SOUTH BLVD,,0,0,0,0,Property Damage,No Injuries,Car,7,Other Object,2,1,0,5,"Over $1,500",0,1,0,0,0,0,0,28,Failing To Reduce Speed To Avoid Crash,17,Physical Condition Of Driver,1,No Controls,1,No Controls,1,Clear,1,Daylight,1,Not Divided,1,Dry,3,Free Flow,1,No Defects,O50,O10,41.8869362,-87.7833939,41.8868828,-87.7842331,1133996.75,1901867.00
32627,25 03552,2503552,,2025-07-07,11:31:00,2025-07-07 11:31:00,2025-07-08 09:37:20,N Ridgeland Ave/Berkshire St,,N RIDGELAND AVE,BERKSHIRE ST,1,1,0,0,Injury,C Injury Crash,Car,10,Turning (At Least One Vehicle),2,2,0,5,"Over $1,500",0,1,0,0,0,1,1,02,Failing To Yield Right-Of-Way,06,Improper Turning/No Signal,2,Stop Sign,4,Functioning Properly,1,Clear,1,Daylight,2,"Divided, No Median Barrier",1,Dry,3,Free Flow,1,No Defects,O20,O2,41.9038010,-87.7842178,41.9038010,-87.7841873,1133732.13,1908011.13
32628,25 03555,2503555,X003880220,2025-07-07,12:26:00,2025-07-07 12:26:00,2025-07-08 09:37:21,Madison St/S Maple Ave,,MADISON ST,S MAPLE AVE,1,1,0,0,Property Damage,No Injuries,Car,15,Angle,2,2,0,5,"Over $1,500",1,0,0,0,0,0,0,02,Failing To Yield Right-Of-Way,28,Failing To Reduce Speed To Avoid Crash,2,Stop Sign,4,Functioning Properly,1,Clear,1,Daylight,1,Not Divided,1,Dry,3,Free Flow,1,No Defects,O60,O15,41.8795929,-87.8038635,41.8796196,-87.8038635,1128439.38,1899156.50
32643,25 03571,2503571,X003880235,2025-07-08,07:28:00,2025-07-08 07:28:00,2025-07-08 17:12:17,S Oak Park Ave/Randolph St,,S OAK PARK AVE,RANDOLPH ST,0,0,0,0,Property Damage,No Injuries,Car,11,Front To Rear,2,2,0,3,$500 or less,1,0,0,0,0,0,0,99,Not Applicable,99,Not Applicable,1,No Controls,1,No Controls,1,Clear,1,Daylight,2,"Divided, No Median Barrier",1,Dry,3,Free Flow,1,No Defects,O60,O11,41.8832970,-87.7943268,41.8834534,-87.7943649,1131028.38,1900522.88
32639,25 03572,2503572,X003880230,2025-07-08,10:46:00,2025-07-08 10:46:00,2025-07-08 17:12:16,North Ave/Harlem Ave,,NORTH AVE,HARLEM AVE,1,1,0,1,Property Damage,No Injuries,Car,11,Front To Rear,2,2,0,3,$500 or less,1,0,0,0,0,0,0,02,Failing To Yield Right-Of-Way,28,Failing To Reduce Speed To Avoid Crash,3,Traffic Signal,4,Functioning Properly,1,Clear,1,Daylight,2,"Divided, No Median Barrier",1,Dry,3,Free Flow,1,No Defects,R81,RFPD,41.9088554,-87.8057556,41.9088860,-87.8057556,1127858.75,1909816.50
32641,25 03574,2503574,X003880232,2025-07-08,13:49:00,2025-07-08 13:49:00,2025-07-08 17:12:16,Lake St/Oak Park,,LAKE ST,OAK PARK,0,1,0,0,Property Damage,No Injuries,Car,11,Front To Rear,3,3,0,5,"Over $1,500",1,0,0,0,0,0,0,28,Failing To Reduce Speed To Avoid Crash,03,Following Too Closely,3,Traffic Signal,4,Functioning Properly,1,Clear,1,Daylight,2,"Divided, No Median Barrier",1,Dry,3,Free Flow,1,No Defects,O40,O9,41.8886185,-87.7945175,41.8886452,-87.7945251,1130963.00,1902460.13