record_id,report_number,crash_id,idot_crash_number,date,time,occurred_at,record_added_at,location,street_number,street_name,cross_street,at_intersection,intersection_related,private_property,hit_and_run,crash_severity,crash_injury_severity,crash_mode,crash_type_code,crash_type,total_units,num_motor_vehicles,dooring_pedalcyclist,damage_code,damage,no_injury_drive_away,injury_or_towed,fatalities,a_injuries,b_injuries,c_injuries,total_injured,cause1_code,cause1,cause2_code,cause2,traffic_control_code,traffic_control,device_condition_code,device_condition,weather_code,weather,lighting_code,lighting,trafficway_code,trafficway,road_surface_code,road_surface,flow_condition_code,flow_condition,road_defects_code,road_defects,beat_zone,post_district,latitude,longitude,latitude_geocoded,longitude_geocoded,state_plane_x,state_plane_y
32651,25 03577,2503577,X003880760,2025-07-08,15:28:00,2025-07-08 15:28:00,2025-07-09 09:52:09,Augusta St/N Lombard Ave,,AUGUSTA ST,N LOMBARD AVE,1,1,0,1,Property Damage,No Injuries,Car,15,Angle,2,2,0,5,"Over $1,500",0,1,0,0,0,0,0,23,Disregarding Stop Sign,02,Failing To Yield Right-Of-Way,2,Stop Sign,4,Functioning Properly,2,Rain,1,Daylight,14,Four-Way Intersection,2,Wet,,,1,No Defects,O10,O4,41.8982620,-87.7801209,41.8982849,-87.7801209,1134861.50,1905999.13
32644,25 03582,2503582,X003880236,2025-07-08,19:39:00,2025-07-08 19:39:00,2025-07-08 22:00:28,N Harlem Ave/South Blvd,,N HARLEM AVE,SOUTH BLVD,0,0,0,0,Property Damage,No Injuries,Car,12,Sideswipe - Same Direction,2,2,0,4,"$501 to $1,500",1,0,0,0,0,0,0,18,Unable To Determine,18,Unable To Determine,3,Traffic Signal,4,Functioning Properly,1,Clear,1,Daylight,1,Not Divided,1,Dry,3,Free Flow,1,No Defects,F1,FPPD,41.8866921,-87.8050156,41.8867111,-87.8049927,1128109.63,1901740.13
32652,25 03586,2503586,X003880761,2025-07-08,22:23:00,2025-07-08 22:23:00,2025-07-09 09:52:09,18 Chicago Ave,18,CHICAGO AVE,,0,0,0,1,Property Damage,No Injuries,Car,10,Turning (At Least One Vehicle),2,2,0,5,"Over $1,500",0,1,0,0,0,0,0,20,Improper Lane Usage,99,Not Applicable,1,No Controls,1,No Controls,2,Rain,5,"Darkness, Lighted Road",1,Not Divided,2,Wet,3,Free Flow,1,No Defects,O30,O7,41.8946686,-87.7763214,41.8948097,-87.7760239,1135905.38,1904696.00
32653,25 03588,2503588,X003880951,2025-07-09,11:29:00,2025-07-09 11:29:00,2025-07-09 16:20:16,Ridgeland Ave/Madison St,,RIDGELAND AVE,MADISON ST,0,0,0,0,Injury,B Injury Crash,Car,10,Turning (At Least One Vehicle),3,3,0,5,"Over $1,500",0,1,0,0,1,0,1,28,Failing To Reduce Speed To Avoid Crash,02,Failing To Yield Right-Of-Way,3,Traffic Signal,4,Functioning Properly,1,Clear,1,Daylight,2,"Divided, No Median Barrier",1,Dry,3,Free Flow,1,No Defects,O80,O13,41.8799324,-87.7844238,41.8799324,-87.7844620,1133732.63,1899313.88
32654,25 03592,2503592,X003880949,2025-07-09,14:08:00,2025-07-09 14:08:00,2025-07-09 16:20:16,Washington Blvd/Maple Ave,,WASHINGTON BLVD,MAPLE AVE,1,1,0,0,Property Damage,No Injuries,Car,15,Angle,2,2,0,5,"Over $1,500",1,0,0,0,0,0,0,02,Failing To Yield Right-Of-Way,28,Failing To Reduce Speed To Avoid Crash,2,Stop Sign,4,Functioning Properly,1,Clear,1,Daylight,2,"Divided, No Median Barrier",1,Dry,3,Free Flow,1,No Defects,O70,O12,41.8813858,-87.8039246,41.8814201,-87.8039246,1128419.88,1899809.88
32662,25 03596,2503596,X003882049,2025-07-09,15:23:00,2025-07-09 15:23:00,2025-07-10 14:54:48,N Harvey Ave/Lake St,,N HARVEY AVE,LAKE ST,1,1,0,0,Injury,B Injury Crash,Car,15,Angle,2,2,0,5,"Over $1,500",0,1,0,0,2,0,2,28,Failing To Reduce Speed To Avoid Crash,99,Not Applicable,3,Traffic Signal,4,Functioning Properly,1,Clear,1,Daylight,14,Four-Way Intersection,1,Dry,3,Free Flow,1,No Defects,O30,O7,41.8882103,-87.7810822,41.8882217,-87.7814407,1134623.63,1902335.88
32660,25 03603,2503603,X003881758,2025-07-09,17:49:00,2025-07-09 17:49:00,2025-07-10 09:49:53,S Marion St/South Blvd,,S MARION ST,SOUTH BLVD,0,0,0,0,Property Damage,No Injuries,Car,9,Parked Motor Vehicle,2,2,0,3,$500 or less,1,0,0,0,0,0,0,30,Improper Backing,28,Failing To Reduce Speed To Avoid Crash,1,No Controls,1,No Controls,1,Clear,1,Daylight,1,Not Divided,1,Dry,3,Free Flow,1,No Defects,O70,O12,41.8867378,-87.8024979,41.8867378,-87.8025360,1128796.25,1901762.25
32657,25 03602,2503602,X003882803,2025-07-09,18:19:00,2025-07-09 18:19:00,2025-07-10 09:44:14,S Oak Park Ave/Roosevelt Rd,,S OAK PARK AVE,ROOSEVELT RD,1,1,0,0,Injury,C Injury Crash,Pedestrian,1,Pedestrian,2,1,0,3,$500 or less,0,1,0,0,0,1,1,99,Not Applicable,99,Not Applicable,3,Traffic Signal,4,Functioning Properly,1,Clear,1,Daylight,14,Four-Way Intersection,1,Dry,1,Slow,1,No Defects,O90,O17,41.8651657,-87.7937164,41.8651657,-87.7937546,1131236.00,1893916.13
32889,25 03605,2503605,X003926485,2025-07-09,18:56:00,2025-07-09 18:56:00,2025-08-18 10:36:10,N Austin Blvd/Madison St,,N AUSTIN BLVD,MADISON ST,1,1,0,0,Injury,B Injury Crash,Car,15,Angle,2,2,0,5,"Over $1,500",0,1,0,0,1,0,1,25,Disregarding Traffic Signals,28,Failing To Reduce Speed To Avoid Crash,3,Traffic Signal,4,Functioning Properly,1,Clear,1,Daylight,1,Not Divided,9,Unknown,3,Free Flow,99,Unknown,,,41.8800926,-87.7746201,41.8800888,-87.7746582,1136401.50,1899388.00
32663,25 03613,2503613,X003882646,2025-07-10,07:33:00,2025-07-10 07:33:00,2025-07-10 15:00:24,S Harlem Ave/Roosevelt Rd,,S HARLEM AVE,ROOSEVELT RD,1,1,0,0,Injury,B Injury Crash,Car,10,Turning (At Least One Vehicle),2,2,0,5,"Over $1,500",0,1,0,0,1,0,1,02,Failing To Yield Right-Of-Way,28,Failing To Reduce Speed To Avoid Crash,3,Traffic Signal,4,Functioning Properly,1,Clear,1,Daylight,1,Not Divided,1,Dry,3,Free Flow,1,No Defects,,,41.8649864,-87.8041687,41.8649864,-87.8042068,1128389.25,1893832.00
32667,25 03620,2503620,X003882650,2025-07-10,12:15:00,2025-07-10 12:15:00,2025-07-10 17:25:05,North Ave/N Ridgeland Ave,,NORTH AVE,N RIDGELAND AVE,1,1,0,0,Property Damage,No Injuries,Car,10,Turning (At Least One Vehicle),2,2,0,5,"Over $1,500",1,0,0,0,0,0,0,18,Unable To Determine,18,Unable To Determine,3,Traffic Signal,4,Functioning Properly,1,Clear,1,Daylight,14,Four-Way Intersection,1,Dry,3,Free Flow,1,No Defects,O10,O1,41.9091339,-87.7833710,41.9091644,-87.7833710,1133952.25,1909956.38
32665,25 03617,2503617,X003898310,2025-07-10,12:31:00,2025-07-10 12:31:00,2025-07-10 15:05:57,North Ave/Hayes Ave,,NORTH AVE,HAYES AVE,1,1,0,0,Property Damage,No Injuries,Car,10,Turning (At Least One Vehicle),2,2,0,5,"Over $1,500",1,0,0,0,0,0,0,02,Failing To Yield Right-Of-Way,28,Failing To Reduce Speed To Avoid Crash,2,Stop Sign,4,Functioning Properly,1,Clear,1,Daylight,3,Divided With Median Barrier,1,Dry,3,Free Flow,1,No Defects,O10,O1,41.9091835,-87.7795181,41.9092102,-87.7795181,1135000.50,1909980.25
32666,25 03618,2503618,X003882649,2025-07-10,12:40:00,2025-07-10 12:40:00,2025-07-10 17:25:05,Roosevelt Rd/Wisconsin Ave,,ROOSEVELT RD,WISCONSIN AVE,0,0,0,0,Property Damage,No Injuries,Car,11,Front To Rear,3,3,0,5,"Over $1,500",1,0,0,0,0,0,0,28,Failing To Reduce Speed To Avoid Crash,03,Following Too Closely,1,No Controls,1,No Controls,1,Clear,1,Daylight,4,Two-Way Continuous Left-Turn Lane,1,Dry,2,Stopped,1,No Defects,O90,O18,41.8650513,-87.8015976,41.8650207,-87.8017807,1129090.75,1893861.00
32664,25 03622,2503622,X003882647,2025-07-10,12:59:00,2025-07-10 12:59:00,2025-07-10 14:54:48,1133 Chicago Ave,1133,CHICAGO AVE,,0,0,0,0,Property Damage,No Injuries,Car,12,Sideswipe - Same Direction,2,2,0,5,"Over $1,500",1,0,0,0,0,0,0,02,Failing To Yield Right-Of-Way,28,Failing To Reduce Speed To Avoid Crash,3,Traffic Signal,4,Functioning Properly,1,Clear,1,Daylight,2,"Divided, No Median Barrier",1,Dry,3,Free Flow,1,No Defects,O40,O9,41.8942032,-87.8045044,41.8941269,-87.8042221,1128233.38,1904479.38
32753,25 03629,2503629,X003898144,2025-07-10,17:57:00,2025-07-10 17:57:00,2025-07-24 11:17:33,750 Division St,750,DIVISION ST,,0,0,0,0,Injury,B Injury Crash,Car,11,Front To Rear,2,2,0,4,"$501 to $1,500",0,1,0,0,1,0,1,28,Failing To Reduce Speed To Avoid Crash,99,Not Applicable,3,Traffic Signal,4,Functioning Properly,1,Clear,1,Daylight,1,Not Divided,9,Unknown,3,Free Flow,99,Unknown,O20,O2,41.9017448,-87.7940903,41.9017792,-87.7940598,1131051.88,1907244.38
32669,25 03630,2503630,X003884573,2025-07-10,19:37:00,2025-07-10 19:37:00,2025-07-11 08:31:33,N Harlem Ave/Pleasant St,,N HARLEM AVE,PLEASANT ST,1,0,0,0,Property Damage,No Injuries,Car,12,Sideswipe - Same Direction,2,2,0,4,"$501 to $1,500",1,0,0,0,0,0,0,02,Failing To Yield Right-Of-Way,04,Improper Overtaking/Passing,1,No Controls,1,No Controls,2,Rain,1,Daylight,4,Two-Way Continuous Left-Turn Lane,2,Wet,3,Free Flow,1,No Defects,F1,FPPD,41.8853912,-87.8049774,41.8854065,-87.8049393,1128124.38,1901267.88
32670,25 03634,2503634,X003882835,2025-07-10,20:00:00,2025-07-10 20:00:00,2025-07-11 08:31:33,Lake St/Forest Ave,,LAKE ST,FOREST AVE,1,1,0,1,Property Damage,No Injuries,Car,12,Sideswipe - Same Direction,2,2,0,4,"$501 to $1,500",1,0,0,0,0,0,0,04,Improper Overtaking/Passing,99,Not Applicable,2,Stop Sign,4,Functioning Properly,2,Rain,5,"Darkness, Lighted Road",15,T-Intersection,2,Wet,1,Slow,1,No Defects,O40,O9,41.8886337,-87.8007965,41.8886642,-87.8007965,1129255.38,1902455.88
32683,25 03640,2503640,X003886634,2025-07-11,12:28:00,2025-07-11 12:28:00,2025-07-14 09:04:35,533 S Elmwood Ave,533,S ELMWOOD AVE,,0,0,0,0,Property Damage,No Injuries,Car,9,Parked Motor Vehicle,2,2,0,4,"$501 to $1,500",1,0,0,0,0,0,0,18,Unable To Determine,28,Failing To Reduce Speed To Avoid Crash,1,No Controls,1,No Controls,1,Clear,1,Daylight,1,Not Divided,1,Dry,1,Slow,1,No Defects,O60,O14,41.8786087,-87.7856140,41.8785858,-87.7858047,1133412.63,1898828.25
32684,25 03641,2503641,X003886635,2025-07-11,13:14:00,2025-07-11 13:14:00,2025-07-14 09:04:35,North Ave/Rossell Ave,,NORTH AVE,ROSSELL AVE,1,1,0,0,Property Damage,No Injuries,Car,10,Turning (At Least One Vehicle),2,2,0,3,$500 or less,1,0,0,0,0,0,0,02,Failing To Yield Right-Of-Way,15,Driving Skills/Knowledge/Experience,2,Stop Sign,4,Functioning Properly,1,Clear,1,Daylight,2,"Divided, No Median Barrier",1,Dry,3,Free Flow,1,No Defects,O20,O2,41.9091034,-87.7860489,41.9091301,-87.7860565,1133222.13,1909939.63
32686,25 03643,2503643,X003886637,2025-07-11,13:36:00,2025-07-11 13:36:00,2025-07-14 09:04:36,1147 S Ridgeland Ave,1147,S RIDGELAND AVE,,0,0,0,1,Property Damage,No Injuries,Car,9,Parked Motor Vehicle,2,2,0,4,"$501 to $1,500",1,0,0,0,0,0,0,28,Failing To Reduce Speed To Avoid Crash,06,Improper Turning/No Signal,1,No Controls,1,No Controls,1,Clear,1,Daylight,2,"Divided, No Median Barrier",1,Dry,3,Free Flow,1,No Defects,O90,O16,41.8672295,-87.7839966,41.8673058,-87.7842026,1133879.38,1894685.25
32674,25 03646,2503646,X003886630,2025-07-11,14:35:00,2025-07-11 14:35:00,2025-07-14 08:58:44,Forest Ave/Lake St,,FOREST AVE,LAKE ST,1,1,0,0,Property Damage,No Injuries,Car,12,Sideswipe - Same Direction,2,2,0,4,"$501 to $1,500",1,0,0,0,0,0,0,02,Failing To Yield Right-Of-Way,18,Unable To Determine,3,Traffic Signal,4,Functioning Properly,1,Clear,1,Daylight,1,Not Divided,1,Dry,3,Free Flow,1,No Defects,O40,O9,41.8886566,-87.8008347,41.8886642,-87.8007965,1129244.88,1902464.50
32677,25 03673,2503673,X003886632,2025-07-11,16:53:00,2025-07-11 16:53:00,2025-07-14 08:58:45,Madison St/Grove Ave,,MADISON ST,GROVE AVE,0,0,0,1,Property Damage,No Injuries,Car,9,Parked Motor Vehicle,2,2,0,5,"Over $1,500",1,0,0,0,0,0,0,28,Failing To Reduce Speed To Avoid Crash,18,Unable To Determine,1,No Controls,1,No Controls,7,Other,1,Daylight,7,Parking Lot,9,Unknown,1,Slow,99,Unknown,O60,O15,41.8797226,-87.7955780,41.8797531,-87.7954559,1130695.00,1899217.25
32680,25 03651,2503651,X003886633,2025-07-11,18:27:00,2025-07-11 18:27:00,2025-07-14 08:58:46,N Austin Blvd/Madison St,,N AUSTIN BLVD,MADISON ST,1,0,0,0,Property Damage,No Injuries,Car,10,Turning (At Least One Vehicle),2,2,0,5,"Over $1,500",1,0,0,0,0,0,0,28,Failing To Reduce Speed To Avoid Crash,15,Driving Skills/Knowledge/Experience,1,No Controls,1,No Controls,1,Clear,1,Daylight,2,"Divided, No Median Barrier",1,Dry,3,Free Flow,1,No Defects,,,41.8800926,-87.7746201,41.8800888,-87.7746582,1136401.50,1899388.00
32676,25 03662,2503662,X003886631,2025-07-12,09:02:00,2025-07-12 09:02:00,2025-07-14 08:52:47,N Harlem Ave/Madison St,,N HARLEM AVE,MADISON ST,1,0,0,1,Property Damage,No Injuries,Car,10,Turning (At Least One Vehicle),2,2,0,3,$500 or less,1,0,0,0,0,0,0,28,Failing To Reduce Speed To Avoid Crash,18,Unable To Determine,3,Traffic Signal,4,Functioning Properly,1,Clear,1,Daylight,2,"Divided, No Median Barrier",9,Unknown,1,Slow,99,Unknown,F2,FPPD,41.8796730,-87.8047714,41.8796654,-87.8047333,1128192.88,1899183.13
32685,25 03666,2503666,X003886636,2025-07-12,11:45:00,2025-07-12 11:45:00,2025-07-14 09:04:36,Randolph St/Wisconsin Ave,,RANDOLPH ST,WISCONSIN AVE,0,0,0,0,Property Damage,No Injuries,Car,9,Parked Motor Vehicle,3,3,0,5,"Over $1,500",1,0,0,0,0,0,0,28,Failing To Reduce Speed To Avoid Crash,02,Failing To Yield Right-Of-Way,2,Stop Sign,4,Functioning Properly,8,Cloudy/Overcast,1,Daylight,1,Not Divided,1,Dry,1,Slow,1,No Defects,O70,O12,41.8832359,-87.8024368,41.8832626,-87.8024368,1128820.13,1900485.88
32691,25 03704,2503704,X003887348,2025-07-12,12:56:00,2025-07-12 12:56:00,2025-07-15 09:40:33,N Austin Blvd/Madison St,,N AUSTIN BLVD,MADISON ST,1,1,0,0,Injury,B Injury Crash,Pedestrian,1,Pedestrian,2,1,0,5,"Over $1,500",0,1,0,0,1,0,1,06,Improper Turning/No Signal,15,Driving Skills/Knowledge/Experience,3,Traffic Signal,4,Functioning Properly,1,Clear,1,Daylight,2,"Divided, No Median Barrier",1,Dry,3,Free Flow,1,No Defects,,,41.8800926,-87.7746201,41.8800888,-87.7746582,1136401.50,1899388.00
32671,25 03672,2503672,X003884574,2025-07-12,15:36:00,2025-07-12 15:36:00,2025-07-12 18:50:51,1030 South Blvd,1030,SOUTH BLVD,,0,0,0,0,Property Damage,No Injuries,Car,9,Parked Motor Vehicle,2,2,0,4,"$501 to $1,500",1,0,0,0,0,0,0,28,Failing To Reduce Speed To Avoid Crash,99,Not Applicable,1,No Controls,1,No Controls,1,Clear,1,Daylight,2,"Divided, No Median Barrier",1,Dry,3,Free Flow,1,No Defects,O70,O12,41.8867302,-87.8014297,41.8868103,-87.8015900,1129086.00,1901760.13
32689,25 03676,2503676,X003886641,2025-07-12,20:06:00,2025-07-12 20:06:00,2025-07-14 09:55:39,S Oak Park Ave/Madison St,,S OAK PARK AVE,MADISON ST,0,0,0,1,Property Damage,No Injuries,Car,12,Sideswipe - Same Direction,2,2,0,4,"$501 to $1,500",1,0,0,0,0,0,0,06,Improper Turning/No Signal,18,Unable To Determine,3,Traffic Signal,4,Functioning Properly,1,Clear,3,Dusk,1,Not Divided,1,Dry,1,Slow,1,No Defects,O60,O11,41.8797722,-87.7942200,41.8797722,-87.7942581,1131065.38,1899237.25
32687,25 03685,2503685,X003886639,2025-07-13,11:38:00,2025-07-13 11:38:00,2025-07-14 09:04:37,Jackson Blvd/Wesley Ave,,JACKSON BLVD,WESLEY AVE,1,1,0,0,Property Damage,No Injuries,Car,15,Angle,2,2,0,4,"$501 to $1,500",1,0,0,0,0,0,0,18,Unable To Determine,18,Unable To Determine,2,Stop Sign,4,Functioning Properly,8,Cloudy/Overcast,1,Daylight,14,Four-Way Intersection,1,Dry,3,Free Flow,1,No Defects,O60,O14,41.8761253,-87.7916794,41.8761559,-87.7916870,1131766.13,1897913.50
32688,25 03689,2503689,X003886640,2025-07-13,15:05:00,2025-07-13 15:05:00,2025-07-14 09:04:37,S Harlem Ave/Lexington St,,S HARLEM AVE,LEXINGTON ST,1,1,0,0,Property Damage,No Injuries,Car,15,Angle,2,2,0,5,"Over $1,500",1,0,0,0,0,0,0,28,Failing To Reduce Speed To Avoid Crash,22,Disregarding Yield Sign,2,Stop Sign,4,Functioning Properly,1,Clear,1,Daylight,2,"Divided, No Median Barrier",1,Dry,3,Free Flow,1,No Defects,O90,O18,41.8704796,-87.8043671,41.8704834,-87.8043976,1128323.00,1895834.00
32692,25 03707,2503707,X003887336,2025-07-14,14:13:00,2025-07-14 14:13:00,2025-07-15 09:34:37,S Elmwood Ave/Randolph,,S ELMWOOD AVE,RANDOLPH,0,0,0,0,Property Damage,No Injuries,Car,13,Sideswipe - Opposite Direction,2,2,0,3,$500 or less,1,0,0,0,0,0,0,18,Unable To Determine,18,Unable To Determine,1,No Controls,1,No Controls,1,Clear,1,Daylight,1,Not Divided,1,Dry,3,Free Flow,1,No Defects,O60,O11,41.8834152,-87.7861557,41.8834076,-87.7861939,1133252.75,1900578.38
32694,25 03731,2503731,X003887333,2025-07-15,14:13:00,2025-07-15 14:13:00,2025-07-15 16:27:09,N Harlem Ave/Superior St,,N HARLEM AVE,SUPERIOR ST,0,0,0,0,Property Damage,No Injuries,Car,12,Sideswipe - Same Direction,2,2,0,5,"Over $1,500",1,0,0,0,0,0,0,28,Failing To Reduce Speed To Avoid Crash,03,Following Too Closely,2,Stop Sign,4,Functioning Properly,1,Clear,1,Daylight,2,"Divided, No Median Barrier",1,Dry,3,Free Flow,1,No Defects,R82,RFPD,41.8930359,-87.8052368,41.8930397,-87.8051987,1128035.38,1904052.50
32699,25 03737,2503737,X003888762,2025-07-15,18:01:00,2025-07-15 18:01:00,2025-07-16 09:35:36,Fillmore St/Gunderson Ave,,FILLMORE ST,GUNDERSON AVE,1,1,0,0,Injury,C Injury Crash,Pedalcyclist,2,Pedalcyclist,2,1,0,4,"$501 to $1,500",0,1,0,0,0,1,1,23,Disregarding Stop Sign,99,Not Applicable,2,Stop Sign,4,Functioning Properly,1,Clear,1,Daylight,14,Four-Way Intersection,1,Dry,1,Slow,1,No Defects,O90,O17,41.8670845,-87.7864761,41.8671188,-87.7864761,1133204.00,1894627.88
32695,25 03741,2503741,X003887769,2025-07-15,21:50:00,2025-07-15 21:50:00,2025-07-15 23:19:20,S Harvey Ave/Washington,,S HARVEY AVE,WASHINGTON,0,0,0,1,Property Damage,No Injuries,Car,9,Parked Motor Vehicle,2,2,0,4,"$501 to $1,500",1,0,0,0,0,0,0,30,Improper Backing,28,Failing To Reduce Speed To Avoid Crash,1,No Controls,1,No Controls,1,Clear,5,"Darkness, Lighted Road",1,Not Divided,1,Dry,3,Free Flow,1,No Defects,O50,O10,41.8817749,-87.7812119,41.8817711,-87.7812500,1134603.25,1899989.50
32700,25 03752,2503752,X003889198,2025-07-16,11:48:00,2025-07-16 11:48:00,2025-07-16 17:27:05,Oak Park Ave/Madison St,,OAK PARK AVE,MADISON ST,0,0,0,0,Property Damage,No Injuries,Car,11,Front To Rear,2,2,0,5,"Over $1,500",1,0,0,0,0,0,0,03,Following Too Closely,28,Failing To Reduce Speed To Avoid Crash,3,Traffic Signal,4,Functioning Properly,1,Clear,1,Daylight,2,"Divided, No Median Barrier",1,Dry,1,Slow,1,No Defects,O60,O11,41.8797722,-87.7942200,41.8797722,-87.7942581,1131065.38,1899237.25
32710,25 03765,2503765,X003891603,2025-07-16,19:15:00,2025-07-16 19:15:00,2025-07-18 09:25:04,178 Forest Ave,178,FOREST AVE,,0,0,0,1,Injury,B Injury Crash,Pedalcyclist,2,Pedalcyclist,2,1,0,5,"Over $1,500",0,1,0,0,1,0,1,02,Failing To Yield Right-Of-Way,99,Not Applicable,1,No Controls,1,No Controls,1,Clear,1,Daylight,2,"Divided, No Median Barrier",1,Dry,3,Free Flow,1,No Defects,O40,O9,41.8892746,-87.8002319,41.8899231,-87.8000565,1129406.63,1902689.38
32828,25 03767,2503767,X003914770,2025-07-16,21:17:00,2025-07-16 21:17:00,2025-08-09 05:24:15,S Euclid Ave/Harvard,,S EUCLID AVE,HARVARD,0,0,0,1,Property Damage,No Injuries,Car,9,Parked Motor Vehicle,2,2,0,4,"$501 to $1,500",1,0,0,0,0,0,0,18,Unable To Determine,18,Unable To Determine,1,No Controls,1,No Controls,1,Clear,5,"Darkness, Lighted Road",1,Not Divided,1,Dry,3,Free Flow,1,No Defects,O90,O17,41.8688354,-87.7926331,41.8688354,-87.7926712,1131522.75,1895254.88
32704,25 03769,2503769,X003890423,2025-07-17,00:24:00,2025-07-17 00:24:00,2025-07-17 16:37:13,119 Washington Blvd,119,WASHINGTON BLVD,,0,0,0,0,Property Damage,No Injuries,Car,9,Parked Motor Vehicle,2,2,0,5,"Over $1,500",0,1,0,0,0,0,0,28,Failing To Reduce Speed To Avoid Crash,45,Cell Phone Use Other Than Texting,1,No Controls,1,No Controls,1,Clear,5,"Darkness, Lighted Road",1,Not Divided,1,Dry,3,Free Flow,1,No Defects,O50,O10,41.8820267,-87.7783051,41.8818245,-87.7789841,1135393.13,1900086.25
32703,25 03773,2503773,X003890422,2025-07-17,10:08:00,2025-07-17 10:08:00,2025-07-17 16:37:12,Carpenter Ave/Van Buren St,,CARPENTER AVE,VAN BUREN ST,0,0,0,0,Property Damage,No Injuries,Car,9,Parked Motor Vehicle,2,2,0,5,"Over $1,500",1,0,0,0,0,0,0,02,Failing To Yield Right-Of-Way,28,Failing To Reduce Speed To Avoid Crash,1,No Controls,1,No Controls,8,Cloudy/Overcast,1,Daylight,1,Not Divided,1,Dry,1,Slow,1,No Defects,O60,O15,41.8740730,-87.7960510,41.8740654,-87.7960892,1130579.88,1897157.13
32702,25 03781,2503781,X003894924,2025-07-17,14:04:00,2025-07-17 14:04:00,2025-07-17 16:37:12,920 Randolph St,920,RANDOLPH ST,,0,0,0,0,Property Damage,No Injuries,Car,18,Rear To Front,2,2,0,3,$500 or less,1,0,0,0,0,0,0,28,Failing To Reduce Speed To Avoid Crash,15,Driving Skills/Knowledge/Experience,1,No Controls,1,No Controls,1,Clear,1,Daylight,1,Not Divided,1,Dry,3,Free Flow,1,No Defects,O70,O12,41.8833962,-87.7980423,41.8834305,-87.7980652,1130017.38,1900551.63
32708,25 03783,2503783,X003891601,2025-07-17,15:26:00,2025-07-17 15:26:00,2025-07-18 09:31:01,Chicago Ave/N Grove Ave,,CHICAGO AVE,N GROVE AVE,1,1,0,0,Property Damage,No Injuries,Car,11,Front To Rear,2,2,0,3,$500 or less,1,0,0,0,0,0,0,28,Failing To Reduce Speed To Avoid Crash,18,Unable To Determine,1,No Controls,1,No Controls,8,Cloudy/Overcast,1,Daylight,1,Not Divided,1,Dry,2,Stopped,1,No Defects,O20,O6,41.8944092,-87.7961731,41.8943787,-87.7961731,1130500.50,1904567.88
32709,25 03792,2503792,X003891602,2025-07-18,01:14:00,2025-07-18 01:14:00,2025-07-18 09:31:02,6413 North Ave,6413,NORTH AVE,,0,0,0,0,Property Damage,No Injuries,Car,10,Turning (At Least One Vehicle),2,2,0,5,"Over $1,500",1,0,0,0,0,0,0,28,Failing To Reduce Speed To Avoid Crash,99,Not Applicable,3,Traffic Signal,4,Functioning Properly,1,Clear,5,"Darkness, Lighted Road",1,Not Divided,1,Dry,,,1,No Defects,O20,O2,41.9091034,-87.7860489,41.9090843,-87.7854080,1133222.13,1909939.63
32716,25 03795,2503795,X003894590,2025-07-18,07:05:00,2025-07-18 07:05:00,2025-07-21 11:12:30,Roosevelt Rd/Oak Park,,ROOSEVELT RD,OAK PARK,0,1,0,1,Injury,B Injury Crash,Car,10,Turning (At Least One Vehicle),2,2,0,5,"Over $1,500",0,1,0,0,1,0,1,02,Failing To Yield Right-Of-Way,99,Not Applicable,1,No Controls,1,No Controls,1,Clear,1,Daylight,1,Not Divided,1,Dry,3,Free Flow,1,No Defects,O90,O17,41.8651924,-87.7937469,41.8651657,-87.7937546,1131227.00,1893925.00
32717,25 03801,2503801,X003894591,2025-07-18,10:34:00,2025-07-18 10:34:00,2025-07-21 11:12:31,North Ave/N Ridgeland Ave,,NORTH AVE,N RIDGELAND AVE,0,0,0,0,Property Damage,No Injuries,Car,12,Sideswipe - Same Direction,2,2,0,3,$500 or less,1,0,0,0,0,0,0,18,Unable To Determine,18,Unable To Determine,3,Traffic Signal,4,Functioning Properly,1,Clear,1,Daylight,2,"Divided, No Median Barrier",1,Dry,1,Slow,1,No Defects,O10,O1,41.9091339,-87.7833710,41.9091644,-87.7833710,1133952.25,1909956.38
32729,25 03813,2503813,X003894602,2025-07-18,14:36:00,2025-07-18 14:36:00,2025-07-21 11:18:37,Lake St/N Ridgeland Ave,,LAKE ST,N RIDGELAND AVE,1,1,0,0,Injury,B Injury Crash,Pedestrian,1,Pedestrian,2,1,0,3,$500 or less,0,1,0,0,1,0,1,02,Failing To Yield Right-Of-Way,14,"Vision Obscured (Signs, Tree Limbs, Buildings",3,Traffic Signal,4,Functioning Properly,1,Clear,1,Daylight,14,Four-Way Intersection,1,Dry,1,Slow,1,No Defects,O30,O7,41.8882980,-87.7846985,41.8883209,-87.7846985,1133638.38,1902360.50
32730,25 03818,2503818,X003894603,2025-07-18,18:20:00,2025-07-18 18:20:00,2025-07-21 11:18:38,North Ave/Grove Ave,,NORTH AVE,GROVE AVE,1,1,0,0,Property Damage,No Injuries,Car,10,Turning (At Least One Vehicle),2,2,0,4,"$501 to $1,500",1,0,0,0,0,0,0,04,Improper Overtaking/Passing,15,Driving Skills/Knowledge/Experience,1,No Controls,1,No Controls,1,Clear,1,Daylight,3,Divided With Median Barrier,1,Dry,3,Free Flow,1,No Defects,O20,O3,41.9089737,-87.7965546,41.9090042,-87.7965546,1130363.63,1909874.38