record_id,report_number,crash_id,idot_crash_number,date,time,occurred_at,record_added_at,location,street_number,street_name,cross_street,at_intersection,intersection_related,private_property,hit_and_run,crash_severity,crash_injury_severity,crash_mode,crash_type_code,crash_type,total_units,num_motor_vehicles,dooring_pedalcyclist,damage_code,damage,no_injury_drive_away,injury_or_towed,fatalities,a_injuries,b_injuries,c_injuries,total_injured,cause1_code,cause1,cause2_code,cause2,traffic_control_code,traffic_control,device_condition_code,device_condition,weather_code,weather,lighting_code,lighting,trafficway_code,trafficway,road_surface_code,road_surface,flow_condition_code,flow_condition,road_defects_code,road_defects,beat_zone,post_district,latitude,longitude,latitude_geocoded,longitude_geocoded,state_plane_x,state_plane_y
32715,25 03825,2503825,X003894589,2025-07-19,08:23:00,2025-07-19 08:23:00,2025-07-21 11:06:32,N Austin Blvd/Division St,,N AUSTIN BLVD,DIVISION ST,1,1,0,0,Property Damage,No Injuries,Car,15,Angle,2,2,0,5,"Over $1,500",0,1,0,0,0,0,0,25,Disregarding Traffic Signals,28,Failing To Reduce Speed To Avoid Crash,3,Traffic Signal,4,Functioning Properly,1,Clear,1,Daylight,2,"Divided, No Median Barrier",1,Dry,3,Free Flow,1,No Defects,,,41.9019966,-87.7753296,41.9020004,-87.7753677,1136156.75,1907368.88
32720,25 03827,2503827,X003894594,2025-07-19,10:49:00,2025-07-19 10:49:00,2025-07-21 11:18:34,N Harlem Ave/North Ave,,N HARLEM AVE,NORTH AVE,0,0,0,0,Property Damage,No Injuries,Car,12,Sideswipe - Same Direction,2,2,0,5,"Over $1,500",1,0,0,0,0,0,0,28,Failing To Reduce Speed To Avoid Crash,18,Unable To Determine,1,No Controls,1,No Controls,1,Clear,1,Daylight,1,Not Divided,1,Dry,3,Free Flow,1,No Defects,R81,RFPD,41.9088783,-87.8057938,41.9088860,-87.8057556,1127849.25,1909824.75
32719,25 03829,2503829,X003894593,2025-07-19,13:14:00,2025-07-19 13:14:00,2025-07-21 11:06:32,Washington Blvd/East Ave,,WASHINGTON BLVD,EAST AVE,1,1,0,1,Injury,B Injury Crash,Car,11,Front To Rear,2,2,0,3,$500 or less,0,1,0,0,2,0,2,28,Failing To Reduce Speed To Avoid Crash,02,Failing To Yield Right-Of-Way,3,Traffic Signal,4,Functioning Properly,1,Clear,1,Daylight,2,"Divided, No Median Barrier",2,Wet,3,Free Flow,1,No Defects,O60,O11,41.8816071,-87.7894058,41.8816338,-87.7894134,1132371.63,1899914.88
33102,25 03830,2503830,X003962940,2025-07-19,14:54:00,2025-07-19 14:54:00,2025-09-19 08:31:57,Madison St/S Ridgeland Ave,,MADISON ST,S RIDGELAND AVE,0,0,0,0,Injury,C Injury Crash,Car,10,Turning (At Least One Vehicle),2,2,0,5,"Over $1,500",0,1,0,0,0,1,1,02,Failing To Yield Right-Of-Way,28,Failing To Reduce Speed To Avoid Crash,3,Traffic Signal,4,Functioning Properly,1,Clear,1,Daylight,2,"Divided, No Median Barrier",1,Dry,3,Free Flow,1,No Defects,O80,O13,41.8799019,-87.7844620,41.8799324,-87.7844620,1133723.63,1899302.88
32722,25 03834,2503834,X003894596,2025-07-19,16:45:00,2025-07-19 16:45:00,2025-07-21 11:18:35,1044 N Austin Blvd,1044,N AUSTIN BLVD,,0,0,0,0,Property Damage,No Injuries,Car,11,Front To Rear,3,3,0,4,"$501 to $1,500",1,0,0,0,0,0,0,03,Following Too Closely,28,Failing To Reduce Speed To Avoid Crash,1,No Controls,1,No Controls,1,Clear,1,Daylight,2,"Divided, No Median Barrier",1,Dry,2,Stopped,1,No Defects,,,41.8998833,-87.7752686,41.8998680,-87.7754822,1136179.38,1906599.13
32723,25 03836,2503836,X003894597,2025-07-19,19:09:00,2025-07-19 19:09:00,2025-07-21 11:18:35,927 N Harvey Ave,927,N HARVEY AVE,,0,0,0,0,Property Damage,No Injuries,Car,9,Parked Motor Vehicle,2,2,0,4,"$501 to $1,500",1,0,0,0,0,0,0,30,Improper Backing,28,Failing To Reduce Speed To Avoid Crash,1,No Controls,1,No Controls,1,Clear,1,Daylight,1,Not Divided,9,Unknown,3,Free Flow,99,Unknown,O10,O1,41.9028664,-87.7827530,41.9029198,-87.7829285,1134133.13,1907673.75
32721,25 03844,2503844,X003894595,2025-07-20,01:03:00,2025-07-20 01:03:00,2025-07-21 11:18:34,S Harvey Ave/South Blvd,,S HARVEY AVE,SOUTH BLVD,0,0,0,1,Property Damage,No Injuries,Car,9,Parked Motor Vehicle,2,2,0,5,"Over $1,500",1,0,0,0,0,0,0,28,Failing To Reduce Speed To Avoid Crash,99,Not Applicable,1,No Controls,1,No Controls,1,Clear,5,"Darkness, Lighted Road",1,Not Divided,1,Dry,3,Free Flow,1,No Defects,O50,O10,41.8870468,-87.7813492,41.8870430,-87.7813797,1134554.75,1901911.50
32724,25 03845,2503845,X003895282,2025-07-20,02:18:00,2025-07-20 02:18:00,2025-07-21 11:12:29,N Harvey Ave/North Blvd,,N HARVEY AVE,NORTH BLVD,1,0,0,0,Property Damage,No Injuries,Car,6,Fixed Object,1,1,0,3,$500 or less,1,0,0,0,0,0,0,18,Unable To Determine,99,Not Applicable,2,Stop Sign,4,Functioning Properly,1,Clear,5,"Darkness, Lighted Road",3,Divided With Median Barrier,1,Dry,3,Free Flow,1,No Defects,O30,O7,41.8874550,-87.7814484,41.8874588,-87.7814026,1134526.75,1902059.75
32725,25 03847,2503847,X003894598,2025-07-20,05:13:00,2025-07-20 05:13:00,2025-07-21 11:18:36,N Austin Blvd/Chicago Ave,,N AUSTIN BLVD,CHICAGO AVE,1,1,0,0,Property Damage,No Injuries,Car,11,Front To Rear,2,2,0,5,"Over $1,500",1,0,0,0,0,0,0,28,Failing To Reduce Speed To Avoid Crash,03,Following Too Closely,3,Traffic Signal,4,Functioning Properly,8,Cloudy/Overcast,1,Daylight,14,Four-Way Intersection,1,Dry,3,Free Flow,1,No Defects,,,41.8947105,-87.7751083,41.8947105,-87.7751389,1136235.63,1904714.63
32726,25 03855,2503855,X003894599,2025-07-20,13:58:00,2025-07-20 13:58:00,2025-07-21 11:18:36,S Austin Blvd/Garfield St,,S AUSTIN BLVD,GARFIELD ST,1,1,0,0,Property Damage,No Injuries,Car,11,Front To Rear,2,2,0,5,"Over $1,500",1,0,0,0,0,0,0,28,Failing To Reduce Speed To Avoid Crash,02,Failing To Yield Right-Of-Way,1,No Controls,1,No Controls,1,Clear,1,Daylight,2,"Divided, No Median Barrier",1,Dry,3,Free Flow,1,No Defects,O90,O16,41.8704185,-87.7743530,41.8704224,-87.7743149,1136497.13,1895864.88
32727,25 03857,2503857,X003894600,2025-07-20,15:01:00,2025-07-20 15:01:00,2025-07-21 11:12:30,North Ave/Forest,,NORTH AVE,FOREST,0,0,0,1,Property Damage,No Injuries,Car,9,Parked Motor Vehicle,2,2,0,4,"$501 to $1,500",1,0,0,0,0,0,0,28,Failing To Reduce Speed To Avoid Crash,18,Unable To Determine,1,No Controls,1,No Controls,1,Clear,1,Daylight,3,Divided With Median Barrier,1,Dry,3,Free Flow,1,No Defects,O20,O3,41.9089165,-87.8011856,41.9089394,-87.8011856,1129103.25,1909845.50
32728,25 03862,2503862,X003894601,2025-07-20,19:22:00,2025-07-20 19:22:00,2025-07-21 11:18:37,1028 N Austin Blvd,1028,N AUSTIN BLVD,ALLEY,0,0,0,0,Property Damage,No Injuries,Car,11,Front To Rear,2,2,0,4,"$501 to $1,500",1,0,0,0,0,0,0,03,Following Too Closely,99,Not Applicable,1,No Controls,1,No Controls,1,Clear,1,Daylight,1,Not Divided,1,Dry,1,Slow,1,No Defects,,,41.9087563,-87.7755585,41.8993568,-87.7754288,1136079.38,1909832.25
32731,25 03872,2503872,X003894604,2025-07-21,08:41:00,2025-07-21 08:41:00,2025-07-21 16:54:39,S. Austin Blvd/Madison St/Madison St,,S. AUSTIN BLVD/MADISON ST,MADISON ST,1,1,0,1,Property Damage,No Injuries,Car,12,Sideswipe - Same Direction,2,2,0,4,"$501 to $1,500",1,0,0,0,0,0,0,28,Failing To Reduce Speed To Avoid Crash,06,Improper Turning/No Signal,3,Traffic Signal,4,Functioning Properly,1,Clear,1,Daylight,2,"Divided, No Median Barrier",1,Dry,2,Stopped,1,No Defects,O80,O13,41.8800888,-87.7746963,41.8800888,-87.7746582,1136381.50,1899387.00
32732,25 03871,2503871,X003894605,2025-07-21,08:44:00,2025-07-21 08:44:00,2025-07-21 16:54:40,839 S Ridgeland Ave,839,S RIDGELAND AVE,,0,0,0,0,Property Damage,No Injuries,Car,11,Front To Rear,2,2,0,5,"Over $1,500",1,0,0,0,0,0,0,03,Following Too Closely,28,Failing To Reduce Speed To Avoid Crash,3,Traffic Signal,4,Functioning Properly,1,Clear,1,Daylight,2,"Divided, No Median Barrier",1,Dry,3,Free Flow,1,No Defects,O80,O13,41.8730888,-87.7841949,41.8730392,-87.7844696,1133810.63,1896819.00
32733,25 03874,2503874,X003894606,2025-07-21,10:07:00,2025-07-21 10:07:00,2025-07-21 16:54:41,Madison/East,,MADISON,EAST,0,0,0,0,Property Damage,No Injuries,Car,12,Sideswipe - Same Direction,2,2,0,5,"Over $1,500",1,0,0,0,0,0,0,20,Improper Lane Usage,28,Failing To Reduce Speed To Avoid Crash,1,No Controls,1,No Controls,1,Clear,1,Daylight,1,Not Divided,1,Dry,1,Slow,1,No Defects,O60,O14,41.8798218,-87.7893600,41.8798523,-87.7893600,1132389.38,1899263.88
32734,25 03885,2503885,X003895288,2025-07-21,15:23:00,2025-07-21 15:23:00,2025-07-22 07:28:15,811 Madison St,811,MADISON ST,,0,0,0,0,Property Damage,No Injuries,Car,9,Parked Motor Vehicle,2,2,0,4,"$501 to $1,500",1,0,0,0,0,0,0,28,Failing To Reduce Speed To Avoid Crash,99,Not Applicable,1,No Controls,1,No Controls,1,Clear,1,Daylight,7,Parking Lot,1,Dry,1,Slow,1,No Defects,O60,O15,41.8797340,-87.7949524,41.8796463,-87.7948380,1130866.00,1899222.25
32735,25 03886,2503886,X003895293,2025-07-21,15:26:00,2025-07-21 15:26:00,2025-07-22 07:28:15,N Lombard Ave/Chicago Ave,,N LOMBARD AVE,CHICAGO AVE,1,1,0,0,Property Damage,No Injuries,Car,15,Angle,2,2,0,4,"$501 to $1,500",0,1,0,0,0,0,0,02,Failing To Yield Right-Of-Way,28,Failing To Reduce Speed To Avoid Crash,2,Stop Sign,4,Functioning Properly,1,Clear,1,Daylight,14,Four-Way Intersection,1,Dry,3,Free Flow,1,No Defects,O30,O7,41.8946419,-87.7800446,41.8946495,-87.7800064,1134891.50,1904680.63
32739,25 03899,2503899,X003896040,2025-07-22,12:21:00,2025-07-22 12:21:00,2025-07-23 09:10:26,S Ridgeland Ave/Randolph/Randolph St,,S RIDGELAND AVE/RANDOLPH,RANDOLPH ST,1,1,0,0,Property Damage,No Injuries,Car,11,Front To Rear,2,2,0,4,"$501 to $1,500",1,0,0,0,0,0,0,28,Failing To Reduce Speed To Avoid Crash,99,Not Applicable,1,No Controls,1,No Controls,1,Clear,1,Daylight,1,Not Divided,1,Dry,1,Slow,1,No Defects,O50,O10,41.8834534,-87.7845306,41.8834534,-87.7845612,1133696.75,1900596.25
32740,25 03908,2503908,X003896041,2025-07-22,14:28:00,2025-07-22 14:28:00,2025-07-23 09:10:27,Garfield St/Harlem Ave,,GARFIELD ST,HARLEM AVE,0,0,0,0,Property Damage,No Injuries,Car,11,Front To Rear,2,2,0,5,"Over $1,500",1,0,0,0,0,0,0,03,Following Too Closely,41,Distraction - From Inside Vehicle,3,Traffic Signal,4,Functioning Properly,1,Clear,1,Daylight,2,"Divided, No Median Barrier",1,Dry,1,Slow,1,No Defects,F3,FPPD,41.8722877,-87.8044739,41.8723183,-87.8044663,1128289.00,1896492.88
32766,25 03913,2503913,X003902115,2025-07-22,21:19:00,2025-07-22 21:19:00,2025-07-28 09:57:58,1021 S Ridgeland Ave,1021,S RIDGELAND AVE,,0,0,0,1,Property Damage,No Injuries,Car,9,Parked Motor Vehicle,2,2,0,5,"Over $1,500",0,1,0,0,0,0,0,99,Not Applicable,99,Not Applicable,1,No Controls,1,No Controls,1,Clear,5,"Darkness, Lighted Road",1,Not Divided,1,Dry,3,Free Flow,1,No Defects,O90,O16,41.8700485,-87.7840958,41.8699989,-87.7843018,1133846.88,1895712.63
32743,25 03920,2503920,X003896994,2025-07-23,10:55:00,2025-07-23 10:55:00,2025-07-23 14:55:41,Madison St/Gunderson,,MADISON ST,GUNDERSON,1,1,0,0,Property Damage,No Injuries,Car,11,Front To Rear,2,2,0,3,$500 or less,1,0,0,0,0,0,0,03,Following Too Closely,28,Failing To Reduce Speed To Avoid Crash,1,No Controls,1,No Controls,9,Unknown,1,Daylight,2,"Divided, No Median Barrier",1,Dry,2,Stopped,1,No Defects,O60,O14,41.8798637,-87.7869263,41.8798904,-87.7869263,1133052.38,1899283.13
32747,25 03923,2503923,X003897411,2025-07-23,11:47:00,2025-07-23 11:47:00,2025-07-24 11:17:30,345 Madison St,345,MADISON ST,,0,0,0,0,Property Damage,No Injuries,Car,10,Turning (At Least One Vehicle),2,2,0,4,"$501 to $1,500",1,0,0,0,0,0,0,02,Failing To Yield Right-Of-Way,28,Failing To Reduce Speed To Avoid Crash,1,No Controls,1,No Controls,1,Clear,1,Daylight,7,Parking Lot,1,Dry,1,Slow,1,No Defects,O80,O13,41.8799095,-87.7842789,41.8797722,-87.7835999,1133773.38,1899304.50
32741,25 03921,2503921,X003896989,2025-07-23,11:48:00,2025-07-23 11:48:00,2025-07-23 14:55:40,N Ridgeland/Lake St,,N RIDGELAND,LAKE ST,0,0,0,0,Property Damage,No Injuries,Car,6,Fixed Object,2,1,0,3,$500 or less,1,0,0,0,0,0,0,18,Unable To Determine,18,Unable To Determine,1,No Controls,1,No Controls,1,Clear,1,Daylight,2,"Divided, No Median Barrier",1,Dry,1,Slow,1,No Defects,O30,O8,41.8883209,-87.7847366,41.8883209,-87.7846985,1133628.00,1902369.13
32748,25 03925,2503925,X003897412,2025-07-23,14:00:00,2025-07-23 14:00:00,2025-07-24 11:17:30,6208 Roosevelt Rd,6208,ROOSEVELT RD,,0,0,0,0,Property Damage,No Injuries,Pedalcyclist,2,Pedalcyclist,2,1,0,4,"$501 to $1,500",1,0,0,0,0,0,0,45,Cell Phone Use Other Than Texting,15,Driving Skills/Knowledge/Experience,1,No Controls,1,No Controls,1,Clear,1,Daylight,2,"Divided, No Median Barrier",1,Dry,1,Slow,1,No Defects,O90,O16,41.8654594,-87.7765961,41.8654900,-87.7795029,1135898.88,1894052.88
32752,25 03931,2503931,X003897413,2025-07-23,17:41:00,2025-07-23 17:41:00,2025-07-24 11:17:32,Chicago Ave/Linden Ave,,CHICAGO AVE,LINDEN AVE,0,0,0,1,Injury,B Injury Crash,Pedalcyclist,2,Pedalcyclist,2,1,0,5,"Over $1,500",0,1,0,0,1,0,1,28,Failing To Reduce Speed To Avoid Crash,03,Following Too Closely,1,No Controls,1,No Controls,1,Clear,1,Daylight,2,"Divided, No Median Barrier",1,Dry,3,Free Flow,1,No Defects,O30,O8,41.8944359,-87.7913208,41.8944702,-87.7913284,1131820.13,1904586.13
32751,25 03935,2503935,X003897414,2025-07-23,18:33:00,2025-07-23 18:33:00,2025-07-24 11:17:32,Wisconsin Ave/Randolph,,WISCONSIN AVE,RANDOLPH,0,0,0,1,Property Damage,No Injuries,Car,9,Parked Motor Vehicle,2,2,0,4,"$501 to $1,500",1,0,0,0,0,0,0,28,Failing To Reduce Speed To Avoid Crash,99,Not Applicable,1,No Controls,1,No Controls,1,Clear,1,Daylight,1,Not Divided,1,Dry,3,Free Flow,1,No Defects,O70,O12,41.8832626,-87.8024826,41.8832626,-87.8024368,1128808.88,1900495.25
32750,25 03937,2503937,X003897415,2025-07-23,21:16:00,2025-07-23 21:16:00,2025-07-24 11:17:31,S Austin Blvd/Jackson Blvd,,S AUSTIN BLVD,JACKSON BLVD,1,0,0,1,Injury,A Injury Crash,Pedestrian,1,Pedestrian,2,1,0,3,$500 or less,0,1,0,1,0,0,1,18,Unable To Determine,15,Driving Skills/Knowledge/Experience,3,Traffic Signal,4,Functioning Properly,1,Clear,5,"Darkness, Lighted Road",2,"Divided, No Median Barrier",1,Dry,3,Free Flow,1,No Defects,O80,O13,41.8764229,-87.7745743,41.8764229,-87.7745361,1136424.63,1898051.75
32856,25 03941,2503941,X003918402,2025-07-24,04:30:00,2025-07-24 04:30:00,2025-08-12 10:54:08,S Austin Blvd/Madison St,,S AUSTIN BLVD,MADISON ST,0,0,0,0,Injury,B Injury Crash,Car,13,Sideswipe - Opposite Direction,4,4,0,5,"Over $1,500",0,1,0,0,1,0,1,20,Improper Lane Usage,28,Failing To Reduce Speed To Avoid Crash,1,No Controls,1,No Controls,1,Clear,5,"Darkness, Lighted Road",1,Not Divided,1,Dry,3,Free Flow,1,No Defects,O80,O13,41.8800888,-87.7746963,41.8800888,-87.7746582,1136381.50,1899387.00
32749,25 03942,2503942,X003897417,2025-07-24,05:18:00,2025-07-24 05:18:00,2025-07-24 11:17:31,S Harlem Ave/Garfield St,,S HARLEM AVE,GARFIELD ST,1,0,0,1,Property Damage,No Injuries,Car,10,Turning (At Least One Vehicle),2,2,0,4,"$501 to $1,500",1,0,0,0,0,0,0,02,Failing To Yield Right-Of-Way,28,Failing To Reduce Speed To Avoid Crash,3,Traffic Signal,4,Functioning Properly,1,Clear,2,Dawn,2,"Divided, No Median Barrier",1,Dry,1,Slow,1,No Defects,O90,O18,41.8723068,-87.8044357,41.8723183,-87.8044663,1128300.88,1896500.75
32746,25 03943,2503943,X003897260,2025-07-24,05:44:00,2025-07-24 05:44:00,2025-07-24 09:16:18,1032 Washington Blvd,1032,WASHINGTON BLVD,,0,0,0,0,Injury,C Injury Crash,Car,15,Angle,2,2,0,5,"Over $1,500",0,1,0,0,0,1,1,02,Failing To Yield Right-Of-Way,99,Not Applicable,1,No Controls,1,No Controls,1,Clear,1,Daylight,1,Not Divided,1,Dry,3,Free Flow,1,No Defects,O70,O12,41.8814850,-87.8015213,41.8815804,-87.8014145,1129074.63,1899849.25
32756,25 03944,2503944,X003898367,2025-07-24,07:22:00,2025-07-24 07:22:00,2025-07-25 07:26:52,North Ave/Forest Ave,,NORTH AVE,FOREST AVE,0,0,0,0,Property Damage,No Injuries,Car,7,Other Object,2,1,0,4,"$501 to $1,500",0,1,0,0,0,0,0,20,Improper Lane Usage,28,Failing To Reduce Speed To Avoid Crash,1,No Controls,1,No Controls,1,Clear,1,Daylight,3,Divided With Median Barrier,1,Dry,3,Free Flow,1,No Defects,O20,O3,41.9089165,-87.8011856,41.9089394,-87.8011856,1129103.25,1909845.50
32754,25 03945,2503945,X003898145,2025-07-24,08:36:00,2025-07-24 08:36:00,2025-07-24 13:53:02,North Ave/N Ridgeland Ave,,NORTH AVE,N RIDGELAND AVE,0,0,0,0,Property Damage,No Injuries,Car,11,Front To Rear,2,2,0,5,"Over $1,500",0,1,0,0,0,0,0,45,Cell Phone Use Other Than Texting,28,Failing To Reduce Speed To Avoid Crash,3,Traffic Signal,4,Functioning Properly,1,Clear,1,Daylight,2,"Divided, No Median Barrier",1,Dry,2,Stopped,1,No Defects,O10,O1,41.9091339,-87.7833710,41.9091644,-87.7833710,1133952.25,1909956.38
32755,25 03950,2503950,X003898147,2025-07-24,12:19:00,2025-07-24 12:19:00,2025-07-24 13:53:02,S Cuyler Ave/Harrison St,,S CUYLER AVE,HARRISON ST,0,0,0,0,Property Damage,No Injuries,Car,12,Sideswipe - Same Direction,2,2,0,4,"$501 to $1,500",1,0,0,0,0,0,0,02,Failing To Yield Right-Of-Way,99,Not Applicable,1,No Controls,1,No Controls,1,Clear,1,Daylight,1,Not Divided,1,Dry,3,Free Flow,1,No Defects,O80,O13,41.8726540,-87.7829514,41.8726540,-87.7829819,1134151.13,1896663.63
32757,25 03958,2503958,X003898354,2025-07-24,15:22:00,2025-07-24 15:22:00,2025-07-25 07:26:52,S Ridgeland Ave/Harrison St,,S RIDGELAND AVE,HARRISON ST,1,0,0,0,Property Damage,No Injuries,Car,11,Front To Rear,2,2,0,5,"Over $1,500",1,0,0,0,0,0,0,02,Failing To Yield Right-Of-Way,15,Driving Skills/Knowledge/Experience,3,Traffic Signal,4,Functioning Properly,1,Clear,1,Daylight,2,"Divided, No Median Barrier",1,Dry,3,Free Flow,1,No Defects,O80,O13,41.8726311,-87.7841797,41.8726349,-87.7842178,1133816.00,1896653.38
32760,25 03962,2503962,X003902108,2025-07-25,08:57:00,2025-07-25 08:57:00,2025-07-28 09:51:52,6820 Roosevelt Rd,6820,ROOSEVELT RD,,0,0,0,0,Property Damage,No Injuries,Car,15,Angle,2,2,0,3,$500 or less,1,0,0,0,0,0,0,02,Failing To Yield Right-Of-Way,18,Unable To Determine,1,No Controls,1,No Controls,8,Cloudy/Overcast,1,Daylight,1,Not Divided,1,Dry,3,Free Flow,1,No Defects,O90,O18,41.8651695,-87.7949524,41.8652382,-87.7945633,1130900.50,1893915.13
32761,25 03972,2503972,X003902109,2025-07-25,12:06:00,2025-07-25 12:06:00,2025-07-28 09:51:52,N Harlem Ave/South Blvd,,N HARLEM AVE,SOUTH BLVD,0,0,0,0,Injury,B Injury Crash,Car,11,Front To Rear,2,2,0,5,"Over $1,500",0,1,0,0,3,0,3,28,Failing To Reduce Speed To Avoid Crash,03,Following Too Closely,3,Traffic Signal,9,Unknown,8,Cloudy/Overcast,1,Daylight,2,"Divided, No Median Barrier",9,Unknown,1,Slow,99,Unknown,F1,FPPD,41.8866921,-87.8050156,41.8867111,-87.8049927,1128109.63,1901740.13
32762,25 03983,2503983,X003902111,2025-07-26,10:52:00,2025-07-26 10:52:00,2025-07-28 09:45:29,S Maple Ave/Pleasant St,,S MAPLE AVE,PLEASANT ST,0,0,0,1,Property Damage,No Injuries,Car,9,Parked Motor Vehicle,2,2,0,5,"Over $1,500",1,0,0,0,0,0,0,28,Failing To Reduce Speed To Avoid Crash,18,Unable To Determine,1,No Controls,1,No Controls,8,Cloudy/Overcast,1,Daylight,1,Not Divided,9,Unknown,1,Slow,99,Unknown,O70,O12,41.8854256,-87.8040314,41.8854256,-87.8040695,1128380.75,1901280.00
32768,25 03984,2503984,X003902118,2025-07-26,11:32:00,2025-07-26 11:32:00,2025-07-28 09:57:59,South Blvd/N Harlem Ave,,SOUTH BLVD,N HARLEM AVE,1,1,0,0,Property Damage,No Injuries,Car,6,Fixed Object,2,1,0,5,"Over $1,500",1,0,0,0,0,0,0,28,Failing To Reduce Speed To Avoid Crash,15,Driving Skills/Knowledge/Experience,3,Traffic Signal,4,Functioning Properly,8,Cloudy/Overcast,1,Daylight,3,Divided With Median Barrier,1,Dry,1,Slow,1,No Defects,O70,O12,41.8866806,-87.8049850,41.8867111,-87.8049927,1128118.25,1901736.75
32769,25 03990,2503990,X003902119,2025-07-26,15:39:00,2025-07-26 15:39:00,2025-07-28 09:57:59,Chicago Ave/N Kenilworth Ave,,CHICAGO AVE,N KENILWORTH AVE,1,1,0,0,Property Damage,No Injuries,Car,11,Front To Rear,2,2,0,5,"Over $1,500",1,0,0,0,0,0,0,03,Following Too Closely,28,Failing To Reduce Speed To Avoid Crash,3,Traffic Signal,4,Functioning Properly,1,Clear,1,Daylight,2,"Divided, No Median Barrier",1,Dry,2,Stopped,1,No Defects,O40,O9,41.8943253,-87.7976685,41.8943520,-87.7976761,1130093.38,1904535.50
32758,25 03991,2503991,X003899978,2025-07-26,16:02:00,2025-07-26 16:02:00,2025-07-26 16:45:44,Madison St/Clinton Ave,,MADISON ST,CLINTON AVE,0,0,0,1,Property Damage,No Injuries,Car,9,Parked Motor Vehicle,2,2,0,5,"Over $1,500",1,0,0,0,0,0,0,28,Failing To Reduce Speed To Avoid Crash,18,Unable To Determine,1,No Controls,1,No Controls,1,Clear,1,Daylight,2,"Divided, No Median Barrier",1,Dry,1,Slow,1,No Defects,O70,O12,41.8797226,-87.7988281,41.8796921,-87.7988281,1129811.75,1899211.38
32763,25 03992,2503992,X003902112,2025-07-26,16:46:00,2025-07-26 16:46:00,2025-07-28 09:51:53,727 N Harlem Ave,727,N HARLEM AVE,,0,0,0,0,Property Damage,No Injuries,Car,10,Turning (At Least One Vehicle),2,2,0,5,"Over $1,500",0,1,0,0,0,0,0,02,Failing To Yield Right-Of-Way,28,Failing To Reduce Speed To Avoid Crash,3,Traffic Signal,4,Functioning Properly,1,Clear,1,Daylight,2,"Divided, No Median Barrier",1,Dry,3,Free Flow,1,No Defects,R82,RFPD,41.8939629,-87.8052673,41.8938293,-87.8048782,1128024.00,1904389.63
32770,25 03995,2503995,X003902120,2025-07-26,22:22:00,2025-07-26 22:22:00,2025-07-28 09:58:00,Fillmore St/S Ridgeland Ave,,FILLMORE ST,S RIDGELAND AVE,1,1,0,0,Property Damage,No Injuries,Car,15,Angle,2,2,0,5,"Over $1,500",0,1,0,0,0,0,0,02,Failing To Yield Right-Of-Way,28,Failing To Reduce Speed To Avoid Crash,2,Stop Sign,4,Functioning Properly,1,Clear,5,"Darkness, Lighted Road",2,"Divided, No Median Barrier",1,Dry,3,Free Flow,1,No Defects,O90,O16,41.8671265,-87.7840271,41.8671532,-87.7840271,1133871.38,1894647.38
32765,25 04004,2504004,X003902114,2025-07-27,16:08:00,2025-07-27 16:08:00,2025-07-28 09:45:30,Linden Ave/Erie St,,LINDEN AVE,ERIE ST,1,1,0,0,Property Damage,No Injuries,Car,15,Angle,2,2,0,5,"Over $1,500",1,0,0,0,0,0,0,02,Failing To Yield Right-Of-Way,28,Failing To Reduce Speed To Avoid Crash,2,Stop Sign,4,Functioning Properly,1,Clear,1,Daylight,2,"Divided, No Median Barrier",1,Dry,3,Free Flow,1,No Defects,O30,O8,41.8916092,-87.7912826,41.8916054,-87.7912445,1131838.38,1903555.38
32780,25 04051,2504051,X003904725,2025-07-27,16:25:00,2025-07-27 16:25:00,2025-07-30 09:12:50,Maple/Roosevelt,,MAPLE,ROOSEVELT,0,0,0,1,Property Damage,No Injuries,Car,9,Parked Motor Vehicle,2,2,0,4,"$501 to $1,500",1,0,0,0,0,0,0,03,Following Too Closely,15,Driving Skills/Knowledge/Experience,1,No Controls,1,No Controls,1,Clear,1,Daylight,1,Not Divided,1,Dry,3,Free Flow,1,No Defects,,,41.8650055,-87.8033066,41.8650017,-87.8033447,1128624.25,1893841.25
32764,25 04007,2504007,X003905368,2025-07-27,20:23:00,2025-07-27 20:23:00,2025-07-28 09:51:54,S Oak Park Ave/Garfield St,,S OAK PARK AVE,GARFIELD ST,0,0,0,0,Injury,B Injury Crash,Car,9,Parked Motor Vehicle,4,4,0,5,"Over $1,500",0,1,0,0,2,0,2,28,Failing To Reduce Speed To Avoid Crash,18,Unable To Determine,1,No Controls,1,No Controls,1,Clear,1,Daylight,2,"Divided, No Median Barrier",1,Dry,3,Free Flow,1,No Defects,O90,O17,41.8720245,-87.7939529,41.8720245,-87.7939911,1131156.25,1896415.88
32771,25 04014,2504014,X003902121,2025-07-28,08:38:00,2025-07-28 08:38:00,2025-07-28 16:33:08,N Harlem Ave/Pleasant St,,N HARLEM AVE,PLEASANT ST,0,0,0,0,Property Damage,No Injuries,Car,11,Front To Rear,2,2,0,3,$500 or less,1,0,0,0,0,0,0,03,Following Too Closely,18,Unable To Determine,1,No Controls,1,No Controls,1,Clear,1,Daylight,1,Not Divided,1,Dry,2,Stopped,1,No Defects,F1,FPPD,41.8853912,-87.8049774,41.8854065,-87.8049393,1128124.38,1901267.88