record_id,report_number,crash_id,idot_crash_number,date,time,occurred_at,record_added_at,location,street_number,street_name,cross_street,at_intersection,intersection_related,private_property,hit_and_run,crash_severity,crash_injury_severity,crash_mode,crash_type_code,crash_type,total_units,num_motor_vehicles,dooring_pedalcyclist,damage_code,damage,no_injury_drive_away,injury_or_towed,fatalities,a_injuries,b_injuries,c_injuries,total_injured,cause1_code,cause1,cause2_code,cause2,traffic_control_code,traffic_control,device_condition_code,device_condition,weather_code,weather,lighting_code,lighting,trafficway_code,trafficway,road_surface_code,road_surface,flow_condition_code,flow_condition,road_defects_code,road_defects,beat_zone,post_district,latitude,longitude,latitude_geocoded,longitude_geocoded,state_plane_x,state_plane_y
32772,25 04016,2504016,X003902123,2025-07-28,09:32:00,2025-07-28 09:32:00,2025-07-28 16:33:09,S Austin Blvd/Garfield St,,S AUSTIN BLVD,GARFIELD ST,1,1,0,0,Property Damage,No Injuries,Car,10,Turning (At Least One Vehicle),3,3,0,5,"Over $1,500",1,0,0,0,0,0,0,02,Failing To Yield Right-Of-Way,28,Failing To Reduce Speed To Avoid Crash,2,Stop Sign,4,Functioning Properly,8,Cloudy/Overcast,1,Daylight,1,Not Divided,1,Dry,3,Free Flow,1,No Defects,O90,O16,41.8704185,-87.7743530,41.8704224,-87.7743149,1136497.13,1895864.88
32775,25 04044,2504044,X003903319,2025-07-29,13:39:00,2025-07-29 13:39:00,2025-07-29 16:22:44,Home Ave/Washington Blvd,,HOME AVE,WASHINGTON BLVD,0,0,0,0,Property Damage,No Injuries,Car,9,Parked Motor Vehicle,2,2,0,5,"Over $1,500",1,0,0,0,0,0,0,04,Improper Overtaking/Passing,28,Failing To Reduce Speed To Avoid Crash,3,Traffic Signal,4,Functioning Properly,1,Clear,1,Daylight,1,Not Divided,1,Dry,3,Free Flow,1,No Defects,O70,O12,41.8814888,-87.7999039,41.8814812,-87.7999344,1129514.50,1899853.50
32776,25 04045,2504045,X003903320,2025-07-29,14:22:00,2025-07-29 14:22:00,2025-07-29 16:22:44,N Ridgeland Ave/Ontario St,,N RIDGELAND AVE,ONTARIO ST,1,1,0,0,Property Damage,No Injuries,Car,11,Front To Rear,2,2,0,4,"$501 to $1,500",1,0,0,0,0,0,0,28,Failing To Reduce Speed To Avoid Crash,99,Not Applicable,1,No Controls,1,No Controls,1,Clear,1,Daylight,2,"Divided, No Median Barrier",1,Dry,3,Free Flow,1,No Defects,O30,O8,41.8903580,-87.7847900,41.8903656,-87.7847519,1133608.00,1903111.25
32806,25 04049,2504049,X003910171,2025-07-29,15:06:00,2025-07-29 15:06:00,2025-08-04 08:31:09,720 North Blvd,720,NORTH BLVD,,0,0,0,1,Property Damage,No Injuries,Car,9,Parked Motor Vehicle,2,2,0,4,"$501 to $1,500",1,0,0,0,0,0,0,28,Failing To Reduce Speed To Avoid Crash,99,Not Applicable,1,No Controls,1,No Controls,1,Clear,1,Daylight,7,Parking Lot,1,Dry,1,Slow,1,No Defects,O30,O8,41.8873520,-87.7937622,41.8874664,-87.7937241,1131172.13,1902000.50
32781,25 04052,2504052,X003904726,2025-07-29,16:46:00,2025-07-29 16:46:00,2025-07-30 09:12:51,Augusta St/N Marion St,,AUGUSTA ST,N MARION ST,1,0,0,1,Property Damage,No Injuries,Car,11,Front To Rear,2,2,0,3,$500 or less,1,0,0,0,0,0,0,03,Following Too Closely,99,Not Applicable,3,Traffic Signal,4,Functioning Properly,1,Clear,1,Daylight,1,Not Divided,1,Dry,1,Slow,1,No Defects,O20,O6,41.8978691,-87.8038635,41.8978996,-87.8038635,1128399.75,1905815.88
32782,25 04053,2504053,X003906159,2025-07-29,19:24:00,2025-07-29 19:24:00,2025-07-30 09:12:52,1125 Ontario St,1125,ONTARIO ST,,0,0,0,1,Property Damage,No Injuries,Car,9,Parked Motor Vehicle,2,2,0,5,"Over $1,500",1,0,0,0,0,0,0,28,Failing To Reduce Speed To Avoid Crash,18,Unable To Determine,1,No Controls,1,No Controls,1,Clear,1,Daylight,7,Parking Lot,1,Dry,2,Stopped,1,No Defects,O40,O9,41.8905373,-87.8039322,41.8897705,-87.8039246,1128396.75,1903143.13
32783,25 04054,2504054,X003903839,2025-07-29,21:47:00,2025-07-29 21:47:00,2025-07-30 09:12:52,N Harlem Ave/Madison St,,N HARLEM AVE,MADISON ST,1,1,0,0,Property Damage,No Injuries,Car,12,Sideswipe - Same Direction,2,2,0,4,"$501 to $1,500",1,0,0,0,0,0,0,04,Improper Overtaking/Passing,99,Not Applicable,3,Traffic Signal,4,Functioning Properly,1,Clear,5,"Darkness, Lighted Road",14,Four-Way Intersection,1,Dry,1,Slow,1,No Defects,F2,FPPD,41.8796730,-87.8047714,41.8796654,-87.8047333,1128192.88,1899183.13
32787,25 04084,2504084,X003905901,2025-07-30,08:54:00,2025-07-30 08:54:00,2025-07-31 16:19:50,500 Highland Ave,500,HIGHLAND AVE,,0,0,0,0,Property Damage,No Injuries,Car,15,Angle,2,2,0,4,"$501 to $1,500",1,0,0,0,0,0,0,02,Failing To Yield Right-Of-Way,18,Unable To Determine,1,No Controls,1,No Controls,1,Clear,1,Daylight,1,Not Divided,1,Dry,3,Free Flow,1,No Defects,O80,O13,41.8799706,-87.7820435,41.8799133,-87.7819290,1134380.13,1899331.00
32784,25 04072,2504072,X003904727,2025-07-30,18:29:00,2025-07-30 18:29:00,2025-07-30 19:57:19,Washington Blvd/Cuyler,,WASHINGTON BLVD,CUYLER,1,1,0,0,Property Damage,No Injuries,Car,15,Angle,2,2,0,5,"Over $1,500",1,0,0,0,0,0,0,20,Improper Lane Usage,99,Not Applicable,1,No Controls,1,No Controls,1,Clear,1,Daylight,2,"Divided, No Median Barrier",1,Dry,2,Stopped,1,No Defects,O50,O10,41.8817177,-87.7828751,41.8817444,-87.7828751,1134151.00,1899966.38
32785,25 04077,2504077,X003905899,2025-07-30,23:54:00,2025-07-30 23:54:00,2025-07-31 08:04:49,S Harlem Ave/Harvard St,,S HARLEM AVE,HARVARD ST,1,1,0,0,Property Damage,No Injuries,Car,11,Front To Rear,3,3,0,4,"$501 to $1,500",1,0,0,0,0,0,0,03,Following Too Closely,99,Not Applicable,1,No Controls,1,No Controls,2,Rain,5,"Darkness, Lighted Road",15,T-Intersection,2,Wet,1,Slow,1,No Defects,O90,O18,41.8686790,-87.8043060,41.8686943,-87.8043366,1128344.38,1895178.63
32786,25 04081,2504081,X003905900,2025-07-31,08:10:00,2025-07-31 08:10:00,2025-07-31 16:19:49,6445 North Ave,6445,NORTH AVE,,0,0,0,0,Property Damage,No Injuries,Car,10,Turning (At Least One Vehicle),2,2,0,5,"Over $1,500",0,1,0,0,0,0,0,20,Improper Lane Usage,28,Failing To Reduce Speed To Avoid Crash,1,No Controls,1,No Controls,1,Clear,1,Daylight,2,"Divided, No Median Barrier",1,Dry,3,Free Flow,1,No Defects,O20,O2,41.9090919,-87.7870941,41.9089775,-87.7870712,1132938.75,1909933.13
32793,25 04082,2504082,X003905953,2025-07-31,08:18:00,2025-07-31 08:18:00,2025-08-01 07:25:42,North Blvd/N Harlem Ave,,NORTH BLVD,N HARLEM AVE,0,0,0,1,Property Damage,No Injuries,Car,9,Parked Motor Vehicle,2,2,0,3,$500 or less,1,0,0,0,0,0,0,20,Improper Lane Usage,99,Not Applicable,1,No Controls,1,No Controls,1,Clear,1,Daylight,1,Not Divided,1,Dry,1,Slow,1,No Defects,O40,O9,41.8871002,-87.8049927,41.8871231,-87.8049927,1128115.75,1901889.63
32794,25 04092,2504092,X003905961,2025-07-31,13:19:00,2025-07-31 13:19:00,2025-08-01 07:31:37,48 Washington Blvd,48,WASHINGTON BLVD,,0,0,0,1,Property Damage,No Injuries,Car,9,Parked Motor Vehicle,2,2,0,5,"Over $1,500",1,0,0,0,0,0,0,28,Failing To Reduce Speed To Avoid Crash,99,Not Applicable,1,No Controls,1,No Controls,1,Clear,1,Daylight,1,Not Divided,1,Dry,3,Free Flow,1,No Defects,O50,O10,41.8821068,-87.7766724,41.8822365,-87.7770920,1135839.50,1900118.38
32796,25 04100,2504100,X003906010,2025-07-31,17:35:00,2025-07-31 17:35:00,2025-08-01 07:37:27,Lake St/N Elmwood Ave,,LAKE ST,N ELMWOOD AVE,1,1,0,1,Property Damage,No Injuries,Car,10,Turning (At Least One Vehicle),2,2,0,5,"Over $1,500",0,1,0,0,0,0,0,02,Failing To Yield Right-Of-Way,28,Failing To Reduce Speed To Avoid Crash,2,Stop Sign,4,Functioning Properly,1,Clear,1,Daylight,14,Four-Way Intersection,1,Dry,3,Free Flow,1,No Defects,O30,O8,41.8883514,-87.7863312,41.8883743,-87.7863312,1133194.00,1902377.25
32791,25 04102,2504102,X003905974,2025-07-31,18:08:00,2025-07-31 18:08:00,2025-08-01 07:31:36,1515 N Harlem Ave,1515,N HARLEM AVE,,0,0,0,0,Property Damage,No Injuries,Car,12,Sideswipe - Same Direction,2,2,0,3,$500 or less,1,0,0,0,0,0,0,20,Improper Lane Usage,99,Not Applicable,1,No Controls,1,No Controls,1,Clear,1,Daylight,1,Not Divided,1,Dry,3,Free Flow,1,No Defects,R81,RFPD,41.9076386,-87.8057709,41.9077072,-87.8054962,1127858.00,1909372.75
32792,25 04103,2504103,X003905978,2025-07-31,19:00:00,2025-07-31 19:00:00,2025-08-01 07:31:37,417 N Harlem Ave,417,N HARLEM AVE,,0,0,0,0,Property Damage,No Injuries,Car,12,Sideswipe - Same Direction,2,2,0,5,"Over $1,500",1,0,0,0,0,0,0,04,Improper Overtaking/Passing,99,Not Applicable,3,Traffic Signal,4,Functioning Properly,1,Clear,1,Daylight,1,Not Divided,1,Dry,3,Free Flow,1,No Defects,R83,RFPD,41.8877716,-87.8050537,41.8875923,-87.8048477,1128097.00,1902134.88
32790,25 04104,2504104,X003905903,2025-07-31,19:14:00,2025-07-31 19:14:00,2025-08-01 05:18:46,266 Washington Blvd,266,WASHINGTON BLVD,,0,0,0,1,Property Damage,No Injuries,Car,9,Parked Motor Vehicle,2,2,0,5,"Over $1,500",1,0,0,0,0,0,0,99,Not Applicable,99,Not Applicable,1,No Controls,1,No Controls,1,Clear,1,Daylight,1,Not Divided,1,Dry,3,Free Flow,1,No Defects,O50,O10,41.8817787,-87.7826080,41.8818512,-87.7826996,1134222.00,1899988.50
32795,25 04107,2504107,X003906008,2025-07-31,19:22:00,2025-07-31 19:22:00,2025-08-01 07:37:26,Erie St/Harlem Ct,,ERIE ST,HARLEM CT,1,0,0,1,Property Damage,No Injuries,Pedalcyclist,2,Pedalcyclist,2,1,0,3,$500 or less,1,0,0,0,0,0,0,02,Failing To Yield Right-Of-Way,99,Not Applicable,1,No Controls,1,No Controls,1,Clear,1,Daylight,14,Four-Way Intersection,1,Dry,3,Free Flow,1,No Defects,O40,O9,41.8918076,-87.8043060,41.8918304,-87.8043060,1128292.00,1903606.13
32798,25 04111,2504111,X003907048,2025-08-01,09:22:00,2025-08-01 09:22:00,2025-08-01 13:39:51,215 S Harlem Ave,215,S HARLEM AVE,,0,0,0,0,Property Damage,No Injuries,Car,11,Front To Rear,2,2,0,5,"Over $1,500",1,0,0,0,0,0,0,28,Failing To Reduce Speed To Avoid Crash,15,Driving Skills/Knowledge/Experience,3,Traffic Signal,4,Functioning Properly,1,Clear,1,Daylight,2,"Divided, No Median Barrier",1,Dry,3,Free Flow,1,No Defects,O60,O15,41.8761826,-87.8045197,41.8761826,-87.8043976,1128268.88,1897912.38
32802,25 04117,2504117,X003909209,2025-08-01,13:24:00,2025-08-01 13:24:00,2025-08-04 08:13:34,N Oak Park Ave/Ontario St,,N OAK PARK AVE,ONTARIO ST,1,1,0,0,Property Damage,No Injuries,Car,10,Turning (At Least One Vehicle),2,2,0,5,"Over $1,500",1,0,0,0,0,0,0,02,Failing To Yield Right-Of-Way,28,Failing To Reduce Speed To Avoid Crash,2,Stop Sign,4,Functioning Properly,1,Clear,1,Daylight,2,"Divided, No Median Barrier",1,Dry,3,Free Flow,1,No Defects,O40,O9,41.8902016,-87.7946014,41.8902016,-87.7945557,1130938.75,1903037.00
32801,25 04124,2504124,X003909211,2025-08-01,18:44:00,2025-08-01 18:44:00,2025-08-04 08:07:43,Washington Bl/Kenilworth,,WASHINGTON BL,KENILWORTH,0,0,0,0,Property Damage,No Injuries,Pedestrian,1,Pedestrian,3,2,0,5,"Over $1,500",1,0,0,0,0,0,0,28,Failing To Reduce Speed To Avoid Crash,99,Not Applicable,1,No Controls,1,No Controls,1,Clear,3,Dusk,1,Not Divided,1,Dry,3,Free Flow,1,No Defects,O70,O12,41.8815270,-87.7969742,41.8815537,-87.7969742,1130311.88,1899872.13
32804,25 04129,2504129,X003909463,2025-08-02,04:56:00,2025-08-02 04:56:00,2025-08-04 08:13:36,464 N Austin Blvd,464,N AUSTIN BLVD,,0,0,0,0,Injury,C Injury Crash,Car,9,Parked Motor Vehicle,7,7,0,5,"Over $1,500",0,1,0,0,0,1,1,08,Under The Influence Of Alc/Drugs-Use For Dui,28,Failing To Reduce Speed To Avoid Crash,3,Traffic Signal,4,Functioning Properly,1,Clear,5,"Darkness, Lighted Road",1,Not Divided,1,Dry,3,Free Flow,1,No Defects,O30,O7,41.8897629,-87.7749558,41.8899078,-87.7751846,1136287.88,1902912.63
32807,25 04132,2504132,X003909217,2025-08-02,10:43:00,2025-08-02 10:43:00,2025-08-04 08:31:09,Austin Blvd/Erie Ct,,AUSTIN BLVD,ERIE CT,0,1,0,1,Property Damage,No Injuries,Car,11,Front To Rear,2,2,0,4,"$501 to $1,500",1,0,0,0,0,0,0,24,Disregarding Other Traffic Signs,03,Following Too Closely,3,Traffic Signal,4,Functioning Properly,1,Clear,1,Daylight,14,Four-Way Intersection,1,Dry,2,Stopped,1,No Defects,,,41.8919029,-87.7750168,41.8919029,-87.7750549,1136265.25,1903691.13
32820,25 04215,2504215,X003912545,2025-08-02,16:53:00,2025-08-02 16:53:00,2025-08-07 00:42:23,S Austin Blvd/Harrison,,S AUSTIN BLVD,HARRISON,1,0,0,1,Property Damage,No Injuries,Car,10,Turning (At Least One Vehicle),2,2,0,4,"$501 to $1,500",1,0,0,0,0,0,0,02,Failing To Yield Right-Of-Way,18,Unable To Determine,3,Traffic Signal,4,Functioning Properly,1,Clear,5,"Darkness, Lighted Road",1,Not Divided,1,Dry,3,Free Flow,1,No Defects,O80,O13,41.8727799,-87.7744522,41.8727799,-87.7744141,1136465.25,1896723.75
32805,25 04141,2504141,X003909219,2025-08-02,18:53:00,2025-08-02 18:53:00,2025-08-04 08:13:36,1100 S Austin Blvd,1100,S AUSTIN BLVD,,0,0,0,1,Property Damage,No Injuries,Pedestrian,1,Pedestrian,2,1,0,3,$500 or less,1,0,0,0,0,0,0,02,Failing To Yield Right-Of-Way,99,Not Applicable,1,No Controls,1,No Controls,1,Clear,1,Daylight,1,Not Divided,1,Dry,3,Free Flow,1,No Defects,O90,O16,41.8667679,-87.7742233,41.8667068,-87.7742615,1136542.63,1894533.00
33100,25 04149,2504149,X003962874,2025-08-03,04:53:00,2025-08-03 04:53:00,2025-09-19 08:26:01,207 N Harlem Ave,207,N HARLEM AVE,,0,0,0,0,Injury,A Injury Crash,Car,6,Fixed Object,1,1,0,5,"Over $1,500",0,1,0,1,0,0,1,20,Improper Lane Usage,99,Not Applicable,1,No Controls,1,No Controls,1,Clear,4,Darkness,1,Not Divided,1,Dry,3,Free Flow,1,No Defects,O70,O12,41.8835792,-87.8048553,41.8834724,-87.8047256,1128161.00,1900606.13
32822,25 04157,2504157,X003912835,2025-08-03,13:50:00,2025-08-03 13:50:00,2025-08-07 08:58:57,Oak Park Ave/Jackson,,OAK PARK AVE,JACKSON,0,0,0,0,Injury,A Injury Crash,Car,10,Turning (At Least One Vehicle),2,2,0,5,"Over $1,500",0,1,0,1,1,0,2,20,Improper Lane Usage,02,Failing To Yield Right-Of-Way,3,Traffic Signal,4,Functioning Properly,1,Clear,1,Daylight,2,"Divided, No Median Barrier",1,Dry,3,Free Flow,1,No Defects,O60,O14,41.8761177,-87.7940979,41.8761177,-87.7941284,1131107.63,1897906.13
32803,25 04160,2504160,X003909220,2025-08-03,21:36:00,2025-08-03 21:36:00,2025-08-04 08:13:34,1175 S Ridgeland Ave,1175,S RIDGELAND AVE,,0,0,0,0,Property Damage,No Injuries,Car,11,Front To Rear,2,2,0,3,$500 or less,1,0,0,0,0,0,0,03,Following Too Closely,99,Not Applicable,1,No Controls,1,No Controls,1,Clear,5,"Darkness, Lighted Road",1,Not Divided,1,Dry,1,Slow,1,No Defects,O90,O16,41.8662300,-87.7839584,41.8661919,-87.7841415,1133891.00,1894320.75
32813,25 04167,2504167,X003910859,2025-08-04,08:54:00,2025-08-04 08:54:00,2025-08-05 08:16:28,S Ridgeland Ave/South Blvd,,S RIDGELAND AVE,SOUTH BLVD,1,1,0,0,Injury,B Injury Crash,Pedestrian,1,Pedestrian,2,1,0,5,"Over $1,500",0,1,0,0,1,0,1,02,Failing To Yield Right-Of-Way,15,Driving Skills/Knowledge/Experience,3,Traffic Signal,4,Functioning Properly,1,Clear,1,Daylight,4,Two-Way Continuous Left-Turn Lane,1,Dry,3,Free Flow,1,No Defects,O50,O10,41.8869591,-87.7846298,41.8869553,-87.7846603,1133661.75,1901873.50
32814,25 04172,2504172,X003910861,2025-08-04,09:50:00,2025-08-04 09:50:00,2025-08-05 08:16:28,S Ridgeland Ave/South Blvd,,S RIDGELAND AVE,SOUTH BLVD,0,0,0,0,Property Damage,No Injuries,Car,6,Fixed Object,1,1,0,5,"Over $1,500",1,0,0,0,0,0,0,28,Failing To Reduce Speed To Avoid Crash,15,Driving Skills/Knowledge/Experience,1,No Controls,1,No Controls,1,Clear,1,Daylight,1,Not Divided,1,Dry,,,1,No Defects,O50,O10,41.8869591,-87.7846298,41.8869553,-87.7846603,1133661.75,1901873.50
32811,25 04174,2504174,X003910172,2025-08-04,11:45:00,2025-08-04 11:45:00,2025-08-04 13:37:32,S Ridgeland Ave/Fillmore St,,S RIDGELAND AVE,FILLMORE ST,1,1,0,0,Injury,C Injury Crash,Car,15,Angle,2,2,0,5,"Over $1,500",0,1,0,0,0,2,2,02,Failing To Yield Right-Of-Way,28,Failing To Reduce Speed To Avoid Crash,2,Stop Sign,4,Functioning Properly,1,Clear,1,Daylight,2,"Divided, No Median Barrier",1,Dry,3,Free Flow,1,No Defects,O90,O16,41.8671608,-87.7839889,41.8671532,-87.7840271,1133880.25,1894659.13
32859,25 04182,2504182,X003918679,2025-08-04,21:41:00,2025-08-04 21:41:00,2025-08-12 11:00:05,Madison St/S Ridgeland Ave,,MADISON ST,S RIDGELAND AVE,1,1,0,0,Property Damage,No Injuries,Car,10,Turning (At Least One Vehicle),2,2,0,4,"$501 to $1,500",1,0,0,0,0,0,0,02,Failing To Yield Right-Of-Way,99,Not Applicable,3,Traffic Signal,4,Functioning Properly,1,Clear,5,"Darkness, Lighted Road",1,Not Divided,1,Dry,3,Free Flow,1,No Defects,O80,O13,41.8799019,-87.7844620,41.8799324,-87.7844620,1133723.63,1899302.88
32817,25 04190,2504190,X003912542,2025-08-05,10:43:00,2025-08-05 10:43:00,2025-08-06 10:41:35,Superior St/N Ridgeland Ave,,SUPERIOR ST,N RIDGELAND AVE,1,1,0,0,Property Damage,No Injuries,Car,11,Front To Rear,2,2,0,3,$500 or less,1,0,0,0,0,0,0,03,Following Too Closely,28,Failing To Reduce Speed To Avoid Crash,1,No Controls,1,No Controls,1,Clear,1,Daylight,1,Not Divided,1,Dry,3,Free Flow,1,No Defects,O30,O7,41.8930702,-87.7848282,41.8931007,-87.7848358,1133592.00,1904099.00
32839,25 04195,2504195,X003918816,2025-08-05,14:33:00,2025-08-05 14:33:00,2025-08-11 08:58:43,N Harlem Ave/Lake St,,N HARLEM AVE,LAKE ST,1,1,0,0,Injury,C Injury Crash,Pedestrian,1,Pedestrian,2,1,0,3,$500 or less,0,1,0,0,0,1,1,02,Failing To Yield Right-Of-Way,99,Not Applicable,3,Traffic Signal,4,Functioning Properly,1,Clear,1,Daylight,14,Four-Way Intersection,1,Dry,1,Slow,1,No Defects,O40,O9,41.8885765,-87.8050919,41.8885841,-87.8050537,1128084.88,1902427.75
32818,25 04196,2504196,X003912543,2025-08-05,14:48:00,2025-08-05 14:48:00,2025-08-06 10:41:35,Oak Park Ave/South Blvd,,OAK PARK AVE,SOUTH BLVD,0,0,0,0,Property Damage,No Injuries,Car,15,Angle,2,2,0,5,"Over $1,500",1,0,0,0,0,0,0,02,Failing To Yield Right-Of-Way,28,Failing To Reduce Speed To Avoid Crash,1,No Controls,1,No Controls,1,Clear,1,Daylight,2,"Divided, No Median Barrier",1,Dry,1,Slow,1,No Defects,O60,O11,41.8868980,-87.7944336,41.8868904,-87.7944717,1130991.25,1901833.88
32819,25 04200,2504200,X003912544,2025-08-05,16:42:00,2025-08-05 16:42:00,2025-08-06 10:41:36,S Ridgeland Ave/Washington Blvd,,S RIDGELAND AVE,WASHINGTON BLVD,1,1,0,0,Property Damage,No Injuries,Car,10,Turning (At Least One Vehicle),2,2,0,3,$500 or less,1,0,0,0,0,0,0,02,Failing To Yield Right-Of-Way,28,Failing To Reduce Speed To Avoid Crash,3,Traffic Signal,4,Functioning Properly,1,Clear,1,Daylight,14,Four-Way Intersection,1,Dry,3,Free Flow,1,No Defects,O50,O10,41.8817215,-87.7844772,41.8817253,-87.7845154,1133714.00,1899965.25
32860,25 04205,2504205,X003918693,2025-08-05,20:39:00,2025-08-05 20:39:00,2025-08-12 11:00:06,Madison Street/N Austin Blvd,,MADISON STREET,N AUSTIN BLVD,1,1,0,0,Injury,C Injury Crash,Car,10,Turning (At Least One Vehicle),2,2,0,4,"$501 to $1,500",0,1,0,0,0,1,1,06,Improper Turning/No Signal,02,Failing To Yield Right-Of-Way,3,Traffic Signal,9,Unknown,1,Clear,3,Dusk,1,Not Divided,1,Dry,3,Free Flow,1,No Defects,O80,O13,41.8800621,-87.7746582,41.8800888,-87.7746582,1136391.38,1899377.50
32825,25 04218,2504218,X003914768,2025-08-07,04:41:00,2025-08-07 04:41:00,2025-08-08 07:38:48,S Harlem Ave/Lexington St,,S HARLEM AVE,LEXINGTON ST,1,1,0,0,Property Damage,No Injuries,Car,11,Front To Rear,4,4,0,4,"$501 to $1,500",1,0,0,0,0,0,0,03,Following Too Closely,40,Distraction - From Outside Vehicle,1,No Controls,1,No Controls,1,Clear,5,"Darkness, Lighted Road",15,T-Intersection,1,Dry,1,Slow,1,No Defects,O90,O18,41.8704796,-87.8043671,41.8704834,-87.8043976,1128323.00,1895834.00
32823,25 04220,2504220,X003913746,2025-08-07,09:38:00,2025-08-07 09:38:00,2025-08-07 17:08:04,Garfield St/S Grove Ave,,GARFIELD ST,S GROVE AVE,0,0,0,1,Property Damage,No Injuries,Car,9,Parked Motor Vehicle,2,2,0,3,$500 or less,1,0,0,0,0,0,0,28,Failing To Reduce Speed To Avoid Crash,99,Not Applicable,1,No Controls,1,No Controls,1,Clear,1,Daylight,1,Not Divided,1,Dry,3,Free Flow,1,No Defects,O90,O18,41.8721046,-87.7953033,41.8721390,-87.7953033,1130788.13,1896442.88
32826,25 04226,2504226,X003914769,2025-08-07,12:26:00,2025-08-07 12:26:00,2025-08-08 07:38:49,Humphrey/Greenfield,,HUMPHREY,GREENFIELD,0,0,0,0,Property Damage,No Injuries,Car,9,Parked Motor Vehicle,2,2,0,5,"Over $1,500",0,1,0,0,0,0,0,20,Improper Lane Usage,99,Not Applicable,1,No Controls,1,No Controls,1,Clear,1,Daylight,1,Not Divided,1,Dry,3,Free Flow,1,No Defects,O10,O1,41.9058609,-87.7767868,41.9058723,-87.7767563,1135751.13,1908774.00
32833,25 04242,2504242,X003917066,2025-08-08,10:30:00,2025-08-08 10:30:00,2025-08-11 08:52:45,Harlem/Lake,,HARLEM,LAKE,0,0,0,0,Property Damage,No Injuries,Car,12,Sideswipe - Same Direction,2,2,0,4,"$501 to $1,500",1,0,0,0,0,0,0,28,Failing To Reduce Speed To Avoid Crash,99,Not Applicable,3,Traffic Signal,4,Functioning Properly,1,Clear,1,Daylight,2,"Divided, No Median Barrier",1,Dry,2,Stopped,1,No Defects,R83,RFPD,41.8885765,-87.8050919,41.8885841,-87.8050537,1128084.88,1902427.75
32832,25 04246,2504246,X003917067,2025-08-08,13:31:00,2025-08-08 13:31:00,2025-08-11 08:46:43,Pleasant St/Home Ave,,PLEASANT ST,HOME AVE,0,0,0,1,Property Damage,No Injuries,Car,15,Angle,2,2,0,5,"Over $1,500",1,0,0,0,0,0,0,03,Following Too Closely,04,Improper Overtaking/Passing,1,No Controls,1,No Controls,1,Clear,1,Daylight,1,Not Divided,9,Unknown,1,Slow,99,Unknown,O70,O12,41.8853989,-87.8000717,41.8857498,-87.8000870,1129458.38,1901277.88
32831,25 04251,2504251,X003917070,2025-08-08,22:25:00,2025-08-08 22:25:00,2025-08-11 08:52:44,N East Ave/Lake St,,N EAST AVE,LAKE ST,1,1,0,0,Property Damage,No Injuries,Car,11,Front To Rear,2,2,0,5,"Over $1,500",1,0,0,0,0,0,0,28,Failing To Reduce Speed To Avoid Crash,03,Following Too Closely,3,Traffic Signal,4,Functioning Properly,1,Clear,4,Darkness,15,T-Intersection,1,Dry,2,Stopped,1,No Defects,O30,O8,41.8884811,-87.7896271,41.8884849,-87.7895889,1132295.75,1902419.13
32835,25 04252,2504252,X003917071,2025-08-08,23:41:00,2025-08-08 23:41:00,2025-08-11 08:52:45,Lake St/N Euclid Ave,,LAKE ST,N EUCLID AVE,0,0,0,0,Property Damage,No Injuries,Car,11,Front To Rear,2,2,0,5,"Over $1,500",1,0,0,0,0,0,0,28,Failing To Reduce Speed To Avoid Crash,03,Following Too Closely,1,No Controls,1,No Controls,1,Clear,4,Darkness,2,"Divided, No Median Barrier",1,Dry,3,Free Flow,1,No Defects,O30,O8,41.8885574,-87.7926941,41.8885841,-87.7926941,1131461.00,1902441.13
32836,25 04261,2504261,X003917073,2025-08-09,11:20:00,2025-08-09 11:20:00,2025-08-11 08:58:42,N Harlem Ave/Washington Blvd,,N HARLEM AVE,WASHINGTON BLVD,1,1,0,0,Property Damage,No Injuries,Car,10,Turning (At Least One Vehicle),2,2,0,5,"Over $1,500",1,0,0,0,0,0,0,02,Failing To Yield Right-Of-Way,28,Failing To Reduce Speed To Avoid Crash,3,Traffic Signal,4,Functioning Properly,1,Clear,1,Daylight,2,"Divided, No Median Barrier",1,Dry,1,Slow,1,No Defects,F1,FPPD,41.8813934,-87.8048325,41.8814087,-87.8047943,1128172.13,1899810.88
32830,25 04269,2504269,X003917074,2025-08-09,18:12:00,2025-08-09 18:12:00,2025-08-11 08:52:44,Madison St/S Grove Ave,,MADISON ST,S GROVE AVE,1,1,0,1,Property Damage,No Injuries,Car,11,Front To Rear,3,3,0,5,"Over $1,500",1,0,0,0,0,0,0,28,Failing To Reduce Speed To Avoid Crash,99,Not Applicable,1,No Controls,1,No Controls,1,Clear,1,Daylight,1,Not Divided,1,Dry,3,Free Flow,1,No Defects,O60,O15,41.8797226,-87.7955780,41.8797531,-87.7954559,1130695.00,1899217.25
32829,25 04284,2504284,X003918036,2025-08-10,17:03:00,2025-08-10 17:03:00,2025-08-11 08:23:23,North Blvd/Forest,,NORTH BLVD,FOREST,0,0,0,0,Property Damage,No Injuries,Car,10,Turning (At Least One Vehicle),2,2,0,4,"$501 to $1,500",1,0,0,0,0,0,0,15,Driving Skills/Knowledge/Experience,28,Failing To Reduce Speed To Avoid Crash,1,No Controls,1,No Controls,1,Clear,1,Daylight,10,One-Way,1,Dry,3,Free Flow,1,No Defects,O40,O9,41.8871422,-87.8006134,41.8872528,-87.8007050,1129307.00,1901912.50