record_id,report_number,crash_id,idot_crash_number,date,time,occurred_at,record_added_at,location,street_number,street_name,cross_street,at_intersection,intersection_related,private_property,hit_and_run,crash_severity,crash_injury_severity,crash_mode,crash_type_code,crash_type,total_units,num_motor_vehicles,dooring_pedalcyclist,damage_code,damage,no_injury_drive_away,injury_or_towed,fatalities,a_injuries,b_injuries,c_injuries,total_injured,cause1_code,cause1,cause2_code,cause2,traffic_control_code,traffic_control,device_condition_code,device_condition,weather_code,weather,lighting_code,lighting,trafficway_code,trafficway,road_surface_code,road_surface,flow_condition_code,flow_condition,road_defects_code,road_defects,beat_zone,post_district,latitude,longitude,latitude_geocoded,longitude_geocoded,state_plane_x,state_plane_y
32847,25 04288,2504288,X003917450,2025-08-11,05:36:00,2025-08-11 05:36:00,2025-08-11 11:28:52,S Harlem Ave/Harvard St,,S HARLEM AVE,HARVARD ST,0,0,0,0,Property Damage,No Injuries,Car,12,Sideswipe - Same Direction,2,2,0,5,"Over $1,500",0,1,0,0,0,0,0,20,Improper Lane Usage,18,Unable To Determine,1,No Controls,1,No Controls,1,Clear,2,Dawn,1,Not Divided,1,Dry,3,Free Flow,1,No Defects,O90,O18,41.8686790,-87.8043060,41.8686943,-87.8043366,1128344.38,1895178.63
32848,25 04289,2504289,X003918037,2025-08-11,07:06:00,2025-08-11 07:06:00,2025-08-11 16:28:10,S Harlem Ave/I290 W,,S HARLEM AVE,I290 W,1,1,0,1,Property Damage,No Injuries,Car,12,Sideswipe - Same Direction,2,2,0,3,$500 or less,1,0,0,0,0,0,0,04,Improper Overtaking/Passing,15,Driving Skills/Knowledge/Experience,3,Traffic Signal,4,Functioning Properly,8,Cloudy/Overcast,1,Daylight,2,"Divided, No Median Barrier",1,Dry,3,Free Flow,1,No Defects,O60,O15,41.8737946,-87.8044968,41.8738136,-87.8045197,1128281.50,1897042.00
32851,25 04306,2504306,X003918418,2025-08-11,15:09:00,2025-08-11 15:09:00,2025-08-12 08:24:22,Chicago Ave/Maple St,,CHICAGO AVE,MAPLE ST,0,0,0,0,Property Damage,No Injuries,Car,9,Parked Motor Vehicle,2,2,0,4,"$501 to $1,500",1,0,0,0,0,0,0,30,Improper Backing,28,Failing To Reduce Speed To Avoid Crash,3,Traffic Signal,4,Functioning Properly,1,Clear,1,Daylight,1,Not Divided,1,Dry,1,Slow,1,No Defects,O40,O9,41.8942146,-87.8039551,41.8942452,-87.8039551,1128382.25,1904483.00
32857,25 04305,2504305,X003918416,2025-08-11,15:14:00,2025-08-11 15:14:00,2025-08-12 11:00:04,South Blvd/Humphrey Ave,,SOUTH BLVD,HUMPHREY AVE,0,0,0,0,Injury,C Injury Crash,Car,10,Turning (At Least One Vehicle),2,2,0,4,"$501 to $1,500",0,1,0,0,0,1,1,18,Unable To Determine,18,Unable To Determine,1,No Controls,1,No Controls,1,Clear,1,Daylight,1,Not Divided,1,Dry,3,Free Flow,1,No Defects,O50,O10,41.8870316,-87.7765122,41.8870621,-87.7765198,1135870.00,1901914.13
32852,25 04309,2504309,X003918420,2025-08-11,16:11:00,2025-08-11 16:11:00,2025-08-12 08:24:22,Madison St/S Humphrey Ave,,MADISON ST,S HUMPHREY AVE,0,0,0,0,Property Damage,No Injuries,Car,11,Front To Rear,2,2,0,4,"$501 to $1,500",1,0,0,0,0,0,0,03,Following Too Closely,28,Failing To Reduce Speed To Avoid Crash,1,No Controls,1,No Controls,1,Clear,1,Daylight,2,"Divided, No Median Barrier",1,Dry,1,Slow,1,No Defects,O80,O13,41.8800392,-87.7758865,41.8800697,-87.7758865,1136058.00,1899366.00
32850,25 04310,2504310,X003918707,2025-08-11,16:36:00,2025-08-11 16:36:00,2025-08-12 08:24:21,Division St/Mapleton Ave,,DIVISION ST,MAPLETON AVE,1,1,0,1,Property Damage,No Injuries,Car,11,Front To Rear,2,2,0,3,$500 or less,1,0,0,0,0,0,0,18,Unable To Determine,18,Unable To Determine,2,Stop Sign,4,Functioning Properly,1,Clear,1,Daylight,2,"Divided, No Median Barrier",1,Dry,1,Slow,1,No Defects,O10,O4,41.9018936,-87.7814636,41.9019203,-87.7814636,1134488.38,1907320.63
32890,25 04311,2504311,X003926486,2025-08-11,17:07:00,2025-08-11 17:07:00,2025-08-18 10:36:11,6936 Roosevelt Rd,6936,ROOSEVELT RD,,0,0,0,0,Property Damage,No Injuries,Car,11,Front To Rear,2,2,0,3,$500 or less,1,0,0,0,0,0,0,03,Following Too Closely,28,Failing To Reduce Speed To Avoid Crash,1,No Controls,1,No Controls,1,Clear,1,Daylight,2,"Divided, No Median Barrier",1,Dry,1,Slow,1,No Defects,O90,O18,41.8651161,-87.7979965,41.8651505,-87.7980347,1130070.50,1893890.38
32849,25 04316,2504316,X003918705,2025-08-11,17:21:00,2025-08-11 17:21:00,2025-08-11 21:43:56,312 N East Ave,312,N EAST AVE,,0,0,0,1,Property Damage,No Injuries,Car,18,Rear To Front,2,2,0,3,$500 or less,1,0,0,0,0,0,0,18,Unable To Determine,99,Not Applicable,1,No Controls,1,No Controls,1,Clear,1,Daylight,1,Not Divided,1,Dry,3,Free Flow,1,No Defects,O30,O8,41.8918037,-87.7896576,41.8921814,-87.7894287,1132279.25,1903629.50
32885,25 04313,2504313,X003926481,2025-08-11,20:12:00,2025-08-11 20:12:00,2025-08-18 10:18:21,1003 S Oak Park Ave,1003,S OAK PARK AVE,,0,0,0,0,Property Damage,No Injuries,Car,9,Parked Motor Vehicle,2,2,0,4,"$501 to $1,500",1,0,0,0,0,0,0,04,Improper Overtaking/Passing,99,Not Applicable,1,No Controls,1,No Controls,1,Clear,1,Daylight,14,Four-Way Intersection,1,Dry,1,Slow,1,No Defects,O90,O17,41.8705292,-87.7939072,41.8704567,-87.7940826,1131172.88,1895870.75
32854,25 04318,2504318,X003919332,2025-08-11,21:18:00,2025-08-11 21:18:00,2025-08-12 08:24:21,1109 N Elmwood Ave,1109,N ELMWOOD AVE,,0,0,0,0,Property Damage,No Injuries,Car,9,Parked Motor Vehicle,3,3,0,4,"$501 to $1,500",1,0,0,0,0,0,0,11,Weather,99,Not Applicable,1,No Controls,1,No Controls,2,Rain,5,"Darkness, Lighted Road",1,Not Divided,2,Wet,3,Free Flow,1,No Defects,O20,O2,41.9059906,-87.7872849,41.9060783,-87.7874908,1132893.63,1908803.63
32862,25 04325,2504325,,2025-08-12,06:47:00,2025-08-12 06:47:00,2025-08-12 16:23:02,Roosevelt Rd/Kenilworth,,ROOSEVELT RD,KENILWORTH,0,0,0,0,Property Damage,No Injuries,Car,11,Front To Rear,3,3,0,3,$500 or less,1,0,0,0,0,0,0,28,Failing To Reduce Speed To Avoid Crash,03,Following Too Closely,1,No Controls,1,No Controls,2,Rain,1,Daylight,2,"Divided, No Median Barrier",2,Wet,1,Slow,1,No Defects,O90,O18,41.8651428,-87.7963638,41.8651199,-87.7963715,1130514.50,1893903.50
32858,25 04328,2504328,X003918636,2025-08-12,08:45:00,2025-08-12 08:45:00,2025-08-12 11:00:05,S Oak Park Ave/Lexington St,,S OAK PARK AVE,LEXINGTON ST,1,1,0,0,Injury,B Injury Crash,Car,15,Angle,2,2,0,5,"Over $1,500",0,1,0,0,2,0,2,02,Failing To Yield Right-Of-Way,28,Failing To Reduce Speed To Avoid Crash,2,Stop Sign,1,No Controls,1,Clear,1,Daylight,14,Four-Way Intersection,1,Dry,3,Free Flow,1,No Defects,O90,O17,41.8706436,-87.7939072,41.8706360,-87.7939453,1131171.25,1895911.75
32863,25 04330,2504330,X003919335,2025-08-12,11:25:00,2025-08-12 11:25:00,2025-08-12 16:23:03,Harrison St/S Oak Park Ave,,HARRISON ST,S OAK PARK AVE,0,1,0,1,Property Damage,No Injuries,Car,13,Sideswipe - Opposite Direction,2,2,0,5,"Over $1,500",1,0,0,0,0,0,0,18,Unable To Determine,18,Unable To Determine,3,Traffic Signal,4,Functioning Properly,8,Cloudy/Overcast,1,Daylight,14,Four-Way Intersection,1,Dry,3,Free Flow,1,No Defects,O60,O15,41.8727799,-87.7940292,41.8728065,-87.7940140,1131133.75,1896689.63
32965,25 04630,2504630,X003937214,2025-08-12,12:59:00,2025-08-12 12:59:00,2025-08-26 16:38:33,S Harlem Ave/Garfield,,S HARLEM AVE,GARFIELD,0,0,0,0,Property Damage,No Injuries,Car,18,Rear To Front,2,2,0,5,"Over $1,500",1,0,0,0,0,0,0,03,Following Too Closely,28,Failing To Reduce Speed To Avoid Crash,1,No Controls,1,No Controls,1,Clear,1,Daylight,2,"Divided, No Median Barrier",1,Dry,1,Slow,1,No Defects,O90,O18,41.8723068,-87.8044357,41.8723183,-87.8044663,1128300.88,1896500.75
32866,25 04331,2504331,X003919802,2025-08-12,14:28:00,2025-08-12 14:28:00,2025-08-13 09:26:46,1171 S Kenilworth Ave,1171,S KENILWORTH AVE,,0,0,0,0,Property Damage,No Injuries,Car,9,Parked Motor Vehicle,2,2,0,4,"$501 to $1,500",1,0,0,0,0,0,0,05,Driving On Wrong Side/Wrong Way,28,Failing To Reduce Speed To Avoid Crash,1,No Controls,1,No Controls,1,Clear,1,Daylight,2,"Divided, No Median Barrier",1,Dry,3,Free Flow,1,No Defects,O90,O18,41.8661575,-87.7963715,41.8661003,-87.7965775,1130511.75,1894273.25
32882,25 04332,2504332,X003926477,2025-08-12,16:28:00,2025-08-12 16:28:00,2025-08-18 10:24:10,S Maple Ave/Madison,,S MAPLE AVE,MADISON,0,0,0,1,Property Damage,No Injuries,Car,9,Parked Motor Vehicle,2,2,0,5,"Over $1,500",1,0,0,0,0,0,0,28,Failing To Reduce Speed To Avoid Crash,18,Unable To Determine,1,No Controls,1,No Controls,9,Unknown,9,Unknown,1,Not Divided,1,Dry,,,1,No Defects,O70,O12,41.8796234,-87.8038330,41.8796196,-87.8038635,1128448.88,1899167.25
32867,25 04336,2504336,X004335515,2025-08-12,19:19:00,2025-08-12 19:19:00,2025-08-13 09:26:46,201 Madison St,201,MADISON ST,,0,0,0,0,Property Damage,No Injuries,Car,9,Parked Motor Vehicle,2,2,0,5,"Over $1,500",1,0,0,0,0,0,0,28,Failing To Reduce Speed To Avoid Crash,15,Driving Skills/Knowledge/Experience,1,No Controls,1,No Controls,1,Clear,1,Daylight,7,Parking Lot,1,Dry,3,Free Flow,1,No Defects,O80,O13,41.8799934,-87.7796173,41.8796654,-87.7800217,1135041.38,1899343.38
32868,25 04349,2504349,X003920592,2025-08-13,18:08:00,2025-08-13 18:08:00,2025-08-13 19:40:00,Washington Blvd/S Euclid Ave,,WASHINGTON BLVD,S EUCLID AVE,1,1,0,0,Property Damage,No Injuries,Car,12,Sideswipe - Same Direction,2,2,0,5,"Over $1,500",1,0,0,0,0,0,0,04,Improper Overtaking/Passing,28,Failing To Reduce Speed To Avoid Crash,3,Traffic Signal,4,Functioning Properly,1,Clear,1,Daylight,1,Not Divided,1,Dry,1,Slow,1,No Defects,O60,O11,41.8815498,-87.7926712,41.8815804,-87.7926712,1131483.25,1899888.88
32870,25 04350,2504350,X003921758,2025-08-13,18:15:00,2025-08-13 18:15:00,2025-08-14 16:56:48,Maple Ave/Madison St,,MAPLE AVE,MADISON ST,0,0,0,0,Injury,B Injury Crash,Car,9,Parked Motor Vehicle,2,2,0,5,"Over $1,500",0,1,0,0,1,2,3,14,"Vision Obscured (Signs, Tree Limbs, Buildings",99,Not Applicable,1,No Controls,1,No Controls,1,Clear,1,Daylight,1,Not Divided,1,Dry,3,Free Flow,1,No Defects,O70,O12,41.8796234,-87.8038330,41.8796196,-87.8038635,1128448.88,1899167.25
32873,25 04353,2504353,X003921761,2025-08-13,19:34:00,2025-08-13 19:34:00,2025-08-14 16:56:49,Washington Blvd/S Ridgeland,,WASHINGTON BLVD,S RIDGELAND,1,1,0,0,Property Damage,No Injuries,Car,11,Front To Rear,3,3,0,5,"Over $1,500",1,0,0,0,0,0,0,28,Failing To Reduce Speed To Avoid Crash,99,Not Applicable,3,Traffic Signal,4,Functioning Properly,1,Clear,5,"Darkness, Lighted Road",1,Not Divided,1,Dry,1,Slow,1,No Defects,O50,O10,41.8816948,-87.7845154,41.8817253,-87.7845154,1133704.88,1899954.38
32869,25 04354,2504354,X003921757,2025-08-13,19:53:00,2025-08-13 19:53:00,2025-08-14 16:56:48,438 Madison St,,438 MADISON ST,SCOVILLE,0,0,0,1,Property Damage,No Injuries,Car,9,Parked Motor Vehicle,2,2,0,4,"$501 to $1,500",1,0,0,0,0,0,0,18,Unable To Determine,99,Not Applicable,1,No Controls,1,No Controls,1,Clear,5,"Darkness, Lighted Road",7,Parking Lot,1,Dry,3,Free Flow,1,No Defects,O60,O14,41.8798523,-87.7877274,41.8800697,-87.7867050,1132834.25,1899277.13
32871,25 04357,2504357,X003921759,2025-08-14,06:41:00,2025-08-14 06:41:00,2025-08-14 16:56:49,N Oak Park Ave/Augusta,,N OAK PARK AVE,AUGUSTA,0,1,0,0,Property Damage,No Injuries,Car,11,Front To Rear,2,2,0,3,$500 or less,1,0,0,0,0,0,0,28,Failing To Reduce Speed To Avoid Crash,03,Following Too Closely,3,Traffic Signal,4,Functioning Properly,1,Clear,1,Daylight,2,"Divided, No Median Barrier",1,Dry,2,Stopped,1,No Defects,O20,O6,41.8980675,-87.7948151,41.8980675,-87.7947769,1130862.75,1905903.00
32872,25 04366,2504366,X003921760,2025-08-14,10:11:00,2025-08-14 10:11:00,2025-08-14 16:56:50,S Austin Blvd/Garfield St,,S AUSTIN BLVD,GARFIELD ST,1,1,0,0,Property Damage,No Injuries,Car,10,Turning (At Least One Vehicle),2,2,0,5,"Over $1,500",1,0,0,0,0,0,0,02,Failing To Yield Right-Of-Way,18,Unable To Determine,2,Stop Sign,4,Functioning Properly,1,Clear,1,Daylight,14,Four-Way Intersection,1,Dry,1,Slow,1,No Defects,O90,O16,41.8704185,-87.7743530,41.8704224,-87.7743149,1136497.13,1895864.88
32898,25 04370,2504370,X003926500,2025-08-14,14:39:00,2025-08-14 14:39:00,2025-08-18 10:53:58,Garfield St/S Euclid Ave,,GARFIELD ST,S EUCLID AVE,0,0,0,1,Property Damage,No Injuries,Pedestrian,1,Pedestrian,2,1,0,3,$500 or less,1,0,0,0,0,0,0,28,Failing To Reduce Speed To Avoid Crash,18,Unable To Determine,1,No Controls,1,No Controls,1,Clear,1,Daylight,1,Not Divided,1,Dry,1,Slow,1,No Defects,O90,O17,41.8718986,-87.7927780,41.8719253,-87.7927704,1131477.25,1896370.00
32883,25 04373,2504373,X003926478,2025-08-14,16:02:00,2025-08-14 16:02:00,2025-08-18 10:18:21,Madison St/S Lombard Ave,,MADISON ST,S LOMBARD AVE,0,0,0,0,Property Damage,No Injuries,Car,9,Parked Motor Vehicle,2,2,0,5,"Over $1,500",1,0,0,0,0,0,0,04,Improper Overtaking/Passing,18,Unable To Determine,1,No Controls,1,No Controls,1,Clear,1,Daylight,8,Other,1,Dry,3,Free Flow,1,No Defects,O80,O13,41.8799973,-87.7795563,41.8800240,-87.7795563,1135058.63,1899344.50
32886,25 04375,2504375,X003926482,2025-08-14,16:53:00,2025-08-14 16:53:00,2025-08-18 10:30:06,6400 Roosevelt Rd,6400,ROOSEVELT RD,,0,0,0,0,Property Damage,No Injuries,Car,11,Front To Rear,2,2,0,4,"$501 to $1,500",1,0,0,0,0,0,0,28,Failing To Reduce Speed To Avoid Crash,99,Not Applicable,1,No Controls,1,No Controls,1,Clear,1,Daylight,2,"Divided, No Median Barrier",1,Dry,2,Stopped,1,No Defects,O90,O17,41.8653526,-87.7845764,41.8653908,-87.7840424,1133724.88,1893999.38
32887,25 04380,2504380,X003926483,2025-08-14,23:26:00,2025-08-14 23:26:00,2025-08-18 10:30:07,S Harlem Ave/I290 W,,S HARLEM AVE,I290 W,1,1,0,0,Property Damage,No Injuries,Car,10,Turning (At Least One Vehicle),2,2,0,5,"Over $1,500",1,0,0,0,0,0,0,06,Improper Turning/No Signal,15,Driving Skills/Knowledge/Experience,3,Traffic Signal,4,Functioning Properly,1,Clear,5,"Darkness, Lighted Road",1,Not Divided,1,Dry,3,Free Flow,1,No Defects,O60,O15,41.8737946,-87.8044968,41.8738136,-87.8045197,1128281.50,1897042.00
32875,25 04384,2504384,X003922807,2025-08-15,07:57:00,2025-08-15 07:57:00,2025-08-15 10:13:18,Lake St/Linden,,LAKE ST,LINDEN,0,0,0,0,Property Damage,No Injuries,Car,11,Front To Rear,2,2,0,3,$500 or less,1,0,0,0,0,0,0,03,Following Too Closely,18,Unable To Determine,1,No Controls,1,No Controls,1,Clear,1,Daylight,2,"Divided, No Median Barrier",1,Dry,1,Slow,1,No Defects,O30,O8,41.8885040,-87.7911606,41.8885384,-87.7911606,1131878.63,1902425.75
32876,25 04385,2504385,X003922015,2025-08-15,08:26:00,2025-08-15 08:26:00,2025-08-15 11:22:28,Clinton Ave/Lexington St,,CLINTON AVE,LEXINGTON ST,1,1,0,0,Injury,B Injury Crash,Pedalcyclist,2,Pedalcyclist,2,1,0,3,$500 or less,0,1,0,0,1,0,1,23,Disregarding Stop Sign,15,Driving Skills/Knowledge/Experience,2,Stop Sign,4,Functioning Properly,1,Clear,1,Daylight,14,Four-Way Intersection,1,Dry,3,Free Flow,1,No Defects,O90,O18,41.8705749,-87.7978363,41.8705749,-87.7978668,1130102.75,1895879.63
32897,25 04405,2504405,X003926499,2025-08-15,12:55:00,2025-08-15 12:55:00,2025-08-18 10:53:58,428 N Austin Blvd,428,N AUSTIN BLVD,,0,0,0,0,Property Damage,No Injuries,Car,11,Front To Rear,2,2,0,4,"$501 to $1,500",1,0,0,0,0,0,0,28,Failing To Reduce Speed To Avoid Crash,18,Unable To Determine,1,No Controls,1,No Controls,9,Unknown,1,Daylight,1,Not Divided,9,Unknown,2,Stopped,1,No Defects,,,41.8884811,-87.7749252,41.8885460,-87.7750855,1136300.63,1902445.88
32884,25 04399,2504399,X003926480,2025-08-15,15:04:00,2025-08-15 15:04:00,2025-08-18 10:24:11,N Ridgeland Ave/Erie St,,N RIDGELAND AVE,ERIE ST,1,1,0,0,Property Damage,No Injuries,Car,16,Rear To Side,2,2,0,4,"$501 to $1,500",1,0,0,0,0,0,0,02,Failing To Yield Right-Of-Way,28,Failing To Reduce Speed To Avoid Crash,1,No Controls,1,No Controls,1,Clear,1,Daylight,14,Four-Way Intersection,1,Dry,1,Slow,1,No Defects,O30,O8,41.8917160,-87.7848282,41.8917236,-87.7847977,1133594.00,1903606.63
32888,25 04409,2504409,X003926484,2025-08-15,22:57:00,2025-08-15 22:57:00,2025-08-18 10:30:07,N Austin Blvd/Washington Blvd,,N AUSTIN BLVD,WASHINGTON BLVD,0,0,0,1,Property Damage,No Injuries,Car,12,Sideswipe - Same Direction,2,2,0,5,"Over $1,500",1,0,0,0,0,0,0,04,Improper Overtaking/Passing,28,Failing To Reduce Speed To Avoid Crash,1,No Controls,1,No Controls,1,Clear,5,"Darkness, Lighted Road",1,Not Divided,1,Dry,3,Free Flow,1,No Defects,,,41.8821068,-87.7746887,41.8821106,-87.7747269,1136378.00,1900122.38
32922,25 04413,2504413,X003928588,2025-08-16,11:20:00,2025-08-16 11:20:00,2025-08-20 12:27:42,S Lombard Ave/Washington Blvd,,S LOMBARD AVE,WASHINGTON BLVD,1,1,0,0,Injury,B Injury Crash,Car,10,Turning (At Least One Vehicle),2,2,0,5,"Over $1,500",0,1,0,0,1,0,1,02,Failing To Yield Right-Of-Way,28,Failing To Reduce Speed To Avoid Crash,3,Traffic Signal,4,Functioning Properly,1,Clear,1,Daylight,2,"Divided, No Median Barrier",1,Dry,3,Free Flow,1,No Defects,O50,O10,41.8819313,-87.7795868,41.8819237,-87.7796173,1135046.75,1900049.63
32895,25 04414,2504414,X003926492,2025-08-16,11:53:00,2025-08-16 11:53:00,2025-08-18 10:36:16,1021 Lake St,1021,LAKE ST,,0,0,0,0,Property Damage,No Injuries,Car,11,Front To Rear,2,2,0,4,"$501 to $1,500",1,0,0,0,0,0,0,03,Following Too Closely,99,Not Applicable,1,No Controls,1,No Controls,1,Clear,1,Daylight,2,"Divided, No Median Barrier",1,Dry,1,Slow,1,No Defects,O40,O9,41.8886375,-87.8013992,41.8886070,-87.8014526,1129090.13,1902455.88
32901,25 04415,2504415,X003926503,2025-08-16,12:00:00,2025-08-16 12:00:00,2025-08-18 10:54:00,506 S Oak Park Ave,506,S OAK PARK AVE,,0,0,0,0,Property Damage,No Injuries,Car,11,Front To Rear,3,3,0,4,"$501 to $1,500",0,1,0,0,0,0,0,03,Following Too Closely,28,Failing To Reduce Speed To Avoid Crash,3,Traffic Signal,4,Functioning Properly,1,Clear,1,Daylight,4,Two-Way Continuous Left-Turn Lane,1,Dry,2,Stopped,1,No Defects,O60,O15,41.8792877,-87.7942810,41.8792572,-87.7941589,1131050.75,1899060.63
32892,25 04417,2504417,X003926489,2025-08-16,15:58:00,2025-08-16 15:58:00,2025-08-18 10:36:14,Clarence Ave/Fillmore St,,CLARENCE AVE,FILLMORE ST,1,1,0,0,Property Damage,No Injuries,Car,16,Rear To Side,2,2,0,5,"Over $1,500",1,0,0,0,0,0,0,02,Failing To Yield Right-Of-Way,28,Failing To Reduce Speed To Avoid Crash,2,Stop Sign,4,Functioning Properly,1,Clear,1,Daylight,14,Four-Way Intersection,1,Dry,3,Free Flow,1,No Defects,O90,O17,41.8670502,-87.7901230,41.8670464,-87.7901535,1132211.50,1894609.13
32891,25 04420,2504420,X003926488,2025-08-16,17:19:00,2025-08-16 17:19:00,2025-08-18 10:36:12,Augusta St/N Oak Park Ave,,AUGUSTA ST,N OAK PARK AVE,1,1,0,1,Property Damage,No Injuries,Car,11,Front To Rear,2,2,0,5,"Over $1,500",1,0,0,0,0,0,0,02,Failing To Yield Right-Of-Way,28,Failing To Reduce Speed To Avoid Crash,3,Traffic Signal,4,Functioning Properly,1,Clear,1,Daylight,2,"Divided, No Median Barrier",1,Dry,3,Free Flow,1,No Defects,O20,O5,41.8980408,-87.7947693,41.8980675,-87.7947769,1130873.75,1905894.25
32896,25 04422,2504422,X003926496,2025-08-16,19:27:00,2025-08-16 19:27:00,2025-08-18 10:30:08,901 Lake St,901,LAKE ST,,0,0,0,0,Property Damage,No Injuries,Car,12,Sideswipe - Same Direction,2,2,0,4,"$501 to $1,500",1,0,0,0,0,0,0,14,"Vision Obscured (Signs, Tree Limbs, Buildings",15,Driving Skills/Knowledge/Experience,3,Traffic Signal,4,Functioning Properly,2,Rain,5,"Darkness, Lighted Road",1,Not Divided,2,Wet,1,Slow,1,No Defects,O40,O9,41.8886719,-87.7972031,41.8885384,-87.7975311,1130233.63,1902475.38
32900,25 04424,2504424,X003926502,2025-08-16,20:04:00,2025-08-16 20:04:00,2025-08-18 10:53:59,Harvard St/S East Ave,,HARVARD ST,S EAST AVE,1,1,0,0,Property Damage,No Injuries,Car,15,Angle,2,2,0,5,"Over $1,500",1,0,0,0,0,0,0,18,Unable To Determine,99,Not Applicable,2,Stop Sign,4,Functioning Properly,2,Rain,5,"Darkness, Lighted Road",14,Four-Way Intersection,2,Wet,3,Free Flow,1,No Defects,O90,O17,41.8688698,-87.7889862,41.8689003,-87.7889938,1132515.88,1895273.50
32917,25 04432,2504432,X003928660,2025-08-17,11:28:00,2025-08-17 11:28:00,2025-08-20 12:21:48,S Harlem Ave/Garfield St,,S HARLEM AVE,GARFIELD ST,1,1,0,1,Property Damage,No Injuries,Car,11,Front To Rear,2,2,0,4,"$501 to $1,500",1,0,0,0,0,0,0,03,Following Too Closely,28,Failing To Reduce Speed To Avoid Crash,3,Traffic Signal,4,Functioning Properly,2,Rain,1,Daylight,2,"Divided, No Median Barrier",2,Wet,1,Slow,1,No Defects,O90,O18,41.8723068,-87.8044357,41.8723183,-87.8044663,1128300.88,1896500.75
32918,25 04436,2504436,X003929365,2025-08-17,15:09:00,2025-08-17 15:09:00,2025-08-20 12:27:40,Fillmore St/S East Ave,,FILLMORE ST,S EAST AVE,1,1,0,0,Injury,C Injury Crash,Pedalcyclist,2,Pedalcyclist,2,1,0,3,$500 or less,0,1,0,0,0,1,1,02,Failing To Yield Right-Of-Way,28,Failing To Reduce Speed To Avoid Crash,2,Stop Sign,4,Functioning Properly,1,Clear,1,Daylight,14,Four-Way Intersection,1,Dry,1,Slow,1,No Defects,O90,O17,41.8670425,-87.7889252,41.8670731,-87.7889328,1132536.75,1894608.00
32894,25 04438,2504438,X003926491,2025-08-17,19:25:00,2025-08-17 19:25:00,2025-08-18 10:36:15,S Harlem Ave/Garfield St,,S HARLEM AVE,GARFIELD ST,1,1,0,1,Property Damage,No Injuries,Car,11,Front To Rear,2,2,0,4,"$501 to $1,500",1,0,0,0,0,0,0,03,Following Too Closely,99,Not Applicable,3,Traffic Signal,4,Functioning Properly,1,Clear,3,Dusk,14,Four-Way Intersection,1,Dry,1,Slow,1,No Defects,O90,O18,41.8723068,-87.8044357,41.8723183,-87.8044663,1128300.88,1896500.75
32902,25 04443,2504443,X003927003,2025-08-18,11:51:00,2025-08-18 11:51:00,2025-08-19 09:12:05,N Austin Blvd/Erie Ct,,N AUSTIN BLVD,ERIE CT,0,0,0,0,Injury,A Injury Crash,Car,14,Front To Front,2,2,0,5,"Over $1,500",0,1,0,1,0,0,1,20,Improper Lane Usage,41,Distraction - From Inside Vehicle,1,No Controls,1,No Controls,1,Clear,1,Daylight,2,"Divided, No Median Barrier",1,Dry,3,Free Flow,1,No Defects,,,41.8919029,-87.7750168,41.8919029,-87.7750549,1136265.25,1903691.13
32903,25 04450,2504450,X003927004,2025-08-18,14:48:00,2025-08-18 14:48:00,2025-08-19 09:12:06,S Taylor Ave/Adams,,S TAYLOR AVE,ADAMS,0,0,0,0,Property Damage,No Injuries,Car,9,Parked Motor Vehicle,2,2,0,5,"Over $1,500",1,0,0,0,0,0,0,30,Improper Backing,18,Unable To Determine,1,No Controls,1,No Controls,8,Cloudy/Overcast,1,Daylight,1,Not Divided,1,Dry,3,Free Flow,1,No Defects,O80,O13,41.8781776,-87.7782211,41.8781776,-87.7782593,1135426.00,1898684.88
32921,25 04454,2504454,X003928724,2025-08-18,18:31:00,2025-08-18 18:31:00,2025-08-20 12:27:42,1022 Lake St,1022,LAKE ST,,0,0,0,1,Property Damage,No Injuries,Car,11,Front To Rear,2,2,0,4,"$501 to $1,500",1,0,0,0,0,0,0,18,Unable To Determine,18,Unable To Determine,1,No Controls,1,No Controls,2,Rain,3,Dusk,1,Not Divided,2,Wet,2,Stopped,1,No Defects,O40,O9,41.8886909,-87.8014297,41.8887558,-87.8014145,1129081.38,1902475.63
32910,25 04458,2504458,X003927594,2025-08-19,08:04:00,2025-08-19 08:04:00,2025-08-19 16:28:47,Division St/N Oak Park Ave,,DIVISION ST,N OAK PARK AVE,1,1,0,0,Property Damage,No Injuries,Car,11,Front To Rear,2,2,0,5,"Over $1,500",1,0,0,0,0,0,0,28,Failing To Reduce Speed To Avoid Crash,03,Following Too Closely,3,Traffic Signal,4,Functioning Properly,1,Clear,1,Daylight,2,"Divided, No Median Barrier",1,Dry,3,Free Flow,1,No Defects,O20,O5,41.9016762,-87.7948608,41.9017067,-87.7948685,1130840.88,1907218.25
32911,25 04463,2504463,X003927595,2025-08-19,11:03:00,2025-08-19 11:03:00,2025-08-19 16:34:39,848 Madison St,,848 MADISON ST,KENILWORTH AVE,0,0,0,1,Property Damage,No Injuries,Car,9,Parked Motor Vehicle,2,2,0,5,"Over $1,500",1,0,0,0,0,0,0,28,Failing To Reduce Speed To Avoid Crash,15,Driving Skills/Knowledge/Experience,1,No Controls,1,No Controls,1,Clear,1,Daylight,2,"Divided, No Median Barrier",1,Dry,3,Free Flow,1,No Defects,O70,O12,41.8797531,-87.7969131,41.8798447,-87.7964477,1130331.13,1899226.75