record_id,report_number,crash_id,idot_crash_number,date,time,occurred_at,record_added_at,location,street_number,street_name,cross_street,at_intersection,intersection_related,private_property,hit_and_run,crash_severity,crash_injury_severity,crash_mode,crash_type_code,crash_type,total_units,num_motor_vehicles,dooring_pedalcyclist,damage_code,damage,no_injury_drive_away,injury_or_towed,fatalities,a_injuries,b_injuries,c_injuries,total_injured,cause1_code,cause1,cause2_code,cause2,traffic_control_code,traffic_control,device_condition_code,device_condition,weather_code,weather,lighting_code,lighting,trafficway_code,trafficway,road_surface_code,road_surface,flow_condition_code,flow_condition,road_defects_code,road_defects,beat_zone,post_district,latitude,longitude,latitude_geocoded,longitude_geocoded,state_plane_x,state_plane_y
32908,25 04467,2504467,X003927005,2025-08-19,12:07:00,2025-08-19 12:07:00,2025-08-19 13:47:51,S East Ave/Washington Blvd,,S EAST AVE,WASHINGTON BLVD,1,1,0,0,Property Damage,No Injuries,Car,11,Front To Rear,2,2,0,4,"$501 to $1,500",1,0,0,0,0,0,0,28,Failing To Reduce Speed To Avoid Crash,18,Unable To Determine,3,Traffic Signal,4,Functioning Properly,1,Clear,1,Daylight,14,Four-Way Intersection,1,Dry,2,Stopped,1,No Defects,O60,O11,41.8816414,-87.7893753,41.8816338,-87.7894134,1132380.13,1899926.50
32914,25 04476,2504476,X003928738,2025-08-19,15:42:00,2025-08-19 15:42:00,2025-08-20 12:15:54,N Humphrey Ave/North Lake St Alley,,N HUMPHREY AVE,NORTH LAKE ST ALLEY,1,1,0,0,Injury,C Injury Crash,Pedalcyclist,2,Pedalcyclist,2,1,0,3,$500 or less,0,1,0,0,0,1,1,02,Failing To Yield Right-Of-Way,28,Failing To Reduce Speed To Avoid Crash,1,No Controls,1,No Controls,1,Clear,1,Daylight,12,Alley,1,Dry,3,Free Flow,1,No Defects,O30,O7,41.8880768,-87.7765961,41.8880806,-87.7765579,1135846.75,1902294.00
32915,25 04477,2504477,X003928739,2025-08-19,16:49:00,2025-08-19 16:49:00,2025-08-20 12:21:48,N Oak Park Ave/North Blvd,,N OAK PARK AVE,NORTH BLVD,1,1,0,0,Property Damage,No Injuries,Car,10,Turning (At Least One Vehicle),2,2,0,3,$500 or less,1,0,0,0,0,0,0,02,Failing To Yield Right-Of-Way,28,Failing To Reduce Speed To Avoid Crash,3,Traffic Signal,4,Functioning Properly,8,Cloudy/Overcast,1,Daylight,14,Four-Way Intersection,1,Dry,3,Free Flow,1,No Defects,O40,O9,41.8873062,-87.7945175,41.8873138,-87.7944794,1130966.88,1901982.38
32919,25 04489,2504489,X003929366,2025-08-20,07:31:00,2025-08-20 07:31:00,2025-08-20 12:27:40,103 S Humphrey Ave,103,S HUMPHREY AVE,,0,0,0,0,Property Damage,No Injuries,Car,9,Parked Motor Vehicle,2,2,0,5,"Over $1,500",1,0,0,0,0,0,0,28,Failing To Reduce Speed To Avoid Crash,15,Driving Skills/Knowledge/Experience,10,Other Regulatory Sign,4,Functioning Properly,1,Clear,1,Daylight,1,Not Divided,1,Dry,3,Free Flow,1,No Defects,O50,O10,41.8869438,-87.7764740,41.8868370,-87.7766571,1135880.13,1901881.88
32991,25 04490,2504490,X003944406,2025-08-20,07:48:00,2025-08-20 07:48:00,2025-09-02 10:52:45,S Harlem Ave/Garfield St,,S HARLEM AVE,GARFIELD ST,1,1,0,1,Property Damage,No Injuries,Car,11,Front To Rear,3,3,0,5,"Over $1,500",0,1,0,0,0,0,0,28,Failing To Reduce Speed To Avoid Crash,99,Not Applicable,3,Traffic Signal,4,Functioning Properly,1,Clear,1,Daylight,1,Not Divided,1,Dry,2,Stopped,1,No Defects,O90,O18,41.8723068,-87.8044357,41.8723183,-87.8044663,1128300.88,1896500.75
32920,25 04491,2504491,X003928741,2025-08-20,08:53:00,2025-08-20 08:53:00,2025-08-20 12:27:41,S Harlem Ave/Jackson,,S HARLEM AVE,JACKSON,1,0,0,1,Property Damage,No Injuries,Car,12,Sideswipe - Same Direction,2,2,0,4,"$501 to $1,500",1,0,0,0,0,0,0,04,Improper Overtaking/Passing,15,Driving Skills/Knowledge/Experience,3,Traffic Signal,4,Functioning Properly,1,Clear,1,Daylight,1,Not Divided,1,Dry,3,Free Flow,1,No Defects,O60,O15,41.8759766,-87.8045654,41.8759842,-87.8046036,1128256.50,1897837.00
32929,25 04497,2504497,X003930686,2025-08-20,13:21:00,2025-08-20 13:21:00,2025-08-21 10:46:28,Harvard St/S Austin Blvd,,HARVARD ST,S AUSTIN BLVD,0,0,0,0,Property Damage,No Injuries,Car,11,Front To Rear,2,2,0,3,$500 or less,1,0,0,0,0,0,0,30,Improper Backing,99,Not Applicable,2,Stop Sign,4,Functioning Properly,1,Clear,1,Daylight,1,Not Divided,1,Dry,2,Stopped,1,No Defects,O90,O16,41.8690681,-87.7742691,41.8690987,-87.7742691,1136524.13,1895371.63
32927,25 04502,2504502,X003930685,2025-08-20,17:21:00,2025-08-20 17:21:00,2025-08-21 10:46:24,Division St/N Euclid Ave,,DIVISION ST,N EUCLID AVE,1,1,0,0,Property Damage,No Injuries,Car,11,Front To Rear,2,2,0,4,"$501 to $1,500",1,0,0,0,0,0,0,28,Failing To Reduce Speed To Avoid Crash,99,Not Applicable,1,No Controls,1,No Controls,9,Unknown,1,Daylight,1,Not Divided,9,Unknown,1,Slow,99,Unknown,O20,O5,41.9016953,-87.7936478,41.9017220,-87.7936478,1131171.63,1907227.63
32958,25 04507,2504507,X003935262,2025-08-21,04:27:00,2025-08-21 04:27:00,2025-08-25 10:54:34,S East Ave/Garfield St,,S EAST AVE,GARFIELD ST,1,1,0,0,Property Damage,No Injuries,Car,15,Angle,2,2,0,4,"$501 to $1,500",1,0,0,0,0,0,0,40,Distraction - From Outside Vehicle,99,Not Applicable,2,Stop Sign,4,Functioning Properly,1,Clear,5,"Darkness, Lighted Road",1,Not Divided,1,Dry,3,Free Flow,1,No Defects,O90,O17,41.8716164,-87.7890472,41.8716087,-87.7890854,1132492.88,1896274.63
32931,25 04510,2504510,X003930688,2025-08-21,08:05:00,2025-08-21 08:05:00,2025-08-21 16:43:28,Iowa St/N Oak Park Ave,,IOWA ST,N OAK PARK AVE,1,1,0,0,Property Damage,No Injuries,Car,16,Rear To Side,3,3,0,5,"Over $1,500",0,1,0,0,0,0,0,02,Failing To Yield Right-Of-Way,28,Failing To Reduce Speed To Avoid Crash,2,Stop Sign,4,Functioning Properly,1,Clear,1,Daylight,14,Four-Way Intersection,1,Dry,3,Free Flow,1,No Defects,O20,O5,41.8962097,-87.7947159,41.8962402,-87.7947235,1130892.50,1905226.88
32930,25 04511,2504511,X003930687,2025-08-21,08:12:00,2025-08-21 08:12:00,2025-08-21 10:46:29,Erie St/N Lombard Ave,,ERIE ST,N LOMBARD AVE,1,1,0,0,Property Damage,No Injuries,Car,15,Angle,2,2,0,5,"Over $1,500",1,0,0,0,0,0,0,02,Failing To Yield Right-Of-Way,28,Failing To Reduce Speed To Avoid Crash,2,Stop Sign,4,Functioning Properly,1,Clear,1,Daylight,15,T-Intersection,1,Dry,3,Free Flow,1,No Defects,O30,O7,41.8917656,-87.7799149,41.8917961,-87.7799225,1134932.63,1903632.00
32941,25 04522,2504522,X003935246,2025-08-21,16:18:00,2025-08-21 16:18:00,2025-08-25 10:13:21,S Lombard Ave/Jackson Blvd,,S LOMBARD AVE,JACKSON BLVD,1,1,0,0,Injury,C Injury Crash,Car,10,Turning (At Least One Vehicle),3,2,0,5,"Over $1,500",0,1,0,0,0,1,1,02,Failing To Yield Right-Of-Way,18,Unable To Determine,2,Stop Sign,4,Functioning Properly,1,Clear,1,Daylight,14,Four-Way Intersection,1,Dry,3,Free Flow,1,No Defects,O80,O13,41.8764000,-87.7794037,41.8763237,-87.7794342,1135109.50,1898034.38
32933,25 04527,2504527,X003931020,2025-08-22,08:06:00,2025-08-22 08:06:00,2025-08-22 09:46:00,N Harvey Ave/Augusta St,,N HARVEY AVE,AUGUSTA ST,0,0,0,0,Property Damage,No Injuries,Car,12,Sideswipe - Same Direction,2,2,0,4,"$501 to $1,500",1,0,0,0,0,0,0,28,Failing To Reduce Speed To Avoid Crash,99,Not Applicable,1,No Controls,1,No Controls,1,Clear,1,Daylight,10,One-Way,1,Dry,1,Slow,1,No Defects,O10,O4,41.8982620,-87.7817841,41.8982658,-87.7817459,1134408.00,1905997.38
32955,25 04532,2504532,X003935259,2025-08-22,09:22:00,2025-08-22 09:22:00,2025-08-25 10:48:29,S Harlem Ave/S Harlem/Garfield St,,S HARLEM AVE,S HARLEM/GARFIELD ST,1,1,0,1,Injury,B Injury Crash,Pedestrian,1,Pedestrian,2,1,0,3,$500 or less,0,1,0,0,1,0,1,50,"Oper. Veh. In Erratic,Reckless,Careless Manne",28,Failing To Reduce Speed To Avoid Crash,3,Traffic Signal,4,Functioning Properly,1,Clear,1,Daylight,1,Not Divided,1,Dry,3,Free Flow,1,No Defects,O90,O18,41.8723068,-87.8044357,41.8723183,-87.8044663,1128300.88,1896500.75
32952,25 04537,2504537,X003935257,2025-08-22,12:11:00,2025-08-22 12:11:00,2025-08-25 10:48:27,North Blvd/N Euclid Ave,,NORTH BLVD,N EUCLID AVE,1,1,0,0,Property Damage,No Injuries,Car,10,Turning (At Least One Vehicle),2,2,0,4,"$501 to $1,500",1,0,0,0,0,0,0,06,Improper Turning/No Signal,20,Improper Lane Usage,2,Stop Sign,4,Functioning Properly,1,Clear,1,Daylight,14,Four-Way Intersection,1,Dry,3,Free Flow,1,No Defects,O30,O8,41.8873024,-87.7926788,41.8873329,-87.7926788,1131467.38,1901984.25
32953,25 04540,2504540,X003935510,2025-08-22,13:39:00,2025-08-22 13:39:00,2025-08-25 10:48:28,Jackson Blvd/Wenonah Ave,,JACKSON BLVD,WENONAH AVE,0,0,0,0,Injury,B Injury Crash,Car,14,Front To Front,2,2,0,5,"Over $1,500",0,1,0,0,1,1,2,28,Failing To Reduce Speed To Avoid Crash,18,Unable To Determine,1,No Controls,1,No Controls,1,Clear,1,Daylight,2,"Divided, No Median Barrier",1,Dry,3,Free Flow,1,No Defects,O60,O15,41.8753700,-87.8009338,41.8753967,-87.8009338,1129247.25,1897622.75
32947,25 04562,2504562,X003935252,2025-08-22,15:32:00,2025-08-22 15:32:00,2025-08-25 10:48:24,308 N Lombard Ave,308,N LOMBARD AVE,,0,0,0,1,Property Damage,No Injuries,Car,9,Parked Motor Vehicle,2,2,0,4,"$501 to $1,500",1,0,0,0,0,0,0,20,Improper Lane Usage,28,Failing To Reduce Speed To Avoid Crash,1,No Controls,1,No Controls,9,Unknown,9,Unknown,1,Not Divided,9,Unknown,3,Free Flow,1,No Defects,O30,O7,41.8920937,-87.7798920,41.8922195,-87.7796173,1134938.13,1903752.13
32964,25 04607,2504607,X003936493,2025-08-22,16:12:00,2025-08-22 16:12:00,2025-08-26 16:38:33,S Austin Blvd/Roosevelt Rd,,S AUSTIN BLVD,ROOSEVELT RD,0,0,0,0,Property Damage,No Injuries,Car,9,Parked Motor Vehicle,2,2,0,3,$500 or less,1,0,0,0,0,0,0,04,Improper Overtaking/Passing,28,Failing To Reduce Speed To Avoid Crash,3,Traffic Signal,4,Functioning Properly,1,Clear,1,Daylight,2,"Divided, No Median Barrier",1,Dry,3,Free Flow,1,No Defects,O90,O16,41.8654671,-87.7741699,41.8654709,-87.7741394,1136559.00,1894060.13
32943,25 04544,2504544,X003935248,2025-08-22,17:15:00,2025-08-22 17:15:00,2025-08-25 10:42:14,S Harlem Ave/Garfield St,,S HARLEM AVE,GARFIELD ST,0,1,0,0,Property Damage,No Injuries,Car,11,Front To Rear,2,2,0,5,"Over $1,500",1,0,0,0,0,0,0,28,Failing To Reduce Speed To Avoid Crash,03,Following Too Closely,3,Traffic Signal,4,Functioning Properly,1,Clear,1,Daylight,1,Not Divided,1,Dry,1,Slow,1,No Defects,O90,O18,41.8723068,-87.8044357,41.8723183,-87.8044663,1128300.88,1896500.75
32969,25 04542,2504542,X003938188,2025-08-22,17:21:00,2025-08-22 17:21:00,2025-08-27 16:55:38,1185 S Ridgeland Ave,1185,S RIDGELAND AVE,,0,0,0,0,Property Damage,No Injuries,Car,18,Rear To Front,2,2,0,3,$500 or less,1,0,0,0,0,0,0,28,Failing To Reduce Speed To Avoid Crash,30,Improper Backing,3,Traffic Signal,4,Functioning Properly,1,Clear,1,Daylight,2,"Divided, No Median Barrier",1,Dry,2,Stopped,1,No Defects,O90,O16,41.8658600,-87.7839508,41.8658562,-87.7841492,1133895.38,1894186.00
32942,25 04543,2504543,X003935247,2025-08-22,18:02:00,2025-08-22 18:02:00,2025-08-25 10:42:14,Erie St/N Harlem Ave,,ERIE ST,N HARLEM AVE,1,0,0,0,Property Damage,No Injuries,Pedestrian,1,Pedestrian,2,1,0,3,$500 or less,1,0,0,0,0,0,0,02,Failing To Yield Right-Of-Way,28,Failing To Reduce Speed To Avoid Crash,17,Pedestrian Crossing Sign,4,Functioning Properly,1,Clear,1,Daylight,1,Not Divided,1,Dry,3,Free Flow,1,No Defects,O40,O9,41.8917961,-87.8051529,41.8918228,-87.8051529,1128061.75,1903600.50
32956,25 04545,2504545,X003935260,2025-08-22,18:03:00,2025-08-22 18:03:00,2025-08-25 10:48:29,S Ridgeland Ave/Washington Blvd,,S RIDGELAND AVE,WASHINGTON BLVD,1,1,0,0,Property Damage,No Injuries,Car,11,Front To Rear,3,3,0,5,"Over $1,500",1,0,0,0,0,0,0,03,Following Too Closely,99,Not Applicable,3,Traffic Signal,4,Functioning Properly,1,Clear,1,Daylight,1,Not Divided,1,Dry,3,Free Flow,1,No Defects,O50,O10,41.8817215,-87.7844772,41.8817253,-87.7845154,1133714.00,1899965.25
32954,25 04546,2504546,X003935258,2025-08-22,19:31:00,2025-08-22 19:31:00,2025-08-25 10:48:28,113 S Euclid Ave,113,S EUCLID AVE,,0,0,0,1,Property Damage,No Injuries,Car,9,Parked Motor Vehicle,2,2,0,4,"$501 to $1,500",1,0,0,0,0,0,0,18,Unable To Determine,99,Not Applicable,1,No Controls,1,No Controls,1,Clear,1,Daylight,1,Not Divided,1,Dry,3,Free Flow,1,No Defects,O60,O11,41.8863335,-87.7927704,41.8863678,-87.7931442,1131445.13,1901630.38
32998,25 04548,2504548,X003944408,2025-08-22,23:14:00,2025-08-22 23:14:00,2025-09-02 10:52:49,Roosevelt Rd/S Ridgeland Ave,,ROOSEVELT RD,S RIDGELAND AVE,1,1,0,0,Property Damage,No Injuries,Car,15,Angle,2,2,0,5,"Over $1,500",0,1,0,0,0,0,0,25,Disregarding Traffic Signals,99,Not Applicable,3,Traffic Signal,4,Functioning Properly,1,Clear,5,"Darkness, Lighted Road",1,Not Divided,1,Dry,3,Free Flow,1,No Defects,O90,O16,41.8653641,-87.7839661,41.8653374,-87.7839661,1133892.13,1894004.13
32951,25 04551,2504551,X003935256,2025-08-23,04:35:00,2025-08-23 04:35:00,2025-08-25 10:48:27,S Harlem Ave/I290 W,,S HARLEM AVE,I290 W,1,1,0,0,Property Damage,No Injuries,Car,10,Turning (At Least One Vehicle),2,2,0,5,"Over $1,500",1,0,0,0,0,0,0,06,Improper Turning/No Signal,28,Failing To Reduce Speed To Avoid Crash,3,Traffic Signal,4,Functioning Properly,1,Clear,5,"Darkness, Lighted Road",3,Divided With Median Barrier,1,Dry,1,Slow,1,No Defects,O60,O15,41.8737946,-87.8044968,41.8738136,-87.8045197,1128281.50,1897042.00
32957,25 04556,2504556,X003935261,2025-08-23,10:24:00,2025-08-23 10:24:00,2025-08-25 10:54:34,S Grove Ave/Washington Blvd,,S GROVE AVE,WASHINGTON BLVD,1,1,0,0,Property Damage,No Injuries,Car,15,Angle,2,2,0,3,$500 or less,1,0,0,0,0,0,0,02,Failing To Yield Right-Of-Way,28,Failing To Reduce Speed To Avoid Crash,2,Stop Sign,4,Functioning Properly,1,Clear,1,Daylight,14,Four-Way Intersection,1,Dry,3,Free Flow,1,No Defects,O70,O12,41.8815994,-87.7956085,41.8815994,-87.7956467,1130682.13,1899901.38
32935,25 04559,2504559,X003933752,2025-08-23,13:03:00,2025-08-23 13:03:00,2025-08-24 22:49:06,S Ridgeland Ave/Washington Blvd,,S RIDGELAND AVE,WASHINGTON BLVD,0,0,0,1,Property Damage,No Injuries,Car,9,Parked Motor Vehicle,2,2,0,5,"Over $1,500",1,0,0,0,0,0,0,20,Improper Lane Usage,18,Unable To Determine,1,No Controls,1,No Controls,1,Clear,1,Daylight,1,Not Divided,1,Dry,3,Free Flow,1,No Defects,O50,O10,41.8817215,-87.7844772,41.8817253,-87.7845154,1133714.00,1899965.25
32936,25 04560,2504560,X003933753,2025-08-23,13:33:00,2025-08-23 13:33:00,2025-08-24 22:49:07,Wisconsin Ave/Madison St,,WISCONSIN AVE,MADISON ST,0,0,0,0,Property Damage,No Injuries,Car,9,Parked Motor Vehicle,2,2,0,4,"$501 to $1,500",1,0,0,0,0,0,0,30,Improper Backing,99,Not Applicable,1,No Controls,1,No Controls,1,Clear,1,Daylight,12,Alley,1,Dry,1,Slow,1,No Defects,O70,O12,41.8796387,-87.8022842,41.8796387,-87.8023148,1128870.63,1899175.13
32948,25 04563,2504563,X003935253,2025-08-23,16:35:00,2025-08-23 16:35:00,2025-08-25 10:48:24,Chicago Ave/N Kenilworth Ave,,CHICAGO AVE,N KENILWORTH AVE,1,1,0,1,Property Damage,No Injuries,Car,11,Front To Rear,2,2,0,3,$500 or less,1,0,0,0,0,0,0,03,Following Too Closely,28,Failing To Reduce Speed To Avoid Crash,1,No Controls,1,No Controls,1,Clear,1,Daylight,1,Not Divided,1,Dry,3,Free Flow,1,No Defects,O40,O9,41.8943253,-87.7976685,41.8943520,-87.7976761,1130093.38,1904535.50
32963,25 04614,2504614,X003936492,2025-08-23,17:56:00,2025-08-23 17:56:00,2025-08-26 09:55:01,N Marion St/North Ave,,N MARION ST,NORTH AVE,0,0,0,0,Property Damage,No Injuries,Car,12,Sideswipe - Same Direction,2,2,0,3,$500 or less,1,0,0,0,0,0,0,15,Driving Skills/Knowledge/Experience,28,Failing To Reduce Speed To Avoid Crash,1,No Controls,1,No Controls,1,Clear,1,Daylight,7,Parking Lot,1,Dry,3,Free Flow,1,No Defects,O20,O3,41.9088707,-87.8042526,41.9088783,-87.8042145,1128268.00,1909824.38
32949,25 04570,2504570,X003935254,2025-08-23,22:05:00,2025-08-23 22:05:00,2025-08-25 10:48:25,Jackson Blvd/S Austin Blvd,,JACKSON BLVD,S AUSTIN BLVD,1,0,0,1,Property Damage,No Injuries,Car,10,Turning (At Least One Vehicle),2,2,0,4,"$501 to $1,500",1,0,0,0,0,0,0,06,Improper Turning/No Signal,25,Disregarding Traffic Signals,3,Traffic Signal,4,Functioning Properly,1,Clear,5,"Darkness, Lighted Road",14,Four-Way Intersection,1,Dry,3,Free Flow,1,No Defects,O80,O13,41.8763962,-87.7745361,41.8764229,-87.7745361,1136434.00,1898041.00
32945,25 04577,2504577,X003935250,2025-08-24,11:27:00,2025-08-24 11:27:00,2025-08-25 10:48:23,Madison St/Oak Park Ave,,MADISON ST,OAK PARK AVE,0,0,0,0,Property Damage,No Injuries,Car,11,Front To Rear,2,2,0,4,"$501 to $1,500",1,0,0,0,0,0,0,28,Failing To Reduce Speed To Avoid Crash,18,Unable To Determine,3,Traffic Signal,4,Functioning Properly,1,Clear,1,Daylight,1,Not Divided,1,Dry,2,Stopped,1,No Defects,O60,O14,41.8797417,-87.7942505,41.8797722,-87.7942581,1131056.50,1899226.38
32961,25 04591,2504591,X003935264,2025-08-25,07:12:00,2025-08-25 07:12:00,2025-08-25 16:23:36,North Ave/Forest Ave,,NORTH AVE,FOREST AVE,1,1,0,0,Property Damage,No Injuries,Car,10,Turning (At Least One Vehicle),3,2,0,5,"Over $1,500",0,1,0,0,0,0,0,02,Failing To Yield Right-Of-Way,02,Failing To Yield Right-Of-Way,2,Stop Sign,4,Functioning Properly,1,Clear,1,Daylight,4,Two-Way Continuous Left-Turn Lane,1,Dry,3,Free Flow,1,No Defects,O20,O3,41.9089165,-87.8011856,41.9089394,-87.8011856,1129103.25,1909845.50
32960,25 04592,2504592,X003934680,2025-08-25,07:50:00,2025-08-25 07:50:00,2025-08-25 16:23:35,South Blvd/S Lombard Ave,,SOUTH BLVD,S LOMBARD AVE,0,1,0,0,Injury,C Injury Crash,Pedestrian,1,Pedestrian,4,1,0,3,$500 or less,0,1,0,0,0,3,3,23,Disregarding Stop Sign,02,Failing To Yield Right-Of-Way,2,Stop Sign,4,Functioning Properly,1,Clear,1,Daylight,15,T-Intersection,1,Dry,3,Free Flow,1,No Defects,O50,O10,41.8870468,-87.7797699,41.8870697,-87.7797699,1134983.13,1901913.00
32950,25 04594,2504594,X003935255,2025-08-25,08:03:00,2025-08-25 08:03:00,2025-08-25 10:48:26,S Grove Ave/Madison St,,S GROVE AVE,MADISON ST,1,1,0,0,Property Damage,No Injuries,Car,10,Turning (At Least One Vehicle),2,2,0,4,"$501 to $1,500",1,0,0,0,0,0,0,28,Failing To Reduce Speed To Avoid Crash,06,Improper Turning/No Signal,2,Stop Sign,4,Functioning Properly,1,Clear,1,Daylight,2,"Divided, No Median Barrier",1,Dry,3,Free Flow,1,No Defects,O70,O12,41.8797531,-87.7955475,41.8797531,-87.7954559,1130704.13,1899228.75
32959,25 04595,2504595,X003935263,2025-08-25,08:44:00,2025-08-25 08:44:00,2025-08-25 16:23:34,S Harlem Ave/Monroe St,,S HARLEM AVE,MONROE ST,0,0,0,1,Property Damage,No Injuries,Car,11,Front To Rear,2,2,0,3,$500 or less,1,0,0,0,0,0,0,03,Following Too Closely,28,Failing To Reduce Speed To Avoid Crash,1,No Controls,1,No Controls,1,Clear,1,Daylight,2,"Divided, No Median Barrier",1,Dry,1,Slow,1,No Defects,O60,O15,41.8781509,-87.8046494,41.8781700,-87.8046799,1128229.00,1898629.25
32988,25 04600,2504600,X003944404,2025-08-25,13:59:00,2025-08-25 13:59:00,2025-09-02 10:46:43,520 S Maple Ave,520,S MAPLE AVE,,0,0,0,1,Property Damage,No Injuries,Car,9,Parked Motor Vehicle,2,2,0,4,"$501 to $1,500",1,0,0,0,0,0,0,15,Driving Skills/Knowledge/Experience,18,Unable To Determine,1,No Controls,1,No Controls,1,Clear,1,Daylight,7,Parking Lot,1,Dry,3,Free Flow,1,No Defects,O60,O15,41.8790283,-87.8038864,41.8782425,-87.8033371,1128435.25,1898950.63
32966,25 04635,2504635,X003937216,2025-08-26,16:02:00,2025-08-26 16:02:00,2025-08-27 09:54:43,6226 Roosevelt R,6226,ROOSEVELT R,,0,0,0,1,Property Damage,No Injuries,Car,6,Fixed Object,2,2,0,4,"$501 to $1,500",1,0,0,0,0,0,0,21,Animal,28,Failing To Reduce Speed To Avoid Crash,1,No Controls,1,No Controls,1,Clear,1,Daylight,2,"Divided, No Median Barrier",1,Dry,3,Free Flow,1,No Defects,O90,O16,41.8654060,-87.7808380,41.8654785,-87.7806473,1134744.88,1894025.50
32974,25 04636,2504636,X003938512,2025-08-26,16:24:00,2025-08-26 16:24:00,2025-08-28 12:10:44,Jackson Blvd/Highland Ave,,JACKSON BLVD,HIGHLAND AVE,0,0,0,0,Property Damage,No Injuries,Car,11,Front To Rear,2,2,0,5,"Over $1,500",1,0,0,0,0,0,0,17,Physical Condition Of Driver,28,Failing To Reduce Speed To Avoid Crash,3,Traffic Signal,4,Functioning Properly,1,Clear,1,Daylight,2,"Divided, No Median Barrier",1,Dry,2,Stopped,1,No Defects,O80,O13,41.8762932,-87.7818832,41.8763237,-87.7818832,1134434.88,1897991.50
32967,25 04638,2504638,,2025-08-26,17:04:00,2025-08-26 17:04:00,2025-08-27 09:54:44,1017 Division St,1017,DIVISION ST,,0,0,0,0,Property Damage,No Injuries,Car,4,Animal,2,1,0,3,$500 or less,1,0,0,0,0,0,0,21,Animal,21,Animal,1,No Controls,1,No Controls,1,Clear,1,Daylight,2,"Divided, No Median Barrier",1,Dry,1,Slow,1,No Defects,O20,O6,41.9015617,-87.8017578,41.9014816,-87.8017654,1128963.63,1907164.13
32968,25 04649,2504649,X003937219,2025-08-27,09:36:00,2025-08-27 09:36:00,2025-08-27 10:41:01,901 N Lombard Ave,901,N LOMBARD AVE,,0,0,0,0,Property Damage,No Injuries,Car,15,Angle,2,2,0,4,"$501 to $1,500",1,0,0,0,0,0,0,18,Unable To Determine,99,Not Applicable,1,No Controls,1,No Controls,1,Clear,1,Daylight,12,Alley,1,Dry,3,Free Flow,1,No Defects,O10,O1,41.9019699,-87.7802811,41.9020996,-87.7804260,1134809.00,1907350.75
32970,25 04652,2504652,X003937719,2025-08-27,10:21:00,2025-08-27 10:21:00,2025-08-27 16:55:38,S East Ave/Harrison St,,S EAST AVE,HARRISON ST,1,1,0,0,Property Damage,No Injuries,Car,11,Front To Rear,2,2,0,3,$500 or less,1,0,0,0,0,0,0,28,Failing To Reduce Speed To Avoid Crash,18,Unable To Determine,2,Stop Sign,4,Functioning Properly,1,Clear,1,Daylight,1,Not Divided,1,Dry,2,Stopped,1,No Defects,O60,O14,41.8725624,-87.7890854,41.8725624,-87.7891159,1132481.88,1896619.88
32971,25 04653,2504653,X003937720,2025-08-27,11:02:00,2025-08-27 11:02:00,2025-08-27 16:55:39,Washington Blvd/Wesley Ave,,WASHINGTON BLVD,WESLEY AVE,1,1,0,0,Property Damage,No Injuries,Car,15,Angle,2,2,0,4,"$501 to $1,500",1,0,0,0,0,0,0,02,Failing To Yield Right-Of-Way,18,Unable To Determine,2,Stop Sign,1,No Controls,1,Clear,1,Daylight,14,Four-Way Intersection,1,Dry,3,Free Flow,1,No Defects,O60,O11,41.8815804,-87.7910461,41.8816071,-87.7910461,1131926.50,1899901.88
32989,25 04657,2504657,X003944405,2025-08-27,13:45:00,2025-08-27 13:45:00,2025-09-02 10:46:44,S Oak Park Ave/Madison St,,S OAK PARK AVE,MADISON ST,1,1,0,0,Property Damage,No Injuries,Car,11,Front To Rear,2,2,0,3,$500 or less,1,0,0,0,0,0,0,28,Failing To Reduce Speed To Avoid Crash,18,Unable To Determine,3,Traffic Signal,4,Functioning Properly,1,Clear,1,Daylight,1,Not Divided,1,Dry,2,Stopped,1,No Defects,O60,O11,41.8797722,-87.7942200,41.8797722,-87.7942581,1131065.38,1899237.25
32973,25 04673,2504673,X003938522,2025-08-28,02:48:00,2025-08-28 02:48:00,2025-08-28 12:17:01,703 Madison,703,MADISON,,0,0,0,0,Property Damage,No Injuries,Car,11,Front To Rear,3,2,0,5,"Over $1,500",0,1,0,0,0,0,0,28,Failing To Reduce Speed To Avoid Crash,41,Distraction - From Inside Vehicle,1,No Controls,1,No Controls,2,Rain,5,"Darkness, Lighted Road",2,"Divided, No Median Barrier",2,Wet,3,Free Flow,1,No Defects,O60,O14,41.8797607,-87.7927017,41.8795662,-87.7925415,1131479.00,1899236.00
32994,25 04701,2504701,X003943324,2025-08-29,07:23:00,2025-08-29 07:23:00,2025-09-02 10:52:46,North Ave/Marion St,,NORTH AVE,MARION ST,1,1,0,0,Property Damage,No Injuries,Car,11,Front To Rear,2,2,0,5,"Over $1,500",1,0,0,0,0,0,0,28,Failing To Reduce Speed To Avoid Crash,03,Following Too Closely,1,No Controls,1,No Controls,1,Clear,1,Daylight,3,Divided With Median Barrier,1,Dry,3,Free Flow,1,No Defects,O20,O3,41.9088478,-87.8042145,41.9088783,-87.8042145,1128278.88,1909815.75