record_id,report_number,crash_id,idot_crash_number,date,time,occurred_at,record_added_at,location,street_number,street_name,cross_street,at_intersection,intersection_related,private_property,hit_and_run,crash_severity,crash_injury_severity,crash_mode,crash_type_code,crash_type,total_units,num_motor_vehicles,dooring_pedalcyclist,damage_code,damage,no_injury_drive_away,injury_or_towed,fatalities,a_injuries,b_injuries,c_injuries,total_injured,cause1_code,cause1,cause2_code,cause2,traffic_control_code,traffic_control,device_condition_code,device_condition,weather_code,weather,lighting_code,lighting,trafficway_code,trafficway,road_surface_code,road_surface,flow_condition_code,flow_condition,road_defects_code,road_defects,beat_zone,post_district,latitude,longitude,latitude_geocoded,longitude_geocoded,state_plane_x,state_plane_y
32996,25 04693,2504693,X003943311,2025-08-29,10:00:00,2025-08-29 10:00:00,2025-09-02 10:52:47,S Ridgeland Ave/Jackson,,S RIDGELAND AVE,JACKSON,0,0,0,1,Property Damage,No Injuries,Car,11,Front To Rear,3,3,0,4,"$501 to $1,500",1,0,0,0,0,0,0,04,Improper Overtaking/Passing,28,Failing To Reduce Speed To Avoid Crash,3,Traffic Signal,4,Functioning Properly,1,Clear,1,Daylight,2,"Divided, No Median Barrier",1,Dry,3,Free Flow,1,No Defects,O80,O13,41.8762855,-87.7843094,41.8762817,-87.7843475,1133773.38,1897984.50
32999,25 04694,2504694,X003943312,2025-08-29,11:14:00,2025-08-29 11:14:00,2025-09-02 10:52:49,S Austin Blvd/Jackson Blvd,,S AUSTIN BLVD,JACKSON BLVD,1,0,0,0,Property Damage,No Injuries,Car,12,Sideswipe - Same Direction,2,2,0,3,$500 or less,1,0,0,0,0,0,0,04,Improper Overtaking/Passing,20,Improper Lane Usage,3,Traffic Signal,4,Functioning Properly,1,Clear,1,Daylight,2,"Divided, No Median Barrier",1,Dry,2,Stopped,1,No Defects,O80,O13,41.8764229,-87.7745743,41.8764229,-87.7745361,1136424.63,1898051.75
32987,25 04698,2504698,X003943320,2025-08-29,13:31:00,2025-08-29 13:31:00,2025-09-02 10:40:42,Augusta St/N Ridgeland Ave,,AUGUSTA ST,N RIDGELAND AVE,1,1,0,0,Property Damage,No Injuries,Car,10,Turning (At Least One Vehicle),2,2,0,5,"Over $1,500",0,1,0,0,0,0,0,28,Failing To Reduce Speed To Avoid Crash,02,Failing To Yield Right-Of-Way,3,Traffic Signal,4,Functioning Properly,1,Clear,1,Daylight,2,"Divided, No Median Barrier",1,Dry,3,Free Flow,1,No Defects,O10,O4,41.8981934,-87.7849960,41.8982239,-87.7850037,1133534.25,1905966.00
32995,25 04699,2504699,X003943322,2025-08-29,13:58:00,2025-08-29 13:58:00,2025-09-02 10:52:47,S Ridgeland Ave/Randolph St,,S RIDGELAND AVE,RANDOLPH ST,0,0,0,0,Property Damage,No Injuries,Car,11,Front To Rear,4,4,0,4,"$501 to $1,500",1,0,0,0,0,0,0,28,Failing To Reduce Speed To Avoid Crash,99,Not Applicable,1,No Controls,1,No Controls,1,Clear,1,Daylight,2,"Divided, No Median Barrier",1,Dry,2,Stopped,1,No Defects,O50,O10,41.8834534,-87.7845306,41.8834534,-87.7845612,1133696.75,1900596.25
32990,25 04705,2504705,X003943331,2025-08-29,22:45:00,2025-08-29 22:45:00,2025-09-02 10:46:44,N Austin Blvd/Chicago Ave,,N AUSTIN BLVD,CHICAGO AVE,0,0,0,1,Property Damage,No Injuries,Car,11,Front To Rear,2,2,0,4,"$501 to $1,500",1,0,0,0,0,0,0,04,Improper Overtaking/Passing,28,Failing To Reduce Speed To Avoid Crash,1,No Controls,1,No Controls,1,Clear,5,"Darkness, Lighted Road",1,Not Divided,1,Dry,1,Slow,1,No Defects,,,41.8947105,-87.7751083,41.8947105,-87.7751389,1136235.63,1904714.63
32997,25 04707,2504707,X003943333,2025-08-30,02:07:00,2025-08-30 02:07:00,2025-09-02 10:52:48,Roosevelt Rd/S Cuyler Ave,,ROOSEVELT RD,S CUYLER AVE,1,1,0,0,Property Damage,No Injuries,Car,10,Turning (At Least One Vehicle),2,2,0,5,"Over $1,500",0,1,0,0,0,0,0,23,Disregarding Stop Sign,02,Failing To Yield Right-Of-Way,2,Stop Sign,4,Functioning Properly,1,Clear,5,"Darkness, Lighted Road",1,Not Divided,1,Dry,3,Free Flow,1,No Defects,O90,O16,41.8653831,-87.7827148,41.8653526,-87.7827148,1134233.00,1894014.50
32986,25 04714,2504714,X003943336,2025-08-30,10:45:00,2025-08-30 10:45:00,2025-09-02 10:40:41,Berkshire St/N Humphrey Ave,,BERKSHIRE ST,N HUMPHREY AVE,0,0,0,0,Property Damage,No Injuries,Car,16,Rear To Side,2,2,0,5,"Over $1,500",1,0,0,0,0,0,0,30,Improper Backing,15,Driving Skills/Knowledge/Experience,1,No Controls,1,No Controls,1,Clear,1,Daylight,1,Not Divided,1,Dry,3,Free Flow,1,No Defects,O10,O1,41.9038773,-87.7766495,41.9039116,-87.7766495,1135793.75,1908052.38
32992,25 04725,2504725,X003943338,2025-08-30,18:11:00,2025-08-30 18:11:00,2025-09-02 10:52:45,Augusta St/N Cuyler,,AUGUSTA ST,N CUYLER,0,0,0,0,Property Damage,No Injuries,Car,9,Parked Motor Vehicle,2,2,0,5,"Over $1,500",1,0,0,0,0,0,0,10,Equipment - Vehicle Condition,18,Unable To Determine,1,No Controls,1,No Controls,1,Clear,1,Daylight,2,"Divided, No Median Barrier",1,Dry,1,Slow,1,No Defects,O10,O4,41.8982162,-87.7833786,41.8982506,-87.7833786,1133975.38,1905977.50
32980,25 04726,2504726,X003941123,2025-08-30,19:16:00,2025-08-30 19:16:00,2025-08-30 21:33:22,S Lombard Ave/Washington Blvd,,S LOMBARD AVE,WASHINGTON BLVD,1,1,0,1,Property Damage,No Injuries,Car,15,Angle,2,2,0,5,"Over $1,500",0,1,0,0,0,0,0,25,Disregarding Traffic Signals,28,Failing To Reduce Speed To Avoid Crash,3,Traffic Signal,4,Functioning Properly,1,Clear,3,Dusk,14,Four-Way Intersection,1,Dry,3,Free Flow,1,No Defects,O50,O10,41.8819313,-87.7795868,41.8819237,-87.7796173,1135046.75,1900049.63
33006,25 04730,2504730,X003945214,2025-08-31,00:39:00,2025-08-31 00:39:00,2025-09-03 11:01:11,N Austin Blvd/Madison St,,N AUSTIN BLVD,MADISON ST,1,0,0,1,Property Damage,No Injuries,Car,11,Front To Rear,2,2,0,5,"Over $1,500",1,0,0,0,0,0,0,28,Failing To Reduce Speed To Avoid Crash,05,Driving On Wrong Side/Wrong Way,3,Traffic Signal,3,Functioning Improperly,1,Clear,5,"Darkness, Lighted Road",4,Two-Way Continuous Left-Turn Lane,1,Dry,3,Free Flow,1,No Defects,,,41.8800926,-87.7746201,41.8800888,-87.7746582,1136401.50,1899388.00
33007,25 04738,2504738,X003945602,2025-08-31,15:03:00,2025-08-31 15:03:00,2025-09-03 16:17:28,S Harlem Ave/Roosevelt Rd,,S HARLEM AVE,ROOSEVELT RD,0,0,0,0,Property Damage,No Injuries,Car,10,Turning (At Least One Vehicle),2,2,0,5,"Over $1,500",1,0,0,0,0,0,0,28,Failing To Reduce Speed To Avoid Crash,20,Improper Lane Usage,3,Traffic Signal,4,Functioning Properly,1,Clear,1,Daylight,3,Divided With Median Barrier,1,Dry,3,Free Flow,1,No Defects,,,41.8649864,-87.8041687,41.8649864,-87.8042068,1128389.25,1893832.00
32993,25 04740,2504740,X003943342,2025-08-31,19:31:00,2025-08-31 19:31:00,2025-09-02 10:52:45,Harlem Ave/North Ave,,HARLEM AVE,NORTH AVE,1,1,0,0,Property Damage,No Injuries,Car,11,Front To Rear,2,2,0,4,"$501 to $1,500",1,0,0,0,0,0,0,28,Failing To Reduce Speed To Avoid Crash,99,Not Applicable,3,Traffic Signal,4,Functioning Properly,1,Clear,1,Daylight,1,Not Divided,9,Unknown,2,Stopped,1,No Defects,R81,RFPD,41.9088783,-87.8057938,41.9088860,-87.8057556,1127849.25,1909824.75
32985,25 04741,2504741,X003943343,2025-08-31,20:24:00,2025-08-31 20:24:00,2025-09-02 10:06:10,N Harlem Ave/Ontario St,,N HARLEM AVE,ONTARIO ST,0,0,0,0,Property Damage,No Injuries,Car,12,Sideswipe - Same Direction,2,2,0,4,"$501 to $1,500",1,0,0,0,0,0,0,20,Improper Lane Usage,99,Not Applicable,1,No Controls,1,No Controls,1,Clear,5,"Darkness, Lighted Road",1,Not Divided,1,Dry,3,Free Flow,1,No Defects,R82,RFPD,41.8905373,-87.8051605,41.8905449,-87.8051224,1128061.25,1903142.75
33012,25 04731,2504731,X003946848,2025-08-31,23:21:00,2025-08-31 23:21:00,2025-09-04 10:15:33,S Harlem Ave/I290,,S HARLEM AVE,I290,1,1,0,0,Injury,B Injury Crash,Car,10,Turning (At Least One Vehicle),2,2,0,5,"Over $1,500",0,1,0,0,1,0,1,20,Improper Lane Usage,99,Not Applicable,3,Traffic Signal,4,Functioning Properly,1,Clear,4,Darkness,14,Four-Way Intersection,1,Dry,3,Free Flow,1,No Defects,O60,O15,41.8737946,-87.8044968,41.8736153,-87.8045197,1128281.50,1897042.00
33000,25 04765,2504765,X003944409,2025-09-02,07:49:00,2025-09-02 07:49:00,2025-09-02 16:20:31,N Ridgeland Ave/Lake St,,N RIDGELAND AVE,LAKE ST,1,1,0,0,Property Damage,No Injuries,Car,12,Sideswipe - Same Direction,2,2,0,4,"$501 to $1,500",1,0,0,0,0,0,0,20,Improper Lane Usage,02,Failing To Yield Right-Of-Way,3,Traffic Signal,4,Functioning Properly,1,Clear,1,Daylight,2,"Divided, No Median Barrier",1,Dry,3,Free Flow,1,No Defects,O30,O8,41.8883209,-87.7847366,41.8883209,-87.7846985,1133628.00,1902369.13
33002,25 04780,2504780,X003944411,2025-09-02,16:20:00,2025-09-02 16:20:00,2025-09-02 17:29:19,Pleasant St/Oak Park Ave,,PLEASANT ST,OAK PARK AVE,0,0,0,1,Property Damage,No Injuries,Car,9,Parked Motor Vehicle,2,2,0,3,$500 or less,1,0,0,0,0,0,0,28,Failing To Reduce Speed To Avoid Crash,18,Unable To Determine,1,No Controls,1,No Controls,9,Unknown,9,Unknown,1,Not Divided,9,Unknown,1,Slow,1,No Defects,O60,O11,41.8850136,-87.7944107,41.8851891,-87.7944183,1131001.38,1901147.25
33054,25 04784,2504784,X003955380,2025-09-02,17:52:00,2025-09-02 17:52:00,2025-09-12 07:42:34,N Harlem Ave/Lake St,,N HARLEM AVE,LAKE ST,0,0,0,0,Property Damage,No Injuries,Car,12,Sideswipe - Same Direction,2,2,0,5,"Over $1,500",1,0,0,0,0,0,0,20,Improper Lane Usage,28,Failing To Reduce Speed To Avoid Crash,1,No Controls,1,No Controls,1,Clear,1,Daylight,2,"Divided, No Median Barrier",1,Dry,3,Free Flow,1,No Defects,O40,O9,41.8885765,-87.8050919,41.8885841,-87.8050537,1128084.88,1902427.75
33004,25 04783,2504783,X003945211,2025-09-02,18:12:00,2025-09-02 18:12:00,2025-09-03 10:03:25,438 Madison St,438,MADISON ST,,0,0,0,0,Property Damage,No Injuries,Car,12,Sideswipe - Same Direction,2,2,0,4,"$501 to $1,500",1,0,0,0,0,0,0,02,Failing To Yield Right-Of-Way,18,Unable To Determine,1,No Controls,1,No Controls,1,Clear,3,Dusk,1,Not Divided,1,Dry,1,Slow,1,No Defects,O60,O11,41.8799248,-87.7863770,41.8800697,-87.7867050,1133201.50,1899307.38
33005,25 04787,2504787,X003945209,2025-09-02,20:44:00,2025-09-02 20:44:00,2025-09-03 09:57:33,N Harlem Ave/Augusta St,,N HARLEM AVE,AUGUSTA ST,1,1,0,0,Property Damage,No Injuries,Car,10,Turning (At Least One Vehicle),2,2,0,4,"$501 to $1,500",1,0,0,0,0,0,0,25,Disregarding Traffic Signals,99,Not Applicable,3,Traffic Signal,4,Functioning Properly,1,Clear,5,"Darkness, Lighted Road",1,Not Divided,1,Dry,3,Free Flow,1,No Defects,R82,RFPD,41.8978958,-87.8054199,41.8978996,-87.8053818,1127974.75,1905822.13
33967,25 04805,2504805,X004115033,2025-09-03,14:27:00,2025-09-03 14:27:00,2026-01-26 16:00:40,Chicago Ave/N Oak Park Ave,,CHICAGO AVE,N OAK PARK AVE,1,1,0,0,Property Damage,No Injuries,Car,15,Angle,2,2,0,5,"Over $1,500",1,0,0,0,0,0,0,18,Unable To Determine,18,Unable To Determine,99,Unknown,9,Unknown,1,Clear,1,Daylight,1,Not Divided,1,Dry,3,Free Flow,1,No Defects,O30,O8,41.8943825,-87.7946701,41.8944054,-87.7946777,1130909.25,1904560.00
33014,25 04810,2504810,X003946852,2025-09-03,17:42:00,2025-09-03 17:42:00,2025-09-04 16:41:34,N Lombard Ave/Lake St,,N LOMBARD AVE,LAKE ST,0,0,0,0,Property Damage,No Injuries,Car,14,Front To Front,3,3,0,5,"Over $1,500",1,0,0,0,0,0,0,20,Improper Lane Usage,28,Failing To Reduce Speed To Avoid Crash,3,Traffic Signal,4,Functioning Properly,2,Rain,2,Dawn,2,"Divided, No Median Barrier",2,Wet,3,Free Flow,1,No Defects,O30,O7,41.8881760,-87.7798462,41.8881798,-87.7798080,1134959.88,1902324.25
33011,25 04814,2504814,X003945951,2025-09-04,02:23:00,2025-09-04 02:23:00,2025-09-04 10:15:32,460 N Austin Blvd,460,N AUSTIN BLVD,,0,0,0,0,Property Damage,No Injuries,Car,9,Parked Motor Vehicle,3,3,0,5,"Over $1,500",0,1,0,0,0,0,0,28,Failing To Reduce Speed To Avoid Crash,99,Not Applicable,1,No Controls,1,No Controls,1,Clear,4,Darkness,1,Not Divided,9,Unknown,3,Free Flow,99,Unknown,,,41.8892174,-87.7749405,41.8895187,-87.7751617,1136293.50,1902713.88
33016,25 04816,2504816,X003947042,2025-09-04,08:23:00,2025-09-04 08:23:00,2025-09-04 16:41:35,N Austin Blvd/Berkshire St,,N AUSTIN BLVD,BERKSHIRE ST,1,1,0,0,Property Damage,No Injuries,Car,15,Angle,3,3,0,5,"Over $1,500",0,1,0,0,0,0,0,02,Failing To Yield Right-Of-Way,20,Improper Lane Usage,2,Stop Sign,4,Functioning Properly,1,Clear,1,Daylight,2,"Divided, No Median Barrier",1,Dry,3,Free Flow,1,No Defects,,,41.9039192,-87.7753906,41.9039192,-87.7754288,1136135.50,1908069.50
33015,25 04821,2504821,X003946854,2025-09-04,08:43:00,2025-09-04 08:43:00,2025-09-04 16:41:34,Harrison St/S Austin Blvd,,HARRISON ST,S AUSTIN BLVD,1,0,0,1,Property Damage,No Injuries,Car,11,Front To Rear,3,3,0,3,$500 or less,1,0,0,0,0,0,0,03,Following Too Closely,28,Failing To Reduce Speed To Avoid Crash,1,No Controls,1,No Controls,1,Clear,1,Daylight,2,"Divided, No Median Barrier",1,Dry,1,Slow,1,No Defects,O80,O13,41.8727493,-87.7744141,41.8727799,-87.7744141,1136475.38,1896713.50
33020,25 04825,2504825,X003947048,2025-09-04,13:22:00,2025-09-04 13:22:00,2025-09-05 07:41:58,7005 North Ave,7005,NORTH AVE,,0,0,0,1,Property Damage,No Injuries,Car,9,Parked Motor Vehicle,2,2,0,4,"$501 to $1,500",1,0,0,0,0,0,0,04,Improper Overtaking/Passing,15,Driving Skills/Knowledge/Experience,1,No Controls,1,No Controls,1,Clear,1,Daylight,2,"Divided, No Median Barrier",1,Dry,3,Free Flow,1,No Defects,O20,O3,41.9088974,-87.8022308,41.9087868,-87.8015594,1128819.38,1909837.38
33018,25 04826,2504826,X003947045,2025-09-04,15:36:00,2025-09-04 15:36:00,2025-09-05 07:36:06,306 Chicago Ave,306,CHICAGO AVE,,0,0,0,0,Property Damage,No Injuries,Car,11,Front To Rear,2,2,0,3,$500 or less,1,0,0,0,0,0,0,28,Failing To Reduce Speed To Avoid Crash,03,Following Too Closely,3,Traffic Signal,4,Functioning Properly,1,Clear,1,Daylight,2,"Divided, No Median Barrier",1,Dry,3,Free Flow,1,No Defects,O10,O4,41.8946190,-87.7835312,41.8947029,-87.7836304,1133941.25,1904666.13
33017,25 04834,2504834,X003948000,2025-09-04,19:32:00,2025-09-04 19:32:00,2025-09-05 07:36:05,Erie St/Linden Ave,,ERIE ST,LINDEN AVE,0,0,0,0,Property Damage,No Injuries,Car,9,Parked Motor Vehicle,2,2,0,4,"$501 to $1,500",1,0,0,0,0,0,0,30,Improper Backing,28,Failing To Reduce Speed To Avoid Crash,1,No Controls,1,No Controls,1,Clear,5,"Darkness, Lighted Road",1,Not Divided,1,Dry,,,1,No Defects,O30,O8,41.8915825,-87.7912445,41.8916054,-87.7912445,1131849.50,1903546.25
33031,25 04839,2504839,X003950395,2025-09-05,08:56:00,2025-09-05 08:56:00,2025-09-08 09:37:30,307 S Cuyler Ave,307,S CUYLER AVE,,0,0,0,0,Property Damage,No Injuries,Car,16,Rear To Side,2,2,0,4,"$501 to $1,500",1,0,0,0,0,0,0,30,Improper Backing,02,Failing To Yield Right-Of-Way,1,No Controls,1,No Controls,1,Clear,1,Daylight,1,Not Divided,1,Dry,1,Slow,1,No Defects,O50,O10,41.8832665,-87.7828827,41.8830757,-87.7832107,1134144.00,1900530.38
33033,25 04846,2504846,X003950399,2025-09-05,13:46:00,2025-09-05 13:46:00,2025-09-08 09:55:04,483 N Harlem Ave,483,N HARLEM AVE,,0,0,0,1,Property Damage,No Injuries,Car,9,Parked Motor Vehicle,2,2,0,4,"$501 to $1,500",1,0,0,0,0,0,0,18,Unable To Determine,18,Unable To Determine,1,No Controls,1,No Controls,1,Clear,1,Daylight,7,Parking Lot,1,Dry,1,Slow,1,No Defects,R82,RFPD,41.8902626,-87.8051529,41.8902741,-87.8046799,1128064.13,1903041.38
33034,25 04849,2504849,X003950394,2025-09-05,16:20:00,2025-09-05 16:20:00,2025-09-08 09:55:04,950 Pleasant St,950,PLEASANT ST,,0,0,0,1,Property Damage,No Injuries,Car,9,Parked Motor Vehicle,2,2,0,5,"Over $1,500",1,0,0,0,0,0,0,18,Unable To Determine,99,Not Applicable,1,No Controls,1,No Controls,1,Clear,1,Daylight,1,Not Divided,1,Dry,3,Free Flow,1,No Defects,O70,O12,41.8854561,-87.7996445,41.8857651,-87.7994843,1129575.88,1901299.88
33029,25 04850,2504850,X003950383,2025-09-05,19:26:00,2025-09-05 19:26:00,2025-09-08 09:37:29,405 Home Ave,405,HOME AVE,,0,0,0,0,Property Damage,No Injuries,Car,9,Parked Motor Vehicle,2,2,0,5,"Over $1,500",1,0,0,0,0,0,0,30,Improper Backing,99,Not Applicable,1,No Controls,1,No Controls,1,Clear,5,"Darkness, Lighted Road",1,Not Divided,1,Dry,3,Free Flow,1,No Defects,O70,O12,41.8813057,-87.7998962,41.8811112,-87.8001022,1129516.63,1899786.88
33037,25 04853,2504853,X003950369,2025-09-06,01:11:00,2025-09-06 01:11:00,2025-09-08 10:00:59,S Harlem Ave/I290 W,,S HARLEM AVE,I290 W,1,0,0,0,Property Damage,No Injuries,Car,10,Turning (At Least One Vehicle),2,2,0,5,"Over $1,500",1,0,0,0,0,0,0,02,Failing To Yield Right-Of-Way,15,Driving Skills/Knowledge/Experience,3,Traffic Signal,4,Functioning Properly,1,Clear,5,"Darkness, Lighted Road",4,Two-Way Continuous Left-Turn Lane,1,Dry,3,Free Flow,1,No Defects,O60,O15,41.8737946,-87.8044968,41.8738136,-87.8045197,1128281.50,1897042.00
33025,25 04864,2504864,X003948720,2025-09-06,14:52:00,2025-09-06 14:52:00,2025-09-06 16:41:29,Home Ave/South Blvd,,HOME AVE,SOUTH BLVD,1,0,0,0,Property Damage,No Injuries,Car,7,Other Object,2,1,0,3,$500 or less,1,0,0,0,0,0,0,17,Physical Condition Of Driver,28,Failing To Reduce Speed To Avoid Crash,2,Stop Sign,4,Functioning Properly,1,Clear,1,Daylight,3,Divided With Median Barrier,1,Dry,3,Free Flow,1,No Defects,O70,O12,41.8868294,-87.8002014,41.8868103,-87.8002243,1129421.25,1901798.25
33038,25 04865,2504865,X003950356,2025-09-06,15:29:00,2025-09-06 15:29:00,2025-09-08 10:01:00,Washington Blvd/S Maple Ave,,WASHINGTON BLVD,S MAPLE AVE,1,1,0,0,Property Damage,No Injuries,Car,15,Angle,3,2,0,5,"Over $1,500",0,1,0,0,0,0,0,02,Failing To Yield Right-Of-Way,18,Unable To Determine,2,Stop Sign,1,No Controls,1,Clear,1,Daylight,1,Not Divided,1,Dry,3,Free Flow,1,No Defects,O70,O12,41.8813858,-87.8039246,41.8814201,-87.8039246,1128419.88,1899809.88
33030,25 04869,2504869,X003950344,2025-09-06,20:15:00,2025-09-06 20:15:00,2025-09-08 09:37:29,S Austin Blvd/I290 Expy W,,S AUSTIN BLVD,I290 EXPY W,1,1,0,0,Property Damage,No Injuries,Car,10,Turning (At Least One Vehicle),2,2,0,4,"$501 to $1,500",1,0,0,0,0,0,0,18,Unable To Determine,18,Unable To Determine,3,Traffic Signal,4,Functioning Properly,8,Cloudy/Overcast,5,"Darkness, Lighted Road",14,Four-Way Intersection,1,Dry,3,Free Flow,1,No Defects,O80,O13,41.8712502,-87.7743759,41.8712502,-87.7743378,1136490.13,1896166.00
33028,25 04871,2504871,X003950342,2025-09-07,13:35:00,2025-09-07 13:35:00,2025-09-08 09:37:28,N Austin Blvd/Washington Blvd,,N AUSTIN BLVD,WASHINGTON BLVD,0,0,0,0,Property Damage,No Injuries,Car,12,Sideswipe - Same Direction,2,2,0,5,"Over $1,500",1,0,0,0,0,0,0,20,Improper Lane Usage,18,Unable To Determine,1,No Controls,1,No Controls,1,Clear,1,Daylight,1,Not Divided,1,Dry,3,Free Flow,1,No Defects,,,41.8821068,-87.7746887,41.8821106,-87.7747269,1136378.00,1900122.38
33035,25 04876,2504876,X003950309,2025-09-07,19:36:00,2025-09-07 19:36:00,2025-09-08 09:55:05,N Harlem Ave/North Ave,,N HARLEM AVE,NORTH AVE,0,1,0,0,Property Damage,No Injuries,Car,11,Front To Rear,2,2,0,3,$500 or less,1,0,0,0,0,0,0,28,Failing To Reduce Speed To Avoid Crash,99,Not Applicable,3,Traffic Signal,4,Functioning Properly,1,Clear,1,Daylight,1,Not Divided,1,Dry,,,1,No Defects,R81,RFPD,41.9088783,-87.8057938,41.9088860,-87.8057556,1127849.25,1909824.75
33039,25 04887,2504887,X003951038,2025-09-08,09:18:00,2025-09-08 09:18:00,2025-09-08 16:32:13,North Ave/Oak Park Ave,,NORTH AVE,OAK PARK AVE,0,0,0,0,Property Damage,No Injuries,Car,12,Sideswipe - Same Direction,2,2,0,5,"Over $1,500",1,0,0,0,0,0,0,02,Failing To Yield Right-Of-Way,28,Failing To Reduce Speed To Avoid Crash,3,Traffic Signal,4,Functioning Properly,1,Clear,1,Daylight,2,"Divided, No Median Barrier",1,Dry,3,Free Flow,1,No Defects,O20,O3,41.9089928,-87.7947922,41.9090233,-87.7950592,1130843.13,1909884.38
33043,25 04895,2504895,X003951633,2025-09-08,14:48:00,2025-09-08 14:48:00,2025-09-09 09:31:59,Randolph St/Clinton,,RANDOLPH ST,CLINTON,0,0,0,0,Property Damage,No Injuries,Car,9,Parked Motor Vehicle,2,2,0,5,"Over $1,500",1,0,0,0,0,0,0,20,Improper Lane Usage,99,Not Applicable,1,No Controls,1,No Controls,1,Clear,1,Daylight,1,Not Divided,1,Dry,3,Free Flow,1,No Defects,O70,O12,41.8833275,-87.7985230,41.8833618,-87.7985153,1129886.88,1900526.75
33044,25 04898,2504898,X003951634,2025-09-08,20:06:00,2025-09-08 20:06:00,2025-09-09 09:25:55,525 N Harlem Ave,525,N HARLEM AVE,,0,0,0,0,Property Damage,No Injuries,Car,11,Front To Rear,2,2,0,5,"Over $1,500",0,1,0,0,0,0,0,28,Failing To Reduce Speed To Avoid Crash,15,Driving Skills/Knowledge/Experience,1,No Controls,1,No Controls,1,Clear,5,"Darkness, Lighted Road",1,Not Divided,1,Dry,3,Free Flow,1,No Defects,O40,O9,41.8915062,-87.8051834,41.8916054,-87.8048553,1128053.88,1903494.88
33045,25 04903,2504903,X003951637,2025-09-09,05:28:00,2025-09-09 05:28:00,2025-09-09 09:32:00,S Austin Blvd/Roosevelt Rd,,S AUSTIN BLVD,ROOSEVELT RD,1,1,0,0,Injury,B Injury Crash,Car,10,Turning (At Least One Vehicle),2,2,0,5,"Over $1,500",0,1,0,0,2,0,2,02,Failing To Yield Right-Of-Way,28,Failing To Reduce Speed To Avoid Crash,3,Traffic Signal,4,Functioning Properly,1,Clear,5,"Darkness, Lighted Road",4,Two-Way Continuous Left-Turn Lane,1,Dry,3,Free Flow,1,No Defects,O90,O16,41.8654671,-87.7741699,41.8654709,-87.7741394,1136559.00,1894060.13
33046,25 04914,2504914,X003952385,2025-09-09,19:23:00,2025-09-09 19:23:00,2025-09-09 20:55:49,Madison St/Carpenter Ave,,MADISON ST,CARPENTER AVE,0,0,0,0,Property Damage,No Injuries,Car,11,Front To Rear,2,2,0,3,$500 or less,1,0,0,0,0,0,0,28,Failing To Reduce Speed To Avoid Crash,18,Unable To Determine,1,No Controls,1,No Controls,1,Clear,5,"Darkness, Lighted Road",12,Alley,1,Dry,3,Free Flow,1,No Defects,O60,O15,41.8797111,-87.7962799,41.8797378,-87.7962875,1130504.50,1899211.75
33116,25 05127,2505127,X003967045,2025-09-10,10:19:00,2025-09-10 10:19:00,2025-09-22 09:03:30,S Maple Ave/Randolph St,,S MAPLE AVE,RANDOLPH ST,1,0,0,0,Property Damage,No Injuries,Car,9,Parked Motor Vehicle,2,2,0,5,"Over $1,500",1,0,0,0,0,0,0,28,Failing To Reduce Speed To Avoid Crash,99,Not Applicable,2,Stop Sign,1,No Controls,1,Clear,1,Daylight,1,Not Divided,1,Dry,3,Free Flow,1,No Defects,O70,O12,41.8832398,-87.8039551,41.8832359,-87.8039932,1128406.25,1900484.88
33048,25 04920,2504920,X003952994,2025-09-10,10:27:00,2025-09-10 10:27:00,2025-09-10 13:50:59,901 Lake St,901,LAKE ST,,0,0,0,0,Property Damage,No Injuries,Car,9,Parked Motor Vehicle,2,2,0,3,$500 or less,1,0,0,0,0,0,0,30,Improper Backing,28,Failing To Reduce Speed To Avoid Crash,1,No Controls,1,No Controls,1,Clear,1,Daylight,1,Not Divided,1,Dry,3,Free Flow,1,No Defects,O40,O9,41.8886719,-87.7972031,41.8885384,-87.7975311,1130233.63,1902475.38
33051,25 04927,2504927,X003954703,2025-09-10,15:05:00,2025-09-10 15:05:00,2025-09-11 09:48:55,100 S. Humphrey Ave,100,S. HUMPHREY AVE,,0,0,0,1,Property Damage,No Injuries,Car,13,Sideswipe - Opposite Direction,2,2,0,3,$500 or less,1,0,0,0,0,0,0,18,Unable To Determine,18,Unable To Determine,1,No Controls,1,No Controls,1,Clear,1,Daylight,1,Not Divided,1,Dry,3,Free Flow,1,No Defects,O50,O10,41.8870583,-87.7765579,41.8870048,-87.7764358,1135858.88,1901923.88
33049,25 04929,2504929,X003954700,2025-09-10,17:12:00,2025-09-10 17:12:00,2025-09-11 09:25:25,1220 N Elmwood Ave,1220,N ELMWOOD AVE,,0,0,0,0,Property Damage,No Injuries,Car,15,Angle,2,2,0,4,"$501 to $1,500",1,0,0,0,0,0,0,02,Failing To Yield Right-Of-Way,18,Unable To Determine,1,No Controls,1,No Controls,1,Clear,1,Daylight,12,Alley,1,Dry,1,Slow,1,No Defects,O20,O2,41.9080048,-87.7872849,41.9080772,-87.7870255,1132889.63,1909537.00
33070,25 04981,2504981,X003958187,2025-09-10,19:38:00,2025-09-10 19:38:00,2025-09-15 09:53:12,Madison St/Home Ave,,MADISON ST,HOME AVE,1,1,0,0,Property Damage,No Injuries,Car,12,Sideswipe - Same Direction,2,2,0,4,"$501 to $1,500",1,0,0,0,0,0,0,04,Improper Overtaking/Passing,99,Not Applicable,3,Traffic Signal,4,Functioning Properly,1,Clear,1,Daylight,14,Four-Way Intersection,1,Dry,1,Slow,1,No Defects,O60,O15,41.8796501,-87.7998657,41.8796806,-87.7998657,1129528.50,1899183.75