record_id,report_number,crash_id,idot_crash_number,date,time,occurred_at,record_added_at,location,street_number,street_name,cross_street,at_intersection,intersection_related,private_property,hit_and_run,crash_severity,crash_injury_severity,crash_mode,crash_type_code,crash_type,total_units,num_motor_vehicles,dooring_pedalcyclist,damage_code,damage,no_injury_drive_away,injury_or_towed,fatalities,a_injuries,b_injuries,c_injuries,total_injured,cause1_code,cause1,cause2_code,cause2,traffic_control_code,traffic_control,device_condition_code,device_condition,weather_code,weather,lighting_code,lighting,trafficway_code,trafficway,road_surface_code,road_surface,flow_condition_code,flow_condition,road_defects_code,road_defects,beat_zone,post_district,latitude,longitude,latitude_geocoded,longitude_geocoded,state_plane_x,state_plane_y
33050,25 04931,2504931,X003954701,2025-09-10,20:04:00,2025-09-10 20:04:00,2025-09-11 09:25:26,Division St/N Ridgeland Ave,,DIVISION ST,N RIDGELAND AVE,1,1,0,0,Property Damage,No Injuries,Car,11,Front To Rear,2,2,0,5,"Over $1,500",1,0,0,0,0,0,0,28,Failing To Reduce Speed To Avoid Crash,99,Not Applicable,3,Traffic Signal,4,Functioning Properly,1,Clear,3,Dusk,2,"Divided, No Median Barrier",1,Dry,2,Stopped,1,No Defects,O10,O4,41.9018593,-87.7841949,41.9018860,-87.7848740,1133744.00,1907303.25
33052,25 04935,2504935,X003954704,2025-09-11,10:14:00,2025-09-11 10:14:00,2025-09-11 11:32:37,Euclid Ave/North Blvd,,EUCLID AVE,NORTH BLVD,1,0,0,1,Property Damage,No Injuries,Car,6,Fixed Object,2,1,0,5,"Over $1,500",1,0,0,0,0,0,0,15,Driving Skills/Knowledge/Experience,28,Failing To Reduce Speed To Avoid Crash,2,Stop Sign,4,Functioning Properly,1,Clear,1,Daylight,3,Divided With Median Barrier,1,Dry,3,Free Flow,1,No Defects,O30,O8,41.8873329,-87.7927246,41.8873329,-87.7926788,1131456.25,1901995.38
33053,25 04944,2504944,X003954954,2025-09-11,13:50:00,2025-09-11 13:50:00,2025-09-12 07:42:33,Lake St/Maple Ave,,LAKE ST,MAPLE AVE,1,1,0,0,Property Damage,No Injuries,Car,9,Parked Motor Vehicle,2,2,0,3,$500 or less,1,0,0,0,0,0,0,30,Improper Backing,28,Failing To Reduce Speed To Avoid Crash,1,No Controls,1,No Controls,1,Clear,1,Daylight,2,"Divided, No Median Barrier",1,Dry,3,Free Flow,1,No Defects,O40,O9,41.8885727,-87.8040466,41.8885994,-87.8040466,1128369.50,1902427.75
33055,25 04950,2504950,X003955876,2025-09-11,16:01:00,2025-09-11 16:01:00,2025-09-12 07:42:35,Madison St/S Ridgeland Ave,,MADISON ST,S RIDGELAND AVE,1,1,0,1,Property Damage,No Injuries,Pedalcyclist,2,Pedalcyclist,2,1,0,3,$500 or less,1,0,0,0,0,0,0,04,Improper Overtaking/Passing,20,Improper Lane Usage,3,Traffic Signal,4,Functioning Properly,1,Clear,1,Daylight,14,Four-Way Intersection,1,Dry,3,Free Flow,1,No Defects,O80,O13,41.8799019,-87.7844620,41.8799324,-87.7844620,1133723.63,1899302.88
33176,25 04951,2504951,X003977655,2025-09-11,17:29:00,2025-09-11 17:29:00,2025-10-01 14:55:42,Oak Park/Washington,,OAK PARK,WASHINGTON,0,1,0,0,Property Damage,No Injuries,Car,11,Front To Rear,2,2,0,5,"Over $1,500",1,0,0,0,0,0,0,28,Failing To Reduce Speed To Avoid Crash,03,Following Too Closely,3,Traffic Signal,4,Functioning Properly,1,Clear,1,Daylight,2,"Divided, No Median Barrier",1,Dry,1,Slow,1,No Defects,O60,O11,41.8815651,-87.7942734,41.8815613,-87.7943115,1131046.38,1899891.13
33056,25 04958,2504958,X003954956,2025-09-11,22:14:00,2025-09-11 22:14:00,2025-09-12 07:42:35,S Harlem Ave/I290 W,,S HARLEM AVE,I290 W,1,1,0,0,Property Damage,No Injuries,Car,10,Turning (At Least One Vehicle),2,2,0,4,"$501 to $1,500",1,0,0,0,0,0,0,06,Improper Turning/No Signal,99,Not Applicable,3,Traffic Signal,4,Functioning Properly,1,Clear,5,"Darkness, Lighted Road",14,Four-Way Intersection,1,Dry,1,Slow,1,No Defects,O60,O15,41.8737946,-87.8044968,41.8738136,-87.8045197,1128281.50,1897042.00
33066,25 04960,2504960,X003958276,2025-09-12,06:53:00,2025-09-12 06:53:00,2025-09-15 09:53:10,Cuyler Ave/Madison St,,CUYLER AVE,MADISON ST,0,0,0,1,Property Damage,No Injuries,Car,6,Fixed Object,2,1,0,3,$500 or less,1,0,0,0,0,0,0,30,Improper Backing,28,Failing To Reduce Speed To Avoid Crash,1,No Controls,1,No Controls,9,Unknown,1,Daylight,12,Alley,9,Unknown,3,Free Flow,99,Unknown,O80,O13,41.8799667,-87.7827835,41.8799591,-87.7832336,1134179.50,1899328.13
33062,25 04961,2504961,X003958160,2025-09-12,08:04:00,2025-09-12 08:04:00,2025-09-15 09:53:10,North Ave/Columbian Ave,,NORTH AVE,COLUMBIAN AVE,0,0,0,0,Property Damage,No Injuries,Car,11,Front To Rear,2,2,0,5,"Over $1,500",1,0,0,0,0,0,0,28,Failing To Reduce Speed To Avoid Crash,03,Following Too Closely,3,Traffic Signal,4,Functioning Properly,1,Clear,1,Daylight,2,"Divided, No Median Barrier",9,Unknown,3,Free Flow,99,Unknown,O20,O2,41.9090385,-87.7914276,41.9090652,-87.7914276,1131759.75,1909906.25
33068,25 04962,2504962,X003958164,2025-09-12,08:27:00,2025-09-12 08:27:00,2025-09-15 09:59:14,Roosevelt Rd/Maple Ave,,ROOSEVELT RD,MAPLE AVE,1,1,0,0,Property Damage,No Injuries,Car,10,Turning (At Least One Vehicle),2,2,0,4,"$501 to $1,500",1,0,0,0,0,0,0,18,Unable To Determine,99,Not Applicable,1,No Controls,1,No Controls,1,Clear,1,Daylight,2,"Divided, No Median Barrier",1,Dry,1,Slow,1,No Defects,O90,O18,41.8650284,-87.8033371,41.8650017,-87.8033447,1128615.13,1893849.88
33071,25 04964,2504964,X003958165,2025-09-12,10:02:00,2025-09-12 10:02:00,2025-09-15 09:59:15,Harrison St/S Taylor Ave,,HARRISON ST,S TAYLOR AVE,0,0,0,1,Property Damage,No Injuries,Car,9,Parked Motor Vehicle,2,2,0,5,"Over $1,500",1,0,0,0,0,0,0,28,Failing To Reduce Speed To Avoid Crash,15,Driving Skills/Knowledge/Experience,1,No Controls,1,No Controls,1,Clear,9,Unknown,2,"Divided, No Median Barrier",1,Dry,3,Free Flow,1,No Defects,O80,O13,41.8727035,-87.7780685,41.8727341,-87.7780685,1135480.88,1896689.25
33067,25 04971,2504971,X003958179,2025-09-12,12:46:00,2025-09-12 12:46:00,2025-09-15 09:59:13,N Harlem Ave/Paulina St,,N HARLEM AVE,PAULINA ST,1,0,0,0,Property Damage,No Injuries,Car,12,Sideswipe - Same Direction,2,2,0,4,"$501 to $1,500",1,0,0,0,0,0,0,06,Improper Turning/No Signal,15,Driving Skills/Knowledge/Experience,1,No Controls,1,No Controls,1,Clear,1,Daylight,2,"Divided, No Median Barrier",1,Dry,3,Free Flow,1,No Defects,R82,RFPD,41.8953209,-87.8053284,41.8953247,-87.8052902,1128006.38,1904884.00
33069,25 04973,2504973,X003958184,2025-09-12,16:35:00,2025-09-12 16:35:00,2025-09-15 09:59:14,Roosevelt Rd/S Maple Ave,,ROOSEVELT RD,S MAPLE AVE,1,1,0,0,Property Damage,No Injuries,Car,10,Turning (At Least One Vehicle),2,2,0,4,"$501 to $1,500",1,0,0,0,0,0,0,02,Failing To Yield Right-Of-Way,28,Failing To Reduce Speed To Avoid Crash,2,Stop Sign,4,Functioning Properly,1,Clear,1,Daylight,1,Not Divided,1,Dry,2,Stopped,1,No Defects,O90,O18,41.8650284,-87.8033371,41.8650017,-87.8033447,1128615.13,1893849.88
33072,25 05004,2505004,X003958202,2025-09-13,08:31:00,2025-09-13 08:31:00,2025-09-15 09:59:15,Berkshire St/Austin Ave,,BERKSHIRE ST,AUSTIN AVE,1,1,0,0,Property Damage,No Injuries,Car,10,Turning (At Least One Vehicle),2,2,0,4,"$501 to $1,500",1,0,0,0,0,0,0,02,Failing To Yield Right-Of-Way,28,Failing To Reduce Speed To Avoid Crash,2,Stop Sign,4,Functioning Properly,8,Cloudy/Overcast,1,Daylight,2,"Divided, No Median Barrier",1,Dry,3,Free Flow,1,No Defects,O10,O1,41.9038925,-87.7754288,41.9039192,-87.7754288,1136125.38,1908060.38
33063,25 04987,2504987,X003958195,2025-09-13,12:42:00,2025-09-13 12:42:00,2025-09-15 09:53:12,838 Madison St,838,MADISON ST,,0,0,0,0,Property Damage,No Injuries,Car,9,Parked Motor Vehicle,2,2,0,3,$500 or less,1,0,0,0,0,0,0,30,Improper Backing,28,Failing To Reduce Speed To Avoid Crash,1,No Controls,4,Functioning Properly,8,Cloudy/Overcast,1,Daylight,2,"Divided, No Median Barrier",1,Dry,1,Slow,1,No Defects,O70,O12,41.8797722,-87.7958984,41.8798523,-87.7960739,1130609.00,1899234.88
33060,25 04998,2504998,X003958197,2025-09-13,21:42:00,2025-09-13 21:42:00,2025-09-15 09:53:09,S Harlem Ave/I290,,S HARLEM AVE,I290,1,1,0,0,Property Damage,No Injuries,Car,10,Turning (At Least One Vehicle),2,2,0,4,"$501 to $1,500",1,0,0,0,0,0,0,20,Improper Lane Usage,02,Failing To Yield Right-Of-Way,3,Traffic Signal,4,Functioning Properly,1,Clear,5,"Darkness, Lighted Road",14,Four-Way Intersection,1,Dry,3,Free Flow,1,No Defects,O60,O15,41.8737946,-87.8044968,41.8736153,-87.8045197,1128281.50,1897042.00
33064,25 05005,2505005,X003958205,2025-09-14,14:09:00,2025-09-14 14:09:00,2025-09-15 09:47:10,Austin Blvd/Roosevelt,,AUSTIN BLVD,ROOSEVELT,0,0,0,1,Property Damage,No Injuries,Car,12,Sideswipe - Same Direction,2,2,0,3,$500 or less,1,0,0,0,0,0,0,18,Unable To Determine,18,Unable To Determine,1,No Controls,1,No Controls,1,Clear,1,Daylight,2,"Divided, No Median Barrier",1,Dry,1,Slow,1,No Defects,O90,O16,41.8654671,-87.7741699,41.8654709,-87.7741318,1136559.00,1894060.13
33061,25 05010,2505010,X003958234,2025-09-14,16:09:00,2025-09-14 16:09:00,2025-09-15 09:53:09,Harlem Ave/Washington Blvd,,HARLEM AVE,WASHINGTON BLVD,0,0,0,0,Property Damage,No Injuries,Car,11,Front To Rear,2,2,0,4,"$501 to $1,500",1,0,0,0,0,0,0,03,Following Too Closely,28,Failing To Reduce Speed To Avoid Crash,3,Traffic Signal,4,Functioning Properly,1,Clear,1,Daylight,2,"Divided, No Median Barrier",1,Dry,2,Stopped,1,No Defects,F1,FPPD,41.8813934,-87.8048325,41.8814087,-87.8047943,1128172.13,1899810.88
33065,25 05022,2505022,X003958239,2025-09-15,07:26:00,2025-09-15 07:26:00,2025-09-15 09:59:12,N Taylor Ave/Superior St,,N TAYLOR AVE,SUPERIOR ST,1,1,0,0,Property Damage,No Injuries,Car,15,Angle,2,2,0,4,"$501 to $1,500",1,0,0,0,0,0,0,02,Failing To Yield Right-Of-Way,28,Failing To Reduce Speed To Avoid Crash,2,Stop Sign,4,Functioning Properly,1,Clear,1,Daylight,14,Four-Way Intersection,1,Dry,1,Slow,1,No Defects,O30,O7,41.8931885,-87.7783737,41.8931923,-87.7783356,1135349.38,1904154.13
33077,25 05025,2505025,X003958986,2025-09-15,09:05:00,2025-09-15 09:05:00,2025-09-15 16:20:36,6407 North Ave,6407,NORTH AVE,,0,1,0,0,Property Damage,No Injuries,Car,12,Sideswipe - Same Direction,2,2,0,5,"Over $1,500",1,0,0,0,0,0,0,28,Failing To Reduce Speed To Avoid Crash,99,Not Applicable,3,Traffic Signal,4,Functioning Properly,1,Clear,1,Daylight,15,T-Intersection,1,Dry,1,Slow,1,No Defects,O20,O2,41.9091148,-87.7851028,41.9090042,-87.7852020,1133480.13,1909945.50
33076,25 05027,2505027,X003958984,2025-09-15,09:59:00,2025-09-15 09:59:00,2025-09-15 16:20:35,Ontario St/N Taylor Ave,,ONTARIO ST,N TAYLOR AVE,1,1,0,0,Injury,B Injury Crash,Car,15,Angle,2,2,0,5,"Over $1,500",0,1,0,0,1,0,1,02,Failing To Yield Right-Of-Way,28,Failing To Reduce Speed To Avoid Crash,2,Stop Sign,4,Functioning Properly,1,Clear,1,Daylight,14,Four-Way Intersection,1,Dry,1,Slow,1,No Defects,O30,O7,41.8904266,-87.7782440,41.8904533,-87.7782517,1135390.13,1903148.00
33084,25 05036,2505036,X003960301,2025-09-15,16:38:00,2025-09-15 16:38:00,2025-09-16 16:22:11,S Marion St/Randolph St,,S MARION ST,RANDOLPH ST,1,1,0,0,Property Damage,No Injuries,Car,15,Angle,2,2,0,5,"Over $1,500",0,1,0,0,0,0,0,23,Disregarding Stop Sign,02,Failing To Yield Right-Of-Way,2,Stop Sign,4,Functioning Properly,1,Clear,1,Daylight,1,Not Divided,1,Dry,3,Free Flow,1,No Defects,O70,O12,41.8832665,-87.8024063,41.8832626,-87.8024368,1128828.75,1900497.75
33088,25 05041,2505041,X003961579,2025-09-15,20:11:00,2025-09-15 20:11:00,2025-09-17 09:33:28,541 S Elmwood,541,S ELMWOOD,,0,0,0,0,Property Damage,No Injuries,Car,6,Fixed Object,2,1,0,4,"$501 to $1,500",1,0,0,0,0,0,0,50,"Oper. Veh. In Erratic,Reckless,Careless Manne",99,Not Applicable,1,No Controls,1,No Controls,1,Clear,5,"Darkness, Lighted Road",2,"Divided, No Median Barrier",1,Dry,3,Free Flow,1,No Defects,O20,O5,41.8959961,-87.7865982,41.8783417,-87.7858047,1133104.25,1905162.88
33089,25 05040,2505040,X003961580,2025-09-15,20:28:00,2025-09-15 20:28:00,2025-09-17 09:33:28,1140 S East Ave,1140,S EAST AVE,,0,0,0,1,Property Damage,No Injuries,Car,6,Fixed Object,3,1,0,5,"Over $1,500",0,1,0,0,0,0,0,28,Failing To Reduce Speed To Avoid Crash,99,Not Applicable,1,No Controls,1,No Controls,1,Clear,4,Darkness,2,"Divided, No Median Barrier",1,Dry,3,Free Flow,1,No Defects,O90,O17,41.8673401,-87.7889786,41.8673439,-87.7887116,1132522.25,1894716.63
33082,25 05044,2505044,X003960299,2025-09-16,08:04:00,2025-09-16 08:04:00,2025-09-16 16:28:05,Harrison St/S Oak Park Ave,,HARRISON ST,S OAK PARK AVE,0,0,0,0,Property Damage,No Injuries,Car,9,Parked Motor Vehicle,2,2,0,3,$500 or less,1,0,0,0,0,0,0,28,Failing To Reduce Speed To Avoid Crash,02,Failing To Yield Right-Of-Way,1,No Controls,1,No Controls,1,Clear,1,Daylight,1,Not Divided,1,Dry,3,Free Flow,1,No Defects,O60,O15,41.8727799,-87.7940292,41.8728065,-87.7940140,1131133.75,1896689.63
33083,25 05052,2505052,X003960300,2025-09-16,13:31:00,2025-09-16 13:31:00,2025-09-16 16:21:34,S Harlem Ave/Garfield St,,S HARLEM AVE,GARFIELD ST,0,0,0,0,Property Damage,No Injuries,Car,15,Angle,2,2,0,3,$500 or less,1,0,0,0,0,0,0,30,Improper Backing,28,Failing To Reduce Speed To Avoid Crash,3,Traffic Signal,4,Functioning Properly,1,Clear,1,Daylight,2,"Divided, No Median Barrier",1,Dry,3,Free Flow,1,No Defects,O90,O18,41.8723068,-87.8044357,41.8723183,-87.8044663,1128300.88,1896500.75
33085,25 05055,2505055,X003961575,2025-09-16,14:35:00,2025-09-16 14:35:00,2025-09-17 09:27:39,1127 S Ridgeland Ave,1127,S RIDGELAND AVE,,0,0,0,0,Injury,A Injury Crash,Car,9,Parked Motor Vehicle,2,2,0,5,"Over $1,500",0,1,0,1,0,0,1,20,Improper Lane Usage,28,Failing To Reduce Speed To Avoid Crash,1,No Controls,1,No Controls,1,Clear,1,Daylight,2,"Divided, No Median Barrier",1,Dry,3,Free Flow,1,No Defects,O90,O16,41.8680496,-87.7840271,41.8679733,-87.7842255,1133869.75,1894983.63
33086,25 05059,2505059,X003961577,2025-09-16,15:24:00,2025-09-16 15:24:00,2025-09-17 09:33:26,Washington Blvd/Wisconsin Ave,,WASHINGTON BLVD,WISCONSIN AVE,0,0,0,0,Property Damage,No Injuries,Car,9,Parked Motor Vehicle,2,2,0,5,"Over $1,500",1,0,0,0,0,0,0,28,Failing To Reduce Speed To Avoid Crash,02,Failing To Yield Right-Of-Way,1,No Controls,1,No Controls,1,Clear,1,Daylight,2,"Divided, No Median Barrier",1,Dry,1,Slow,1,No Defects,O70,O12,41.8814163,-87.8023682,41.8814468,-87.8023682,1128842.63,1899822.13
33087,25 05057,2505057,X003961578,2025-09-16,15:27:00,2025-09-16 15:27:00,2025-09-17 09:33:27,1182 S Cuyler,1182,S CUYLER,,0,0,0,0,Property Damage,No Injuries,Car,15,Angle,2,2,0,5,"Over $1,500",1,0,0,0,0,0,0,02,Failing To Yield Right-Of-Way,28,Failing To Reduce Speed To Avoid Crash,1,No Controls,1,No Controls,1,Clear,1,Daylight,12,Alley,1,Dry,3,Free Flow,1,No Defects,O90,O16,41.8659859,-87.7827911,41.8658485,-87.7825546,1134209.00,1894233.63
33092,25 05060,2505060,X003962721,2025-09-16,17:05:00,2025-09-16 17:05:00,2025-09-18 09:18:10,1012 Chicago Ave,1012,CHICAGO AVE,,0,0,0,0,Property Damage,No Injuries,Car,11,Front To Rear,2,2,0,5,"Over $1,500",1,0,0,0,0,0,0,28,Failing To Reduce Speed To Avoid Crash,99,Not Applicable,1,No Controls,1,No Controls,1,Clear,1,Daylight,1,Not Divided,1,Dry,2,Stopped,1,No Defects,O20,O6,41.8943176,-87.8011246,41.8945312,-87.8011932,1129153.88,1904526.75
33091,25 05079,2505079,X003961583,2025-09-17,13:03:00,2025-09-17 13:03:00,2025-09-17 16:21:40,Chicago Ave/N Euclid Ave,,CHICAGO AVE,N EUCLID AVE,1,1,0,0,Property Damage,No Injuries,Car,11,Front To Rear,2,2,0,3,$500 or less,1,0,0,0,0,0,0,03,Following Too Closely,15,Driving Skills/Knowledge/Experience,1,No Controls,1,No Controls,1,Clear,1,Daylight,2,"Divided, No Median Barrier",1,Dry,3,Free Flow,1,No Defects,O30,O8,41.8944130,-87.7928543,41.8944435,-87.7928543,1131404.75,1904574.38
33093,25 05083,2505083,X003962722,2025-09-17,15:29:00,2025-09-17 15:29:00,2025-09-18 09:18:11,S Humphrey Ave/Fillmore St,,S HUMPHREY AVE,FILLMORE ST,1,1,0,0,Property Damage,No Injuries,Car,15,Angle,2,2,0,5,"Over $1,500",1,0,0,0,0,0,0,28,Failing To Reduce Speed To Avoid Crash,99,Not Applicable,2,Stop Sign,4,Functioning Properly,1,Clear,1,Daylight,1,Not Divided,1,Dry,3,Free Flow,1,No Defects,O90,O16,41.8672829,-87.7753906,41.8672791,-87.7754288,1136222.00,1894719.25
33122,25 05089,2505089,X003967728,2025-09-18,08:06:00,2025-09-18 08:06:00,2025-09-23 07:49:47,111 Madison St,111,MADISON ST,,0,0,0,0,Property Damage,No Injuries,Car,12,Sideswipe - Same Direction,2,2,0,4,"$501 to $1,500",1,0,0,0,0,0,0,28,Failing To Reduce Speed To Avoid Crash,15,Driving Skills/Knowledge/Experience,1,No Controls,1,No Controls,1,Clear,1,Daylight,1,Not Divided,1,Dry,1,Slow,1,No Defects,O80,O13,41.8800087,-87.7779312,41.8798332,-87.7779541,1135501.50,1899352.50
33097,25 05098,2505098,X003962723,2025-09-18,08:50:00,2025-09-18 08:50:00,2025-09-18 16:32:40,S Oak Park Ave/Madison St,,S OAK PARK AVE,MADISON ST,1,1,0,1,Property Damage,No Injuries,Car,7,Other Object,2,1,0,5,"Over $1,500",1,0,0,0,0,0,0,15,Driving Skills/Knowledge/Experience,28,Failing To Reduce Speed To Avoid Crash,3,Traffic Signal,4,Functioning Properly,1,Clear,1,Daylight,14,Four-Way Intersection,1,Dry,3,Free Flow,1,No Defects,O60,O11,41.8797722,-87.7942200,41.8797722,-87.7942581,1131065.38,1899237.25
33098,25 05108,2505108,X003962875,2025-09-18,16:12:00,2025-09-18 16:12:00,2025-09-19 08:26:00,6412 Roosevelt Rd,6412,ROOSEVELT RD,,0,0,0,0,Property Damage,No Injuries,Car,10,Turning (At Least One Vehicle),2,2,0,5,"Over $1,500",1,0,0,0,0,0,0,02,Failing To Yield Right-Of-Way,99,Not Applicable,1,No Controls,1,No Controls,9,Unknown,1,Daylight,1,Not Divided,9,Unknown,1,Slow,99,Unknown,O90,O17,41.8653526,-87.7845764,41.8654442,-87.7845993,1133724.88,1893999.38
33101,25 05106,2505106,X003962873,2025-09-18,17:06:00,2025-09-18 17:06:00,2025-09-19 08:26:03,N East Ave/Berkshire,,N EAST AVE,BERKSHIRE,1,1,0,0,Property Damage,No Injuries,Car,16,Rear To Side,2,2,0,4,"$501 to $1,500",1,0,0,0,0,0,0,02,Failing To Yield Right-Of-Way,28,Failing To Reduce Speed To Avoid Crash,1,No Controls,1,No Controls,1,Clear,1,Daylight,2,"Divided, No Median Barrier",1,Dry,3,Free Flow,1,No Defects,O20,O2,41.9037018,-87.7900925,41.9037018,-87.7900543,1132134.13,1907964.75
33099,25 05112,2505112,X003962878,2025-09-18,19:13:00,2025-09-18 19:13:00,2025-09-19 08:26:01,Harrison St/S Harvey,,HARRISON ST,S HARVEY,0,0,0,0,Property Damage,No Injuries,Car,9,Parked Motor Vehicle,2,2,0,4,"$501 to $1,500",1,0,0,0,0,0,0,30,Improper Backing,28,Failing To Reduce Speed To Avoid Crash,1,No Controls,1,No Controls,1,Clear,3,Dusk,1,Not Divided,1,Dry,3,Free Flow,1,No Defects,O80,O13,41.8727150,-87.7805405,41.8726883,-87.7805405,1134807.50,1896689.63
33108,25 05125,2505125,X003967038,2025-09-19,08:33:00,2025-09-19 08:33:00,2025-09-22 08:57:24,Madison St/Elmwood,,MADISON ST,ELMWOOD,0,1,0,0,Property Damage,No Injuries,Car,11,Front To Rear,2,2,0,5,"Over $1,500",1,0,0,0,0,0,0,28,Failing To Reduce Speed To Avoid Crash,99,Not Applicable,3,Traffic Signal,4,Functioning Properly,1,Clear,1,Daylight,1,Not Divided,1,Dry,2,Stopped,1,No Defects,O60,O11,41.8799362,-87.7856903,41.8799057,-87.7856903,1133388.63,1899312.50
33118,25 05141,2505141,X003967047,2025-09-19,17:57:00,2025-09-19 17:57:00,2025-09-22 16:33:15,433 S Oak Park,433,S OAK PARK,,0,0,0,0,Property Damage,No Injuries,Car,10,Turning (At Least One Vehicle),2,2,0,5,"Over $1,500",0,1,0,0,0,0,0,06,Improper Turning/No Signal,99,Not Applicable,1,No Controls,1,No Controls,1,Clear,1,Daylight,1,Not Divided,1,Dry,3,Free Flow,1,No Defects,O30,O8,41.8930244,-87.7946014,41.8803406,-87.7943497,1130931.13,1904065.00
33139,25 05146,2505146,X004191856,2025-09-19,18:30:00,2025-09-19 18:30:00,2025-09-26 07:22:26,646 S Euclid Ave,646,S EUCLID AVE,,0,0,0,0,Property Damage,No Injuries,Pedalcyclist,2,Pedalcyclist,2,1,0,5,"Over $1,500",1,0,0,0,0,0,0,02,Failing To Yield Right-Of-Way,99,Not Applicable,1,No Controls,1,No Controls,1,Clear,1,Daylight,12,Alley,1,Dry,1,Slow,1,No Defects,O60,O14,41.8762932,-87.7929535,41.8762512,-87.7927093,1131419.13,1897972.75
33136,25 05143,2505143,X003969864,2025-09-19,18:46:00,2025-09-19 18:46:00,2025-09-25 10:55:00,South Blvd/N Harlem Ave,,SOUTH BLVD,N HARLEM AVE,1,1,0,0,Property Damage,No Injuries,Car,11,Front To Rear,2,2,0,5,"Over $1,500",1,0,0,0,0,0,0,28,Failing To Reduce Speed To Avoid Crash,99,Not Applicable,3,Traffic Signal,4,Functioning Properly,1,Clear,1,Daylight,15,T-Intersection,1,Dry,1,Slow,1,No Defects,O70,O12,41.8866806,-87.8049850,41.8867111,-87.8049927,1128118.25,1901736.75
33110,25 05151,2505151,X003967040,2025-09-20,01:02:00,2025-09-20 01:02:00,2025-09-22 09:03:25,North Ave/N Narragansett Ave,,NORTH AVE,N NARRAGANSETT AVE,1,1,0,0,Injury,B Injury Crash,Pedestrian,1,Pedestrian,2,1,0,4,"$501 to $1,500",0,1,0,0,1,0,1,02,Failing To Yield Right-Of-Way,99,Not Applicable,3,Traffic Signal,4,Functioning Properly,1,Clear,5,"Darkness, Lighted Road",1,Not Divided,1,Dry,3,Free Flow,1,No Defects,O20,O2,41.9091148,-87.7850037,41.9090729,-87.7906723,1133507.13,1909946.13
33134,25 05163,2505163,X004191854,2025-09-20,05:59:00,2025-09-20 05:59:00,2025-09-25 10:54:59,Madison/Oak Park,,MADISON,OAK PARK,1,0,0,1,Property Damage,No Injuries,Car,18,Rear To Front,2,2,0,4,"$501 to $1,500",1,0,0,0,0,0,0,18,Unable To Determine,28,Failing To Reduce Speed To Avoid Crash,3,Traffic Signal,4,Functioning Properly,2,Rain,5,"Darkness, Lighted Road",2,"Divided, No Median Barrier",2,Wet,2,Stopped,1,No Defects,O60,O14,41.8797417,-87.7942505,41.8797722,-87.7942581,1131056.50,1899226.38
33111,25 05157,2505157,X003967041,2025-09-20,13:44:00,2025-09-20 13:44:00,2025-09-22 09:03:26,S Austin Blvd/Roosevelt Rd,,S AUSTIN BLVD,ROOSEVELT RD,0,0,0,1,Property Damage,No Injuries,Car,11,Front To Rear,2,2,0,5,"Over $1,500",1,0,0,0,0,0,0,03,Following Too Closely,28,Failing To Reduce Speed To Avoid Crash,3,Traffic Signal,4,Functioning Properly,1,Clear,5,"Darkness, Lighted Road",2,"Divided, No Median Barrier",1,Dry,2,Stopped,1,No Defects,O90,O16,41.8654671,-87.7741699,41.8654709,-87.7741394,1136559.00,1894060.13
33151,25 05303,2505303,X003974804,2025-09-20,15:32:00,2025-09-20 15:32:00,2025-09-29 10:36:36,Marion/Chicago,,MARION,CHICAGO,0,0,0,1,Property Damage,No Injuries,Car,9,Parked Motor Vehicle,2,2,0,5,"Over $1,500",1,0,0,0,0,0,0,15,Driving Skills/Knowledge/Experience,30,Improper Backing,3,Traffic Signal,4,Functioning Properly,1,Clear,1,Daylight,15,T-Intersection,1,Dry,3,Free Flow,1,No Defects,O40,O9,41.8942604,-87.8028641,41.8942528,-87.8032684,1128678.38,1904502.00
33109,25 05169,2505169,X003967039,2025-09-21,11:57:00,2025-09-21 11:57:00,2025-09-22 09:03:25,S Harlem Ave/I290 Ramp E,,S HARLEM AVE,I290 RAMP E,1,1,0,1,Property Damage,No Injuries,Car,10,Turning (At Least One Vehicle),2,2,0,3,$500 or less,1,0,0,0,0,0,0,02,Failing To Yield Right-Of-Way,28,Failing To Reduce Speed To Avoid Crash,3,Traffic Signal,4,Functioning Properly,1,Clear,1,Daylight,2,"Divided, No Median Barrier",1,Dry,3,Free Flow,1,No Defects,O90,O18,41.8735886,-87.8044891,41.8736153,-87.8045197,1128282.00,1896967.63
33119,25 05172,2505172,X003967048,2025-09-21,12:34:00,2025-09-21 12:34:00,2025-09-22 16:33:16,N Austin Blvd/Madison St,,N AUSTIN BLVD,MADISON ST,0,0,0,0,Property Damage,No Injuries,Car,11,Front To Rear,2,2,0,5,"Over $1,500",1,0,0,0,0,0,0,28,Failing To Reduce Speed To Avoid Crash,99,Not Applicable,3,Traffic Signal,4,Functioning Properly,1,Clear,1,Daylight,1,Not Divided,1,Dry,1,Slow,1,No Defects,,,41.8800926,-87.7746201,41.8800888,-87.7746582,1136401.50,1899388.00