record_id,report_number,crash_id,idot_crash_number,date,time,occurred_at,record_added_at,location,street_number,street_name,cross_street,at_intersection,intersection_related,private_property,hit_and_run,crash_severity,crash_injury_severity,crash_mode,crash_type_code,crash_type,total_units,num_motor_vehicles,dooring_pedalcyclist,damage_code,damage,no_injury_drive_away,injury_or_towed,fatalities,a_injuries,b_injuries,c_injuries,total_injured,cause1_code,cause1,cause2_code,cause2,traffic_control_code,traffic_control,device_condition_code,device_condition,weather_code,weather,lighting_code,lighting,trafficway_code,trafficway,road_surface_code,road_surface,flow_condition_code,flow_condition,road_defects_code,road_defects,beat_zone,post_district,latitude,longitude,latitude_geocoded,longitude_geocoded,state_plane_x,state_plane_y
33112,25 05175,2505175,X003967042,2025-09-21,13:55:00,2025-09-21 13:55:00,2025-09-22 09:03:27,S Harlem Ave/I290 W,,S HARLEM AVE,I290 W,0,0,0,0,Property Damage,No Injuries,Car,12,Sideswipe - Same Direction,2,2,0,5,"Over $1,500",1,0,0,0,0,0,0,28,Failing To Reduce Speed To Avoid Crash,18,Unable To Determine,3,Traffic Signal,4,Functioning Properly,1,Clear,1,Daylight,2,"Divided, No Median Barrier",1,Dry,3,Free Flow,1,No Defects,O60,O15,41.8737946,-87.8044968,41.8738136,-87.8045197,1128281.50,1897042.00
33113,25 05181,2505181,,2025-09-21,18:33:00,2025-09-21 18:33:00,2025-09-22 09:03:27,S Taylor Ave/Roosevelt Rd,,S TAYLOR AVE,ROOSEVELT RD,1,1,0,0,Property Damage,No Injuries,Pedalcyclist,2,Pedalcyclist,2,1,0,4,"$501 to $1,500",1,0,0,0,0,0,0,20,Improper Lane Usage,14,"Vision Obscured (Signs, Tree Limbs, Buildings",1,No Controls,1,No Controls,1,Clear,1,Daylight,1,Not Divided,1,Dry,3,Free Flow,1,No Defects,O90,O16,41.8654213,-87.7777863,41.8654175,-87.7778244,1135574.63,1894036.00
33115,25 05185,2505185,X003967044,2025-09-21,23:07:00,2025-09-21 23:07:00,2025-09-22 09:03:29,321 S Oak Park,321,S OAK PARK,,0,0,0,0,Property Damage,No Injuries,Car,9,Parked Motor Vehicle,2,2,0,5,"Over $1,500",0,1,0,0,0,0,0,44,Texting,18,Unable To Determine,1,No Controls,1,No Controls,1,Clear,5,"Darkness, Lighted Road",1,Not Divided,1,Dry,3,Free Flow,1,No Defects,O60,O11,41.8832970,-87.7943268,41.8826256,-87.7945557,1131028.38,1900522.88
33120,25 05187,2505187,X003967049,2025-09-22,08:10:00,2025-09-22 08:10:00,2025-09-22 16:27:22,Lake St/Elmwood,,LAKE ST,ELMWOOD,0,0,0,0,Property Damage,No Injuries,Car,12,Sideswipe - Same Direction,2,2,0,3,$500 or less,1,0,0,0,0,0,0,18,Unable To Determine,18,Unable To Determine,1,No Controls,1,No Controls,1,Clear,1,Daylight,2,"Divided, No Median Barrier",1,Dry,1,Slow,1,No Defects,O30,O8,41.8883514,-87.7863312,41.8883743,-87.7863312,1133194.00,1902377.25
33117,25 05191,2505191,X003967046,2025-09-22,12:29:00,2025-09-22 12:29:00,2025-09-22 16:33:15,Harrison St/Lombard,,HARRISON ST,LOMBARD,0,0,0,0,Property Damage,No Injuries,Car,15,Angle,2,2,0,5,"Over $1,500",0,1,0,0,0,0,0,02,Failing To Yield Right-Of-Way,28,Failing To Reduce Speed To Avoid Crash,13,Other,4,Functioning Properly,1,Clear,1,Daylight,1,Not Divided,1,Dry,3,Free Flow,1,No Defects,O80,O13,41.8726845,-87.7793045,41.8727150,-87.7793121,1135144.88,1896680.25
33123,25 05201,2505201,X003969052,2025-09-23,06:38:00,2025-09-23 06:38:00,2025-09-24 12:20:24,S Harlem Ave/I290 Expy W,,S HARLEM AVE,I290 EXPY W,0,0,0,1,Property Damage,No Injuries,Car,12,Sideswipe - Same Direction,2,2,0,3,$500 or less,1,0,0,0,0,0,0,04,Improper Overtaking/Passing,15,Driving Skills/Knowledge/Experience,3,Traffic Signal,4,Functioning Properly,1,Clear,1,Daylight,4,Two-Way Continuous Left-Turn Lane,1,Dry,3,Free Flow,1,No Defects,O60,O15,41.8737946,-87.8044968,41.8738136,-87.8045197,1128281.50,1897042.00
33129,25 05203,2505203,X003969047,2025-09-23,08:46:00,2025-09-23 08:46:00,2025-09-24 12:38:04,S Harlem Ave/I290 Expy W,,S HARLEM AVE,I290 EXPY W,1,0,0,1,Property Damage,No Injuries,Car,10,Turning (At Least One Vehicle),2,2,0,3,$500 or less,1,0,0,0,0,0,0,15,Driving Skills/Knowledge/Experience,28,Failing To Reduce Speed To Avoid Crash,3,Traffic Signal,4,Functioning Properly,8,Cloudy/Overcast,1,Daylight,8,Other,2,Wet,1,Slow,1,No Defects,O60,O15,41.8737946,-87.8044968,41.8738136,-87.8045197,1128281.50,1897042.00
33126,25 05207,2505207,X003969029,2025-09-23,11:22:00,2025-09-23 11:22:00,2025-09-24 12:26:13,North Ave/N Ridgeland Ave,,NORTH AVE,N RIDGELAND AVE,0,0,0,1,Property Damage,No Injuries,Car,9,Parked Motor Vehicle,2,2,0,5,"Over $1,500",1,0,0,0,0,0,0,20,Improper Lane Usage,99,Not Applicable,3,Traffic Signal,4,Functioning Properly,1,Clear,1,Daylight,1,Not Divided,1,Dry,3,Free Flow,1,No Defects,O10,O1,41.9091339,-87.7833710,41.9091644,-87.7833710,1133952.25,1909956.38
33128,25 05208,2505208,X003969027,2025-09-23,11:36:00,2025-09-23 11:36:00,2025-09-24 12:38:03,Madison St/East Ave,,MADISON ST,EAST AVE,1,0,0,0,Property Damage,No Injuries,Car,11,Front To Rear,2,2,0,5,"Over $1,500",1,0,0,0,0,0,0,03,Following Too Closely,15,Driving Skills/Knowledge/Experience,3,Traffic Signal,4,Functioning Properly,1,Clear,1,Daylight,1,Not Divided,1,Dry,1,Slow,1,No Defects,O60,O14,41.8798218,-87.7893600,41.8798523,-87.7893600,1132389.38,1899263.88
33124,25 05218,2505218,X003969025,2025-09-23,15:18:00,2025-09-23 15:18:00,2025-09-24 12:20:25,Linden Ave/Erie St,,LINDEN AVE,ERIE ST,0,0,0,0,Property Damage,No Injuries,Car,13,Sideswipe - Opposite Direction,2,2,0,5,"Over $1,500",1,0,0,0,0,0,0,28,Failing To Reduce Speed To Avoid Crash,30,Improper Backing,2,Stop Sign,4,Functioning Properly,1,Clear,1,Daylight,2,"Divided, No Median Barrier",5,Sand/Mud/Dirt,2,Stopped,1,No Defects,O30,O8,41.8916092,-87.7912826,41.8916054,-87.7912445,1131838.38,1903555.38
33125,25 05219,2505219,X003969022,2025-09-23,16:35:00,2025-09-23 16:35:00,2025-09-24 12:32:05,S Ridgeland Ave/Madison St,,S RIDGELAND AVE,MADISON ST,1,1,0,0,Property Damage,No Injuries,Car,12,Sideswipe - Same Direction,2,2,0,3,$500 or less,1,0,0,0,0,0,0,18,Unable To Determine,28,Failing To Reduce Speed To Avoid Crash,3,Traffic Signal,4,Functioning Properly,8,Cloudy/Overcast,1,Daylight,2,"Divided, No Median Barrier",1,Dry,3,Free Flow,1,No Defects,O80,O13,41.8799324,-87.7844238,41.8799324,-87.7844620,1133732.63,1899313.88
33137,25 05220,2505220,X003969837,2025-09-23,17:14:00,2025-09-23 17:14:00,2025-09-25 10:55:00,Home Ave/Jackson Blvd,,HOME AVE,JACKSON BLVD,0,0,0,1,Property Damage,No Injuries,Car,9,Parked Motor Vehicle,2,2,0,5,"Over $1,500",1,0,0,0,0,0,0,26,Disregarding Road Markings,15,Driving Skills/Knowledge/Experience,2,Stop Sign,4,Functioning Properly,1,Clear,1,Daylight,1,Not Divided,1,Dry,3,Free Flow,1,No Defects,O60,O15,41.8754273,-87.7996826,41.8754234,-87.7997131,1129588.00,1897644.13
33163,25 05221,2505221,X003974822,2025-09-23,17:40:00,2025-09-23 17:40:00,2025-09-29 10:36:44,Washington Blvd/S Humhrey Ave,,WASHINGTON BLVD,S HUMHREY AVE,0,0,0,0,Property Damage,No Injuries,Pedalcyclist,2,Pedalcyclist,2,1,0,3,$500 or less,1,0,0,0,0,0,0,20,Improper Lane Usage,17,Physical Condition Of Driver,2,Stop Sign,4,Functioning Properly,8,Cloudy/Overcast,3,Dusk,1,Not Divided,1,Dry,3,Free Flow,1,No Defects,O50,O10,41.8820534,-87.7763519,41.8820839,-87.7763596,1135925.38,1900100.88
33127,25 05224,2505224,X003969019,2025-09-23,20:01:00,2025-09-23 20:01:00,2025-09-24 12:32:06,S Austin Blvd/I290 Expy W,,S AUSTIN BLVD,I290 EXPY W,1,1,0,0,Property Damage,No Injuries,Car,12,Sideswipe - Same Direction,2,2,0,4,"$501 to $1,500",1,0,0,0,0,0,0,20,Improper Lane Usage,99,Not Applicable,3,Traffic Signal,4,Functioning Properly,1,Clear,4,Darkness,1,Not Divided,1,Dry,1,Slow,1,No Defects,O80,O13,41.8712502,-87.7743759,41.8712502,-87.7743378,1136490.13,1896166.00
33292,25 05731,2505731,X003998051,2025-09-24,08:35:00,2025-09-24 08:35:00,2025-10-20 10:43:00,Ridgeland/Harvard,,RIDGELAND,HARVARD,0,1,0,0,Property Damage,No Injuries,Car,11,Front To Rear,2,2,0,5,"Over $1,500",1,0,0,0,0,0,0,28,Failing To Reduce Speed To Avoid Crash,99,Not Applicable,3,Traffic Signal,4,Functioning Properly,1,Clear,1,Daylight,1,Not Divided,1,Dry,1,Slow,1,No Defects,O90,O16,41.8689842,-87.7840500,41.8689804,-87.7840881,1133859.50,1895323.25
33130,25 05233,2505233,X003969017,2025-09-24,12:21:00,2025-09-24 12:21:00,2025-09-24 16:29:10,Lake St/N Marion St,,LAKE ST,N MARION ST,0,0,0,0,Property Damage,No Injuries,Car,9,Parked Motor Vehicle,2,2,0,5,"Over $1,500",1,0,0,0,0,0,0,28,Failing To Reduce Speed To Avoid Crash,15,Driving Skills/Knowledge/Experience,3,Traffic Signal,4,Functioning Properly,1,Clear,1,Daylight,2,"Divided, No Median Barrier",1,Dry,1,Slow,1,No Defects,O40,O9,41.8886185,-87.8026276,41.8886452,-87.8026276,1128756.38,1902446.75
33131,25 05244,2505244,X003969463,2025-09-24,18:52:00,2025-09-24 18:52:00,2025-09-24 21:23:55,Lake St/N Kenilworth Ave,,LAKE ST,N KENILWORTH AVE,0,0,0,1,Property Damage,No Injuries,Car,12,Sideswipe - Same Direction,2,2,0,4,"$501 to $1,500",1,0,0,0,0,0,0,28,Failing To Reduce Speed To Avoid Crash,18,Unable To Determine,3,Traffic Signal,4,Functioning Properly,1,Clear,1,Daylight,1,Not Divided,1,Dry,1,Slow,1,No Defects,O40,O9,41.8886719,-87.7971573,41.8886986,-87.7975082,1130245.50,1902475.38
33144,25 05256,2505256,X003971660,2025-09-25,08:37:00,2025-09-25 08:37:00,2025-09-26 07:22:28,483 N Harlem Ave,483,N HARLEM AVE,,0,0,0,1,Property Damage,No Injuries,Car,9,Parked Motor Vehicle,2,2,0,4,"$501 to $1,500",1,0,0,0,0,0,0,18,Unable To Determine,18,Unable To Determine,1,No Controls,1,No Controls,1,Clear,1,Daylight,7,Parking Lot,1,Dry,1,Slow,1,No Defects,O40,O9,41.8902626,-87.8051529,41.8902741,-87.8046799,1128064.13,1903041.38
33135,25 05255,2505255,X003969823,2025-09-25,08:54:00,2025-09-25 08:54:00,2025-09-25 10:55:00,North Ave/N Oak Park Ave,,NORTH AVE,N OAK PARK AVE,1,1,0,0,Property Damage,No Injuries,Car,11,Front To Rear,2,2,0,3,$500 or less,1,0,0,0,0,0,0,03,Following Too Closely,28,Failing To Reduce Speed To Avoid Crash,3,Traffic Signal,4,Functioning Properly,1,Clear,1,Daylight,14,Four-Way Intersection,1,Dry,1,Slow,1,No Defects,O20,O2,41.9089928,-87.7947922,41.9090233,-87.7950592,1130843.13,1909884.38
33141,25 05258,2505258,X003971657,2025-09-25,10:04:00,2025-09-25 10:04:00,2025-09-26 07:22:26,Augusta St/N Austin Blvd,,AUGUSTA ST,N AUSTIN BLVD,1,1,0,0,Property Damage,No Injuries,Car,10,Turning (At Least One Vehicle),2,2,0,4,"$501 to $1,500",1,0,0,0,0,0,0,02,Failing To Yield Right-Of-Way,28,Failing To Reduce Speed To Avoid Crash,3,Traffic Signal,4,Functioning Properly,1,Clear,1,Daylight,14,Four-Way Intersection,1,Dry,1,Slow,1,No Defects,O10,O4,41.8983345,-87.7752533,41.8983650,-87.7752533,1136186.13,1906035.63
33140,25 05263,2505263,X003970548,2025-09-25,12:56:00,2025-09-25 12:56:00,2025-09-26 07:16:25,S Ridgeland Ave/Madison St,,S RIDGELAND AVE,MADISON ST,0,0,0,0,Property Damage,No Injuries,Car,12,Sideswipe - Same Direction,2,2,0,3,$500 or less,1,0,0,0,0,0,0,41,Distraction - From Inside Vehicle,02,Failing To Yield Right-Of-Way,3,Traffic Signal,4,Functioning Properly,1,Clear,1,Daylight,2,"Divided, No Median Barrier",1,Dry,3,Free Flow,1,No Defects,O80,O13,41.8799324,-87.7844238,41.8799324,-87.7844620,1133732.63,1899313.88
33138,25 05270,2505270,X003971655,2025-09-25,14:57:00,2025-09-25 14:57:00,2025-09-26 07:22:25,S Ridgeland Ave/Washington Blvd,,S RIDGELAND AVE,WASHINGTON BLVD,0,0,0,0,Property Damage,No Injuries,Car,11,Front To Rear,2,2,0,5,"Over $1,500",1,0,0,0,0,0,0,03,Following Too Closely,28,Failing To Reduce Speed To Avoid Crash,3,Traffic Signal,4,Functioning Properly,1,Clear,1,Daylight,2,"Divided, No Median Barrier",1,Dry,3,Free Flow,1,No Defects,O50,O10,41.8817215,-87.7844772,41.8817253,-87.7845154,1133714.00,1899965.25
33142,25 05278,2505278,X003971658,2025-09-25,15:51:00,2025-09-25 15:51:00,2025-09-26 07:22:27,N Austin Blvd/Erie Ct,,N AUSTIN BLVD,ERIE CT,0,0,0,0,Property Damage,No Injuries,Car,12,Sideswipe - Same Direction,2,2,0,5,"Over $1,500",1,0,0,0,0,0,0,20,Improper Lane Usage,28,Failing To Reduce Speed To Avoid Crash,1,No Controls,1,No Controls,1,Clear,1,Daylight,2,"Divided, No Median Barrier",1,Dry,3,Free Flow,1,No Defects,O40,O9,41.8919029,-87.7750168,41.8919029,-87.7750549,1136265.25,1903691.13
33143,25 05279,2505279,X003971659,2025-09-25,17:13:00,2025-09-25 17:13:00,2025-09-26 07:22:27,510 Gunderson Ave,510,GUNDERSON AVE,,0,0,0,1,Property Damage,No Injuries,Car,9,Parked Motor Vehicle,2,2,0,5,"Over $1,500",1,0,0,0,0,0,0,99,Not Applicable,99,Not Applicable,1,No Controls,1,No Controls,1,Clear,1,Daylight,1,Not Divided,1,Dry,1,Slow,1,No Defects,O60,O14,41.8793678,-87.7869492,41.8793106,-87.7868271,1133047.13,1899102.13
33159,25 05282,2505282,X003974815,2025-09-26,06:27:00,2025-09-26 06:27:00,2025-09-29 10:36:40,S Harlem/Garfield,,S HARLEM,GARFIELD,0,0,0,1,Property Damage,No Injuries,Car,12,Sideswipe - Same Direction,2,2,0,3,$500 or less,1,0,0,0,0,0,0,06,Improper Turning/No Signal,99,Not Applicable,3,Traffic Signal,4,Functioning Properly,1,Clear,2,Dawn,14,Four-Way Intersection,1,Dry,3,Free Flow,1,No Defects,O90,O18,41.8723068,-87.8044357,41.8723183,-87.8044663,1128300.88,1896500.75
33160,25 05291,2505291,X003974817,2025-09-26,10:57:00,2025-09-26 10:57:00,2025-09-29 10:36:41,464 N Austin Blvd,464,N AUSTIN BLVD,,0,0,0,0,Property Damage,No Injuries,Car,11,Front To Rear,2,2,0,3,$500 or less,1,0,0,0,0,0,0,03,Following Too Closely,18,Unable To Determine,1,No Controls,1,No Controls,1,Clear,1,Daylight,2,"Divided, No Median Barrier",1,Dry,1,Slow,1,No Defects,O30,O7,41.8897629,-87.7749558,41.8899078,-87.7751846,1136287.88,1902912.63
33162,25 05294,2505294,X003974820,2025-09-26,11:50:00,2025-09-26 11:50:00,2025-09-29 10:36:43,Harvard St/S Lombard Ave,,HARVARD ST,S LOMBARD AVE,0,0,0,0,Property Damage,No Injuries,Car,6,Fixed Object,2,1,0,3,$500 or less,1,0,0,0,0,0,0,06,Improper Turning/No Signal,15,Driving Skills/Knowledge/Experience,1,No Controls,1,No Controls,1,Clear,1,Daylight,2,"Divided, No Median Barrier",1,Dry,3,Free Flow,1,No Defects,O90,O16,41.8690262,-87.7791748,41.8690529,-87.7791748,1135188.00,1895347.50
33150,25 05342,2505342,X003974221,2025-09-26,15:06:00,2025-09-26 15:06:00,2025-09-29 10:30:24,Washington Blvd/S Cuyler Ave,,WASHINGTON BLVD,S CUYLER AVE,0,0,0,0,Property Damage,No Injuries,Car,9,Parked Motor Vehicle,2,2,0,5,"Over $1,500",1,0,0,0,0,0,0,28,Failing To Reduce Speed To Avoid Crash,15,Driving Skills/Knowledge/Experience,1,No Controls,1,No Controls,1,Clear,1,Daylight,1,Not Divided,1,Dry,3,Free Flow,1,No Defects,O50,O10,41.8817177,-87.7828751,41.8817444,-87.7828751,1134151.00,1899966.38
33149,25 05304,2505304,X003974802,2025-09-26,16:24:00,2025-09-26 16:24:00,2025-09-29 10:24:28,Pleasant St/Clinton Ave,,PLEASANT ST,CLINTON AVE,0,0,0,0,Property Damage,No Injuries,Car,9,Parked Motor Vehicle,2,2,0,4,"$501 to $1,500",1,0,0,0,0,0,0,28,Failing To Reduce Speed To Avoid Crash,99,Not Applicable,1,No Controls,1,No Controls,1,Clear,1,Daylight,1,Not Divided,1,Dry,3,Free Flow,1,No Defects,O70,O12,41.8854141,-87.7985840,41.8854408,-87.7985916,1129863.25,1901285.75
33152,25 05306,2505306,X003974280,2025-09-26,18:33:00,2025-09-26 18:33:00,2025-09-29 10:36:36,Division St/N Humphrey Ave,,DIVISION ST,N HUMPHREY AVE,1,1,0,0,Injury,B Injury Crash,Car,15,Angle,3,3,0,5,"Over $1,500",0,1,0,0,1,0,1,23,Disregarding Stop Sign,28,Failing To Reduce Speed To Avoid Crash,2,Stop Sign,4,Functioning Properly,1,Clear,1,Daylight,1,Not Divided,9,Unknown,3,Free Flow,99,Unknown,O10,O4,41.9019585,-87.7765808,41.9019928,-87.7765884,1135816.13,1907353.63
33153,25 05315,2505315,X003974807,2025-09-27,14:00:00,2025-09-27 14:00:00,2025-09-29 10:36:37,Chicago/Grove,,CHICAGO,GROVE,1,1,0,0,Property Damage,No Injuries,Car,10,Turning (At Least One Vehicle),3,2,0,5,"Over $1,500",0,1,0,0,0,0,0,04,Improper Overtaking/Passing,28,Failing To Reduce Speed To Avoid Crash,2,Stop Sign,4,Functioning Properly,1,Clear,1,Daylight,2,"Divided, No Median Barrier",1,Dry,1,Slow,1,No Defects,O20,O6,41.8944092,-87.7961731,41.8943787,-87.7961731,1130500.50,1904567.88
33156,25 05324,2505324,X003974811,2025-09-27,18:37:00,2025-09-27 18:37:00,2025-09-29 10:36:39,N Austin Blvd/Division St,,N AUSTIN BLVD,DIVISION ST,1,1,0,0,Injury,C Injury Crash,Car,10,Turning (At Least One Vehicle),2,2,0,5,"Over $1,500",0,1,0,0,0,1,1,02,Failing To Yield Right-Of-Way,99,Not Applicable,3,Traffic Signal,4,Functioning Properly,1,Clear,1,Daylight,1,Not Divided,9,Unknown,3,Free Flow,99,Unknown,O10,O4,41.9019966,-87.7753296,41.9020004,-87.7753677,1136156.75,1907368.88
33158,25 05325,2505325,X003974328,2025-09-27,21:36:00,2025-09-27 21:36:00,2025-09-29 10:36:40,1022 S Ridgeland Ave,1022,S RIDGELAND AVE,,0,0,0,0,Property Damage,No Injuries,Car,12,Sideswipe - Same Direction,2,2,0,4,"$501 to $1,500",0,1,0,0,0,0,0,20,Improper Lane Usage,99,Not Applicable,1,No Controls,1,No Controls,1,Clear,4,Darkness,1,Not Divided,1,Dry,1,Slow,1,No Defects,O90,O16,41.8700142,-87.7841644,41.8699608,-87.7838898,1133827.25,1895699.13
33155,25 05326,2505326,X003974326,2025-09-27,22:24:00,2025-09-27 22:24:00,2025-09-29 10:36:38,45 Iowa St,45,IOWA ST,,0,0,0,1,Property Damage,No Injuries,Car,9,Parked Motor Vehicle,2,2,0,4,"$501 to $1,500",1,0,0,0,0,0,0,99,Not Applicable,99,Not Applicable,1,No Controls,1,No Controls,1,Clear,4,Darkness,1,Not Divided,1,Dry,3,Free Flow,1,No Defects,O20,O5,41.8963089,-87.7888870,41.8964043,-87.7774277,1132479.25,1905273.13
33157,25 05334,2505334,X003974324,2025-09-28,08:15:00,2025-09-28 08:15:00,2025-09-29 10:36:39,Madison St/S Ridgeland Ave,,MADISON ST,S RIDGELAND AVE,1,1,0,0,Property Damage,No Injuries,Car,15,Angle,2,2,0,5,"Over $1,500",0,1,0,0,0,0,0,25,Disregarding Traffic Signals,18,Unable To Determine,1,No Controls,1,No Controls,1,Clear,1,Daylight,2,"Divided, No Median Barrier",1,Dry,1,Slow,1,No Defects,O80,O13,41.8799019,-87.7844620,41.8799324,-87.7844620,1133723.63,1899302.88
33148,25 05337,2505337,X003973414,2025-09-28,10:12:00,2025-09-28 10:12:00,2025-09-28 15:34:58,505 N Oak Park Ave,505,N OAK PARK AVE,,0,0,0,0,Property Damage,No Injuries,Car,5,Overturned,2,1,0,5,"Over $1,500",0,1,0,0,0,0,0,28,Failing To Reduce Speed To Avoid Crash,40,Distraction - From Outside Vehicle,3,Traffic Signal,4,Functioning Properly,1,Clear,1,Daylight,2,"Divided, No Median Barrier",1,Dry,3,Free Flow,1,No Defects,O20,O6,41.8945885,-87.7947235,41.8946114,-87.7947617,1130895.88,1904635.75
33154,25 05351,2505351,X003974218,2025-09-29,07:54:00,2025-09-29 07:54:00,2025-09-29 10:36:37,Harvard St/S Austin Blvd,,HARVARD ST,S AUSTIN BLVD,1,1,0,0,Property Damage,No Injuries,Car,15,Angle,2,2,0,5,"Over $1,500",1,0,0,0,0,0,0,02,Failing To Yield Right-Of-Way,28,Failing To Reduce Speed To Avoid Crash,2,Stop Sign,4,Functioning Properly,1,Clear,1,Daylight,2,"Divided, No Median Barrier",1,Dry,3,Free Flow,1,No Defects,O90,O16,41.8690681,-87.7742691,41.8690987,-87.7742691,1136524.13,1895371.63
33164,25 05362,2505362,X003975243,2025-09-29,13:14:00,2025-09-29 13:14:00,2025-09-30 08:55:25,N Harlem Ave/Pleasant St,,N HARLEM AVE,PLEASANT ST,1,1,0,0,Injury,B Injury Crash,Car,10,Turning (At Least One Vehicle),2,2,0,5,"Over $1,500",0,1,0,0,1,0,1,02,Failing To Yield Right-Of-Way,28,Failing To Reduce Speed To Avoid Crash,1,No Controls,1,No Controls,1,Clear,1,Daylight,1,Not Divided,1,Dry,1,Slow,1,No Defects,O70,O12,41.8853912,-87.8049774,41.8854065,-87.8049393,1128124.38,1901267.88
33171,25 05379,2505379,X003977654,2025-09-30,12:35:00,2025-09-30 12:35:00,2025-10-01 08:40:25,South Blvd/S Ridgeland Ave,,SOUTH BLVD,S RIDGELAND AVE,1,1,0,0,Injury,A Injury Crash,Car,15,Angle,3,3,0,5,"Over $1,500",0,1,0,1,1,0,2,25,Disregarding Traffic Signals,99,Not Applicable,3,Traffic Signal,4,Functioning Properly,1,Clear,1,Daylight,2,"Divided, No Median Barrier",1,Dry,3,Free Flow,1,No Defects,O50,O10,41.8869286,-87.7846527,41.8869553,-87.7846603,1133653.50,1901862.13
33167,25 05380,2505380,X003976144,2025-09-30,12:49:00,2025-09-30 12:49:00,2025-09-30 16:44:49,Roosevelt Rd/S Maple Ave,,ROOSEVELT RD,S MAPLE AVE,1,1,0,0,Property Damage,No Injuries,Car,10,Turning (At Least One Vehicle),2,2,0,5,"Over $1,500",1,0,0,0,0,0,0,02,Failing To Yield Right-Of-Way,28,Failing To Reduce Speed To Avoid Crash,2,Stop Sign,4,Functioning Properly,1,Clear,1,Daylight,1,Not Divided,1,Dry,1,Slow,1,No Defects,O90,O18,41.8650284,-87.8033371,41.8650017,-87.8033447,1128615.13,1893849.88
33173,25 05384,2505384,X003976633,2025-09-30,14:23:00,2025-09-30 14:23:00,2025-10-01 08:40:26,N Ridgeland Ave/South Blvd,,N RIDGELAND AVE,SOUTH BLVD,0,0,0,0,Property Damage,No Injuries,Car,11,Front To Rear,2,2,0,5,"Over $1,500",0,1,0,0,0,0,0,28,Failing To Reduce Speed To Avoid Crash,99,Not Applicable,3,Traffic Signal,4,Functioning Properly,1,Clear,1,Daylight,8,Other,1,Dry,2,Stopped,1,No Defects,O50,O10,41.8869591,-87.7846298,41.8870964,-87.7846680,1133661.75,1901873.50
33168,25 05385,2505385,X003977653,2025-09-30,15:53:00,2025-09-30 15:53:00,2025-10-01 08:28:12,N Harlem Ave/Lake St,,N HARLEM AVE,LAKE ST,0,0,0,1,Property Damage,No Injuries,Car,12,Sideswipe - Same Direction,2,2,0,3,$500 or less,1,0,0,0,0,0,0,02,Failing To Yield Right-Of-Way,28,Failing To Reduce Speed To Avoid Crash,3,Traffic Signal,4,Functioning Properly,1,Clear,1,Daylight,2,"Divided, No Median Barrier",1,Dry,3,Free Flow,1,No Defects,R83,RFPD,41.8885765,-87.8050919,41.8885841,-87.8050537,1128084.88,1902427.75
33174,25 05400,2505400,X003977124,2025-10-01,10:11:00,2025-10-01 10:11:00,2025-10-01 14:55:41,S Oak Park Ave/Garfield St,,S OAK PARK AVE,GARFIELD ST,1,1,0,0,Injury,C Injury Crash,Car,15,Angle,3,3,0,5,"Over $1,500",0,1,0,0,0,1,1,25,Disregarding Traffic Signals,99,Not Applicable,3,Traffic Signal,4,Functioning Properly,1,Clear,1,Daylight,3,Divided With Median Barrier,1,Dry,3,Free Flow,1,No Defects,O90,O17,41.8720245,-87.7939529,41.8720245,-87.7939911,1131156.25,1896415.88
33175,25 05403,2505403,X003977123,2025-10-01,12:07:00,2025-10-01 12:07:00,2025-10-01 14:55:42,Division St/Austin Blvd,,DIVISION ST,AUSTIN BLVD,0,0,0,1,Injury,B Injury Crash,Car,11,Front To Rear,2,2,0,5,"Over $1,500",0,1,0,0,2,0,2,28,Failing To Reduce Speed To Avoid Crash,15,Driving Skills/Knowledge/Experience,3,Traffic Signal,4,Functioning Properly,1,Clear,1,Daylight,14,Four-Way Intersection,1,Dry,2,Stopped,1,No Defects,O10,O4,41.9019699,-87.7753677,41.9020004,-87.7753677,1136146.63,1907359.88
33178,25 05409,2505409,X003978135,2025-10-01,15:27:00,2025-10-01 15:27:00,2025-10-02 09:27:01,Euclid/North Blvd,,EUCLID,NORTH BLVD,0,1,0,0,Injury,C Injury Crash,Pedalcyclist,2,Pedalcyclist,2,1,0,3,$500 or less,0,1,0,0,0,1,1,28,Failing To Reduce Speed To Avoid Crash,02,Failing To Yield Right-Of-Way,2,Stop Sign,4,Functioning Properly,1,Clear,1,Daylight,1,Not Divided,1,Dry,1,Slow,1,No Defects,O30,O8,41.8873329,-87.7927246,41.8873329,-87.7926788,1131456.25,1901995.38
33182,25 05410,2505410,X003978919,2025-10-01,15:58:00,2025-10-01 15:58:00,2025-10-03 07:59:08,N Kenilworth Ave/Lake St,,N KENILWORTH AVE,LAKE ST,1,0,0,0,Property Damage,No Injuries,Car,9,Parked Motor Vehicle,2,2,0,4,"$501 to $1,500",1,0,0,0,0,0,0,20,Improper Lane Usage,28,Failing To Reduce Speed To Avoid Crash,3,Traffic Signal,4,Functioning Properly,1,Clear,1,Daylight,1,Not Divided,1,Dry,1,Slow,1,No Defects,O40,O9,41.8886948,-87.7971268,41.8886986,-87.7975082,1130254.25,1902484.38