record_id,report_number,crash_id,idot_crash_number,date,time,occurred_at,record_added_at,location,street_number,street_name,cross_street,at_intersection,intersection_related,private_property,hit_and_run,crash_severity,crash_injury_severity,crash_mode,crash_type_code,crash_type,total_units,num_motor_vehicles,dooring_pedalcyclist,damage_code,damage,no_injury_drive_away,injury_or_towed,fatalities,a_injuries,b_injuries,c_injuries,total_injured,cause1_code,cause1,cause2_code,cause2,traffic_control_code,traffic_control,device_condition_code,device_condition,weather_code,weather,lighting_code,lighting,trafficway_code,trafficway,road_surface_code,road_surface,flow_condition_code,flow_condition,road_defects_code,road_defects,beat_zone,post_district,latitude,longitude,latitude_geocoded,longitude_geocoded,state_plane_x,state_plane_y
33177,25 05414,2505414,X003978134,2025-10-01,16:41:00,2025-10-01 16:41:00,2025-10-02 09:20:50,Home/Roosevelt,,HOME,ROOSEVELT,0,0,0,0,Property Damage,No Injuries,Car,11,Front To Rear,2,2,0,3,$500 or less,1,0,0,0,0,0,0,30,Improper Backing,18,Unable To Determine,1,No Controls,1,No Controls,1,Clear,1,Daylight,2,"Divided, No Median Barrier",1,Dry,1,Slow,1,No Defects,,,41.8650742,-87.7989502,41.8650742,-87.7989807,1129811.75,1893873.75
33183,25 05423,2505423,X003978944,2025-10-02,07:44:00,2025-10-02 07:44:00,2025-10-03 07:59:08,Roosevelt Rd/East Ave,,ROOSEVELT RD,EAST AVE,0,0,0,1,Property Damage,No Injuries,Car,11,Front To Rear,3,3,0,5,"Over $1,500",0,1,0,0,0,0,0,28,Failing To Reduce Speed To Avoid Crash,99,Not Applicable,1,No Controls,1,No Controls,1,Clear,1,Daylight,1,Not Divided,1,Dry,1,Slow,1,No Defects,O90,O17,41.8652763,-87.7888641,41.8652534,-87.7888641,1132558.38,1893964.75
33181,25 05421,2505421,X003978925,2025-10-02,07:49:00,2025-10-02 07:49:00,2025-10-03 07:53:10,Washington Blvd/S Euclid Ave,,WASHINGTON BLVD,S EUCLID AVE,0,0,0,0,Property Damage,No Injuries,Car,11,Front To Rear,2,2,0,3,$500 or less,1,0,0,0,0,0,0,03,Following Too Closely,28,Failing To Reduce Speed To Avoid Crash,1,No Controls,1,No Controls,1,Clear,1,Daylight,2,"Divided, No Median Barrier",1,Dry,2,Stopped,1,No Defects,O60,O11,41.8815498,-87.7926712,41.8815804,-87.7926712,1131483.25,1899888.88
33188,25 05424,2505424,X003979908,2025-10-02,08:22:00,2025-10-02 08:22:00,2025-10-03 08:05:14,Roosevelt Rd/East Ave,,ROOSEVELT RD,EAST AVE,1,1,0,0,Property Damage,No Injuries,Car,12,Sideswipe - Same Direction,2,2,0,5,"Over $1,500",1,0,0,0,0,0,0,02,Failing To Yield Right-Of-Way,28,Failing To Reduce Speed To Avoid Crash,3,Traffic Signal,4,Functioning Properly,1,Clear,1,Daylight,2,"Divided, No Median Barrier",1,Dry,3,Free Flow,1,No Defects,O90,O17,41.8652763,-87.7888641,41.8652534,-87.7888641,1132558.38,1893964.75
33189,25 05425,2505425,X003979909,2025-10-02,08:30:00,2025-10-02 08:30:00,2025-10-03 08:05:14,Ridgeland/Lake,,RIDGELAND,LAKE,1,1,0,0,Injury,C Injury Crash,Car,10,Turning (At Least One Vehicle),2,2,0,5,"Over $1,500",0,1,0,0,0,2,2,02,Failing To Yield Right-Of-Way,28,Failing To Reduce Speed To Avoid Crash,3,Traffic Signal,4,Functioning Properly,1,Clear,1,Daylight,2,"Divided, No Median Barrier",1,Dry,3,Free Flow,1,No Defects,O30,O8,41.8883209,-87.7847366,41.8883209,-87.7846985,1133628.00,1902369.13
33184,25 05426,2505426,X003978929,2025-10-02,08:41:00,2025-10-02 08:41:00,2025-10-03 07:59:09,Lexington St/S Oak Park Ave,,LEXINGTON ST,S OAK PARK AVE,1,1,0,0,Property Damage,No Injuries,Car,15,Angle,2,2,0,5,"Over $1,500",0,1,0,0,0,0,0,02,Failing To Yield Right-Of-Way,28,Failing To Reduce Speed To Avoid Crash,3,Traffic Signal,4,Functioning Properly,1,Clear,1,Daylight,2,"Divided, No Median Barrier",1,Dry,3,Free Flow,1,No Defects,O90,O17,41.8706131,-87.7939453,41.8706360,-87.7939453,1131162.75,1895900.00
33180,25 05429,2505429,X003978931,2025-10-02,09:46:00,2025-10-02 09:46:00,2025-10-03 07:53:09,Washington St/Kenilworth Ave,,WASHINGTON ST,KENILWORTH AVE,0,0,0,0,Property Damage,No Injuries,Car,12,Sideswipe - Same Direction,2,2,0,5,"Over $1,500",1,0,0,0,0,0,0,06,Improper Turning/No Signal,99,Not Applicable,1,No Controls,1,No Controls,1,Clear,1,Daylight,1,Not Divided,1,Dry,3,Free Flow,1,No Defects,O70,O12,41.8815270,-87.7969742,41.8815537,-87.7969742,1130311.88,1899872.13
33185,25 05431,2505431,X003978934,2025-10-02,14:11:00,2025-10-02 14:11:00,2025-10-03 07:59:10,N Austin Blvd/Division St,,N AUSTIN BLVD,DIVISION ST,0,0,0,0,Property Damage,No Injuries,Car,11,Front To Rear,2,2,0,3,$500 or less,1,0,0,0,0,0,0,03,Following Too Closely,28,Failing To Reduce Speed To Avoid Crash,3,Traffic Signal,3,Functioning Improperly,1,Clear,1,Daylight,2,"Divided, No Median Barrier",1,Dry,3,Free Flow,1,No Defects,,,41.9019966,-87.7753296,41.9020004,-87.7753677,1136156.75,1907368.88
33190,25 05433,2505433,X003979910,2025-10-02,15:31:00,2025-10-02 15:31:00,2025-10-03 08:05:15,Erie St/N Lombard Ave,,ERIE ST,N LOMBARD AVE,1,1,0,0,Injury,B Injury Crash,Car,15,Angle,2,2,0,5,"Over $1,500",0,1,0,0,2,0,2,02,Failing To Yield Right-Of-Way,99,Not Applicable,2,Stop Sign,4,Functioning Properly,1,Clear,1,Daylight,14,Four-Way Intersection,1,Dry,3,Free Flow,1,No Defects,O30,O7,41.8917656,-87.7799149,41.8917961,-87.7799225,1134932.63,1903632.00
33187,25 05439,2505439,X003978940,2025-10-02,19:16:00,2025-10-02 19:16:00,2025-10-03 07:59:11,201 N Harlem Ave,201,N HARLEM AVE,,0,0,0,0,Property Damage,No Injuries,Car,11,Front To Rear,2,2,0,3,$500 or less,1,0,0,0,0,0,0,28,Failing To Reduce Speed To Avoid Crash,15,Driving Skills/Knowledge/Experience,1,No Controls,1,No Controls,1,Clear,4,Darkness,1,Not Divided,1,Dry,2,Stopped,1,No Defects,F1,FPPD,41.8832359,-87.8048935,41.8833351,-87.8047256,1128150.38,1900482.25
33208,25 05444,2505444,X003982373,2025-10-03,07:04:00,2025-10-03 07:04:00,2025-10-06 08:55:59,Division St/N Ridgeland Ave,,DIVISION ST,N RIDGELAND AVE,1,1,0,0,Property Damage,No Injuries,Car,11,Front To Rear,2,2,0,4,"$501 to $1,500",0,1,0,0,0,0,0,03,Following Too Closely,28,Failing To Reduce Speed To Avoid Crash,3,Traffic Signal,4,Functioning Properly,1,Clear,1,Daylight,14,Four-Way Intersection,1,Dry,1,Slow,1,No Defects,O10,O4,41.9018593,-87.7841949,41.9018860,-87.7848740,1133744.00,1907303.25
33216,25 05446,2505446,X003983771,2025-10-03,08:41:00,2025-10-03 08:41:00,2025-10-07 10:05:47,337 S Lombard Ave,337,S LOMBARD AVE,,0,0,0,1,Property Damage,No Injuries,Car,9,Parked Motor Vehicle,2,2,0,4,"$501 to $1,500",1,0,0,0,0,0,0,18,Unable To Determine,99,Not Applicable,1,No Controls,1,No Controls,9,Unknown,9,Unknown,1,Not Divided,9,Unknown,,,1,No Defects,O50,O10,41.8824120,-87.7795944,41.8823547,-87.7798691,1135041.38,1900224.75
33194,25 05447,2505447,X003979911,2025-10-03,09:17:00,2025-10-03 09:17:00,2025-10-03 10:52:12,Garfield St/S Harlem Ave,,GARFIELD ST,S HARLEM AVE,1,0,0,1,Property Damage,No Injuries,Car,12,Sideswipe - Same Direction,2,2,0,4,"$501 to $1,500",1,0,0,0,0,0,0,20,Improper Lane Usage,04,Improper Overtaking/Passing,3,Traffic Signal,4,Functioning Properly,1,Clear,1,Daylight,2,"Divided, No Median Barrier",1,Dry,2,Stopped,1,No Defects,F3,FPPD,41.8722877,-87.8044739,41.8723183,-87.8044663,1128289.00,1896492.88
33201,25 05449,2505449,X003983040,2025-10-03,12:42:00,2025-10-03 12:42:00,2025-10-06 08:55:55,North Blvd/N Oak Park Ave,,NORTH BLVD,N OAK PARK AVE,0,1,0,1,Property Damage,No Injuries,Car,11,Front To Rear,2,2,0,4,"$501 to $1,500",1,0,0,0,0,0,0,18,Unable To Determine,18,Unable To Determine,3,Traffic Signal,4,Functioning Properly,1,Clear,1,Daylight,10,One-Way,1,Dry,2,Stopped,1,No Defects,O30,O8,41.8872833,-87.7944717,41.8873138,-87.7944794,1130980.38,1901974.00
33209,25 05461,2505461,X003983047,2025-10-03,22:20:00,2025-10-03 22:20:00,2025-10-06 08:56:00,Madison St/S Cuyler Ave,,MADISON ST,S CUYLER AVE,1,1,0,0,Injury,B Injury Crash,Car,7,Other Object,2,2,0,3,$500 or less,0,1,0,0,2,0,2,18,Unable To Determine,18,Unable To Determine,1,No Controls,1,No Controls,1,Clear,5,"Darkness, Lighted Road",2,"Divided, No Median Barrier",1,Dry,3,Free Flow,1,No Defects,O80,O13,41.8799324,-87.7832260,41.8799591,-87.7832336,1134058.63,1899314.38
33210,25 05462,2505462,X003983048,2025-10-03,22:32:00,2025-10-03 22:32:00,2025-10-06 08:56:00,S Austin Blvd/Roosevelt Rd,,S AUSTIN BLVD,ROOSEVELT RD,0,0,0,1,Property Damage,No Injuries,Car,11,Front To Rear,2,2,0,5,"Over $1,500",1,0,0,0,0,0,0,28,Failing To Reduce Speed To Avoid Crash,18,Unable To Determine,3,Traffic Signal,4,Functioning Properly,1,Clear,5,"Darkness, Lighted Road",2,"Divided, No Median Barrier",1,Dry,2,Stopped,1,No Defects,O90,O16,41.8654671,-87.7741699,41.8654709,-87.7741394,1136559.00,1894060.13
33200,25 05466,2505466,X003983039,2025-10-04,06:32:00,2025-10-04 06:32:00,2025-10-06 08:49:46,Roosevelt Rd/S East Ave,,ROOSEVELT RD,S EAST AVE,0,0,0,1,Injury,B Injury Crash,Car,11,Front To Rear,2,2,0,4,"$501 to $1,500",0,1,0,0,1,2,3,28,Failing To Reduce Speed To Avoid Crash,03,Following Too Closely,3,Traffic Signal,4,Functioning Properly,1,Clear,5,"Darkness, Lighted Road",2,"Divided, No Median Barrier",1,Dry,3,Free Flow,1,No Defects,O90,O17,41.8652763,-87.7888641,41.8652534,-87.7888641,1132558.38,1893964.75
33199,25 05472,2505472,X003983038,2025-10-04,13:07:00,2025-10-04 13:07:00,2025-10-06 08:43:35,Augusta St/Woodbine Ave,,AUGUSTA ST,WOODBINE AVE,1,1,0,0,Property Damage,No Injuries,Car,15,Angle,2,2,0,5,"Over $1,500",1,0,0,0,0,0,0,02,Failing To Yield Right-Of-Way,28,Failing To Reduce Speed To Avoid Crash,2,Stop Sign,4,Functioning Properly,1,Clear,1,Daylight,14,Four-Way Intersection,1,Dry,1,Slow,1,No Defects,O20,O6,41.8979568,-87.7992630,41.8979874,-87.7992630,1129651.13,1905855.13
33206,25 05487,2505487,X003983045,2025-10-04,13:20:00,2025-10-04 13:20:00,2025-10-06 08:55:58,S Austin Blvd/Washington Blvd,,S AUSTIN BLVD,WASHINGTON BLVD,0,0,0,0,Property Damage,No Injuries,Car,15,Angle,2,2,0,5,"Over $1,500",1,0,0,0,0,0,0,02,Failing To Yield Right-Of-Way,28,Failing To Reduce Speed To Avoid Crash,3,Traffic Signal,4,Functioning Properly,1,Clear,1,Daylight,2,"Divided, No Median Barrier",9,Unknown,3,Free Flow,99,Unknown,O80,O13,41.8800888,-87.7746963,41.8821106,-87.7747269,1136381.50,1899387.00
33205,25 05479,2505479,X003983044,2025-10-05,03:04:00,2025-10-05 03:04:00,2025-10-06 08:55:58,306 S Oak Park Ave,306,S OAK PARK AVE,,0,0,0,0,Injury,B Injury Crash,Car,12,Sideswipe - Same Direction,4,3,0,5,"Over $1,500",0,1,0,0,1,0,1,20,Improper Lane Usage,28,Failing To Reduce Speed To Avoid Crash,1,No Controls,1,No Controls,1,Clear,5,"Darkness, Lighted Road",2,"Divided, No Median Barrier",1,Dry,3,Free Flow,1,No Defects,O70,O12,41.8830719,-87.7943954,41.8829765,-87.7940979,1131010.75,1900439.13
33207,25 05493,2505493,X003983046,2025-10-05,17:55:00,2025-10-05 17:55:00,2025-10-06 08:49:47,159 N Marion St,159,N MARION ST,,0,0,0,0,Property Damage,No Injuries,Car,12,Sideswipe - Same Direction,2,2,0,4,"$501 to $1,500",1,0,0,0,0,0,0,04,Improper Overtaking/Passing,18,Unable To Determine,1,No Controls,1,No Controls,1,Clear,1,Daylight,1,Not Divided,1,Dry,1,Slow,1,No Defects,O40,O9,41.8892899,-87.8026962,41.8893395,-87.8027725,1128736.50,1902691.38
33204,25 05492,2505492,X003983043,2025-10-05,19:44:00,2025-10-05 19:44:00,2025-10-06 08:55:57,Madison St/Lombard Ave,,MADISON ST,LOMBARD AVE,1,1,0,0,Injury,B Injury Crash,Car,11,Front To Rear,2,2,0,5,"Over $1,500",0,1,0,0,1,0,1,28,Failing To Reduce Speed To Avoid Crash,03,Following Too Closely,3,Traffic Signal,4,Functioning Properly,1,Clear,4,Darkness,2,"Divided, No Median Barrier",1,Dry,3,Free Flow,1,No Defects,O80,O13,41.8799973,-87.7795563,41.8800240,-87.7795563,1135058.63,1899344.50
33211,25 05495,2505495,X003983049,2025-10-06,07:13:00,2025-10-06 07:13:00,2025-10-06 10:56:52,Harvard St/S Oak Park Ave,,HARVARD ST,S OAK PARK AVE,1,1,0,0,Property Damage,No Injuries,Car,10,Turning (At Least One Vehicle),2,2,0,5,"Over $1,500",1,0,0,0,0,0,0,02,Failing To Yield Right-Of-Way,28,Failing To Reduce Speed To Avoid Crash,3,Traffic Signal,4,Functioning Properly,1,Clear,1,Daylight,1,Not Divided,1,Dry,3,Free Flow,1,No Defects,O90,O17,41.8687859,-87.7938767,41.8688087,-87.7938767,1131184.63,1895234.13
33218,25 05496,2505496,X003983774,2025-10-06,07:52:00,2025-10-06 07:52:00,2025-10-07 10:11:40,N Harlem Ave/Superior St,,N HARLEM AVE,SUPERIOR ST,0,0,0,0,Property Damage,No Injuries,Car,11,Front To Rear,2,2,0,5,"Over $1,500",1,0,0,0,0,0,0,28,Failing To Reduce Speed To Avoid Crash,03,Following Too Closely,1,No Controls,1,No Controls,1,Clear,1,Daylight,2,"Divided, No Median Barrier",1,Dry,3,Free Flow,1,No Defects,R82,RFPD,41.8930359,-87.8052368,41.8930397,-87.8051987,1128035.38,1904052.50
33221,25 05518,2505518,X003984358,2025-10-06,14:48:00,2025-10-06 14:48:00,2025-10-07 10:11:43,Fillmore St/S East Ave,,FILLMORE ST,S EAST AVE,1,1,0,0,Property Damage,No Injuries,Car,15,Angle,2,2,0,5,"Over $1,500",1,0,0,0,0,0,0,18,Unable To Determine,99,Not Applicable,2,Stop Sign,4,Functioning Properly,1,Clear,1,Daylight,14,Four-Way Intersection,1,Dry,3,Free Flow,1,No Defects,O90,O17,41.8670425,-87.7889252,41.8670731,-87.7889328,1132536.75,1894608.00
33220,25 05516,2505516,X003984357,2025-10-06,15:24:00,2025-10-06 15:24:00,2025-10-07 10:11:40,N Taylor Ave/Superior St,,N TAYLOR AVE,SUPERIOR ST,1,1,0,0,Property Damage,No Injuries,Car,15,Angle,2,2,0,5,"Over $1,500",1,0,0,0,0,0,0,23,Disregarding Stop Sign,15,Driving Skills/Knowledge/Experience,2,Stop Sign,4,Functioning Properly,1,Clear,1,Daylight,1,Not Divided,1,Dry,3,Free Flow,1,No Defects,O30,O7,41.8931885,-87.7783737,41.8931923,-87.7783356,1135349.38,1904154.13
33217,25 05525,2505525,X003984355,2025-10-06,19:17:00,2025-10-06 19:17:00,2025-10-07 09:59:52,129 N Oak Park Ave,129,N OAK PARK AVE,,0,0,0,1,Property Damage,No Injuries,Car,7,Other Object,1,1,0,4,"$501 to $1,500",1,0,0,0,0,0,0,18,Unable To Determine,15,Driving Skills/Knowledge/Experience,17,Pedestrian Crossing Sign,4,Functioning Properly,1,Clear,5,"Darkness, Lighted Road",1,Not Divided,1,Dry,3,Free Flow,1,No Defects,O40,O9,41.8883171,-87.7945557,41.8880158,-87.7946243,1130955.38,1902350.75
33222,25 05526,2505526,X003984359,2025-10-06,19:30:00,2025-10-06 19:30:00,2025-10-07 10:11:44,South Blvd/S Ridgeland Ave,,SOUTH BLVD,S RIDGELAND AVE,1,1,0,0,Property Damage,No Injuries,Car,6,Fixed Object,1,1,0,5,"Over $1,500",1,0,0,0,0,0,0,15,Driving Skills/Knowledge/Experience,99,Not Applicable,1,No Controls,1,No Controls,1,Clear,4,Darkness,1,Not Divided,1,Dry,3,Free Flow,1,No Defects,O50,O10,41.8869286,-87.7846527,41.8869553,-87.7846603,1133653.50,1901862.13
33224,25 05535,2505535,X003984851,2025-10-07,08:29:00,2025-10-07 08:29:00,2025-10-08 10:35:58,Roosevelt Rd/Home Ave,,ROOSEVELT RD,HOME AVE,0,0,0,0,Property Damage,No Injuries,Car,11,Front To Rear,2,2,0,3,$500 or less,1,0,0,0,0,0,0,28,Failing To Reduce Speed To Avoid Crash,99,Not Applicable,1,No Controls,1,No Controls,2,Rain,1,Daylight,2,"Divided, No Median Barrier",2,Wet,2,Stopped,1,No Defects,O90,O18,41.8650971,-87.7989807,41.8650742,-87.7989807,1129802.63,1893882.25
33225,25 05553,2505553,X003984834,2025-10-07,14:49:00,2025-10-07 14:49:00,2025-10-08 10:35:59,N Harlem Ave/Ontario St,,N HARLEM AVE,ONTARIO ST,1,1,0,0,Property Damage,No Injuries,Pedalcyclist,2,Pedalcyclist,2,1,0,3,$500 or less,1,0,0,0,0,0,0,02,Failing To Yield Right-Of-Way,28,Failing To Reduce Speed To Avoid Crash,3,Traffic Signal,4,Functioning Properly,1,Clear,1,Daylight,15,T-Intersection,2,Wet,1,Slow,1,No Defects,R82,RFPD,41.8905373,-87.8051605,41.8905449,-87.8051224,1128061.25,1903142.75
33226,25 05558,2505558,X003984832,2025-10-07,16:56:00,2025-10-07 16:56:00,2025-10-08 10:36:00,Lombard Ave/Harrison St,,LOMBARD AVE,HARRISON ST,1,1,0,0,Property Damage,No Injuries,Car,10,Turning (At Least One Vehicle),2,2,0,5,"Over $1,500",1,0,0,0,0,0,0,28,Failing To Reduce Speed To Avoid Crash,15,Driving Skills/Knowledge/Experience,2,Stop Sign,4,Functioning Properly,1,Clear,1,Daylight,14,Four-Way Intersection,1,Dry,1,Slow,1,No Defects,O80,O13,41.8727150,-87.7792740,41.8727150,-87.7793121,1135153.13,1896691.25
33228,25 05559,2505559,X003984824,2025-10-07,18:26:00,2025-10-07 18:26:00,2025-10-08 10:36:01,1133 Chicago Ave,1133,CHICAGO AVE,,0,0,0,0,Property Damage,No Injuries,Car,9,Parked Motor Vehicle,2,2,0,3,$500 or less,1,0,0,0,0,0,0,18,Unable To Determine,15,Driving Skills/Knowledge/Experience,1,No Controls,1,No Controls,1,Clear,1,Daylight,1,Not Divided,1,Dry,3,Free Flow,1,No Defects,O40,O9,41.8942032,-87.8045044,41.8941269,-87.8042221,1128233.38,1904479.38
33227,25 05564,2505564,X003984819,2025-10-07,21:29:00,2025-10-07 21:29:00,2025-10-08 10:36:01,Kenilworth Ave/Chicago Ave,,KENILWORTH AVE,CHICAGO AVE,0,0,0,0,Property Damage,No Injuries,Car,9,Parked Motor Vehicle,2,2,0,4,"$501 to $1,500",1,0,0,0,0,0,0,28,Failing To Reduce Speed To Avoid Crash,99,Not Applicable,1,No Controls,1,No Controls,1,Clear,5,"Darkness, Lighted Road",1,Not Divided,1,Dry,,,1,No Defects,O40,O9,41.8943520,-87.7977066,41.8943520,-87.7976761,1130082.00,1904544.63
33243,25 05570,2505570,X003987959,2025-10-08,08:55:00,2025-10-08 08:55:00,2025-10-10 07:45:50,S Maple Ave/Monroe,,S MAPLE AVE,MONROE,1,1,0,0,Property Damage,No Injuries,Car,7,Other Object,2,2,0,4,"$501 to $1,500",1,0,0,0,0,0,0,13,Road Construction/Maintenance,99,Not Applicable,2,Stop Sign,4,Functioning Properly,1,Clear,1,Daylight,15,T-Intersection,1,Dry,3,Free Flow,1,No Defects,O60,O15,41.8781815,-87.8037796,41.8781776,-87.8038177,1128465.25,1898641.75
33242,25 05573,2505573,X003987958,2025-10-08,09:44:00,2025-10-08 09:44:00,2025-10-10 07:45:50,110 N Kenilworth Ave,110,N KENILWORTH AVE,,0,0,0,1,Property Damage,No Injuries,Car,12,Sideswipe - Same Direction,2,2,0,3,$500 or less,1,0,0,0,0,0,0,18,Unable To Determine,18,Unable To Determine,1,No Controls,1,No Controls,8,Cloudy/Overcast,1,Daylight,1,Not Divided,1,Dry,3,Free Flow,1,No Defects,O40,O9,41.8875923,-87.7970962,41.8877296,-87.7969360,1130265.00,1902082.38
33239,25 05581,2505581,X003987955,2025-10-08,13:10:00,2025-10-08 13:10:00,2025-10-10 07:45:49,Madison St/S Cuyler Ave,,MADISON ST,S CUYLER AVE,0,0,0,0,Injury,C Injury Crash,Pedestrian,1,Pedestrian,2,1,0,5,"Over $1,500",0,1,0,0,0,1,1,22,Disregarding Yield Sign,28,Failing To Reduce Speed To Avoid Crash,17,Pedestrian Crossing Sign,4,Functioning Properly,1,Clear,1,Daylight,2,"Divided, No Median Barrier",1,Dry,3,Free Flow,1,No Defects,O80,O13,41.8799324,-87.7832260,41.8799591,-87.7832336,1134058.63,1899314.38
33236,25 05587,2505587,X003987952,2025-10-08,18:46:00,2025-10-08 18:46:00,2025-10-10 07:33:48,3 Erie Ct,3,ERIE CT,,1,0,0,0,Property Damage,No Injuries,Car,11,Front To Rear,2,2,0,5,"Over $1,500",1,0,0,0,0,0,0,28,Failing To Reduce Speed To Avoid Crash,18,Unable To Determine,3,Traffic Signal,4,Functioning Properly,1,Clear,4,Darkness,15,T-Intersection,1,Dry,1,Slow,1,No Defects,O30,O7,41.8918686,-87.7754211,41.8915978,-87.7763061,1136157.50,1903678.88
33237,25 05593,2505593,X003987953,2025-10-08,21:15:00,2025-10-08 21:15:00,2025-10-10 07:39:48,204 S Austin Blvd,204,S AUSTIN BLVD,,0,0,0,0,Property Damage,No Injuries,Car,11,Front To Rear,2,2,0,4,"$501 to $1,500",1,0,0,0,0,0,0,28,Failing To Reduce Speed To Avoid Crash,99,Not Applicable,1,No Controls,1,No Controls,1,Clear,5,"Darkness, Lighted Road",2,"Divided, No Median Barrier",1,Dry,1,Slow,1,No Defects,O80,O13,41.8773956,-87.7746048,41.8774681,-87.7748108,1136412.88,1898406.50
33232,25 05596,2505596,X003986174,2025-10-09,08:13:00,2025-10-09 08:13:00,2025-10-09 14:08:41,N Grove Ave/Augusta St,,N GROVE AVE,AUGUSTA ST,1,1,0,0,Injury,B Injury Crash,Car,10,Turning (At Least One Vehicle),2,2,0,5,"Over $1,500",0,1,0,0,1,0,1,04,Improper Overtaking/Passing,15,Driving Skills/Knowledge/Experience,1,No Controls,1,No Controls,1,Clear,1,Daylight,2,"Divided, No Median Barrier",1,Dry,3,Free Flow,1,No Defects,O20,O6,41.8980370,-87.7963104,41.8980408,-87.7962723,1130455.38,1905889.75
33240,25 05599,2505599,X003987956,2025-10-09,10:24:00,2025-10-09 10:24:00,2025-10-10 07:45:49,North Blvd/N Euclid Ave,,NORTH BLVD,N EUCLID AVE,0,0,0,1,Property Damage,No Injuries,Car,9,Parked Motor Vehicle,2,2,0,3,$500 or less,1,0,0,0,0,0,0,30,Improper Backing,28,Failing To Reduce Speed To Avoid Crash,2,Stop Sign,4,Functioning Properly,1,Clear,1,Daylight,10,One-Way,1,Dry,3,Free Flow,1,No Defects,O30,O8,41.8873024,-87.7926788,41.8873329,-87.7926788,1131467.38,1901984.25
33241,25 05613,2505613,X003987957,2025-10-09,17:53:00,2025-10-09 17:53:00,2025-10-10 07:45:50,Chicago Ave/N Harlem Ave,,CHICAGO AVE,N HARLEM AVE,1,1,0,0,Property Damage,No Injuries,Car,12,Sideswipe - Same Direction,2,2,0,4,"$501 to $1,500",1,0,0,0,0,0,0,20,Improper Lane Usage,99,Not Applicable,3,Traffic Signal,4,Functioning Properly,1,Clear,5,"Darkness, Lighted Road",1,Not Divided,1,Dry,3,Free Flow,1,No Defects,O40,O9,41.8942032,-87.8052445,41.8942337,-87.8052445,1128030.88,1904477.63
33246,25 05623,2505623,X003990503,2025-10-10,12:24:00,2025-10-10 12:24:00,2025-10-13 09:22:13,Jackson Blvd/Clarence Ave,,JACKSON BLVD,CLARENCE AVE,1,1,0,0,Property Damage,No Injuries,Car,15,Angle,2,2,0,5,"Over $1,500",0,1,0,0,0,0,0,02,Failing To Yield Right-Of-Way,28,Failing To Reduce Speed To Avoid Crash,2,Stop Sign,4,Functioning Properly,1,Clear,1,Daylight,2,"Divided, No Median Barrier",1,Dry,3,Free Flow,1,No Defects,O60,O14,41.8762054,-87.7904587,41.8761826,-87.7904663,1132097.50,1897944.38
33247,25 05627,2505627,X003990512,2025-10-10,13:43:00,2025-10-10 13:43:00,2025-10-13 09:22:14,100 Madison St,100,MADISON ST,,0,0,0,0,Property Damage,No Injuries,Pedalcyclist,2,Pedalcyclist,2,1,0,3,$500 or less,1,0,0,0,0,0,0,20,Improper Lane Usage,18,Unable To Determine,1,No Controls,1,No Controls,1,Clear,1,Daylight,4,Two-Way Continuous Left-Turn Lane,1,Dry,3,Free Flow,1,No Defects,O80,O13,41.8800011,-87.7789688,41.8802147,-87.7780914,1135219.75,1899347.38
33253,25 05630,2505630,X003990513,2025-10-10,16:33:00,2025-10-10 16:33:00,2025-10-13 09:34:31,S Ridgeland Ave/Randolph St,,S RIDGELAND AVE,RANDOLPH ST,1,1,0,0,Property Damage,No Injuries,Car,15,Angle,2,2,0,5,"Over $1,500",0,1,0,0,0,0,0,02,Failing To Yield Right-Of-Way,28,Failing To Reduce Speed To Avoid Crash,2,Stop Sign,4,Functioning Properly,1,Clear,1,Daylight,14,Four-Way Intersection,1,Dry,3,Free Flow,1,No Defects,O50,O10,41.8834534,-87.7845306,41.8834534,-87.7845612,1133696.75,1900596.25
33265,25 05631,2505631,X003992636,2025-10-10,16:47:00,2025-10-10 16:47:00,2025-10-15 09:18:39,12 Madison St,12,MADISON ST,,0,0,0,1,Injury,C Injury Crash,Car,11,Front To Rear,2,2,0,4,"$501 to $1,500",0,1,0,0,0,1,1,28,Failing To Reduce Speed To Avoid Crash,99,Not Applicable,1,No Controls,1,No Controls,1,Clear,1,Daylight,3,Divided With Median Barrier,1,Dry,2,Stopped,1,No Defects,O80,O13,41.8801041,-87.7752228,41.8802490,-87.7752609,1136237.63,1899391.88
33248,25 05641,2505641,X003990519,2025-10-11,09:22:00,2025-10-11 09:22:00,2025-10-13 09:34:28,Home Ave/Washington Blvd,,HOME AVE,WASHINGTON BLVD,1,1,0,0,Injury,B Injury Crash,Pedestrian,1,Pedestrian,2,1,0,5,"Over $1,500",0,1,0,0,1,0,1,28,Failing To Reduce Speed To Avoid Crash,02,Failing To Yield Right-Of-Way,3,Traffic Signal,4,Functioning Properly,1,Clear,1,Daylight,14,Four-Way Intersection,1,Dry,3,Free Flow,1,No Defects,O70,O12,41.8814888,-87.7999039,41.8814812,-87.7999344,1129514.50,1899853.50