record_id,report_number,crash_id,idot_crash_number,date,time,occurred_at,record_added_at,location,street_number,street_name,cross_street,at_intersection,intersection_related,private_property,hit_and_run,crash_severity,crash_injury_severity,crash_mode,crash_type_code,crash_type,total_units,num_motor_vehicles,dooring_pedalcyclist,damage_code,damage,no_injury_drive_away,injury_or_towed,fatalities,a_injuries,b_injuries,c_injuries,total_injured,cause1_code,cause1,cause2_code,cause2,traffic_control_code,traffic_control,device_condition_code,device_condition,weather_code,weather,lighting_code,lighting,trafficway_code,trafficway,road_surface_code,road_surface,flow_condition_code,flow_condition,road_defects_code,road_defects,beat_zone,post_district,latitude,longitude,latitude_geocoded,longitude_geocoded,state_plane_x,state_plane_y
33251,25 05643,2505643,X003990880,2025-10-11,12:55:00,2025-10-11 12:55:00,2025-10-13 09:34:30,South Blvd/Home Ave,,SOUTH BLVD,HOME AVE,1,1,0,0,Property Damage,No Injuries,Car,10,Turning (At Least One Vehicle),2,2,0,4,"$501 to $1,500",1,0,0,0,0,0,0,43,"Distraction - Othr Elec Dev (Nav,Dvd,Etc)",18,Unable To Determine,2,Stop Sign,4,Functioning Properly,8,Cloudy/Overcast,1,Daylight,14,Four-Way Intersection,1,Dry,3,Free Flow,1,No Defects,O70,O12,41.8867798,-87.8002167,41.8868103,-87.8002243,1129416.00,1901780.63
33249,25 05645,2505645,X003990878,2025-10-11,14:54:00,2025-10-11 14:54:00,2025-10-13 09:28:23,N Austin Blvd/Division St,,N AUSTIN BLVD,DIVISION ST,0,0,0,1,Property Damage,No Injuries,Car,12,Sideswipe - Same Direction,2,2,0,5,"Over $1,500",1,0,0,0,0,0,0,18,Unable To Determine,18,Unable To Determine,1,No Controls,1,No Controls,8,Cloudy/Overcast,1,Daylight,1,Not Divided,1,Dry,3,Free Flow,1,No Defects,,,41.9019966,-87.7753296,41.9020004,-87.7753677,1136156.75,1907368.88
33255,25 05650,2505650,X003990882,2025-10-11,18:20:00,2025-10-11 18:20:00,2025-10-13 09:34:31,N East Ave/Division St,,N EAST AVE,DIVISION ST,0,0,0,1,Property Damage,No Injuries,Car,9,Parked Motor Vehicle,2,2,0,3,$500 or less,1,0,0,0,0,0,0,30,Improper Backing,28,Failing To Reduce Speed To Avoid Crash,1,No Controls,1,No Controls,1,Clear,3,Dusk,1,Not Divided,1,Dry,,,1,No Defects,O20,O5,41.9017830,-87.7900391,41.9017868,-87.7899933,1132154.13,1907265.38
33254,25 05649,2505649,X003990881,2025-10-11,18:44:00,2025-10-11 18:44:00,2025-10-13 09:28:23,803 Lake St,803,LAKE ST,,0,0,0,0,Property Damage,No Injuries,Car,6,Fixed Object,1,1,0,3,$500 or less,1,0,0,0,0,0,0,04,Improper Overtaking/Passing,17,Physical Condition Of Driver,3,Traffic Signal,4,Functioning Properly,1,Clear,4,Darkness,1,Not Divided,1,Dry,3,Free Flow,1,No Defects,O40,O9,41.8886185,-87.7946091,41.8885574,-87.7949982,1130940.25,1902460.63
33252,25 05652,2505652,X003990560,2025-10-11,21:42:00,2025-10-11 21:42:00,2025-10-13 09:34:30,626 N Austin Blvd,626,N AUSTIN BLVD,,0,0,0,1,Injury,C Injury Crash,Car,13,Sideswipe - Opposite Direction,2,2,0,5,"Over $1,500",0,1,0,0,0,1,1,05,Driving On Wrong Side/Wrong Way,18,Unable To Determine,1,No Controls,1,No Controls,8,Cloudy/Overcast,5,"Darkness, Lighted Road",1,Not Divided,1,Dry,3,Free Flow,1,No Defects,,,41.8928337,-87.7750473,41.8928223,-87.7752762,1136256.25,1904030.88
33256,25 05655,2505655,X003990559,2025-10-12,09:41:00,2025-10-12 09:41:00,2025-10-13 09:34:32,S Oak Park Ave/Garfield St,,S OAK PARK AVE,GARFIELD ST,1,1,0,0,Property Damage,No Injuries,Car,15,Angle,2,2,0,5,"Over $1,500",1,0,0,0,0,0,0,25,Disregarding Traffic Signals,15,Driving Skills/Knowledge/Experience,3,Traffic Signal,4,Functioning Properly,1,Clear,1,Daylight,14,Four-Way Intersection,1,Dry,3,Free Flow,1,No Defects,O90,O17,41.8720245,-87.7939529,41.8720245,-87.7939911,1131156.25,1896415.88
33266,25 05690,2505690,X003992599,2025-10-12,09:46:00,2025-10-12 09:46:00,2025-10-15 09:18:40,Chicago Ave/N Kenilworth Ave,,CHICAGO AVE,N KENILWORTH AVE,1,1,0,0,Injury,B Injury Crash,Car,11,Front To Rear,2,2,0,5,"Over $1,500",0,1,0,0,1,0,1,03,Following Too Closely,28,Failing To Reduce Speed To Avoid Crash,3,Traffic Signal,4,Functioning Properly,1,Clear,1,Daylight,15,T-Intersection,1,Dry,2,Stopped,1,No Defects,O40,O9,41.8943253,-87.7976685,41.8943520,-87.7976761,1130093.38,1904535.50
33250,25 05656,2505656,X003990879,2025-10-12,10:24:00,2025-10-12 10:24:00,2025-10-13 09:34:29,1411 N Harlem Ave,1411,N HARLEM AVE,,0,0,0,0,Property Damage,No Injuries,Car,9,Parked Motor Vehicle,2,2,0,4,"$501 to $1,500",1,0,0,0,0,0,0,15,Driving Skills/Knowledge/Experience,04,Improper Overtaking/Passing,1,No Controls,1,No Controls,1,Clear,1,Daylight,1,Not Divided,1,Dry,3,Free Flow,1,No Defects,R81,RFPD,41.9055786,-87.8057022,41.9057007,-87.8051910,1127881.50,1908621.38
33257,25 05661,2505661,X003990883,2025-10-12,14:45:00,2025-10-12 14:45:00,2025-10-13 09:34:32,200 N Austin,200,N AUSTIN,,0,0,0,1,Property Damage,No Injuries,Car,6,Fixed Object,2,1,0,4,"$501 to $1,500",1,0,0,0,0,0,0,18,Unable To Determine,99,Not Applicable,1,No Controls,1,No Controls,1,Clear,1,Daylight,1,Not Divided,1,Dry,3,Free Flow,1,No Defects,,,41.8855820,-87.7748108,41.8842621,-87.7752533,1136337.25,1901388.63
33258,25 05666,2505666,X003990557,2025-10-13,00:26:00,2025-10-13 00:26:00,2025-10-13 09:28:24,1115 Lake St,1115,LAKE ST,,0,0,0,0,Property Damage,No Injuries,Car,9,Parked Motor Vehicle,2,2,0,4,"$501 to $1,500",1,0,0,0,0,0,0,30,Improper Backing,15,Driving Skills/Knowledge/Experience,1,No Controls,1,No Controls,1,Clear,5,"Darkness, Lighted Road",1,Not Divided,1,Dry,3,Free Flow,99,Unknown,O40,O9,41.8885994,-87.8033142,41.8885117,-87.8032150,1128568.75,1902439.13
33259,25 05669,2505669,X003990551,2025-10-13,08:49:00,2025-10-13 08:49:00,2025-10-13 10:38:16,S Elmwood Ave/Madison St,,S ELMWOOD AVE,MADISON ST,0,0,0,0,Property Damage,No Injuries,Car,18,Rear To Front,2,2,0,4,"$501 to $1,500",1,0,0,0,0,0,0,30,Improper Backing,28,Failing To Reduce Speed To Avoid Crash,1,No Controls,1,No Controls,1,Clear,1,Daylight,1,Not Divided,1,Dry,3,Free Flow,1,No Defects,O60,O11,41.8799095,-87.7857284,41.8799057,-87.7856903,1133378.25,1899302.13
33263,25 05674,2505674,X003991333,2025-10-13,15:14:00,2025-10-13 15:14:00,2025-10-14 10:09:51,North Ave/N Ridgeland Ave,,NORTH AVE,N RIDGELAND AVE,1,0,0,0,Property Damage,No Injuries,Car,11,Front To Rear,2,2,0,5,"Over $1,500",1,0,0,0,0,0,0,17,Physical Condition Of Driver,28,Failing To Reduce Speed To Avoid Crash,3,Traffic Signal,4,Functioning Properly,1,Clear,1,Daylight,1,Not Divided,1,Dry,2,Stopped,1,No Defects,O10,O1,41.9091339,-87.7833710,41.9091644,-87.7833710,1133952.25,1909956.38
33262,25 05678,2505678,X003991335,2025-10-13,18:19:00,2025-10-13 18:19:00,2025-10-14 10:09:50,130 S Ridgeland Ave,130,S RIDGELAND AVE,,0,0,0,0,Property Damage,No Injuries,Car,11,Front To Rear,2,2,0,5,"Over $1,500",1,0,0,0,0,0,0,28,Failing To Reduce Speed To Avoid Crash,99,Not Applicable,1,No Controls,1,No Controls,1,Clear,5,"Darkness, Lighted Road",1,Not Divided,1,Dry,3,Free Flow,1,No Defects,O60,O11,41.8858452,-87.7846680,41.8856773,-87.7844009,1133653.13,1901466.63
33414,25 05712,2505712,X004015868,2025-10-14,10:18:00,2025-10-14 10:18:00,2025-11-04 09:09:46,North Ave/Rossell Ave,,NORTH AVE,ROSSELL AVE,0,0,0,1,Property Damage,No Injuries,Car,11,Front To Rear,2,2,0,4,"$501 to $1,500",1,0,0,0,0,0,0,03,Following Too Closely,28,Failing To Reduce Speed To Avoid Crash,3,Traffic Signal,4,Functioning Properly,1,Clear,5,"Darkness, Lighted Road",4,Two-Way Continuous Left-Turn Lane,1,Dry,2,Stopped,1,No Defects,O20,O2,41.9091034,-87.7860489,41.9091301,-87.7860565,1133222.13,1909939.63
33270,25 05696,2505696,X003992589,2025-10-14,16:22:00,2025-10-14 16:22:00,2025-10-15 11:14:17,Iowa St/N Oak Park Ave,,IOWA ST,N OAK PARK AVE,1,1,0,0,Property Damage,No Injuries,Car,10,Turning (At Least One Vehicle),2,2,0,5,"Over $1,500",1,0,0,0,0,0,0,06,Improper Turning/No Signal,02,Failing To Yield Right-Of-Way,1,No Controls,1,No Controls,1,Clear,1,Daylight,2,"Divided, No Median Barrier",1,Dry,3,Free Flow,1,No Defects,O20,O5,41.8962097,-87.7947159,41.8962402,-87.7947235,1130892.50,1905226.88
33267,25 05701,2505701,X003992571,2025-10-14,18:36:00,2025-10-14 18:36:00,2025-10-15 09:18:41,S Harlem Ave/I290 W,,S HARLEM AVE,I290 W,1,0,0,1,Property Damage,No Injuries,Car,11,Front To Rear,2,2,0,5,"Over $1,500",1,0,0,0,0,0,0,28,Failing To Reduce Speed To Avoid Crash,99,Not Applicable,3,Traffic Signal,4,Functioning Properly,1,Clear,5,"Darkness, Lighted Road",1,Not Divided,1,Dry,3,Free Flow,1,No Defects,O60,O15,41.8737946,-87.8044968,41.8738136,-87.8045197,1128281.50,1897042.00
33271,25 05708,2505708,X003993469,2025-10-15,08:10:00,2025-10-15 08:10:00,2025-10-15 14:59:22,Roosevelt Rd/S Grove Ave,,ROOSEVELT RD,S GROVE AVE,0,0,0,0,Property Damage,No Injuries,Car,11,Front To Rear,2,2,0,3,$500 or less,1,0,0,0,0,0,0,03,Following Too Closely,28,Failing To Reduce Speed To Avoid Crash,1,No Controls,1,No Controls,2,Rain,1,Daylight,1,Not Divided,2,Wet,2,Stopped,1,No Defects,O90,O18,41.8651695,-87.7950668,41.8651390,-87.7950668,1130868.88,1893914.13
33273,25 05709,2505709,X003993472,2025-10-15,08:18:00,2025-10-15 08:18:00,2025-10-15 14:59:23,Madison St/S Scoville Ave,,MADISON ST,S SCOVILLE AVE,0,1,0,0,Property Damage,No Injuries,Pedalcyclist,2,Pedalcyclist,2,1,0,3,$500 or less,1,0,0,0,0,0,0,02,Failing To Yield Right-Of-Way,15,Driving Skills/Knowledge/Experience,17,Pedestrian Crossing Sign,4,Functioning Properly,2,Rain,1,Daylight,3,Divided With Median Barrier,2,Wet,3,Free Flow,1,No Defects,O60,O14,41.8798523,-87.7877274,41.8798714,-87.7881393,1132834.25,1899277.13
33272,25 05710,2505710,X003992989,2025-10-15,08:33:00,2025-10-15 08:33:00,2025-10-15 15:05:18,N Austin Blvd/Chicago Ave,,N AUSTIN BLVD,CHICAGO AVE,0,0,0,1,Property Damage,No Injuries,Car,12,Sideswipe - Same Direction,2,2,0,4,"$501 to $1,500",1,0,0,0,0,0,0,18,Unable To Determine,18,Unable To Determine,1,No Controls,1,No Controls,2,Rain,1,Daylight,1,Not Divided,2,Wet,3,Free Flow,1,No Defects,,,41.8947105,-87.7751083,41.8947105,-87.7751389,1136235.63,1904714.63
33274,25 05711,2505711,X003993474,2025-10-15,08:59:00,2025-10-15 08:59:00,2025-10-15 14:59:23,S Ridgeland Ave/Madison St,,S RIDGELAND AVE,MADISON ST,1,1,0,1,Property Damage,No Injuries,Car,10,Turning (At Least One Vehicle),3,3,0,5,"Over $1,500",1,0,0,0,0,0,0,06,Improper Turning/No Signal,99,Not Applicable,3,Traffic Signal,4,Functioning Properly,2,Rain,1,Daylight,14,Four-Way Intersection,2,Wet,3,Free Flow,1,No Defects,O80,O13,41.8799324,-87.7844238,41.8799324,-87.7844620,1133732.63,1899313.88
33277,25 05725,2505725,X003994749,2025-10-15,18:43:00,2025-10-15 18:43:00,2025-10-16 09:34:06,N Ridgeland Ave/Augusta St,,N RIDGELAND AVE,AUGUSTA ST,1,1,0,0,Property Damage,No Injuries,Car,12,Sideswipe - Same Direction,2,2,0,5,"Over $1,500",0,1,0,0,0,0,0,20,Improper Lane Usage,02,Failing To Yield Right-Of-Way,3,Traffic Signal,4,Functioning Properly,1,Clear,1,Daylight,14,Four-Way Intersection,1,Dry,3,Free Flow,1,No Defects,O20,O5,41.8982162,-87.7850418,41.8982239,-87.7850037,1133522.63,1905974.50
33281,25 05739,2505739,X003994829,2025-10-16,12:51:00,2025-10-16 12:51:00,2025-10-17 07:44:32,Washington Blvd/S East Ave,,WASHINGTON BLVD,S EAST AVE,0,0,0,0,Injury,B Injury Crash,Car,10,Turning (At Least One Vehicle),2,2,0,4,"$501 to $1,500",0,1,0,0,1,0,1,02,Failing To Yield Right-Of-Way,14,"Vision Obscured (Signs, Tree Limbs, Buildings",1,No Controls,1,No Controls,1,Clear,1,Daylight,8,Other,1,Dry,3,Free Flow,1,No Defects,O60,O11,41.8816071,-87.7894058,41.8816338,-87.7894134,1132371.63,1899914.88
33279,25 05743,2505743,X003995789,2025-10-16,14:28:00,2025-10-16 14:28:00,2025-10-17 07:38:41,Lake St/N Kenilworth Ave,,LAKE ST,N KENILWORTH AVE,1,1,0,0,Property Damage,No Injuries,Pedalcyclist,2,Pedalcyclist,2,1,0,5,"Over $1,500",1,0,0,0,0,0,0,28,Failing To Reduce Speed To Avoid Crash,18,Unable To Determine,3,Traffic Signal,4,Functioning Properly,1,Clear,1,Daylight,16,Y-Intersection,1,Dry,3,Free Flow,1,No Defects,O40,O9,41.8886719,-87.7971573,41.8886986,-87.7975082,1130245.50,1902475.38
33280,25 05747,2505747,X003994830,2025-10-16,16:36:00,2025-10-16 16:36:00,2025-10-17 07:38:41,S Oak Park Ave/Roosevelt Rd,,S OAK PARK AVE,ROOSEVELT RD,1,1,0,0,Property Damage,No Injuries,Car,12,Sideswipe - Same Direction,2,2,0,4,"$501 to $1,500",1,0,0,0,0,0,0,04,Improper Overtaking/Passing,99,Not Applicable,3,Traffic Signal,4,Functioning Properly,1,Clear,1,Daylight,14,Four-Way Intersection,1,Dry,1,Slow,1,No Defects,O90,O17,41.8651657,-87.7937164,41.8651657,-87.7937546,1131236.00,1893916.13
33298,25 05746,2505746,X003998084,2025-10-16,17:13:00,2025-10-16 17:13:00,2025-10-20 10:54:59,Chicago Ave/N Grove Ave,,CHICAGO AVE,N GROVE AVE,1,1,0,0,Property Damage,No Injuries,Car,11,Front To Rear,2,2,0,5,"Over $1,500",1,0,0,0,0,0,0,99,Not Applicable,99,Not Applicable,1,No Controls,1,No Controls,1,Clear,1,Daylight,1,Not Divided,1,Dry,3,Free Flow,1,No Defects,O20,O6,41.8944092,-87.7961731,41.8943787,-87.7961731,1130500.50,1904567.88
33278,25 05748,2505748,X003994832,2025-10-17,02:58:00,2025-10-17 02:58:00,2025-10-17 07:38:40,S Austin Blvd/I290 Expy W,,S AUSTIN BLVD,I290 EXPY W,1,1,0,1,Property Damage,No Injuries,Car,10,Turning (At Least One Vehicle),2,2,0,5,"Over $1,500",0,1,0,0,0,0,0,15,Driving Skills/Knowledge/Experience,18,Unable To Determine,3,Traffic Signal,4,Functioning Properly,1,Clear,5,"Darkness, Lighted Road",4,Two-Way Continuous Left-Turn Lane,1,Dry,3,Free Flow,1,No Defects,O80,O13,41.8712502,-87.7743759,41.8712502,-87.7743378,1136490.13,1896166.00
33285,25 05771,2505771,X003996606,2025-10-17,07:12:00,2025-10-17 07:12:00,2025-10-18 08:58:27,S East Ave/Lexington St,,S EAST AVE,LEXINGTON ST,0,0,0,1,Property Damage,No Injuries,Car,9,Parked Motor Vehicle,2,2,0,3,$500 or less,1,0,0,0,0,0,0,02,Failing To Yield Right-Of-Way,28,Failing To Reduce Speed To Avoid Crash,1,No Controls,1,No Controls,9,Unknown,1,Daylight,2,"Divided, No Median Barrier",9,Unknown,3,Free Flow,99,Unknown,O90,O17,41.8707275,-87.7890167,41.8707275,-87.7890472,1132503.25,1895950.25
33282,25 05749,2505749,X003995790,2025-10-17,07:45:00,2025-10-17 07:45:00,2025-10-17 10:49:05,Madison St/S Lombard Ave,,MADISON ST,S LOMBARD AVE,0,0,0,0,Property Damage,No Injuries,Car,12,Sideswipe - Same Direction,2,2,0,5,"Over $1,500",1,0,0,0,0,0,0,20,Improper Lane Usage,18,Unable To Determine,1,No Controls,1,No Controls,1,Clear,1,Daylight,1,Not Divided,1,Dry,3,Free Flow,1,No Defects,O80,O13,41.8799973,-87.7795563,41.8800240,-87.7795563,1135058.63,1899344.50
33291,25 05763,2505763,X003998088,2025-10-17,09:30:00,2025-10-17 09:30:00,2025-10-20 10:43:00,North Ave/Elmwood,,NORTH AVE,ELMWOOD,0,0,0,0,Property Damage,No Injuries,Car,10,Turning (At Least One Vehicle),2,2,0,4,"$501 to $1,500",1,0,0,0,0,0,0,15,Driving Skills/Knowledge/Experience,02,Failing To Yield Right-Of-Way,1,No Controls,1,No Controls,9,Unknown,1,Daylight,2,"Divided, No Median Barrier",1,Dry,3,Free Flow,1,No Defects,O20,O2,41.9090843,-87.7873535,41.9091110,-87.7873535,1132868.88,1909931.63
33297,25 05762,2505762,X003998086,2025-10-17,16:09:00,2025-10-17 16:09:00,2025-10-20 10:54:59,Roosevelt Rd/Wesley,,ROOSEVELT RD,WESLEY,1,1,0,1,Injury,C Injury Crash,Car,11,Front To Rear,2,2,0,5,"Over $1,500",0,1,0,0,0,1,1,03,Following Too Closely,28,Failing To Reduce Speed To Avoid Crash,1,No Controls,1,No Controls,1,Clear,1,Daylight,2,"Divided, No Median Barrier",1,Dry,1,Slow,1,No Defects,O90,O17,41.8652344,-87.7913208,41.8652115,-87.7913208,1131889.13,1893944.50
33301,25 05764,2505764,X003998090,2025-10-17,17:20:00,2025-10-17 17:20:00,2025-10-20 11:00:56,483 N Harlem Ave,483,N HARLEM AVE,,0,0,0,0,Property Damage,No Injuries,Car,11,Front To Rear,2,2,0,4,"$501 to $1,500",1,0,0,0,0,0,0,02,Failing To Yield Right-Of-Way,99,Not Applicable,1,No Controls,1,No Controls,1,Clear,5,"Darkness, Lighted Road",7,Parking Lot,1,Dry,3,Free Flow,1,No Defects,R82,RFPD,41.8902626,-87.8051529,41.8902741,-87.8046799,1128064.13,1903041.38
33293,25 05770,2505770,X003998092,2025-10-18,01:31:00,2025-10-18 01:31:00,2025-10-20 10:43:01,Roosevelt Rd/Highland Ave,,ROOSEVELT RD,HIGHLAND AVE,0,0,0,0,Property Damage,No Injuries,Car,11,Front To Rear,2,2,0,5,"Over $1,500",1,0,0,0,0,0,0,28,Failing To Reduce Speed To Avoid Crash,18,Unable To Determine,1,No Controls,1,No Controls,1,Clear,5,"Darkness, Lighted Road",2,"Divided, No Median Barrier",1,Dry,3,Free Flow,1,No Defects,O90,O16,41.8653984,-87.7815018,41.8653717,-87.7815094,1134562.00,1894021.25
33288,25 05778,2505778,X003998094,2025-10-18,14:32:00,2025-10-18 14:32:00,2025-10-20 10:25:27,Maple Ave/Washington Blvd,,MAPLE AVE,WASHINGTON BLVD,0,0,0,0,Property Damage,No Injuries,Car,9,Parked Motor Vehicle,3,3,0,5,"Over $1,500",1,0,0,0,0,0,0,17,Physical Condition Of Driver,28,Failing To Reduce Speed To Avoid Crash,1,No Controls,1,No Controls,1,Clear,1,Daylight,1,Not Divided,1,Dry,3,Free Flow,1,No Defects,O70,O12,41.8814201,-87.8038940,41.8814201,-87.8039246,1128428.25,1899821.25
33299,25 05780,2505780,X003998913,2025-10-18,18:18:00,2025-10-18 18:18:00,2025-10-20 11:00:55,Garfield St/S Harlem Ave,,GARFIELD ST,S HARLEM AVE,1,1,0,0,Property Damage,No Injuries,Car,10,Turning (At Least One Vehicle),2,2,0,5,"Over $1,500",1,0,0,0,0,0,0,02,Failing To Yield Right-Of-Way,99,Not Applicable,3,Traffic Signal,4,Functioning Properly,8,Cloudy/Overcast,5,"Darkness, Lighted Road",1,Not Divided,1,Dry,3,Free Flow,1,No Defects,O90,O18,41.8722877,-87.8044739,41.8723183,-87.8044663,1128289.00,1896492.88
33296,25 05781,2505781,X003998912,2025-10-18,20:32:00,2025-10-18 20:32:00,2025-10-20 10:54:58,Division St/N Ridgeland Ave,,DIVISION ST,N RIDGELAND AVE,1,1,0,1,Property Damage,No Injuries,Car,11,Front To Rear,2,2,0,5,"Over $1,500",1,0,0,0,0,0,0,28,Failing To Reduce Speed To Avoid Crash,18,Unable To Determine,1,No Controls,1,No Controls,2,Rain,5,"Darkness, Lighted Road",1,Not Divided,2,Wet,3,Free Flow,1,No Defects,O10,O4,41.9018593,-87.7841949,41.9018860,-87.7848740,1133744.00,1907303.25
33306,25 05799,2505799,X004000326,2025-10-19,05:11:00,2025-10-19 05:11:00,2025-10-21 11:30:44,Washington Blvd/Ridgeland Ave,,WASHINGTON BLVD,RIDGELAND AVE,1,1,0,1,Property Damage,No Injuries,Pedalcyclist,2,Pedalcyclist,2,1,0,3,$500 or less,1,0,0,0,0,0,0,02,Failing To Yield Right-Of-Way,28,Failing To Reduce Speed To Avoid Crash,3,Traffic Signal,4,Functioning Properly,1,Clear,1,Daylight,2,"Divided, No Median Barrier",1,Dry,3,Free Flow,1,No Defects,O50,O10,41.8816948,-87.7845154,41.8817253,-87.7845154,1133704.88,1899954.38
33321,25 05785,2505785,X004002087,2025-10-19,14:45:00,2025-10-19 14:45:00,2025-10-23 09:27:20,S Austin Blvd/Fillmore St,,S AUSTIN BLVD,FILLMORE ST,0,0,0,1,Property Damage,No Injuries,Car,11,Front To Rear,2,2,0,5,"Over $1,500",1,0,0,0,0,0,0,03,Following Too Closely,15,Driving Skills/Knowledge/Experience,1,No Controls,1,No Controls,8,Cloudy/Overcast,1,Daylight,15,T-Intersection,2,Wet,1,Slow,1,No Defects,O90,O16,41.8654671,-87.7741699,41.8673019,-87.7742996,1136559.00,1894060.13
33300,25 05787,2505787,X003998914,2025-10-19,15:00:00,2025-10-19 15:00:00,2025-10-20 11:00:55,Harvard St/S Euclid Ave,,HARVARD ST,S EUCLID AVE,1,1,0,0,Property Damage,No Injuries,Car,15,Angle,2,2,0,4,"$501 to $1,500",1,0,0,0,0,0,0,02,Failing To Yield Right-Of-Way,23,Disregarding Stop Sign,2,Stop Sign,4,Functioning Properly,1,Clear,1,Daylight,14,Four-Way Intersection,1,Dry,3,Free Flow,1,No Defects,O90,O17,41.8688049,-87.7926636,41.8688354,-87.7926712,1131514.38,1895243.88
33302,25 05791,2505791,X003998915,2025-10-19,16:43:00,2025-10-19 16:43:00,2025-10-20 11:06:46,Home Ave/Madison St,,HOME AVE,MADISON ST,0,0,0,0,Property Damage,No Injuries,Car,9,Parked Motor Vehicle,2,2,0,3,$500 or less,1,0,0,0,0,0,0,28,Failing To Reduce Speed To Avoid Crash,15,Driving Skills/Knowledge/Experience,1,No Controls,1,No Controls,1,Clear,1,Daylight,1,Not Divided,1,Dry,3,Free Flow,1,No Defects,O70,O12,41.8796806,-87.7998352,41.8796806,-87.7998657,1129537.13,1899194.63
33290,25 05792,2505792,X003998908,2025-10-19,16:52:00,2025-10-19 16:52:00,2025-10-20 10:42:59,600 Madison St,600,MADISON ST,,0,0,0,0,Injury,B Injury Crash,Car,11,Front To Rear,2,2,0,4,"$501 to $1,500",0,1,0,0,1,0,1,03,Following Too Closely,15,Driving Skills/Knowledge/Experience,1,No Controls,1,No Controls,1,Clear,1,Daylight,2,"Divided, No Median Barrier",1,Dry,1,Slow,1,No Defects,O60,O14,41.8798103,-87.7898865,41.8800049,-87.7897415,1132245.88,1899259.50
33289,25 05797,2505797,X003998907,2025-10-19,21:32:00,2025-10-19 21:32:00,2025-10-20 10:31:17,S. Ridgeland Ave/Madison St,,S. RIDGELAND AVE,MADISON ST,1,1,0,0,Property Damage,No Injuries,Car,11,Front To Rear,2,2,0,4,"$501 to $1,500",1,0,0,0,0,0,0,06,Improper Turning/No Signal,18,Unable To Determine,3,Traffic Signal,4,Functioning Properly,1,Clear,5,"Darkness, Lighted Road",1,Not Divided,1,Dry,3,Free Flow,1,No Defects,O80,O13,41.8799324,-87.7844238,41.8799324,-87.7844620,1133732.63,1899313.88
33307,25 05813,2505813,X003999672,2025-10-20,15:38:00,2025-10-20 15:38:00,2025-10-21 11:36:29,Grove Ave/Adams,,GROVE AVE,ADAMS,0,0,0,0,Property Damage,No Injuries,Car,9,Parked Motor Vehicle,2,2,0,5,"Over $1,500",1,0,0,0,0,0,0,20,Improper Lane Usage,99,Not Applicable,2,Stop Sign,4,Functioning Properly,1,Clear,1,Daylight,1,Not Divided,1,Dry,3,Free Flow,1,No Defects,O60,O15,41.8779259,-87.7953567,41.8779182,-87.7953949,1130760.63,1898562.25
33315,25 05821,2505821,X004000801,2025-10-21,08:39:00,2025-10-21 08:39:00,2025-10-22 09:19:20,Home Ave/Washington Blvd,,HOME AVE,WASHINGTON BLVD,1,1,0,0,Property Damage,No Injuries,Car,12,Sideswipe - Same Direction,2,2,0,3,$500 or less,1,0,0,0,0,0,0,28,Failing To Reduce Speed To Avoid Crash,18,Unable To Determine,3,Traffic Signal,4,Functioning Properly,1,Clear,1,Daylight,2,"Divided, No Median Barrier",1,Dry,1,Slow,1,No Defects,O70,O12,41.8814888,-87.7999039,41.8814812,-87.7999344,1129514.50,1899853.50
33314,25 05825,2505825,X004001539,2025-10-21,10:02:00,2025-10-21 10:02:00,2025-10-22 09:19:20,Division St/Forest Ave,,DIVISION ST,FOREST AVE,1,1,0,0,Injury,C Injury Crash,Car,10,Turning (At Least One Vehicle),2,2,0,5,"Over $1,500",0,1,0,0,0,1,1,04,Improper Overtaking/Passing,28,Failing To Reduce Speed To Avoid Crash,2,Stop Sign,4,Functioning Properly,1,Clear,1,Daylight,1,Not Divided,1,Dry,3,Free Flow,1,No Defects,O20,O6,41.9015732,-87.8009491,41.9016075,-87.8009491,1129184.50,1907170.50
33316,25 05833,2505833,X004001540,2025-10-21,15:33:00,2025-10-21 15:33:00,2025-10-22 09:19:21,Forest Ave/Lake St,,FOREST AVE,LAKE ST,0,0,0,0,Property Damage,No Injuries,Car,6,Fixed Object,3,2,0,5,"Over $1,500",0,1,0,0,0,0,0,17,Physical Condition Of Driver,28,Failing To Reduce Speed To Avoid Crash,13,Other,4,Functioning Properly,2,Rain,3,Dusk,7,Parking Lot,1,Dry,1,Slow,1,No Defects,O40,O9,41.8886566,-87.8008347,41.8886642,-87.8007965,1129244.88,1902464.50
33309,25 05835,2505835,X004000328,2025-10-21,18:07:00,2025-10-21 18:07:00,2025-10-21 23:25:55,224 S Ridgeland Ave,224,S RIDGELAND AVE,,0,0,0,0,Property Damage,No Injuries,Car,11,Front To Rear,2,2,0,4,"$501 to $1,500",1,0,0,0,0,0,0,28,Failing To Reduce Speed To Avoid Crash,41,Distraction - From Inside Vehicle,1,No Controls,1,No Controls,2,Rain,9,Unknown,1,Not Divided,2,Wet,2,Stopped,1,No Defects,O60,O11,41.8843651,-87.7846298,41.8843079,-87.7843628,1133667.63,1900927.50