record_id,report_number,crash_id,idot_crash_number,date,time,occurred_at,record_added_at,location,street_number,street_name,cross_street,at_intersection,intersection_related,private_property,hit_and_run,crash_severity,crash_injury_severity,crash_mode,crash_type_code,crash_type,total_units,num_motor_vehicles,dooring_pedalcyclist,damage_code,damage,no_injury_drive_away,injury_or_towed,fatalities,a_injuries,b_injuries,c_injuries,total_injured,cause1_code,cause1,cause2_code,cause2,traffic_control_code,traffic_control,device_condition_code,device_condition,weather_code,weather,lighting_code,lighting,trafficway_code,trafficway,road_surface_code,road_surface,flow_condition_code,flow_condition,road_defects_code,road_defects,beat_zone,post_district,latitude,longitude,latitude_geocoded,longitude_geocoded,state_plane_x,state_plane_y
33317,25 05838,2505838,X004001542,2025-10-21,19:17:00,2025-10-21 19:17:00,2025-10-22 09:19:22,811 Madison St,811,MADISON ST,,0,0,0,0,Property Damage,No Injuries,Car,11,Front To Rear,2,2,0,5,"Over $1,500",1,0,0,0,0,0,0,28,Failing To Reduce Speed To Avoid Crash,11,Weather,1,No Controls,1,No Controls,2,Rain,5,"Darkness, Lighted Road",1,Not Divided,2,Wet,1,Slow,1,No Defects,O60,O15,41.8797340,-87.7949524,41.8796463,-87.7948380,1130866.00,1899222.25
33310,25 05839,2505839,X004000329,2025-10-21,19:29:00,2025-10-21 19:29:00,2025-10-21 23:25:55,622 Madison St,622,MADISON ST,,0,0,0,1,Property Damage,No Injuries,Car,9,Parked Motor Vehicle,2,2,0,4,"$501 to $1,500",1,0,0,0,0,0,0,28,Failing To Reduce Speed To Avoid Crash,18,Unable To Determine,1,No Controls,1,No Controls,2,Rain,5,"Darkness, Lighted Road",7,Parking Lot,2,Wet,3,Free Flow,1,No Defects,O60,O11,41.8798523,-87.7905884,41.8801765,-87.7906189,1132054.75,1899273.63
33311,25 05844,2505844,X004001533,2025-10-22,07:04:00,2025-10-22 07:04:00,2025-10-22 09:13:26,N Harlem Ave/Madison St,,N HARLEM AVE,MADISON ST,1,1,0,0,Property Damage,No Injuries,Car,10,Turning (At Least One Vehicle),2,2,0,5,"Over $1,500",1,0,0,0,0,0,0,06,Improper Turning/No Signal,28,Failing To Reduce Speed To Avoid Crash,3,Traffic Signal,4,Functioning Properly,8,Cloudy/Overcast,1,Daylight,2,"Divided, No Median Barrier",1,Dry,3,Free Flow,1,No Defects,O70,O12,41.8796730,-87.8047714,41.8796654,-87.8047333,1128192.88,1899183.13
33320,25 05855,2505855,X004002051,2025-10-22,12:00:00,2025-10-22 12:00:00,2025-10-23 09:27:19,837 Wesley Ave,837,WESLEY AVE,,0,0,0,1,Property Damage,No Injuries,Car,9,Parked Motor Vehicle,2,2,0,4,"$501 to $1,500",1,0,0,0,0,0,0,20,Improper Lane Usage,28,Failing To Reduce Speed To Avoid Crash,1,No Controls,1,No Controls,1,Clear,1,Daylight,1,Not Divided,1,Dry,3,Free Flow,1,No Defects,O60,O14,41.8729363,-87.7915421,41.8729668,-87.7917404,1131811.25,1896751.75
33323,25 05867,2505867,X004002873,2025-10-23,08:18:00,2025-10-23 08:18:00,2025-10-24 07:22:04,N Lombard Ave/Superior St,,N LOMBARD AVE,SUPERIOR ST,1,1,0,0,Property Damage,No Injuries,Car,15,Angle,2,2,0,4,"$501 to $1,500",1,0,0,0,0,0,0,02,Failing To Yield Right-Of-Way,28,Failing To Reduce Speed To Avoid Crash,2,Stop Sign,4,Functioning Properly,1,Clear,1,Daylight,14,Four-Way Intersection,1,Dry,1,Slow,1,No Defects,O30,O7,41.8931618,-87.7799988,41.8931656,-87.7799606,1134906.88,1904141.63
33324,25 05868,2505868,X004002875,2025-10-23,11:22:00,2025-10-23 11:22:00,2025-10-24 07:22:04,12 Washington Blvd,12,WASHINGTON BLVD,,0,0,0,0,Property Damage,No Injuries,Car,12,Sideswipe - Same Direction,2,2,0,4,"$501 to $1,500",1,0,0,0,0,0,0,02,Failing To Yield Right-Of-Way,20,Improper Lane Usage,1,No Controls,1,No Controls,1,Clear,1,Daylight,2,"Divided, No Median Barrier",1,Dry,3,Free Flow,1,No Defects,O50,O10,41.8821297,-87.7752533,41.8822479,-87.7752686,1136224.13,1900129.38
33325,25 05874,2505874,X004002879,2025-10-23,15:19:00,2025-10-23 15:19:00,2025-10-24 07:22:05,Ontario St/N Harlem Ave,,ONTARIO ST,N HARLEM AVE,0,0,0,0,Property Damage,No Injuries,Car,11,Front To Rear,2,2,0,3,$500 or less,1,0,0,0,0,0,0,03,Following Too Closely,28,Failing To Reduce Speed To Avoid Crash,3,Traffic Signal,4,Functioning Properly,1,Clear,1,Daylight,2,"Divided, No Median Barrier",1,Dry,1,Slow,1,No Defects,O40,O9,41.8905182,-87.8051224,41.8905449,-87.8051224,1128072.00,1903134.50
33361,25 05877,2505877,X004007739,2025-10-23,16:40:00,2025-10-23 16:40:00,2025-10-28 09:06:09,Randolph St/S Elmwood Ave,,RANDOLPH ST,S ELMWOOD AVE,1,1,0,0,Property Damage,No Injuries,Car,15,Angle,2,2,0,5,"Over $1,500",1,0,0,0,0,0,0,02,Failing To Yield Right-Of-Way,18,Unable To Determine,2,Stop Sign,4,Functioning Properly,1,Clear,1,Daylight,14,Four-Way Intersection,1,Dry,3,Free Flow,1,No Defects,O60,O11,41.8833809,-87.7861939,41.8834076,-87.7861939,1133243.75,1900566.75
33327,25 05884,2505884,X004006662,2025-10-24,00:05:00,2025-10-24 00:05:00,2025-10-24 07:22:06,Home Ave/Lexington,,HOME AVE,LEXINGTON,0,0,0,0,Property Damage,No Injuries,Car,9,Parked Motor Vehicle,2,2,0,5,"Over $1,500",1,0,0,0,0,0,0,28,Failing To Reduce Speed To Avoid Crash,18,Unable To Determine,1,No Controls,1,No Controls,1,Clear,5,"Darkness, Lighted Road",2,"Divided, No Median Barrier",1,Dry,3,Free Flow,1,No Defects,O90,O18,41.8705521,-87.7991409,41.8705482,-87.7991791,1129747.13,1895869.13
33341,25 05899,2505899,X004006655,2025-10-24,15:04:00,2025-10-24 15:04:00,2025-10-27 10:29:51,Washington Blvd/Wisconsin Ave,,WASHINGTON BLVD,WISCONSIN AVE,1,1,0,0,Property Damage,No Injuries,Car,15,Angle,2,2,0,5,"Over $1,500",1,0,0,0,0,0,0,25,Disregarding Traffic Signals,02,Failing To Yield Right-Of-Way,3,Traffic Signal,4,Functioning Properly,1,Clear,1,Daylight,2,"Divided, No Median Barrier",1,Dry,1,Slow,1,No Defects,O70,O12,41.8814163,-87.8023682,41.8814468,-87.8023682,1128842.63,1899822.13
33350,25 05900,2505900,X004006656,2025-10-24,15:23:00,2025-10-24 15:23:00,2025-10-27 10:41:53,Erie St/N Ridgeland Ave,,ERIE ST,N RIDGELAND AVE,1,1,0,0,Injury,C Injury Crash,Car,15,Angle,2,2,0,5,"Over $1,500",0,1,0,0,0,1,1,28,Failing To Reduce Speed To Avoid Crash,02,Failing To Yield Right-Of-Way,2,Stop Sign,4,Functioning Properly,1,Clear,1,Daylight,2,"Divided, No Median Barrier",1,Dry,3,Free Flow,1,No Defects,O30,O7,41.8916931,-87.7847900,41.8917236,-87.7847977,1133605.63,1903597.50
33351,25 05901,2505901,X004006657,2025-10-24,18:10:00,2025-10-24 18:10:00,2025-10-27 10:41:54,N Austin Blvd/W Le Moyne St,,N AUSTIN BLVD,W LE MOYNE ST,0,0,0,0,Property Damage,No Injuries,Car,6,Fixed Object,1,1,0,4,"$501 to $1,500",1,0,0,0,0,0,0,28,Failing To Reduce Speed To Avoid Crash,99,Not Applicable,1,No Controls,1,No Controls,1,Clear,1,Daylight,1,Not Divided,1,Dry,3,Free Flow,1,No Defects,,,41.9074402,-87.7755203,41.9074860,-87.7756500,1136093.75,1909352.88
33339,25 05902,2505902,X004006658,2025-10-24,19:54:00,2025-10-24 19:54:00,2025-10-27 10:29:49,S Austin Blvd/I290 Expy E,,S AUSTIN BLVD,I290 EXPY E,1,1,0,1,Property Damage,No Injuries,Car,11,Front To Rear,2,2,0,5,"Over $1,500",1,0,0,0,0,0,0,03,Following Too Closely,99,Not Applicable,3,Traffic Signal,4,Functioning Properly,1,Clear,5,"Darkness, Lighted Road",14,Four-Way Intersection,1,Dry,3,Free Flow,1,No Defects,O90,O16,41.8709297,-87.7743607,41.8709335,-87.7743301,1136494.13,1896049.75
33340,25 05908,2505908,X004042924,2025-10-25,12:18:00,2025-10-25 12:18:00,2025-10-27 10:29:50,Lake St/N East Ave,,LAKE ST,N EAST AVE,0,0,0,1,Property Damage,No Injuries,Car,9,Parked Motor Vehicle,2,2,0,5,"Over $1,500",0,1,0,0,0,0,0,28,Failing To Reduce Speed To Avoid Crash,15,Driving Skills/Knowledge/Experience,1,No Controls,1,No Controls,1,Clear,1,Daylight,2,"Divided, No Median Barrier",1,Dry,3,Free Flow,1,No Defects,O30,O8,41.8884582,-87.7895889,41.8884849,-87.7895889,1132306.13,1902410.38
33333,25 05910,2505910,X004005962,2025-10-25,12:20:00,2025-10-25 12:20:00,2025-10-25 13:45:59,834 Lake St,834,LAKE ST,,0,0,0,0,Property Damage,No Injuries,Car,12,Sideswipe - Same Direction,2,2,0,3,$500 or less,1,0,0,0,0,0,0,18,Unable To Determine,18,Unable To Determine,1,No Controls,1,No Controls,1,Clear,1,Daylight,2,"Divided, No Median Barrier",1,Dry,1,Slow,1,No Defects,O40,O9,41.8886948,-87.7954254,41.8889351,-87.7961197,1130716.00,1902486.75
33348,25 05912,2505912,X004007167,2025-10-25,15:08:00,2025-10-25 15:08:00,2025-10-27 10:41:51,Roosevelt Rd/S Taylor Ave,,ROOSEVELT RD,S TAYLOR AVE,1,1,0,0,Property Damage,No Injuries,Car,10,Turning (At Least One Vehicle),2,2,0,4,"$501 to $1,500",1,0,0,0,0,0,0,02,Failing To Yield Right-Of-Way,28,Failing To Reduce Speed To Avoid Crash,2,Stop Sign,4,Functioning Properly,8,Cloudy/Overcast,1,Daylight,4,Two-Way Continuous Left-Turn Lane,1,Dry,3,Free Flow,1,No Defects,O90,O16,41.8654442,-87.7778168,41.8654175,-87.7778244,1135565.00,1894044.38
33334,25 05913,2505913,X004005965,2025-10-25,16:38:00,2025-10-25 16:38:00,2025-10-25 20:58:58,S Oak Park Ave/Pleasant St,,S OAK PARK AVE,PLEASANT ST,0,0,0,0,Property Damage,No Injuries,Car,13,Sideswipe - Opposite Direction,2,2,0,4,"$501 to $1,500",1,0,0,0,0,0,0,20,Improper Lane Usage,28,Failing To Reduce Speed To Avoid Crash,3,Traffic Signal,4,Functioning Properly,8,Cloudy/Overcast,1,Daylight,2,"Divided, No Median Barrier",1,Dry,3,Free Flow,1,No Defects,O60,O11,41.8850441,-87.7943802,41.8851891,-87.7944183,1131010.00,1901158.75
33343,25 05915,2505915,X004007164,2025-10-25,18:24:00,2025-10-25 18:24:00,2025-10-27 10:35:51,472 N Austin Blvd,472,N AUSTIN BLVD,,0,0,0,0,Property Damage,No Injuries,Car,9,Parked Motor Vehicle,2,2,0,5,"Over $1,500",1,0,0,0,0,0,0,28,Failing To Reduce Speed To Avoid Crash,99,Not Applicable,1,No Controls,1,No Controls,1,Clear,5,"Darkness, Lighted Road",1,Not Divided,1,Dry,3,Free Flow,1,No Defects,O30,O7,41.8900604,-87.7749634,41.8900948,-87.7753220,1136285.13,1903020.00
33345,25 05917,2505917,,2025-10-26,00:21:00,2025-10-26 00:21:00,2025-10-27 10:41:49,6610 Roosevelt Rd,6610,ROOSEVELT RD,,0,0,0,1,Property Damage,No Injuries,Car,12,Sideswipe - Same Direction,3,3,0,5,"Over $1,500",0,1,0,0,0,0,0,28,Failing To Reduce Speed To Avoid Crash,04,Improper Overtaking/Passing,1,No Controls,1,No Controls,1,Clear,5,"Darkness, Lighted Road",3,Divided With Median Barrier,1,Dry,3,Free Flow,1,No Defects,O90,O17,41.8652649,-87.7894821,41.8652954,-87.7894821,1132389.88,1893959.63
33347,25 05919,2505919,X004007166,2025-10-26,01:12:00,2025-10-26 01:12:00,2025-10-27 10:41:51,Roosevelt Rd/S Harvey Ave,,ROOSEVELT RD,S HARVEY AVE,1,0,0,0,Property Damage,No Injuries,Car,12,Sideswipe - Same Direction,2,2,0,5,"Over $1,500",1,0,0,0,0,0,0,20,Improper Lane Usage,04,Improper Overtaking/Passing,1,No Controls,1,No Controls,1,Clear,5,"Darkness, Lighted Road",3,Divided With Median Barrier,1,Dry,3,Free Flow,1,No Defects,O90,O16,41.8654137,-87.7802734,41.8653908,-87.7802734,1134897.00,1894029.13
33346,25 05920,2505920,X004008749,2025-10-26,09:25:00,2025-10-26 09:25:00,2025-10-27 10:41:50,S Ridgeland Ave/Van Buren St,,S RIDGELAND AVE,VAN BUREN ST,1,1,0,0,Injury,B Injury Crash,Car,15,Angle,2,2,0,5,"Over $1,500",0,1,0,0,1,0,1,02,Failing To Yield Right-Of-Way,99,Not Applicable,2,Stop Sign,4,Functioning Properly,1,Clear,1,Daylight,14,Four-Way Intersection,1,Dry,3,Free Flow,1,No Defects,O80,O13,41.8744621,-87.7842407,41.8744621,-87.7842789,1133795.00,1897319.63
33353,25 05922,2505922,X004007170,2025-10-26,10:30:00,2025-10-26 10:30:00,2025-10-27 10:47:56,821 S East Ave,821,S EAST AVE,,0,0,0,0,Property Damage,No Injuries,Car,12,Sideswipe - Same Direction,2,2,0,4,"$501 to $1,500",1,0,0,0,0,0,0,20,Improper Lane Usage,28,Failing To Reduce Speed To Avoid Crash,1,No Controls,1,No Controls,1,Clear,1,Daylight,1,Not Divided,1,Dry,1,Slow,1,No Defects,O60,O14,41.8736343,-87.7891159,41.8735542,-87.7893600,1132469.25,1897010.25
33344,25 05921,2505921,X004007165,2025-10-26,10:33:00,2025-10-26 10:33:00,2025-10-27 10:35:52,Harlem/Augusta St,,HARLEM,AUGUSTA ST,0,0,0,0,Property Damage,No Injuries,Car,11,Front To Rear,2,2,0,5,"Over $1,500",1,0,0,0,0,0,0,03,Following Too Closely,15,Driving Skills/Knowledge/Experience,3,Traffic Signal,4,Functioning Properly,1,Clear,1,Daylight,2,"Divided, No Median Barrier",1,Dry,3,Free Flow,1,No Defects,O20,O6,41.8978958,-87.8054199,41.8978996,-87.8053818,1127974.75,1905822.13
33349,25 05924,2505924,X004007168,2025-10-26,12:14:00,2025-10-26 12:14:00,2025-10-27 10:41:52,416 S Ridgeland Ave,416,S RIDGELAND AVE,,0,0,0,0,Property Damage,No Injuries,Car,11,Front To Rear,2,2,0,3,$500 or less,1,0,0,0,0,0,0,03,Following Too Closely,28,Failing To Reduce Speed To Avoid Crash,1,No Controls,1,No Controls,1,Clear,1,Daylight,2,"Divided, No Median Barrier",1,Dry,2,Stopped,1,No Defects,O60,O11,41.8810043,-87.7845306,41.8813095,-87.7838287,1133701.13,1899703.00
33335,25 05925,2505925,X004005967,2025-10-26,14:48:00,2025-10-26 14:48:00,2025-10-26 16:47:32,S Ridgeland Ave/Garfield St,,S RIDGELAND AVE,GARFIELD ST,0,0,0,1,Property Damage,No Injuries,Car,9,Parked Motor Vehicle,2,2,0,3,$500 or less,1,0,0,0,0,0,0,28,Failing To Reduce Speed To Avoid Crash,99,Not Applicable,1,No Controls,1,No Controls,1,Clear,1,Daylight,1,Not Divided,1,Dry,3,Free Flow,1,No Defects,O90,O17,41.8710289,-87.7841949,41.8710251,-87.7841568,1133815.50,1896068.88
33354,25 05929,2505929,X004007171,2025-10-26,17:16:00,2025-10-26 17:16:00,2025-10-27 10:47:57,S Ridgeland Ave/Madison St,,S RIDGELAND AVE,MADISON ST,0,0,0,1,Property Damage,No Injuries,Car,11,Front To Rear,2,2,0,3,$500 or less,1,0,0,0,0,0,0,28,Failing To Reduce Speed To Avoid Crash,03,Following Too Closely,1,No Controls,1,No Controls,1,Clear,1,Daylight,1,Not Divided,1,Dry,2,Stopped,1,No Defects,O80,O13,41.8799324,-87.7844238,41.8799324,-87.7844620,1133732.63,1899313.88
33352,25 05937,2505937,X004007169,2025-10-27,08:29:00,2025-10-27 08:29:00,2025-10-27 10:41:54,Division St/N Lombard Ave,,DIVISION ST,N LOMBARD AVE,1,1,0,1,Property Damage,No Injuries,Car,10,Turning (At Least One Vehicle),2,2,0,4,"$501 to $1,500",1,0,0,0,0,0,0,04,Improper Overtaking/Passing,28,Failing To Reduce Speed To Avoid Crash,1,No Controls,1,No Controls,1,Clear,1,Daylight,14,Four-Way Intersection,1,Dry,1,Slow,1,No Defects,O10,O4,41.9019089,-87.7802353,41.9019394,-87.7802429,1134821.13,1907328.75
33368,25 05946,2505946,X004008959,2025-10-27,13:57:00,2025-10-27 13:57:00,2025-10-29 09:39:49,S East Ave/Pleasant St,,S EAST AVE,PLEASANT ST,1,1,0,0,Property Damage,No Injuries,Car,15,Angle,2,2,0,5,"Over $1,500",0,1,0,0,0,0,0,18,Unable To Determine,18,Unable To Determine,2,Stop Sign,4,Functioning Properly,1,Clear,1,Daylight,1,Not Divided,1,Dry,3,Free Flow,1,No Defects,O60,O11,41.8851280,-87.7894745,41.8851280,-87.7895126,1132345.38,1901197.13
33362,25 05952,2505952,X004008472,2025-10-27,16:42:00,2025-10-27 16:42:00,2025-10-28 09:06:10,Roosevelt Rd/Clinton Ave,,ROOSEVELT RD,CLINTON AVE,1,1,0,0,Property Damage,No Injuries,Car,10,Turning (At Least One Vehicle),2,2,0,5,"Over $1,500",1,0,0,0,0,0,0,02,Failing To Yield Right-Of-Way,28,Failing To Reduce Speed To Avoid Crash,2,Stop Sign,4,Functioning Properly,1,Clear,1,Daylight,2,"Divided, No Median Barrier",1,Dry,3,Free Flow,1,No Defects,O90,O18,41.8651238,-87.7976685,41.8650932,-87.7976685,1130160.00,1893893.00
33365,25 05953,2505953,X004008964,2025-10-27,17:51:00,2025-10-27 17:51:00,2025-10-29 09:39:47,Chicago Ave/N Euclid Ave,,CHICAGO AVE,N EUCLID AVE,1,1,0,0,Injury,B Injury Crash,Car,15,Angle,2,2,0,5,"Over $1,500",0,1,0,0,1,0,1,02,Failing To Yield Right-Of-Way,28,Failing To Reduce Speed To Avoid Crash,2,Stop Sign,4,Functioning Properly,1,Clear,3,Dusk,1,Not Divided,1,Dry,3,Free Flow,1,No Defects,O30,O8,41.8944130,-87.7928543,41.8944435,-87.7928543,1131404.75,1904574.38
33367,25 05962,2505962,X004008966,2025-10-28,10:14:00,2025-10-28 10:14:00,2025-10-29 09:39:49,Washington Blvd/S Ridgeland Ave,,WASHINGTON BLVD,S RIDGELAND AVE,0,0,0,0,Property Damage,No Injuries,Car,11,Front To Rear,2,2,0,5,"Over $1,500",1,0,0,0,0,0,0,03,Following Too Closely,28,Failing To Reduce Speed To Avoid Crash,3,Traffic Signal,4,Functioning Properly,1,Clear,1,Daylight,2,"Divided, No Median Barrier",1,Dry,3,Free Flow,1,No Defects,O50,O10,41.8816948,-87.7845154,41.8817253,-87.7845154,1133704.88,1899954.38
33363,25 05965,2505965,X004008971,2025-10-28,10:59:00,2025-10-28 10:59:00,2025-10-29 09:39:45,1001 N Taylor Ave,1001,N TAYLOR AVE,,0,0,0,0,Property Damage,No Injuries,Pedalcyclist,2,Pedalcyclist,2,1,0,5,"Over $1,500",1,0,0,0,0,0,0,02,Failing To Yield Right-Of-Way,99,Not Applicable,1,No Controls,1,No Controls,1,Clear,1,Daylight,1,Not Divided,1,Dry,3,Free Flow,1,No Defects,O10,O1,41.9039230,-87.7779159,41.9039803,-87.7780762,1135449.63,1908066.25
33369,25 05977,2505977,X004008972,2025-10-28,16:02:00,2025-10-28 16:02:00,2025-10-29 09:39:50,N Ridgeland Ave/Erie St,,N RIDGELAND AVE,ERIE ST,1,1,0,0,Injury,C Injury Crash,Car,11,Front To Rear,2,2,0,5,"Over $1,500",0,1,0,0,0,1,1,28,Failing To Reduce Speed To Avoid Crash,18,Unable To Determine,17,Pedestrian Crossing Sign,4,Functioning Properly,1,Clear,1,Daylight,1,Not Divided,1,Dry,3,Free Flow,1,No Defects,O30,O8,41.8917160,-87.7848282,41.8917236,-87.7847977,1133594.00,1903606.63
33374,25 05978,2505978,X004010154,2025-10-28,16:50:00,2025-10-28 16:50:00,2025-10-30 09:41:40,S Oak Park Ave/Washiington Blvd,,S OAK PARK AVE,WASHIINGTON BLVD,1,1,0,0,Property Damage,No Injuries,Car,10,Turning (At Least One Vehicle),2,2,0,5,"Over $1,500",1,0,0,0,0,0,0,06,Improper Turning/No Signal,99,Not Applicable,1,No Controls,4,Functioning Properly,1,Clear,1,Daylight,1,Not Divided,1,Dry,3,Free Flow,1,No Defects,O60,O11,41.8815651,-87.7942734,41.8815613,-87.7943115,1131046.38,1899891.13
33364,25 05981,2505981,X004008976,2025-10-28,19:25:00,2025-10-28 19:25:00,2025-10-29 09:39:46,N Harlem Ave/Madison St,,N HARLEM AVE,MADISON ST,1,1,0,0,Property Damage,No Injuries,Car,11,Front To Rear,2,2,0,5,"Over $1,500",1,0,0,0,0,0,0,28,Failing To Reduce Speed To Avoid Crash,99,Not Applicable,3,Traffic Signal,4,Functioning Properly,1,Clear,5,"Darkness, Lighted Road",1,Not Divided,1,Dry,3,Free Flow,1,No Defects,O70,O12,41.8796730,-87.8047714,41.8796654,-87.8047333,1128192.88,1899183.13
33370,25 05990,2505990,X004009829,2025-10-29,08:30:00,2025-10-29 08:30:00,2025-10-29 16:32:32,Lake St/N Oak Park Ave,,LAKE ST,N OAK PARK AVE,1,1,0,1,Property Damage,No Injuries,Car,10,Turning (At Least One Vehicle),2,2,0,3,$500 or less,1,0,0,0,0,0,0,06,Improper Turning/No Signal,15,Driving Skills/Knowledge/Experience,3,Traffic Signal,4,Functioning Properly,1,Clear,2,Dawn,2,"Divided, No Median Barrier",1,Dry,1,Slow,1,No Defects,O40,O9,41.8886185,-87.7945175,41.8886452,-87.7945251,1130963.00,1902460.13
33375,25 05991,2505991,X004011074,2025-10-29,11:30:00,2025-10-29 11:30:00,2025-10-30 09:47:39,N Austin Blvd/Washington Blvd,,N AUSTIN BLVD,WASHINGTON BLVD,1,1,0,0,Property Damage,No Injuries,Car,10,Turning (At Least One Vehicle),2,2,0,5,"Over $1,500",0,1,0,0,0,0,0,10,Equipment - Vehicle Condition,28,Failing To Reduce Speed To Avoid Crash,3,Traffic Signal,4,Functioning Properly,1,Clear,1,Daylight,4,Two-Way Continuous Left-Turn Lane,1,Dry,3,Free Flow,1,No Defects,,,41.8821068,-87.7746887,41.8821106,-87.7747269,1136378.00,1900122.38
33377,25 05994,2505994,X004010141,2025-10-29,12:00:00,2025-10-29 12:00:00,2025-10-30 11:05:00,875 W Lake St,875,W LAKE ST,,0,0,0,0,Property Damage,No Injuries,Car,10,Turning (At Least One Vehicle),2,2,0,5,"Over $1,500",0,1,0,0,0,0,0,28,Failing To Reduce Speed To Avoid Crash,02,Failing To Yield Right-Of-Way,3,Traffic Signal,4,Functioning Properly,1,Clear,1,Daylight,2,"Divided, No Median Barrier",1,Dry,3,Free Flow,1,No Defects,O40,O9,41.8886642,-87.7965241,41.8885574,-87.7968521,1130418.38,1902474.38
33376,25 05995,2505995,X004010146,2025-10-29,13:08:00,2025-10-29 13:08:00,2025-10-30 09:47:38,Roosevelt Rd/Kenilworth Ave,,ROOSEVELT RD,KENILWORTH AVE,0,0,0,0,Property Damage,No Injuries,Car,15,Angle,2,2,0,5,"Over $1,500",1,0,0,0,0,0,0,02,Failing To Yield Right-Of-Way,28,Failing To Reduce Speed To Avoid Crash,1,No Controls,1,No Controls,1,Clear,1,Daylight,2,"Divided, No Median Barrier",1,Dry,3,Free Flow,1,No Defects,O90,O18,41.8651428,-87.7963638,41.8651199,-87.7963715,1130514.50,1893903.50
33373,25 05996,2505996,X004028965,2025-10-29,14:19:00,2025-10-29 14:19:00,2025-10-30 09:29:43,S Ridgeland Ave/Adams St,,S RIDGELAND AVE,ADAMS ST,0,0,0,0,Property Damage,No Injuries,Car,7,Other Object,2,2,0,4,"$501 to $1,500",1,0,0,0,0,0,0,10,Equipment - Vehicle Condition,28,Failing To Reduce Speed To Avoid Crash,1,No Controls,1,No Controls,8,Cloudy/Overcast,1,Daylight,1,Not Divided,1,Dry,1,Slow,1,No Defects,O80,O13,41.8780823,-87.7843704,41.8780785,-87.7844009,1133752.38,1898639.50
33387,25 06005,2506005,X004014455,2025-10-29,22:16:00,2025-10-29 22:16:00,2025-10-31 08:03:29,6043 North Ave,6043,NORTH AVE,,0,0,0,1,Property Damage,No Injuries,Car,10,Turning (At Least One Vehicle),2,2,0,4,"$501 to $1,500",1,0,0,0,0,0,0,02,Failing To Yield Right-Of-Way,28,Failing To Reduce Speed To Avoid Crash,1,No Controls,1,No Controls,1,Clear,4,Darkness,1,Not Divided,9,Unknown,3,Free Flow,99,Unknown,O10,O1,41.9092026,-87.7776566,41.9090958,-87.7777023,1135506.38,1909991.88
33378,25 06010,2506010,X004011075,2025-10-30,08:06:00,2025-10-30 08:06:00,2025-10-30 17:39:22,Van Buren St/Wesley Ave,,VAN BUREN ST,WESLEY AVE,0,0,0,0,Property Damage,No Injuries,Car,9,Parked Motor Vehicle,2,2,0,5,"Over $1,500",1,0,0,0,0,0,0,28,Failing To Reduce Speed To Avoid Crash,15,Driving Skills/Knowledge/Experience,1,No Controls,1,No Controls,1,Clear,1,Daylight,1,Not Divided,1,Dry,3,Free Flow,1,No Defects,O60,O14,41.8743019,-87.7916183,41.8743362,-87.7916183,1131786.75,1897249.38
33385,25 06014,2506014,X004014454,2025-10-30,10:02:00,2025-10-30 10:02:00,2025-10-31 07:57:21,S Austin Blvd/Garfield St,,S AUSTIN BLVD,GARFIELD ST,0,0,0,1,Property Damage,No Injuries,Car,11,Front To Rear,2,2,0,5,"Over $1,500",0,1,0,0,0,0,0,03,Following Too Closely,28,Failing To Reduce Speed To Avoid Crash,1,No Controls,1,No Controls,1,Clear,5,"Darkness, Lighted Road",1,Not Divided,1,Dry,3,Free Flow,1,No Defects,O90,O16,41.8704185,-87.7743530,41.8704224,-87.7743149,1136497.13,1895864.88
33381,25 06024,2506024,X004014450,2025-10-30,14:42:00,2025-10-30 14:42:00,2025-10-31 07:57:18,Chicago Ave/N East Ave,,CHICAGO AVE,N EAST AVE,1,1,0,0,Property Damage,No Injuries,Car,11,Front To Rear,2,2,0,4,"$501 to $1,500",1,0,0,0,0,0,0,03,Following Too Closely,41,Distraction - From Inside Vehicle,1,No Controls,1,No Controls,1,Clear,1,Daylight,2,"Divided, No Median Barrier",1,Dry,3,Free Flow,1,No Defects,O30,O8,41.8944626,-87.7897720,41.8944855,-87.7897720,1132242.63,1904598.50
33380,25 06026,2506026,X004014449,2025-10-30,14:49:00,2025-10-30 14:49:00,2025-10-31 07:57:17,1230 N Harvey,1230,N HARVEY,,0,1,0,0,Property Damage,No Injuries,Car,15,Angle,2,2,0,5,"Over $1,500",1,0,0,0,0,0,0,02,Failing To Yield Right-Of-Way,28,Failing To Reduce Speed To Avoid Crash,13,Other,4,Functioning Properly,1,Clear,1,Daylight,1,Not Divided,1,Dry,3,Free Flow,1,No Defects,O10,O1,41.9081230,-87.7820511,41.9086266,-87.7819214,1134312.00,1909589.63
33382,25 06027,2506027,X004014451,2025-10-30,15:41:00,2025-10-30 15:41:00,2025-10-31 07:57:19,Roosevelt Rd/East Ave,,ROOSEVELT RD,EAST AVE,1,1,0,0,Property Damage,No Injuries,Car,15,Angle,2,2,0,3,$500 or less,1,0,0,0,0,0,0,25,Disregarding Traffic Signals,28,Failing To Reduce Speed To Avoid Crash,3,Traffic Signal,4,Functioning Properly,1,Clear,1,Daylight,1,Not Divided,1,Dry,1,Slow,1,No Defects,O90,O17,41.8652763,-87.7888641,41.8652534,-87.7888641,1132558.38,1893964.75