record_id,report_number,crash_id,idot_crash_number,date,time,occurred_at,record_added_at,location,street_number,street_name,cross_street,at_intersection,intersection_related,private_property,hit_and_run,crash_severity,crash_injury_severity,crash_mode,crash_type_code,crash_type,total_units,num_motor_vehicles,dooring_pedalcyclist,damage_code,damage,no_injury_drive_away,injury_or_towed,fatalities,a_injuries,b_injuries,c_injuries,total_injured,cause1_code,cause1,cause2_code,cause2,traffic_control_code,traffic_control,device_condition_code,device_condition,weather_code,weather,lighting_code,lighting,trafficway_code,trafficway,road_surface_code,road_surface,flow_condition_code,flow_condition,road_defects_code,road_defects,beat_zone,post_district,latitude,longitude,latitude_geocoded,longitude_geocoded,state_plane_x,state_plane_y
33383,25 06028,2506028,X004014452,2025-10-30,16:07:00,2025-10-30 16:07:00,2025-10-31 07:57:20,Madison St/S Maple Ave,,MADISON ST,S MAPLE AVE,1,1,0,0,Property Damage,No Injuries,Car,10,Turning (At Least One Vehicle),2,2,0,5,"Over $1,500",1,0,0,0,0,0,0,18,Unable To Determine,99,Not Applicable,1,No Controls,1,No Controls,1,Clear,1,Daylight,14,Four-Way Intersection,1,Dry,3,Free Flow,1,No Defects,O60,O15,41.8795929,-87.8038635,41.8796196,-87.8038635,1128439.38,1899156.50
33386,25 06034,2506034,X004028967,2025-10-30,18:04:00,2025-10-30 18:04:00,2025-10-31 08:03:29,Harrison/S Euclid,,HARRISON,S EUCLID,1,0,0,1,Property Damage,No Injuries,Car,9,Parked Motor Vehicle,2,2,0,4,"$501 to $1,500",1,0,0,0,0,0,0,18,Unable To Determine,99,Not Applicable,1,No Controls,1,No Controls,1,Clear,1,Daylight,1,Not Divided,1,Dry,1,Slow,1,No Defects,O60,O14,41.8726959,-87.7927780,41.8726692,-87.7927856,1131474.25,1896661.13
33379,25 06037,2506037,X004014448,2025-10-30,21:31:00,2025-10-30 21:31:00,2025-10-31 07:57:16,N Harlem Ave/Le Moyne St,,N HARLEM AVE,LE MOYNE ST,0,0,0,1,Property Damage,No Injuries,Car,12,Sideswipe - Same Direction,2,2,0,4,"$501 to $1,500",1,0,0,0,0,0,0,20,Improper Lane Usage,99,Not Applicable,1,No Controls,1,No Controls,1,Clear,5,"Darkness, Lighted Road",1,Not Divided,1,Dry,,,1,No Defects,O20,O2,41.9070358,-87.8057632,41.9070435,-87.8057251,1127861.38,1909153.88
33401,25 06043,2506043,X004014466,2025-10-31,09:43:00,2025-10-31 09:43:00,2025-11-03 11:42:15,S Oak Park Ave/Madison St,,S OAK PARK AVE,MADISON ST,0,0,0,0,Property Damage,No Injuries,Car,15,Angle,2,2,0,3,$500 or less,1,0,0,0,0,0,0,02,Failing To Yield Right-Of-Way,28,Failing To Reduce Speed To Avoid Crash,3,Traffic Signal,4,Functioning Properly,1,Clear,1,Daylight,2,"Divided, No Median Barrier",1,Dry,3,Free Flow,1,No Defects,O60,O14,41.8797722,-87.7942200,41.8797722,-87.7942581,1131065.38,1899237.25
33455,25 06109,2506109,X004053214,2025-10-31,11:21:00,2025-10-31 11:21:00,2025-11-10 10:01:40,401 South Blvd,401,SOUTH BLVD,,0,0,0,0,Property Damage,No Injuries,Car,6,Fixed Object,2,1,0,5,"Over $1,500",1,0,0,0,0,0,0,24,Disregarding Other Traffic Signs,28,Failing To Reduce Speed To Avoid Crash,3,Traffic Signal,4,Functioning Properly,1,Clear,1,Daylight,2,"Divided, No Median Barrier",1,Dry,3,Free Flow,1,No Defects,O60,O11,41.8869286,-87.7847214,41.8868713,-87.7848282,1133636.63,1901861.75
33427,25 06049,2506049,X004018566,2025-10-31,13:14:00,2025-10-31 13:14:00,2025-11-06 09:23:13,Harvard St/Gunderson Ave,,HARVARD ST,GUNDERSON AVE,1,1,0,0,Property Damage,No Injuries,Car,18,Rear To Front,2,2,0,4,"$501 to $1,500",1,0,0,0,0,0,0,30,Improper Backing,02,Failing To Yield Right-Of-Way,2,Stop Sign,4,Functioning Properly,1,Clear,1,Daylight,1,Not Divided,1,Dry,1,Slow,1,No Defects,O90,O17,41.8689117,-87.7865372,41.8689346,-87.7865372,1133183.13,1895293.00
33389,25 06052,2506052,X004014456,2025-10-31,13:39:00,2025-10-31 13:39:00,2025-11-03 11:42:08,S Ridgeland Ave/Roosevelt Rd,,S RIDGELAND AVE,ROOSEVELT RD,0,0,0,0,Property Damage,No Injuries,Car,12,Sideswipe - Same Direction,2,2,0,5,"Over $1,500",1,0,0,0,0,0,0,02,Failing To Yield Right-Of-Way,18,Unable To Determine,1,No Controls,1,No Controls,1,Clear,1,Daylight,1,Not Divided,1,Dry,3,Free Flow,1,No Defects,O90,O16,41.8653374,-87.7839279,41.8653374,-87.7839661,1133901.50,1893995.88
33390,25 06053,2506053,X004014457,2025-10-31,14:11:00,2025-10-31 14:11:00,2025-11-03 11:42:09,S East Ave/Washington Blvd,,S EAST AVE,WASHINGTON BLVD,1,1,0,1,Property Damage,No Injuries,Car,12,Sideswipe - Same Direction,2,2,0,4,"$501 to $1,500",1,0,0,0,0,0,0,20,Improper Lane Usage,28,Failing To Reduce Speed To Avoid Crash,3,Traffic Signal,4,Functioning Properly,1,Clear,1,Daylight,1,Not Divided,1,Dry,3,Free Flow,1,No Defects,O60,O11,41.8816414,-87.7893753,41.8816338,-87.7894134,1132380.13,1899926.50
33403,25 06054,2506054,X004014467,2025-10-31,14:57:00,2025-10-31 14:57:00,2025-11-03 11:42:16,N Austin Blvd/Washington Blvd,,N AUSTIN BLVD,WASHINGTON BLVD,0,0,0,0,Property Damage,No Injuries,Car,12,Sideswipe - Same Direction,2,2,0,5,"Over $1,500",1,0,0,0,0,0,0,02,Failing To Yield Right-Of-Way,20,Improper Lane Usage,1,No Controls,1,No Controls,1,Clear,1,Daylight,1,Not Divided,1,Dry,3,Free Flow,1,No Defects,O50,O10,41.8821068,-87.7746887,41.8821106,-87.7747269,1136378.00,1900122.38
33391,25 06057,2506057,X004014458,2025-10-31,16:05:00,2025-10-31 16:05:00,2025-11-03 11:42:10,S Oak Park Ave/Lexington St,,S OAK PARK AVE,LEXINGTON ST,1,1,0,0,Property Damage,No Injuries,Car,15,Angle,2,2,0,4,"$501 to $1,500",1,0,0,0,0,0,0,28,Failing To Reduce Speed To Avoid Crash,15,Driving Skills/Knowledge/Experience,2,Stop Sign,4,Functioning Properly,1,Clear,1,Daylight,2,"Divided, No Median Barrier",1,Dry,3,Free Flow,1,No Defects,O90,O17,41.8706436,-87.7939072,41.8706360,-87.7939453,1131171.25,1895911.75
33392,25 06058,2506058,X004014459,2025-10-31,17:45:00,2025-10-31 17:45:00,2025-11-03 11:42:10,Harlem/Garfield,,HARLEM,GARFIELD,0,0,0,0,Property Damage,No Injuries,Car,11,Front To Rear,2,2,0,3,$500 or less,1,0,0,0,0,0,0,03,Following Too Closely,15,Driving Skills/Knowledge/Experience,3,Traffic Signal,4,Functioning Properly,1,Clear,1,Daylight,2,"Divided, No Median Barrier",1,Dry,3,Free Flow,1,No Defects,O90,O18,41.8723068,-87.8044357,41.8723183,-87.8044663,1128300.88,1896500.75
33396,25 06064,2506064,X004014463,2025-10-31,20:57:00,2025-10-31 20:57:00,2025-11-03 11:42:12,Washington Blvd/Chestnut Ln,,WASHINGTON BLVD,CHESTNUT LN,0,0,0,1,Property Damage,No Injuries,Car,13,Sideswipe - Opposite Direction,2,2,0,4,"$501 to $1,500",1,0,0,0,0,0,0,20,Improper Lane Usage,18,Unable To Determine,1,No Controls,1,No Controls,1,Clear,5,"Darkness, Lighted Road",1,Not Divided,1,Dry,3,Free Flow,1,No Defects,O70,O12,41.8814430,-87.8007507,41.8814735,-87.8007431,1129284.88,1899835.63
33393,25 06065,2506065,X004014460,2025-11-01,01:04:00,2025-11-01 01:04:00,2025-11-03 11:42:11,1045 Chicago Ave,1045,CHICAGO AVE,,0,0,0,1,Property Damage,No Injuries,Car,6,Fixed Object,2,1,0,4,"$501 to $1,500",1,0,0,0,0,0,0,18,Unable To Determine,99,Not Applicable,3,Traffic Signal,4,Functioning Properly,1,Clear,5,"Darkness, Lighted Road",1,Not Divided,1,Dry,3,Free Flow,1,No Defects,O40,O9,41.8943024,-87.8021698,41.8940735,-87.8025360,1128867.13,1904518.88
33394,25 06066,2506066,X004014461,2025-11-01,01:14:00,2025-11-01 01:14:00,2025-11-03 11:27:40,S Harlem Ave/Jackson Blvd,,S HARLEM AVE,JACKSON BLVD,1,1,0,0,Property Damage,No Injuries,Car,10,Turning (At Least One Vehicle),2,2,0,5,"Over $1,500",1,0,0,0,0,0,0,25,Disregarding Traffic Signals,28,Failing To Reduce Speed To Avoid Crash,3,Traffic Signal,4,Functioning Properly,1,Clear,5,"Darkness, Lighted Road",2,"Divided, No Median Barrier",1,Dry,3,Free Flow,1,No Defects,O60,O15,41.8759766,-87.8045654,41.8759842,-87.8046036,1128256.50,1897837.00
33404,25 06090,2506090,X004014468,2025-11-01,09:58:00,2025-11-01 09:58:00,2025-11-03 11:42:16,S Austin Blvd/Van Buren St,,S AUSTIN BLVD,VAN BUREN ST,1,0,0,0,Property Damage,No Injuries,Car,11,Front To Rear,2,2,0,5,"Over $1,500",1,0,0,0,0,0,0,28,Failing To Reduce Speed To Avoid Crash,99,Not Applicable,1,No Controls,1,No Controls,1,Clear,5,"Darkness, Lighted Road",1,Not Divided,1,Dry,3,Free Flow,1,No Defects,O80,O13,41.8727799,-87.7744522,41.8745727,-87.7745514,1136465.25,1896723.75
33395,25 06075,2506075,X004014462,2025-11-01,12:37:00,2025-11-01 12:37:00,2025-11-03 11:42:12,North Ave/Humphrey Ave,,NORTH AVE,HUMPHREY AVE,1,1,0,0,Injury,C Injury Crash,Car,15,Angle,2,2,0,5,"Over $1,500",0,1,0,0,0,1,1,02,Failing To Yield Right-Of-Way,28,Failing To Reduce Speed To Avoid Crash,2,Stop Sign,4,Functioning Properly,1,Clear,1,Daylight,2,"Divided, No Median Barrier",1,Dry,3,Free Flow,1,No Defects,O10,O1,41.9092140,-87.7769089,41.9092483,-87.7769089,1135710.63,1909996.50
33405,25 06084,2506084,X004014469,2025-11-01,21:49:00,2025-11-01 21:49:00,2025-11-03 11:42:16,836 Maple Ave,836,MAPLE AVE,,0,0,0,0,Property Damage,No Injuries,Car,6,Fixed Object,2,1,0,5,"Over $1,500",0,1,0,0,0,0,0,28,Failing To Reduce Speed To Avoid Crash,18,Unable To Determine,13,Other,4,Functioning Properly,1,Clear,5,"Darkness, Lighted Road",1,Not Divided,1,Dry,3,Free Flow,1,No Defects,O60,O15,41.8741951,-87.8037109,41.8739853,-87.8034744,1128493.13,1897189.63
33399,25 06087,2506087,X004014465,2025-11-02,00:28:00,2025-11-02 00:28:00,2025-11-03 11:42:14,920 Hayes Ave,920,HAYES AVE,,0,0,0,0,Property Damage,No Injuries,Car,9,Parked Motor Vehicle,2,2,0,5,"Over $1,500",1,0,0,0,0,0,0,41,Distraction - From Inside Vehicle,99,Not Applicable,1,No Controls,1,No Controls,1,Clear,4,Darkness,1,Not Divided,1,Dry,3,Free Flow,1,No Defects,O10,O1,41.9026718,-87.7790222,41.9027405,-87.7788696,1135151.88,1907608.63
33410,25 06092,2506092,X004015307,2025-11-02,10:52:00,2025-11-02 10:52:00,2025-11-03 13:53:53,N Oak Park Ave/Division St,,N OAK PARK AVE,DIVISION ST,1,1,0,0,Property Damage,No Injuries,Car,15,Angle,2,2,0,5,"Over $1,500",1,0,0,0,0,0,0,25,Disregarding Traffic Signals,28,Failing To Reduce Speed To Avoid Crash,3,Traffic Signal,4,Functioning Properly,1,Clear,1,Daylight,1,Not Divided,1,Dry,3,Free Flow,1,No Defects,O20,O6,41.9017029,-87.7949066,41.9017067,-87.7948685,1130829.63,1907227.50
33406,25 06097,2506097,X004014470,2025-11-02,15:05:00,2025-11-02 15:05:00,2025-11-03 11:42:17,Washington Blvd/Harvey,,WASHINGTON BLVD,HARVEY,1,1,0,0,Injury,B Injury Crash,Car,10,Turning (At Least One Vehicle),4,4,0,5,"Over $1,500",0,1,0,0,1,0,1,02,Failing To Yield Right-Of-Way,04,Improper Overtaking/Passing,1,No Controls,1,No Controls,1,Clear,1,Daylight,14,Four-Way Intersection,1,Dry,3,Free Flow,1,No Defects,O50,O10,41.8817978,-87.7812500,41.8817711,-87.7812500,1134593.75,1899998.50
33409,25 06099,2506099,X004014471,2025-11-02,19:10:00,2025-11-02 19:10:00,2025-11-03 11:42:21,S Harlem Ave/Harvard St,,S HARLEM AVE,HARVARD ST,1,0,0,1,Property Damage,No Injuries,Car,12,Sideswipe - Same Direction,2,2,0,5,"Over $1,500",1,0,0,0,0,0,0,04,Improper Overtaking/Passing,99,Not Applicable,1,No Controls,1,No Controls,1,Clear,5,"Darkness, Lighted Road",1,Not Divided,1,Dry,3,Free Flow,1,No Defects,O90,O18,41.8686790,-87.8043060,41.8686943,-87.8043366,1128344.38,1895178.63
33413,25 06106,2506106,X004015952,2025-11-03,08:35:00,2025-11-03 08:35:00,2025-11-04 09:09:46,Le Moyne Pkwy/N East Ave,,LE MOYNE PKWY,N EAST AVE,1,1,0,0,Property Damage,No Injuries,Car,15,Angle,2,2,0,5,"Over $1,500",1,0,0,0,0,0,0,02,Failing To Yield Right-Of-Way,28,Failing To Reduce Speed To Avoid Crash,2,Stop Sign,4,Functioning Properly,1,Clear,1,Daylight,1,Not Divided,1,Dry,3,Free Flow,1,No Defects,O20,O2,41.9072228,-87.7901611,41.9072495,-87.7901611,1132108.63,1909247.00
33411,25 06105,2506105,X004015954,2025-11-03,09:58:00,2025-11-03 09:58:00,2025-11-04 08:52:26,Madison/Lombard,,MADISON,LOMBARD,0,0,0,0,Property Damage,No Injuries,Car,15,Angle,2,2,0,3,$500 or less,1,0,0,0,0,0,0,02,Failing To Yield Right-Of-Way,18,Unable To Determine,1,No Controls,1,No Controls,1,Clear,1,Daylight,2,"Divided, No Median Barrier",1,Dry,1,Slow,1,No Defects,O80,O13,41.8799973,-87.7795563,41.8800240,-87.7795563,1135058.63,1899344.50
33412,25 06116,2506116,X004015932,2025-11-03,15:02:00,2025-11-03 15:02:00,2025-11-04 08:52:26,South Blvd/N Harlem Ave,,SOUTH BLVD,N HARLEM AVE,0,0,0,0,Property Damage,No Injuries,Car,9,Parked Motor Vehicle,2,2,0,4,"$501 to $1,500",1,0,0,0,0,0,0,28,Failing To Reduce Speed To Avoid Crash,18,Unable To Determine,3,Traffic Signal,4,Functioning Properly,1,Clear,1,Daylight,1,Not Divided,1,Dry,3,Free Flow,1,No Defects,O70,O12,41.8866806,-87.8049850,41.8867111,-87.8049927,1128118.25,1901736.75
33415,25 06125,2506125,X004015937,2025-11-04,07:56:00,2025-11-04 07:56:00,2025-11-04 10:18:37,718 N Marion St,718,N MARION ST,,0,0,0,0,Property Damage,No Injuries,Car,7,Other Object,2,1,0,3,$500 or less,1,0,0,0,0,0,0,18,Unable To Determine,18,Unable To Determine,1,No Controls,1,No Controls,1,Clear,5,"Darkness, Lighted Road",2,"Divided, No Median Barrier",1,Dry,1,Slow,1,No Defects,O20,O6,41.8985481,-87.8038483,41.8986435,-87.8036499,1128400.50,1906063.75
33418,25 06133,2506133,X004016699,2025-11-04,09:29:00,2025-11-04 09:29:00,2025-11-04 16:43:39,Madison St/S Humphrey Ave,,MADISON ST,S HUMPHREY AVE,0,0,0,1,Property Damage,No Injuries,Car,12,Sideswipe - Same Direction,2,2,0,5,"Over $1,500",1,0,0,0,0,0,0,04,Improper Overtaking/Passing,02,Failing To Yield Right-Of-Way,1,No Controls,1,No Controls,1,Clear,1,Daylight,2,"Divided, No Median Barrier",1,Dry,3,Free Flow,1,No Defects,O80,O13,41.8800392,-87.7758865,41.8800697,-87.7758865,1136058.00,1899366.00
33416,25 06128,2506128,X004016084,2025-11-04,10:34:00,2025-11-04 10:34:00,2025-11-04 15:34:16,123 Madison St,123,MADISON ST,,0,0,0,0,Property Damage,No Injuries,Car,16,Rear To Side,2,2,0,5,"Over $1,500",1,0,0,0,0,0,0,30,Improper Backing,28,Failing To Reduce Speed To Avoid Crash,1,No Controls,1,No Controls,1,Clear,1,Daylight,7,Parking Lot,1,Dry,3,Free Flow,1,No Defects,O80,O13,41.8800011,-87.7789688,41.8797798,-87.7789154,1135219.75,1899347.38
33417,25 06130,2506130,X004016698,2025-11-04,11:33:00,2025-11-04 11:33:00,2025-11-04 16:43:38,North Ave/Oak Park Ave,,NORTH AVE,OAK PARK AVE,0,0,0,0,Property Damage,No Injuries,Car,12,Sideswipe - Same Direction,2,2,0,5,"Over $1,500",1,0,0,0,0,0,0,02,Failing To Yield Right-Of-Way,20,Improper Lane Usage,14,Delineators,4,Functioning Properly,1,Clear,1,Daylight,2,"Divided, No Median Barrier",1,Dry,1,Slow,1,No Defects,O20,O2,41.9089928,-87.7947922,41.9090233,-87.7950592,1130843.13,1909884.38
33423,25 06134,2506134,X004017070,2025-11-04,15:28:00,2025-11-04 15:28:00,2025-11-05 10:07:19,414 S Scoville,414,S SCOVILLE,,0,0,0,1,Property Damage,No Injuries,Car,16,Rear To Side,2,2,0,3,$500 or less,1,0,0,0,0,0,0,30,Improper Backing,15,Driving Skills/Knowledge/Experience,1,No Controls,1,No Controls,1,Clear,1,Daylight,1,Not Divided,1,Dry,3,Free Flow,1,No Defects,O60,O14,41.8795776,-87.7880936,41.8809242,-87.7875290,1132734.63,1899177.25
33424,25 06138,2506138,X004017072,2025-11-04,20:15:00,2025-11-04 20:15:00,2025-11-05 10:07:19,S East Ave/Madison St,,S EAST AVE,MADISON ST,1,1,0,0,Property Damage,No Injuries,Car,12,Sideswipe - Same Direction,2,2,0,5,"Over $1,500",1,0,0,0,0,0,0,04,Improper Overtaking/Passing,20,Improper Lane Usage,3,Traffic Signal,4,Functioning Properly,1,Clear,5,"Darkness, Lighted Road",14,Four-Way Intersection,1,Dry,2,Stopped,10,Other,O60,O11,41.8798485,-87.7893219,41.8798523,-87.7893600,1132398.25,1899274.88
33425,25 06143,2506143,X004018050,2025-11-05,07:44:00,2025-11-05 07:44:00,2025-11-05 14:15:46,S Marion St/Pleasant St,,S MARION ST,PLEASANT ST,0,0,0,1,Property Damage,No Injuries,Car,9,Parked Motor Vehicle,2,2,0,3,$500 or less,1,0,0,0,0,0,0,28,Failing To Reduce Speed To Avoid Crash,18,Unable To Determine,1,No Controls,1,No Controls,9,Unknown,5,"Darkness, Lighted Road",2,"Divided, No Median Barrier",9,Unknown,3,Free Flow,99,Unknown,O70,O12,41.8854599,-87.8025513,41.8857117,-87.8025207,1128784.88,1901295.88
33428,25 06144,2506144,X004053315,2025-11-05,08:12:00,2025-11-05 08:12:00,2025-11-06 09:29:06,Roosevelt Rd/East Ave,,ROOSEVELT RD,EAST AVE,0,0,0,0,Property Damage,No Injuries,Car,11,Front To Rear,2,2,0,3,$500 or less,1,0,0,0,0,0,0,28,Failing To Reduce Speed To Avoid Crash,03,Following Too Closely,1,No Controls,1,No Controls,1,Clear,1,Daylight,2,"Divided, No Median Barrier",1,Dry,1,Slow,1,No Defects,O90,O17,41.8652763,-87.7888641,41.8652534,-87.7888641,1132558.38,1893964.75
33429,25 06150,2506150,X004018852,2025-11-05,10:47:00,2025-11-05 10:47:00,2025-11-06 09:23:14,Marion St/South Blvd,,MARION ST,SOUTH BLVD,0,0,0,0,Property Damage,No Injuries,Car,10,Turning (At Least One Vehicle),2,2,0,5,"Over $1,500",1,0,0,0,0,0,0,28,Failing To Reduce Speed To Avoid Crash,18,Unable To Determine,2,Stop Sign,4,Functioning Properly,1,Clear,1,Daylight,2,"Divided, No Median Barrier",1,Dry,3,Free Flow,1,No Defects,O70,O12,41.8867378,-87.8024979,41.8867378,-87.8025360,1128796.25,1901762.25
33430,25 06161,2506161,X004018847,2025-11-05,17:02:00,2025-11-05 17:02:00,2025-11-06 09:29:07,N Austin Blvd/Greenfield St,,N AUSTIN BLVD,GREENFIELD ST,1,1,0,0,Property Damage,No Injuries,Car,10,Turning (At Least One Vehicle),2,2,0,5,"Over $1,500",1,0,0,0,0,0,0,02,Failing To Yield Right-Of-Way,28,Failing To Reduce Speed To Avoid Crash,1,No Controls,1,No Controls,1,Clear,5,"Darkness, Lighted Road",15,T-Intersection,1,Dry,3,Free Flow,1,No Defects,,,41.9058800,-87.7754593,41.9058800,-87.7754898,1136113.50,1908783.88
33431,25 06163,2506163,X004018845,2025-11-05,17:07:00,2025-11-05 17:07:00,2025-11-06 09:23:14,Division St/Woodbine Ave,,DIVISION ST,WOODBINE AVE,1,1,0,0,Property Damage,No Injuries,Car,10,Turning (At Least One Vehicle),2,2,0,4,"$501 to $1,500",1,0,0,0,0,0,0,15,Driving Skills/Knowledge/Experience,20,Improper Lane Usage,3,Traffic Signal,4,Functioning Properly,1,Clear,5,"Darkness, Lighted Road",1,Not Divided,1,Dry,3,Free Flow,1,No Defects,O20,O6,41.9015999,-87.7993774,41.9016342,-87.7993774,1129612.00,1907182.88
33433,25 06174,2506174,X004019554,2025-11-06,08:12:00,2025-11-06 08:12:00,2025-11-07 08:00:28,Madison St/S East Ave,,MADISON ST,S EAST AVE,0,0,0,0,Property Damage,No Injuries,Car,11,Front To Rear,2,2,0,3,$500 or less,1,0,0,0,0,0,0,03,Following Too Closely,28,Failing To Reduce Speed To Avoid Crash,3,Traffic Signal,4,Functioning Properly,1,Clear,1,Daylight,2,"Divided, No Median Barrier",1,Dry,3,Free Flow,1,No Defects,O60,O14,41.8798218,-87.7893600,41.8798523,-87.7893600,1132389.38,1899263.88
33432,25 06175,2506175,X004019555,2025-11-06,09:01:00,2025-11-06 09:01:00,2025-11-07 07:54:38,Madison St/S Maple Ave,,MADISON ST,S MAPLE AVE,0,0,0,0,Property Damage,No Injuries,Car,15,Angle,2,2,0,5,"Over $1,500",1,0,0,0,0,0,0,02,Failing To Yield Right-Of-Way,28,Failing To Reduce Speed To Avoid Crash,1,No Controls,1,No Controls,1,Clear,1,Daylight,3,Divided With Median Barrier,1,Dry,3,Free Flow,1,No Defects,O60,O15,41.8795929,-87.8038635,41.8796196,-87.8038635,1128439.38,1899156.50
33434,25 06178,2506178,X004019557,2025-11-06,11:49:00,2025-11-06 11:49:00,2025-11-07 08:00:28,Chicago Ave/N Ridgeland Ave,,CHICAGO AVE,N RIDGELAND AVE,0,0,0,0,Injury,C Injury Crash,Car,15,Angle,2,2,0,4,"$501 to $1,500",0,1,0,0,0,1,1,02,Failing To Yield Right-Of-Way,28,Failing To Reduce Speed To Avoid Crash,1,No Controls,1,No Controls,1,Clear,1,Daylight,2,"Divided, No Median Barrier",1,Dry,3,Free Flow,1,No Defects,O30,O7,41.8945465,-87.7848740,41.8945770,-87.7848740,1133576.63,1904637.00
33435,25 06181,2506181,X004019560,2025-11-06,13:16:00,2025-11-06 13:16:00,2025-11-07 08:00:29,Roosevelt Rd/Ridgeland Ave,,ROOSEVELT RD,RIDGELAND AVE,0,0,0,0,Property Damage,No Injuries,Car,10,Turning (At Least One Vehicle),2,2,0,5,"Over $1,500",1,0,0,0,0,0,0,02,Failing To Yield Right-Of-Way,28,Failing To Reduce Speed To Avoid Crash,3,Traffic Signal,4,Functioning Properly,1,Clear,1,Daylight,2,"Divided, No Median Barrier",1,Dry,3,Free Flow,1,No Defects,O90,O16,41.8653641,-87.7839661,41.8653374,-87.7839661,1133892.13,1894004.13
33436,25 06189,2506189,X004019561,2025-11-06,15:48:00,2025-11-06 15:48:00,2025-11-07 08:00:29,840 S Lombard Ave,840,S LOMBARD AVE,,0,0,0,0,Property Damage,No Injuries,Car,9,Parked Motor Vehicle,2,2,0,5,"Over $1,500",1,0,0,0,0,0,0,28,Failing To Reduce Speed To Avoid Crash,15,Driving Skills/Knowledge/Experience,1,No Controls,1,No Controls,8,Cloudy/Overcast,1,Daylight,1,Not Divided,1,Dry,3,Free Flow,1,No Defects,O80,O13,41.8730278,-87.7793579,41.8731041,-87.7791138,1135129.63,1896805.88
33469,25 06192,2506192,X004025696,2025-11-06,15:55:00,2025-11-06 15:55:00,2025-11-11 10:58:46,Lake St/N Elmwood Ave,,LAKE ST,N ELMWOOD AVE,1,1,0,0,Property Damage,No Injuries,Car,10,Turning (At Least One Vehicle),2,2,0,5,"Over $1,500",1,0,0,0,0,0,0,02,Failing To Yield Right-Of-Way,15,Driving Skills/Knowledge/Experience,2,Stop Sign,4,Functioning Properly,1,Clear,1,Daylight,15,T-Intersection,1,Dry,3,Free Flow,1,No Defects,O30,O8,41.8883514,-87.7863312,41.8883743,-87.7863312,1133194.00,1902377.25
33437,25 06191,2506191,X004019564,2025-11-06,16:05:00,2025-11-06 16:05:00,2025-11-07 08:00:30,601 Harlem Ave,601,HARLEM AVE,,0,0,0,0,Property Damage,No Injuries,Car,12,Sideswipe - Same Direction,2,2,0,4,"$501 to $1,500",1,0,0,0,0,0,0,02,Failing To Yield Right-Of-Way,99,Not Applicable,1,No Controls,1,No Controls,1,Clear,1,Daylight,2,"Divided, No Median Barrier",1,Dry,1,Slow,1,No Defects,R82,RFPD,41.8918228,-87.8051910,41.8919869,-87.8050156,1128050.25,1903610.13
33439,25 06193,2506193,X004019565,2025-11-06,16:24:00,2025-11-06 16:24:00,2025-11-07 08:06:22,N Harlem Ave/Ontario St,,N HARLEM AVE,ONTARIO ST,1,1,0,0,Property Damage,No Injuries,Car,11,Front To Rear,2,2,0,4,"$501 to $1,500",1,0,0,0,0,0,0,28,Failing To Reduce Speed To Avoid Crash,99,Not Applicable,3,Traffic Signal,4,Functioning Properly,1,Clear,5,"Darkness, Lighted Road",1,Not Divided,1,Dry,3,Free Flow,1,No Defects,R82,RFPD,41.8905373,-87.8051605,41.8905449,-87.8051224,1128061.25,1903142.75
33452,25 06196,2506196,X004023717,2025-11-06,20:40:00,2025-11-06 20:40:00,2025-11-10 10:07:37,S Harlem Ave/I290 W,,S HARLEM AVE,I290 W,1,1,0,0,Injury,B Injury Crash,Car,10,Turning (At Least One Vehicle),2,2,0,5,"Over $1,500",0,1,0,0,2,0,2,28,Failing To Reduce Speed To Avoid Crash,06,Improper Turning/No Signal,3,Traffic Signal,4,Functioning Properly,1,Clear,5,"Darkness, Lighted Road",14,Four-Way Intersection,1,Dry,3,Free Flow,1,No Defects,O60,O15,41.8737946,-87.8044968,41.8738136,-87.8045197,1128281.50,1897042.00
33463,25 06199,2506199,X004042908,2025-11-07,05:19:00,2025-11-07 05:19:00,2025-11-10 10:19:30,Madison St/N Austin Blvd,,MADISON ST,N AUSTIN BLVD,1,1,0,0,Injury,C Injury Crash,Car,10,Turning (At Least One Vehicle),2,2,0,5,"Over $1,500",0,1,0,0,0,2,2,28,Failing To Reduce Speed To Avoid Crash,99,Not Applicable,3,Traffic Signal,4,Functioning Properly,1,Clear,5,"Darkness, Lighted Road",14,Four-Way Intersection,2,Wet,3,Free Flow,1,No Defects,O80,O13,41.8800621,-87.7746582,41.8800888,-87.7746582,1136391.38,1899377.50
33449,25 06202,2506202,X004023719,2025-11-07,08:38:00,2025-11-07 08:38:00,2025-11-10 09:55:51,S Oak Park Ave/Fillmore St,,S OAK PARK AVE,FILLMORE ST,1,1,0,0,Property Damage,No Injuries,Car,15,Angle,2,2,0,5,"Over $1,500",1,0,0,0,0,0,0,02,Failing To Yield Right-Of-Way,23,Disregarding Stop Sign,2,Stop Sign,4,Functioning Properly,1,Clear,1,Daylight,1,Not Divided,1,Dry,3,Free Flow,1,No Defects,O90,O17,41.8669891,-87.7937775,41.8669815,-87.7938156,1131215.00,1894580.88