record_id,report_number,crash_id,idot_crash_number,date,time,occurred_at,record_added_at,location,street_number,street_name,cross_street,at_intersection,intersection_related,private_property,hit_and_run,crash_severity,crash_injury_severity,crash_mode,crash_type_code,crash_type,total_units,num_motor_vehicles,dooring_pedalcyclist,damage_code,damage,no_injury_drive_away,injury_or_towed,fatalities,a_injuries,b_injuries,c_injuries,total_injured,cause1_code,cause1,cause2_code,cause2,traffic_control_code,traffic_control,device_condition_code,device_condition,weather_code,weather,lighting_code,lighting,trafficway_code,trafficway,road_surface_code,road_surface,flow_condition_code,flow_condition,road_defects_code,road_defects,beat_zone,post_district,latitude,longitude,latitude_geocoded,longitude_geocoded,state_plane_x,state_plane_y
33448,25 06208,2506208,X004023723,2025-11-07,12:33:00,2025-11-07 12:33:00,2025-11-10 10:01:39,North Blvd/Forest Ave,,NORTH BLVD,FOREST AVE,0,0,0,0,Property Damage,No Injuries,Car,16,Rear To Side,2,2,0,4,"$501 to $1,500",1,0,0,0,0,0,0,02,Failing To Yield Right-Of-Way,28,Failing To Reduce Speed To Avoid Crash,2,Stop Sign,4,Functioning Properly,1,Clear,1,Daylight,10,One-Way,1,Dry,3,Free Flow,1,No Defects,O40,O9,41.8871422,-87.8006134,41.8872528,-87.8007050,1129307.00,1901912.50
33447,25 06213,2506213,X004023726,2025-11-07,14:28:00,2025-11-07 14:28:00,2025-11-10 10:01:38,S Austin Blvd/Madison St,,S AUSTIN BLVD,MADISON ST,0,0,0,1,Property Damage,No Injuries,Car,11,Front To Rear,2,2,0,5,"Over $1,500",1,0,0,0,0,0,0,04,Improper Overtaking/Passing,28,Failing To Reduce Speed To Avoid Crash,3,Traffic Signal,4,Functioning Properly,1,Clear,1,Daylight,1,Not Divided,1,Dry,2,Stopped,1,No Defects,O80,O13,41.8800888,-87.7746963,41.8800888,-87.7746582,1136381.50,1899387.00
33454,25 06214,2506214,X004023733,2025-11-07,16:19:00,2025-11-07 16:19:00,2025-11-10 10:07:39,Fair Oaks Ave/Division St,,FAIR OAKS AVE,DIVISION ST,1,1,0,0,Property Damage,No Injuries,Car,15,Angle,3,2,0,5,"Over $1,500",0,1,0,0,0,0,0,15,Driving Skills/Knowledge/Experience,28,Failing To Reduce Speed To Avoid Crash,2,Stop Sign,4,Functioning Properly,1,Clear,1,Daylight,14,Four-Way Intersection,1,Dry,3,Free Flow,1,No Defects,O20,O5,41.9018097,-87.7884140,41.9018135,-87.7883758,1132596.13,1907278.50
33456,25 06216,2506216,X004023734,2025-11-07,18:31:00,2025-11-07 18:31:00,2025-11-10 10:13:34,S Austin Blvd/Harrison St,,S AUSTIN BLVD,HARRISON ST,1,1,0,0,Property Damage,No Injuries,Car,10,Turning (At Least One Vehicle),2,2,0,5,"Over $1,500",1,0,0,0,0,0,0,02,Failing To Yield Right-Of-Way,15,Driving Skills/Knowledge/Experience,3,Traffic Signal,4,Functioning Properly,1,Clear,1,Daylight,2,"Divided, No Median Barrier",1,Dry,3,Free Flow,1,No Defects,O80,O13,41.8727799,-87.7744522,41.8727799,-87.7744141,1136465.25,1896723.75
33450,25 06218,2506218,X004023738,2025-11-07,19:49:00,2025-11-07 19:49:00,2025-11-10 10:07:36,Garfield St/S Oak Park Ave,,GARFIELD ST,S OAK PARK AVE,1,1,0,0,Property Damage,No Injuries,Car,6,Fixed Object,2,2,0,5,"Over $1,500",1,0,0,0,0,0,0,20,Improper Lane Usage,99,Not Applicable,3,Traffic Signal,4,Functioning Properly,1,Clear,5,"Darkness, Lighted Road",14,Four-Way Intersection,1,Dry,1,Slow,1,No Defects,O90,O18,41.8719978,-87.7939911,41.8720245,-87.7939911,1131146.25,1896404.88
33458,25 06217,2506217,X004024428,2025-11-07,21:17:00,2025-11-07 21:17:00,2025-11-10 10:13:35,6405 North Ave,6405,NORTH AVE,,0,0,0,1,Injury,C Injury Crash,Car,12,Sideswipe - Same Direction,2,2,0,4,"$501 to $1,500",0,1,0,0,0,2,2,04,Improper Overtaking/Passing,28,Failing To Reduce Speed To Avoid Crash,3,Traffic Signal,4,Functioning Properly,1,Clear,4,Darkness,1,Not Divided,9,Unknown,3,Free Flow,99,Unknown,O20,O2,41.9091148,-87.7850037,41.9089775,-87.7848740,1133506.00,1909946.13
33453,25 06220,2506220,X004023863,2025-11-08,00:27:00,2025-11-08 00:27:00,2025-11-10 10:07:38,S Austin Blvd/Garfield St,,S AUSTIN BLVD,GARFIELD ST,1,1,0,0,Property Damage,No Injuries,Car,10,Turning (At Least One Vehicle),2,2,0,5,"Over $1,500",1,0,0,0,0,0,0,20,Improper Lane Usage,99,Not Applicable,3,Traffic Signal,4,Functioning Properly,1,Clear,5,"Darkness, Lighted Road",14,Four-Way Intersection,1,Dry,1,Slow,1,No Defects,O90,O16,41.8704185,-87.7743530,41.8704224,-87.7743149,1136497.13,1895864.88
33461,25 06240,2506240,X004023865,2025-11-08,16:58:00,2025-11-08 16:58:00,2025-11-10 10:07:39,S Harlem Ave/I290 Ramp W,,S HARLEM AVE,I290 RAMP W,0,0,0,0,Injury,C Injury Crash,Pedestrian,1,Pedestrian,2,1,0,4,"$501 to $1,500",0,1,0,0,0,1,1,28,Failing To Reduce Speed To Avoid Crash,99,Not Applicable,3,Traffic Signal,4,Functioning Properly,2,Rain,5,"Darkness, Lighted Road",3,Divided With Median Barrier,2,Wet,3,Free Flow,1,No Defects,O60,O15,41.8736649,-87.8044891,41.8736877,-87.8045197,1128282.13,1896995.00
33459,25 06243,2506243,X004023869,2025-11-08,20:50:00,2025-11-08 20:50:00,2025-11-10 10:13:35,646 Madison,646,MADISON,,0,0,0,1,Property Damage,No Injuries,Car,12,Sideswipe - Same Direction,2,2,0,4,"$501 to $1,500",1,0,0,0,0,0,0,04,Improper Overtaking/Passing,18,Unable To Determine,3,Traffic Signal,4,Functioning Properly,9,Unknown,1,Daylight,1,Not Divided,9,Unknown,1,Slow,1,No Defects,O60,O11,41.8798370,-87.7916183,41.8798676,-87.7917328,1131773.63,1899265.63
33457,25 06245,2506245,X004023876,2025-11-08,22:50:00,2025-11-08 22:50:00,2025-11-10 10:13:35,S Harlem Ave/I290 W,,S HARLEM AVE,I290 W,1,1,0,0,Property Damage,No Injuries,Car,10,Turning (At Least One Vehicle),4,3,0,5,"Over $1,500",1,0,0,0,0,0,0,15,Driving Skills/Knowledge/Experience,28,Failing To Reduce Speed To Avoid Crash,3,Traffic Signal,4,Functioning Properly,2,Rain,4,Darkness,3,Divided With Median Barrier,2,Wet,3,Free Flow,1,No Defects,O60,O15,41.8737946,-87.8044968,41.8738136,-87.8045197,1128281.50,1897042.00
33460,25 06242,2506242,X004023866,2025-11-08,23:29:00,2025-11-08 23:29:00,2025-11-10 10:07:38,Pleasant St/S Oak Park Ave,,PLEASANT ST,S OAK PARK AVE,1,1,0,0,Injury,A Injury Crash,Pedestrian,1,Pedestrian,2,1,0,5,"Over $1,500",0,1,0,1,0,0,1,02,Failing To Yield Right-Of-Way,14,"Vision Obscured (Signs, Tree Limbs, Buildings",3,Traffic Signal,4,Functioning Properly,2,Rain,5,"Darkness, Lighted Road",1,Not Divided,2,Wet,1,Slow,1,No Defects,O60,O11,41.8850136,-87.7944107,41.8851891,-87.7944183,1131001.38,1901147.25
33464,25 06246,2506246,X004023907,2025-11-09,01:12:00,2025-11-09 01:12:00,2025-11-10 10:19:30,S Austin Blvd/I290 W/B,,S AUSTIN BLVD,I290 W/B,0,0,0,0,Injury,C Injury Crash,Car,6,Fixed Object,1,1,0,5,"Over $1,500",0,1,0,0,0,1,1,28,Failing To Reduce Speed To Avoid Crash,11,Weather,3,Traffic Signal,4,Functioning Properly,10,Freezing Rain/Drizzle,5,"Darkness, Lighted Road",1,Not Divided,2,Wet,3,Free Flow,1,No Defects,O90,O16,41.8709297,-87.7743607,41.8712502,-87.7743378,1136494.13,1896049.75
33462,25 06252,2506252,X004023908,2025-11-09,11:35:00,2025-11-09 11:35:00,2025-11-10 10:13:36,N Oak Park Ave/Erie St,,N OAK PARK AVE,ERIE ST,1,1,0,0,Property Damage,No Injuries,Car,15,Angle,2,2,0,5,"Over $1,500",1,0,0,0,0,0,0,02,Failing To Yield Right-Of-Way,28,Failing To Reduce Speed To Avoid Crash,2,Stop Sign,4,Functioning Properly,3,Snow,1,Daylight,1,Not Divided,2,Wet,3,Free Flow,1,No Defects,O40,O9,41.8915558,-87.7946396,41.8915520,-87.7946014,1130925.00,1903530.00
33489,25 06255,2506255,X004028578,2025-11-09,20:44:00,2025-11-09 20:44:00,2025-11-13 13:31:05,S Harlem Ave/I290 Expy W,,S HARLEM AVE,I290 EXPY W,1,1,0,0,Property Damage,No Injuries,Car,11,Front To Rear,2,2,0,5,"Over $1,500",1,0,0,0,0,0,0,02,Failing To Yield Right-Of-Way,03,Following Too Closely,3,Traffic Signal,4,Functioning Properly,11,Blowing Snow,5,"Darkness, Lighted Road",2,"Divided, No Median Barrier",2,Wet,3,Free Flow,1,No Defects,O60,O15,41.8737946,-87.8044968,41.8738136,-87.8045197,1128281.50,1897042.00
33488,25 06257,2506257,X004034904,2025-11-09,21:37:00,2025-11-09 21:37:00,2025-11-13 13:36:56,S Harlem Ave/Jackson Blvd,,S HARLEM AVE,JACKSON BLVD,1,1,0,0,Property Damage,No Injuries,Car,11,Front To Rear,2,2,0,5,"Over $1,500",1,0,0,0,0,0,0,28,Failing To Reduce Speed To Avoid Crash,03,Following Too Closely,3,Traffic Signal,4,Functioning Properly,11,Blowing Snow,5,"Darkness, Lighted Road",2,"Divided, No Median Barrier",2,Wet,3,Free Flow,1,No Defects,O60,O15,41.8759766,-87.8045654,41.8759842,-87.8046036,1128256.50,1897837.00
33451,25 06260,2506260,X004023911,2025-11-10,03:35:00,2025-11-10 03:35:00,2025-11-10 10:07:37,706 N Austin Blvd,706,N AUSTIN BLVD,,0,0,0,1,Property Damage,No Injuries,Car,9,Parked Motor Vehicle,2,2,0,4,"$501 to $1,500",1,0,0,0,0,0,0,28,Failing To Reduce Speed To Avoid Crash,11,Weather,1,No Controls,1,No Controls,3,Snow,5,"Darkness, Lighted Road",1,Not Divided,3,Snow or Slush,3,Free Flow,1,No Defects,,,41.8935356,-87.7750702,41.8934898,-87.7752991,1136248.13,1904286.00
33468,25 06263,2506263,X004025695,2025-11-10,06:50:00,2025-11-10 06:50:00,2025-11-11 10:58:46,Garfield St/S Oak Park Ave,,GARFIELD ST,S OAK PARK AVE,1,1,0,0,Injury,C Injury Crash,Car,10,Turning (At Least One Vehicle),3,3,0,5,"Over $1,500",0,1,0,0,0,1,1,25,Disregarding Traffic Signals,28,Failing To Reduce Speed To Avoid Crash,3,Traffic Signal,4,Functioning Properly,8,Cloudy/Overcast,1,Daylight,2,"Divided, No Median Barrier",3,Snow or Slush,3,Free Flow,1,No Defects,O90,O18,41.8719978,-87.7939911,41.8720245,-87.7939911,1131146.25,1896404.88
33465,25 06266,2506266,X004023914,2025-11-10,09:56:00,2025-11-10 09:56:00,2025-11-10 10:59:49,Wisconsin Ave/Washington Blvd,,WISCONSIN AVE,WASHINGTON BLVD,0,0,0,1,Property Damage,No Injuries,Car,9,Parked Motor Vehicle,2,2,0,5,"Over $1,500",1,0,0,0,0,0,0,28,Failing To Reduce Speed To Avoid Crash,18,Unable To Determine,1,No Controls,1,No Controls,9,Unknown,9,Unknown,1,Not Divided,9,Unknown,3,Free Flow,99,Unknown,O70,O12,41.8814430,-87.8023376,41.8814468,-87.8023682,1128851.50,1899832.88
33470,25 06267,2506267,X004025697,2025-11-10,11:49:00,2025-11-10 11:49:00,2025-11-11 10:58:45,N Austin Blvd/Augusta St,,N AUSTIN BLVD,AUGUSTA ST,0,0,0,1,Property Damage,No Injuries,Car,11,Front To Rear,2,2,0,5,"Over $1,500",1,0,0,0,0,0,0,03,Following Too Closely,28,Failing To Reduce Speed To Avoid Crash,3,Traffic Signal,4,Functioning Properly,3,Snow,1,Daylight,14,Four-Way Intersection,3,Snow or Slush,1,Slow,1,No Defects,,,41.8983650,-87.7752228,41.8983650,-87.7752533,1136195.75,1906045.00
33472,25 06270,2506270,X004025699,2025-11-10,15:23:00,2025-11-10 15:23:00,2025-11-11 11:27:34,Washington Blvd/Kenilworth Ave,,WASHINGTON BLVD,KENILWORTH AVE,0,0,0,0,Property Damage,No Injuries,Car,11,Front To Rear,2,2,0,5,"Over $1,500",1,0,0,0,0,0,0,03,Following Too Closely,28,Failing To Reduce Speed To Avoid Crash,1,No Controls,1,No Controls,1,Clear,1,Daylight,2,"Divided, No Median Barrier",9,Unknown,3,Free Flow,99,Unknown,O70,O12,41.8815270,-87.7969742,41.8815537,-87.7969742,1130311.88,1899872.13
33473,25 06271,2506271,X004025700,2025-11-10,15:27:00,2025-11-10 15:27:00,2025-11-11 11:21:45,156 N Oak Park Ave,156,N OAK PARK AVE,,0,0,0,0,Property Damage,No Injuries,Car,11,Front To Rear,2,2,0,5,"Over $1,500",1,0,0,0,0,0,0,28,Failing To Reduce Speed To Avoid Crash,99,Not Applicable,1,No Controls,1,No Controls,1,Clear,1,Daylight,2,"Divided, No Median Barrier",1,Dry,3,Free Flow,1,No Defects,O30,O8,41.8891144,-87.7944946,41.8892593,-87.7942963,1130969.00,1902641.00
33471,25 06272,2506272,X004025698,2025-11-10,15:42:00,2025-11-10 15:42:00,2025-11-11 11:21:44,Hayes Ave/Division St,,HAYES AVE,DIVISION ST,0,0,0,0,Property Damage,No Injuries,Car,9,Parked Motor Vehicle,2,2,0,3,$500 or less,1,0,0,0,0,0,0,28,Failing To Reduce Speed To Avoid Crash,99,Not Applicable,1,No Controls,1,No Controls,1,Clear,1,Daylight,1,Not Divided,1,Dry,1,Slow,1,No Defects,O10,O4,41.9019508,-87.7790680,41.9019585,-87.7790299,1135140.25,1907346.38
33476,25 06278,2506278,X004025703,2025-11-10,17:45:00,2025-11-10 17:45:00,2025-11-11 11:27:35,S East Ave/Garfield St,,S EAST AVE,GARFIELD ST,1,1,0,0,Property Damage,No Injuries,Car,15,Angle,2,2,0,5,"Over $1,500",1,0,0,0,0,0,0,02,Failing To Yield Right-Of-Way,28,Failing To Reduce Speed To Avoid Crash,2,Stop Sign,4,Functioning Properly,1,Clear,4,Darkness,15,T-Intersection,1,Dry,1,Slow,1,No Defects,O90,O17,41.8716164,-87.7890472,41.8716087,-87.7890854,1132492.88,1896274.63
33474,25 06276,2506276,X004025701,2025-11-10,18:21:00,2025-11-10 18:21:00,2025-11-11 11:27:35,255 Augusta St,255,AUGUSTA ST,,0,0,0,0,Property Damage,No Injuries,Car,9,Parked Motor Vehicle,2,2,0,5,"Over $1,500",1,0,0,0,0,0,0,28,Failing To Reduce Speed To Avoid Crash,99,Not Applicable,1,No Controls,1,No Controls,1,Clear,4,Darkness,2,"Divided, No Median Barrier",2,Wet,3,Free Flow,1,No Defects,O10,O4,41.8982201,-87.7830887,41.8981514,-87.7826843,1134054.63,1905979.63
33511,25 06279,2506279,X004033363,2025-11-10,19:21:00,2025-11-10 19:21:00,2025-11-17 09:52:01,Garfield St/S Kenilworth Ave,,GARFIELD ST,S KENILWORTH AVE,0,0,0,0,Property Damage,No Injuries,Car,7,Other Object,2,1,0,5,"Over $1,500",0,1,0,0,0,0,0,12,Road Engineering/Surface/Marking Defects,18,Unable To Determine,1,No Controls,1,No Controls,1,Clear,5,"Darkness, Lighted Road",2,"Divided, No Median Barrier",2,Wet,3,Free Flow,7,"Rut, Holes",O90,O18,41.8722153,-87.7966156,41.8722496,-87.7966156,1130430.00,1896480.88
33477,25 06283,2506283,X004025705,2025-11-11,07:47:00,2025-11-11 07:47:00,2025-11-11 14:19:11,N. Oak Park Ave/Iowa St,,N. OAK PARK AVE,IOWA ST,1,1,0,0,Injury,B Injury Crash,Car,15,Angle,2,2,0,5,"Over $1,500",0,1,0,0,1,0,1,02,Failing To Yield Right-Of-Way,99,Not Applicable,1,No Controls,1,No Controls,8,Cloudy/Overcast,1,Daylight,2,"Divided, No Median Barrier",1,Dry,3,Free Flow,1,No Defects,O20,O6,41.8962326,-87.7947617,41.8962402,-87.7947235,1130880.25,1905235.50
33478,25 06289,2506289,X004025707,2025-11-11,13:57:00,2025-11-11 13:57:00,2025-11-11 16:19:35,N Oak Park Ave/Augusta St,,N OAK PARK AVE,AUGUSTA ST,0,0,0,0,Property Damage,No Injuries,Car,11,Front To Rear,2,2,0,4,"$501 to $1,500",1,0,0,0,0,0,0,10,Equipment - Vehicle Condition,28,Failing To Reduce Speed To Avoid Crash,3,Traffic Signal,4,Functioning Properly,1,Clear,1,Daylight,1,Not Divided,1,Dry,1,Slow,1,No Defects,O20,O6,41.8980675,-87.7948151,41.8980675,-87.7947769,1130862.75,1905903.00
33481,25 06296,2506296,X004026677,2025-11-11,14:24:00,2025-11-11 14:24:00,2025-11-12 08:45:58,1032 S Oak Park Ave,1032,S OAK PARK AVE,,0,0,0,1,Property Damage,No Injuries,Car,9,Parked Motor Vehicle,2,2,0,5,"Over $1,500",1,0,0,0,0,0,0,20,Improper Lane Usage,28,Failing To Reduce Speed To Avoid Crash,1,No Controls,1,No Controls,1,Clear,9,Unknown,1,Not Divided,1,Dry,3,Free Flow,1,No Defects,O90,O18,41.8694763,-87.7939377,41.8694305,-87.7934036,1131165.88,1895486.50
33480,25 06297,2506297,X004026679,2025-11-11,16:10:00,2025-11-11 16:10:00,2025-11-12 08:45:57,North Ave/N Humphrey Ave,,NORTH AVE,N HUMPHREY AVE,1,1,0,0,Property Damage,No Injuries,Car,15,Angle,2,2,0,5,"Over $1,500",1,0,0,0,0,0,0,02,Failing To Yield Right-Of-Way,28,Failing To Reduce Speed To Avoid Crash,1,No Controls,1,No Controls,8,Cloudy/Overcast,3,Dusk,2,"Divided, No Median Barrier",1,Dry,1,Slow,1,No Defects,O10,O1,41.9092140,-87.7769089,41.9092483,-87.7769089,1135710.63,1909996.50
33479,25 06300,2506300,X004025708,2025-11-11,18:23:00,2025-11-11 18:23:00,2025-11-12 00:27:02,S Ridgeland Ave/Washington Blvd,,S RIDGELAND AVE,WASHINGTON BLVD,0,0,0,0,Property Damage,No Injuries,Car,11,Front To Rear,2,2,0,5,"Over $1,500",1,0,0,0,0,0,0,28,Failing To Reduce Speed To Avoid Crash,18,Unable To Determine,1,No Controls,1,No Controls,1,Clear,1,Daylight,1,Not Divided,1,Dry,2,Stopped,1,No Defects,O50,O10,41.8817215,-87.7844772,41.8817253,-87.7845154,1133714.00,1899965.25
33490,25 06317,2506317,X004028579,2025-11-12,13:11:00,2025-11-12 13:11:00,2025-11-13 13:48:49,N Harlem Ave/Randolph St,,N HARLEM AVE,RANDOLPH ST,0,0,0,0,Property Damage,No Injuries,Car,11,Front To Rear,2,2,0,4,"$501 to $1,500",1,0,0,0,0,0,0,03,Following Too Closely,28,Failing To Reduce Speed To Avoid Crash,3,Traffic Signal,4,Functioning Properly,1,Clear,1,Daylight,2,"Divided, No Median Barrier",1,Dry,2,Stopped,1,No Defects,F1,FPPD,41.8832092,-87.8048935,41.8832283,-87.8048630,1128150.63,1900472.25
33484,25 06323,2506323,X004028574,2025-11-12,17:52:00,2025-11-12 17:52:00,2025-11-13 13:25:14,111 Madison St,111,MADISON ST,,0,0,0,0,Injury,C Injury Crash,Car,11,Front To Rear,2,2,0,5,"Over $1,500",0,1,0,0,0,3,3,28,Failing To Reduce Speed To Avoid Crash,15,Driving Skills/Knowledge/Experience,1,No Controls,1,No Controls,1,Clear,5,"Darkness, Lighted Road",1,Not Divided,1,Dry,1,Slow,1,No Defects,O80,O13,41.8800087,-87.7779236,41.8798332,-87.7779541,1135503.13,1899352.50
33487,25 06322,2506322,X004028577,2025-11-12,18:15:00,2025-11-12 18:15:00,2025-11-13 13:36:56,S Humphrey Ave/South Blvd,,S HUMPHREY AVE,SOUTH BLVD,0,0,0,1,Property Damage,No Injuries,Car,9,Parked Motor Vehicle,2,2,0,5,"Over $1,500",0,1,0,0,0,0,0,28,Failing To Reduce Speed To Avoid Crash,18,Unable To Determine,1,No Controls,1,No Controls,1,Clear,1,Daylight,1,Not Divided,1,Dry,3,Free Flow,1,No Defects,O50,O10,41.8870621,-87.7764816,41.8870621,-87.7765198,1135878.88,1901925.38
33497,25 06328,2506328,X004028683,2025-11-13,05:00:00,2025-11-13 05:00:00,2025-11-14 07:24:00,Roosevelt Rd/S Harlem Ave,,ROOSEVELT RD,S HARLEM AVE,1,1,0,0,Property Damage,No Injuries,Car,10,Turning (At Least One Vehicle),2,2,0,5,"Over $1,500",1,0,0,0,0,0,0,25,Disregarding Traffic Signals,99,Not Applicable,3,Traffic Signal,4,Functioning Properly,1,Clear,5,"Darkness, Lighted Road",14,Four-Way Intersection,1,Dry,1,Slow,1,No Defects,O90,O18,41.8650131,-87.8041992,41.8649864,-87.8042068,1128380.25,1893842.88
33494,25 06330,2506330,X004028583,2025-11-13,07:34:00,2025-11-13 07:34:00,2025-11-13 13:48:51,Madison St/Home Ave,,MADISON ST,HOME AVE,1,1,0,0,Injury,B Injury Crash,Pedestrian,1,Pedestrian,2,1,0,3,$500 or less,0,1,0,0,1,0,1,02,Failing To Yield Right-Of-Way,99,Not Applicable,3,Traffic Signal,4,Functioning Properly,1,Clear,1,Daylight,14,Four-Way Intersection,1,Dry,3,Free Flow,1,No Defects,O60,O15,41.8796501,-87.7998657,41.8796806,-87.7998657,1129528.50,1899183.75
33491,25 06333,2506333,X004028580,2025-11-13,07:56:00,2025-11-13 07:56:00,2025-11-13 13:48:50,Ridgeland/Lenox,,RIDGELAND,LENOX,0,0,0,0,Property Damage,No Injuries,Car,9,Parked Motor Vehicle,2,2,0,3,$500 or less,1,0,0,0,0,0,0,28,Failing To Reduce Speed To Avoid Crash,99,Not Applicable,1,No Controls,1,No Controls,1,Clear,1,Daylight,12,Alley,1,Dry,1,Slow,1,No Defects,O20,O2,41.9047623,-87.7839050,41.9047661,-87.7838745,1133815.50,1908362.75
33485,25 06331,2506331,X004028575,2025-11-13,07:59:00,2025-11-13 07:59:00,2025-11-13 13:31:06,S Oak Park Ave/Lexington St,,S OAK PARK AVE,LEXINGTON ST,1,1,0,0,Property Damage,No Injuries,Car,10,Turning (At Least One Vehicle),2,2,0,5,"Over $1,500",0,1,0,0,0,0,0,02,Failing To Yield Right-Of-Way,28,Failing To Reduce Speed To Avoid Crash,2,Stop Sign,4,Functioning Properly,1,Clear,1,Daylight,1,Not Divided,1,Dry,3,Free Flow,1,No Defects,O90,O17,41.8706436,-87.7939072,41.8706360,-87.7939453,1131171.25,1895911.75
33498,25 06332,2506332,X004028972,2025-11-13,08:13:00,2025-11-13 08:13:00,2025-11-14 07:24:00,1034 S East Ave,1034,S EAST AVE,,0,0,0,0,Property Damage,No Injuries,Car,12,Sideswipe - Same Direction,2,2,0,5,"Over $1,500",1,0,0,0,0,0,0,02,Failing To Yield Right-Of-Way,28,Failing To Reduce Speed To Avoid Crash,1,No Controls,1,No Controls,1,Clear,1,Daylight,1,Not Divided,1,Dry,3,Free Flow,1,No Defects,O90,O17,41.8694916,-87.7890472,41.8694572,-87.7888565,1132497.25,1895500.38
33493,25 06334,2506334,X004028582,2025-11-13,08:28:00,2025-11-13 08:28:00,2025-11-13 13:48:51,Roosevelt Rd/Wisconsin Ave,,ROOSEVELT RD,WISCONSIN AVE,0,0,0,0,Property Damage,No Injuries,Car,11,Front To Rear,3,3,0,5,"Over $1,500",1,0,0,0,0,0,0,28,Failing To Reduce Speed To Avoid Crash,03,Following Too Closely,1,No Controls,1,No Controls,1,Clear,1,Daylight,2,"Divided, No Median Barrier",1,Dry,3,Free Flow,1,No Defects,O90,O18,41.8650513,-87.8015976,41.8650207,-87.8017807,1129090.75,1893861.00
33486,25 06335,2506335,X004028576,2025-11-13,09:16:00,2025-11-13 09:16:00,2025-11-13 13:31:06,6 Harvard St,6,HARVARD ST,,0,0,0,1,Property Damage,No Injuries,Car,12,Sideswipe - Same Direction,2,2,0,4,"$501 to $1,500",1,0,0,0,0,0,0,20,Improper Lane Usage,28,Failing To Reduce Speed To Avoid Crash,1,No Controls,1,No Controls,1,Clear,1,Daylight,2,"Divided, No Median Barrier",1,Dry,3,Free Flow,1,No Defects,O90,O16,41.8691216,-87.7745743,41.8692131,-87.7747421,1136441.75,1895391.25
33492,25 06336,2506336,X004028581,2025-11-13,09:41:00,2025-11-13 09:41:00,2025-11-13 13:48:50,N Austin Blvd/North Ave,,N AUSTIN BLVD,NORTH AVE,1,1,0,0,Property Damage,No Injuries,Car,12,Sideswipe - Same Direction,2,2,0,3,$500 or less,1,0,0,0,0,0,0,04,Improper Overtaking/Passing,18,Unable To Determine,1,No Controls,1,No Controls,1,Clear,1,Daylight,2,"Divided, No Median Barrier",1,Dry,1,Slow,1,No Defects,,,41.9092522,-87.7755585,41.9092560,-87.7755890,1136078.00,1910012.75
33499,25 06342,2506342,X004028685,2025-11-13,15:05:00,2025-11-13 15:05:00,2025-11-14 07:24:01,Clinton Ave/South Blvvd,,CLINTON AVE,SOUTH BLVVD,0,0,0,1,Property Damage,No Injuries,Car,9,Parked Motor Vehicle,2,2,0,5,"Over $1,500",1,0,0,0,0,0,0,28,Failing To Reduce Speed To Avoid Crash,15,Driving Skills/Knowledge/Experience,1,No Controls,1,No Controls,1,Clear,9,Unknown,1,Not Divided,9,Unknown,3,Free Flow,1,No Defects,O70,O12,41.8868408,-87.7985992,41.8868370,-87.7986374,1129856.38,1901805.75
33495,25 06345,2506345,X004028687,2025-11-13,16:56:00,2025-11-13 16:56:00,2025-11-14 07:23:59,N Oak Park Ave/Lake St,,N OAK PARK AVE,LAKE ST,1,0,0,1,Property Damage,No Injuries,Car,10,Turning (At Least One Vehicle),2,2,0,4,"$501 to $1,500",1,0,0,0,0,0,0,03,Following Too Closely,28,Failing To Reduce Speed To Avoid Crash,3,Traffic Signal,4,Functioning Properly,1,Clear,1,Daylight,14,Four-Way Intersection,1,Dry,3,Free Flow,1,No Defects,O40,O9,41.8886414,-87.7945633,41.8886452,-87.7945251,1130952.25,1902468.88
33496,25 06347,2506347,X004028689,2025-11-13,18:20:00,2025-11-13 18:20:00,2025-11-14 07:23:59,Garfield St/Clarence Ave,,GARFIELD ST,CLARENCE AVE,0,0,0,0,Property Damage,No Injuries,Car,12,Sideswipe - Same Direction,2,2,0,4,"$501 to $1,500",1,0,0,0,0,0,0,02,Failing To Yield Right-Of-Way,99,Not Applicable,1,No Controls,1,No Controls,1,Clear,5,"Darkness, Lighted Road",1,Not Divided,1,Dry,1,Slow,1,No Defects,O90,O17,41.8717461,-87.7903061,41.8717155,-87.7903137,1132149.88,1896319.13
33501,25 06351,2506351,X004029007,2025-11-13,20:06:00,2025-11-13 20:06:00,2025-11-14 09:53:37,South Blvd/Lombard,,SOUTH BLVD,LOMBARD,1,0,0,1,Injury,B Injury Crash,Car,11,Front To Rear,2,2,0,4,"$501 to $1,500",0,1,0,0,2,0,2,03,Following Too Closely,99,Not Applicable,2,Stop Sign,4,Functioning Properly,1,Clear,5,"Darkness, Lighted Road",1,Not Divided,1,Dry,3,Free Flow,1,No Defects,O50,O10,41.8870468,-87.7797699,41.8870697,-87.7797699,1134983.13,1901913.00
33512,25 06354,2506354,X004032158,2025-11-14,07:37:00,2025-11-14 07:37:00,2025-11-17 09:46:10,Thomas St/N Oak Park Ave,,THOMAS ST,N OAK PARK AVE,1,1,0,0,Property Damage,No Injuries,Pedalcyclist,2,Pedalcyclist,2,1,0,3,$500 or less,1,0,0,0,0,0,0,18,Unable To Determine,02,Failing To Yield Right-Of-Way,1,No Controls,1,No Controls,1,Clear,1,Daylight,2,"Divided, No Median Barrier",1,Dry,3,Free Flow,1,No Defects,O20,O5,41.8997040,-87.7948151,41.8998795,-87.7948227,1130858.63,1906500.50