record_id,report_number,crash_id,idot_crash_number,date,time,occurred_at,record_added_at,location,street_number,street_name,cross_street,at_intersection,intersection_related,private_property,hit_and_run,crash_severity,crash_injury_severity,crash_mode,crash_type_code,crash_type,total_units,num_motor_vehicles,dooring_pedalcyclist,damage_code,damage,no_injury_drive_away,injury_or_towed,fatalities,a_injuries,b_injuries,c_injuries,total_injured,cause1_code,cause1,cause2_code,cause2,traffic_control_code,traffic_control,device_condition_code,device_condition,weather_code,weather,lighting_code,lighting,trafficway_code,trafficway,road_surface_code,road_surface,flow_condition_code,flow_condition,road_defects_code,road_defects,beat_zone,post_district,latitude,longitude,latitude_geocoded,longitude_geocoded,state_plane_x,state_plane_y
33509,25 06359,2506359,X004032171,2025-11-14,08:48:00,2025-11-14 08:48:00,2025-11-17 09:52:00,S Harlem Ave/Harvard,,S HARLEM AVE,HARVARD,0,0,0,0,Property Damage,No Injuries,Car,12,Sideswipe - Same Direction,2,2,0,3,$500 or less,1,0,0,0,0,0,0,20,Improper Lane Usage,99,Not Applicable,1,No Controls,1,No Controls,1,Clear,1,Daylight,1,Not Divided,1,Dry,3,Free Flow,1,No Defects,O90,O18,41.8686790,-87.8043060,41.8686943,-87.8043366,1128344.38,1895178.63
33502,25 06360,2506360,X004029796,2025-11-14,08:58:00,2025-11-14 08:58:00,2025-11-14 11:20:12,N Harlem Ave/South Blvd,,N HARLEM AVE,SOUTH BLVD,0,0,0,1,Property Damage,No Injuries,Car,12,Sideswipe - Same Direction,2,2,0,3,$500 or less,1,0,0,0,0,0,0,28,Failing To Reduce Speed To Avoid Crash,99,Not Applicable,3,Traffic Signal,4,Functioning Properly,1,Clear,1,Daylight,2,"Divided, No Median Barrier",1,Dry,3,Free Flow,1,No Defects,F1,FPPD,41.8866921,-87.8050156,41.8867111,-87.8049927,1128109.63,1901740.13
33514,25 06367,2506367,X004032178,2025-11-14,15:12:00,2025-11-14 15:12:00,2025-11-17 09:58:02,N Kenilworth Ave/North Ave,,N KENILWORTH AVE,NORTH AVE,0,0,0,1,Property Damage,No Injuries,Car,9,Parked Motor Vehicle,2,2,0,5,"Over $1,500",1,0,0,0,0,0,0,18,Unable To Determine,18,Unable To Determine,1,No Controls,1,No Controls,1,Clear,1,Daylight,3,Divided With Median Barrier,1,Dry,1,Slow,1,No Defects,O20,O3,41.9089813,-87.7979736,41.9089775,-87.7982559,1129977.88,1909874.75
33542,25 06465,2506465,X004037611,2025-11-14,15:36:00,2025-11-14 15:36:00,2025-11-21 07:24:20,Home Ave/Madison St,,HOME AVE,MADISON ST,0,0,0,0,Property Damage,No Injuries,Car,9,Parked Motor Vehicle,2,2,0,3,$500 or less,1,0,0,0,0,0,0,02,Failing To Yield Right-Of-Way,28,Failing To Reduce Speed To Avoid Crash,1,No Controls,1,No Controls,9,Unknown,9,Unknown,1,Not Divided,9,Unknown,3,Free Flow,99,Unknown,O70,O12,41.8796806,-87.7998352,41.8796806,-87.7998657,1129537.13,1899194.63
33507,25 06368,2506368,X004032179,2025-11-14,16:21:00,2025-11-14 16:21:00,2025-11-17 09:23:03,N Oak Park Ave/Le Moyne Pkwy,,N OAK PARK AVE,LE MOYNE PKWY,1,1,0,0,Injury,B Injury Crash,Car,10,Turning (At Least One Vehicle),2,2,0,5,"Over $1,500",0,1,0,0,1,0,1,02,Failing To Yield Right-Of-Way,28,Failing To Reduce Speed To Avoid Crash,2,Stop Sign,4,Functioning Properly,1,Clear,3,Dusk,14,Four-Way Intersection,1,Dry,1,Slow,1,No Defects,O20,O3,41.9071846,-87.7950439,41.9071846,-87.7950058,1130778.38,1909225.63
33510,25 06371,2506371,X004032184,2025-11-14,17:20:00,2025-11-14 17:20:00,2025-11-17 09:52:00,Garfield St/S Lombard Ave,,GARFIELD ST,S LOMBARD AVE,1,1,0,0,Property Damage,No Injuries,Car,15,Angle,2,2,0,5,"Over $1,500",1,0,0,0,0,0,0,02,Failing To Yield Right-Of-Way,99,Not Applicable,2,Stop Sign,4,Functioning Properly,1,Clear,5,"Darkness, Lighted Road",1,Not Divided,1,Dry,3,Free Flow,1,No Defects,O90,O16,41.8707581,-87.7792358,41.8707886,-87.7792358,1135166.13,1895978.38
33513,25 06373,2506373,X004032189,2025-11-14,21:33:00,2025-11-14 21:33:00,2025-11-17 09:58:01,Roosevelt/S Kenilworth,,ROOSEVELT,S KENILWORTH,1,0,0,1,Injury,B Injury Crash,Car,10,Turning (At Least One Vehicle),2,2,0,5,"Over $1,500",0,1,0,0,1,1,2,18,Unable To Determine,18,Unable To Determine,1,No Controls,1,No Controls,1,Clear,3,Dusk,1,Not Divided,1,Dry,1,Slow,1,No Defects,O90,O18,41.8651428,-87.7963638,41.8651199,-87.7963715,1130514.50,1893903.50
33515,25 06405,2506405,X004032328,2025-11-15,13:26:00,2025-11-15 13:26:00,2025-11-17 09:58:02,1129 Lake St,1129,LAKE ST,,0,0,0,1,Property Damage,No Injuries,Car,9,Parked Motor Vehicle,2,2,0,4,"$501 to $1,500",1,0,0,0,0,0,0,18,Unable To Determine,18,Unable To Determine,1,No Controls,1,No Controls,1,Clear,1,Daylight,2,"Divided, No Median Barrier",1,Dry,3,Free Flow,1,No Defects,O40,O9,41.8885727,-87.8039627,41.8884849,-87.8039093,1128393.50,1902428.50
33517,25 06389,2506389,X004032214,2025-11-15,16:46:00,2025-11-15 16:46:00,2025-11-17 09:58:03,N Ridgeland Ave/Chicago,,N RIDGELAND AVE,CHICAGO,0,0,0,0,Property Damage,No Injuries,Car,9,Parked Motor Vehicle,2,2,0,4,"$501 to $1,500",1,0,0,0,0,0,0,02,Failing To Yield Right-Of-Way,18,Unable To Determine,1,No Controls,1,No Controls,1,Clear,1,Daylight,1,Not Divided,1,Dry,3,Free Flow,1,No Defects,O30,O8,41.8945694,-87.7849121,41.8945770,-87.7848740,1133565.38,1904645.88
33518,25 06390,2506390,X004032218,2025-11-15,16:53:00,2025-11-15 16:53:00,2025-11-17 09:58:04,Roosevelt Rd/Kenilworth Ave,,ROOSEVELT RD,KENILWORTH AVE,1,1,0,0,Injury,C Injury Crash,Car,10,Turning (At Least One Vehicle),2,2,0,5,"Over $1,500",0,1,0,0,0,3,3,02,Failing To Yield Right-Of-Way,28,Failing To Reduce Speed To Avoid Crash,1,No Controls,1,No Controls,8,Cloudy/Overcast,5,"Darkness, Lighted Road",2,"Divided, No Median Barrier",1,Dry,3,Free Flow,1,No Defects,O90,O18,41.8651428,-87.7963638,41.8651199,-87.7963715,1130514.50,1893903.50
33508,25 06399,2506399,X004032261,2025-11-16,03:38:00,2025-11-16 03:38:00,2025-11-17 09:46:11,623 N Oak Park Ave,623,N OAK PARK AVE,,0,0,0,0,Property Damage,No Injuries,Car,11,Front To Rear,2,2,0,5,"Over $1,500",0,1,0,0,0,0,0,20,Improper Lane Usage,28,Failing To Reduce Speed To Avoid Crash,1,No Controls,1,No Controls,1,Clear,5,"Darkness, Lighted Road",1,Not Divided,1,Dry,3,Free Flow,1,No Defects,O20,O6,41.8970451,-87.7947846,41.8971062,-87.7950592,1130872.25,1905531.63
33564,25 06400,2506400,X004042526,2025-11-16,04:25:00,2025-11-16 04:25:00,2025-11-25 08:54:03,1416 N Austin Blvd,1416,N AUSTIN BLVD,,0,0,0,0,Injury,C Injury Crash,Car,9,Parked Motor Vehicle,4,3,0,5,"Over $1,500",0,1,0,0,0,1,1,17,Physical Condition Of Driver,28,Failing To Reduce Speed To Avoid Crash,1,No Controls,1,No Controls,1,Clear,5,"Darkness, Lighted Road",1,Not Divided,1,Dry,3,Free Flow,1,No Defects,O10,O1,41.9064751,-87.7754745,41.9064941,-87.7757416,1136106.38,1909001.25
33516,25 06408,2506408,X004032332,2025-11-16,18:00:00,2025-11-16 18:00:00,2025-11-17 09:58:03,S Lombard Ave/Jackson Blvd,,S LOMBARD AVE,JACKSON BLVD,1,1,0,1,Property Damage,No Injuries,Car,13,Sideswipe - Opposite Direction,2,2,0,5,"Over $1,500",1,0,0,0,0,0,0,10,Equipment - Vehicle Condition,99,Not Applicable,1,No Controls,1,No Controls,1,Clear,5,"Darkness, Lighted Road",1,Not Divided,1,Dry,3,Free Flow,1,No Defects,O80,O13,41.8764000,-87.7794037,41.8763237,-87.7794342,1135109.50,1898034.38
33519,25 06410,2506410,X004032334,2025-11-16,19:58:00,2025-11-16 19:58:00,2025-11-17 09:58:05,21 Harrison,21,HARRISON,,0,0,0,0,Property Damage,No Injuries,Car,10,Turning (At Least One Vehicle),2,2,0,4,"$501 to $1,500",1,0,0,0,0,0,0,18,Unable To Determine,99,Not Applicable,1,No Controls,1,No Controls,8,Cloudy/Overcast,5,"Darkness, Lighted Road",2,"Divided, No Median Barrier",1,Dry,3,Free Flow,1,No Defects,O80,O13,41.8727379,-87.7755051,41.8726692,-87.7753906,1136179.75,1896707.00
33522,25 06416,2506416,X004033809,2025-11-17,08:16:00,2025-11-17 08:16:00,2025-11-18 08:39:47,Ridgeland/North Ave,,RIDGELAND,NORTH AVE,0,0,0,0,Injury,B Injury Crash,Pedestrian,1,Pedestrian,2,1,0,3,$500 or less,0,1,0,0,1,0,1,28,Failing To Reduce Speed To Avoid Crash,02,Failing To Yield Right-Of-Way,3,Traffic Signal,4,Functioning Properly,1,Clear,1,Daylight,2,"Divided, No Median Barrier",1,Dry,1,Slow,1,No Defects,,,41.9091606,-87.7834091,41.9091644,-87.7833710,1133941.38,1909965.38
33523,25 06431,2506431,X004033813,2025-11-17,19:51:00,2025-11-17 19:51:00,2025-11-18 08:39:48,S Harvey Ave/Madison,,S HARVEY AVE,MADISON,0,0,0,1,Property Damage,No Injuries,Car,9,Parked Motor Vehicle,2,2,0,4,"$501 to $1,500",1,0,0,0,0,0,0,18,Unable To Determine,99,Not Applicable,1,No Controls,1,No Controls,9,Unknown,9,Unknown,1,Not Divided,9,Unknown,3,Free Flow,1,No Defects,O80,O13,41.8799858,-87.7811508,41.8799896,-87.7807999,1134623.13,1899338.38
33527,25 06436,2506436,X004034928,2025-11-18,13:07:00,2025-11-18 13:07:00,2025-11-19 08:36:29,Lake St/N Harlem Ave,,LAKE ST,N HARLEM AVE,0,1,0,0,Property Damage,No Injuries,Car,12,Sideswipe - Same Direction,2,2,0,4,"$501 to $1,500",1,0,0,0,0,0,0,20,Improper Lane Usage,28,Failing To Reduce Speed To Avoid Crash,3,Traffic Signal,4,Functioning Properly,1,Clear,1,Daylight,2,"Divided, No Median Barrier",1,Dry,1,Slow,1,No Defects,O40,O9,41.8885536,-87.8050537,41.8885841,-87.8050537,1128096.13,1902419.63
33530,25 06439,2506439,X004034927,2025-11-18,14:26:00,2025-11-18 14:26:00,2025-11-19 08:36:30,N Harlem Ave/Augusta St,,N HARLEM AVE,AUGUSTA ST,0,0,0,0,Property Damage,No Injuries,Car,12,Sideswipe - Same Direction,2,2,0,5,"Over $1,500",1,0,0,0,0,0,0,20,Improper Lane Usage,99,Not Applicable,1,No Controls,1,No Controls,1,Clear,1,Daylight,1,Not Divided,1,Dry,3,Free Flow,1,No Defects,R82,RFPD,41.8978958,-87.8054199,41.8978996,-87.8053818,1127974.75,1905822.13
33531,25 06443,2506443,X004034942,2025-11-18,16:42:00,2025-11-18 16:42:00,2025-11-19 08:36:30,6909 North Ave,6909,NORTH AVE,,0,0,0,0,Property Damage,No Injuries,Car,11,Front To Rear,2,2,0,5,"Over $1,500",1,0,0,0,0,0,0,28,Failing To Reduce Speed To Avoid Crash,11,Weather,1,No Controls,1,No Controls,2,Rain,5,"Darkness, Lighted Road",3,Divided With Median Barrier,2,Wet,1,Slow,1,No Defects,O20,O3,41.9089394,-87.7991409,41.9087601,-87.7989883,1129658.88,1909857.75
33532,25 06444,2506444,X004034950,2025-11-18,16:45:00,2025-11-18 16:45:00,2025-11-19 08:36:31,S East Ave/Harrison St,,S EAST AVE,HARRISON ST,0,0,0,1,Property Damage,No Injuries,Car,9,Parked Motor Vehicle,2,2,0,5,"Over $1,500",1,0,0,0,0,0,0,28,Failing To Reduce Speed To Avoid Crash,04,Improper Overtaking/Passing,1,No Controls,1,No Controls,1,Clear,1,Daylight,1,Not Divided,1,Dry,3,Free Flow,1,No Defects,O60,O14,41.8725624,-87.7890854,41.8725624,-87.7891159,1132481.88,1896619.88
33525,25 06451,2506451,X004034952,2025-11-18,22:40:00,2025-11-18 22:40:00,2025-11-19 08:30:33,S Austin Blvd/Garfield St,,S AUSTIN BLVD,GARFIELD ST,1,1,0,1,Property Damage,No Injuries,Car,12,Sideswipe - Same Direction,2,2,0,5,"Over $1,500",1,0,0,0,0,0,0,04,Improper Overtaking/Passing,99,Not Applicable,3,Traffic Signal,4,Functioning Properly,1,Clear,5,"Darkness, Lighted Road",14,Four-Way Intersection,1,Dry,1,Slow,1,No Defects,O90,O16,41.8704185,-87.7743530,41.8704224,-87.7743149,1136497.13,1895864.88
33526,25 06452,2506452,X004034955,2025-11-18,22:59:00,2025-11-18 22:59:00,2025-11-19 08:30:34,Lake St/N Kenilworth Ave,,LAKE ST,N KENILWORTH AVE,0,0,0,1,Property Damage,No Injuries,Car,9,Parked Motor Vehicle,2,2,0,5,"Over $1,500",1,0,0,0,0,0,0,18,Unable To Determine,99,Not Applicable,1,No Controls,1,No Controls,9,Unknown,9,Unknown,1,Not Divided,9,Unknown,,,1,No Defects,O40,O9,41.8886719,-87.7971573,41.8886986,-87.7975082,1130245.50,1902475.38
33533,25 06455,2506455,X004035830,2025-11-19,07:55:00,2025-11-19 07:55:00,2025-11-19 17:08:44,1013 South Blvd,1013,SOUTH BLVD,,0,0,0,0,Property Damage,No Injuries,Car,12,Sideswipe - Same Direction,2,2,0,3,$500 or less,1,0,0,0,0,0,0,04,Improper Overtaking/Passing,99,Not Applicable,1,No Controls,1,No Controls,8,Cloudy/Overcast,1,Daylight,1,Not Divided,1,Dry,1,Slow,1,No Defects,O70,O12,41.8867378,-87.8007584,41.8866921,-87.8008423,1129268.00,1901765.13
33534,25 06460,2506460,X004035831,2025-11-19,12:31:00,2025-11-19 12:31:00,2025-11-19 17:08:44,North Ave/N Ridgeland Ave,,NORTH AVE,N RIDGELAND AVE,1,1,0,0,Property Damage,No Injuries,Car,6,Fixed Object,3,1,0,5,"Over $1,500",0,1,0,0,0,0,0,28,Failing To Reduce Speed To Avoid Crash,15,Driving Skills/Knowledge/Experience,3,Traffic Signal,4,Functioning Properly,8,Cloudy/Overcast,1,Daylight,14,Four-Way Intersection,1,Dry,1,Slow,1,No Defects,O10,O1,41.9091339,-87.7833710,41.9091644,-87.7833710,1133952.25,1909956.38
33536,25 06468,2506468,X004036050,2025-11-19,21:46:00,2025-11-19 21:46:00,2025-11-20 08:55:45,803 Lake St,803,LAKE ST,,0,0,0,0,Property Damage,No Injuries,Car,12,Sideswipe - Same Direction,2,2,0,5,"Over $1,500",1,0,0,0,0,0,0,18,Unable To Determine,18,Unable To Determine,1,No Controls,1,No Controls,1,Clear,5,"Darkness, Lighted Road",1,Not Divided,1,Dry,3,Free Flow,1,No Defects,O40,O9,41.8886185,-87.7946091,41.8885574,-87.7949982,1130940.25,1902460.63
33537,25 06471,2506471,X004036074,2025-11-20,07:20:00,2025-11-20 07:20:00,2025-11-20 09:24:36,N Oak Park Ave/Division St,,N OAK PARK AVE,DIVISION ST,1,1,0,0,Property Damage,No Injuries,Car,11,Front To Rear,2,2,0,4,"$501 to $1,500",1,0,0,0,0,0,0,03,Following Too Closely,28,Failing To Reduce Speed To Avoid Crash,3,Traffic Signal,4,Functioning Properly,8,Cloudy/Overcast,1,Daylight,14,Four-Way Intersection,1,Dry,1,Slow,1,No Defects,O20,O6,41.9017029,-87.7949066,41.9017067,-87.7948685,1130829.63,1907227.50
33557,25 06472,2506472,X004040066,2025-11-20,07:21:00,2025-11-20 07:21:00,2025-11-24 09:18:02,Madison St/Ridgeland Ave,,MADISON ST,RIDGELAND AVE,0,0,0,0,Injury,B Injury Crash,Car,11,Front To Rear,2,2,0,5,"Over $1,500",0,1,0,0,1,0,1,45,Cell Phone Use Other Than Texting,28,Failing To Reduce Speed To Avoid Crash,3,Traffic Signal,4,Functioning Properly,8,Cloudy/Overcast,1,Daylight,14,Four-Way Intersection,1,Dry,1,Slow,1,No Defects,O80,O13,41.8799019,-87.7844620,41.8799324,-87.7844620,1133723.63,1899302.88
33548,25 06497,2506497,X004037601,2025-11-20,12:32:00,2025-11-20 12:32:00,2025-11-21 16:24:57,Madison St/S Lombard Ave,,MADISON ST,S LOMBARD AVE,1,1,0,0,Property Damage,No Injuries,Car,10,Turning (At Least One Vehicle),2,2,0,5,"Over $1,500",1,0,0,0,0,0,0,06,Improper Turning/No Signal,28,Failing To Reduce Speed To Avoid Crash,3,Traffic Signal,4,Functioning Properly,1,Clear,1,Daylight,2,"Divided, No Median Barrier",1,Dry,3,Free Flow,1,No Defects,O80,O13,41.8799973,-87.7795563,41.8800240,-87.7795563,1135058.63,1899344.50
33547,25 06498,2506498,X004037596,2025-11-20,12:43:00,2025-11-20 12:43:00,2025-11-21 16:24:57,S Ridgeland Ave/Jackson Blvd,,S RIDGELAND AVE,JACKSON BLVD,0,0,0,0,Injury,B Injury Crash,Car,11,Front To Rear,2,2,0,5,"Over $1,500",0,1,0,0,1,0,1,28,Failing To Reduce Speed To Avoid Crash,03,Following Too Closely,3,Traffic Signal,3,Functioning Improperly,1,Clear,1,Daylight,2,"Divided, No Median Barrier",1,Dry,3,Free Flow,1,No Defects,O80,O13,41.8762855,-87.7843094,41.8762817,-87.7843475,1133773.38,1897984.50
33544,25 06478,2506478,X004037174,2025-11-20,13:22:00,2025-11-20 13:22:00,2025-11-21 07:24:21,Roosevelt Rd/S Maple Ave,,ROOSEVELT RD,S MAPLE AVE,1,1,0,0,Property Damage,No Injuries,Car,10,Turning (At Least One Vehicle),2,2,0,5,"Over $1,500",1,0,0,0,0,0,0,02,Failing To Yield Right-Of-Way,28,Failing To Reduce Speed To Avoid Crash,1,No Controls,1,No Controls,8,Cloudy/Overcast,1,Daylight,14,Four-Way Intersection,1,Dry,1,Slow,1,No Defects,O90,O18,41.8650284,-87.8033371,41.8650017,-87.8033447,1128615.13,1893849.88
33541,25 06483,2506483,X004037181,2025-11-20,16:09:00,2025-11-20 16:09:00,2025-11-21 07:24:19,Madison St/S Oak Park Ave,,MADISON ST,S OAK PARK AVE,0,0,0,0,Property Damage,No Injuries,Car,15,Angle,2,2,0,5,"Over $1,500",1,0,0,0,0,0,0,02,Failing To Yield Right-Of-Way,15,Driving Skills/Knowledge/Experience,1,No Controls,1,No Controls,8,Cloudy/Overcast,5,"Darkness, Lighted Road",1,Not Divided,1,Dry,1,Slow,1,No Defects,O60,O14,41.8797417,-87.7942505,41.8797722,-87.7942581,1131056.50,1899226.38
33549,25 06490,2506490,X004037609,2025-11-21,07:44:00,2025-11-21 07:44:00,2025-11-21 16:18:56,Marion Ct/Ontario St,,MARION CT,ONTARIO ST,0,0,0,0,Property Damage,No Injuries,Car,18,Rear To Front,2,2,0,4,"$501 to $1,500",1,0,0,0,0,0,0,30,Improper Backing,28,Failing To Reduce Speed To Avoid Crash,1,No Controls,4,Functioning Properly,1,Clear,1,Daylight,1,Not Divided,1,Dry,3,Free Flow,1,No Defects,O40,O9,41.8906097,-87.8019257,41.8906097,-87.8019638,1128943.13,1903173.00
33546,25 06495,2506495,X004037607,2025-11-21,11:31:00,2025-11-21 11:31:00,2025-11-21 16:24:55,Adams St/S Lombard Ave,,ADAMS ST,S LOMBARD AVE,1,1,0,0,Property Damage,No Injuries,Car,15,Angle,2,2,0,4,"$501 to $1,500",0,1,0,0,0,0,0,28,Failing To Reduce Speed To Avoid Crash,15,Driving Skills/Knowledge/Experience,2,Stop Sign,4,Functioning Properly,1,Clear,1,Daylight,14,Four-Way Intersection,1,Dry,3,Free Flow,1,No Defects,O80,O13,41.8781281,-87.7794952,41.8781624,-87.7794952,1135080.63,1898664.63
33550,25 06496,2506496,X004037605,2025-11-21,13:02:00,2025-11-21 13:02:00,2025-11-21 16:24:58,128 Madison St,128,MADISON ST,,0,0,0,0,Property Damage,No Injuries,Car,9,Parked Motor Vehicle,2,2,0,4,"$501 to $1,500",1,0,0,0,0,0,0,04,Improper Overtaking/Passing,28,Failing To Reduce Speed To Avoid Crash,3,Traffic Signal,4,Functioning Properly,1,Clear,1,Daylight,2,"Divided, No Median Barrier",1,Dry,3,Free Flow,1,No Defects,O80,O13,41.8800545,-87.7791748,41.8801956,-87.7792206,1135161.25,1899366.38
33556,25 06501,2506501,X004040067,2025-11-21,16:47:00,2025-11-21 16:47:00,2025-11-24 09:12:09,N Ridgeland Ave/Division St,,N RIDGELAND AVE,DIVISION ST,0,0,0,0,Property Damage,No Injuries,Car,12,Sideswipe - Same Direction,2,2,0,5,"Over $1,500",1,0,0,0,0,0,0,20,Improper Lane Usage,99,Not Applicable,3,Traffic Signal,4,Functioning Properly,1,Clear,5,"Darkness, Lighted Road",1,Not Divided,1,Dry,2,Stopped,1,No Defects,O20,O2,41.9018860,-87.7849121,41.9018860,-87.7848740,1133548.63,1907311.13
33554,25 06502,2506502,X004040068,2025-11-21,17:01:00,2025-11-21 17:01:00,2025-11-24 09:18:01,S Ridgeland Ave/Jackson Blvd,,S RIDGELAND AVE,JACKSON BLVD,0,0,0,1,Property Damage,No Injuries,Car,11,Front To Rear,2,2,0,4,"$501 to $1,500",1,0,0,0,0,0,0,28,Failing To Reduce Speed To Avoid Crash,03,Following Too Closely,3,Traffic Signal,4,Functioning Properly,1,Clear,4,Darkness,1,Not Divided,1,Dry,1,Slow,1,No Defects,O80,O13,41.8762855,-87.7843094,41.8762817,-87.7843475,1133773.38,1897984.50
33559,25 06506,2506506,X004040069,2025-11-21,19:28:00,2025-11-21 19:28:00,2025-11-24 09:29:34,S Austin Blvd/Harrison St,,S AUSTIN BLVD,HARRISON ST,0,0,0,0,Property Damage,No Injuries,Car,14,Front To Front,2,2,0,5,"Over $1,500",1,0,0,0,0,0,0,04,Improper Overtaking/Passing,18,Unable To Determine,3,Traffic Signal,4,Functioning Properly,1,Clear,5,"Darkness, Lighted Road",2,"Divided, No Median Barrier",1,Dry,3,Free Flow,1,No Defects,O80,O13,41.8727799,-87.7744522,41.8727799,-87.7744141,1136465.25,1896723.75
33553,25 06507,2506507,X004040078,2025-11-21,20:01:00,2025-11-21 20:01:00,2025-11-24 09:18:01,229 Harrison St,229,HARRISON ST,,0,0,0,1,Property Damage,No Injuries,Car,11,Front To Rear,3,3,0,4,"$501 to $1,500",0,1,0,0,0,0,0,04,Improper Overtaking/Passing,08,Under The Influence Of Alc/Drugs-Use For Dui,1,No Controls,1,No Controls,1,Clear,5,"Darkness, Lighted Road",1,Not Divided,1,Dry,3,Free Flow,1,No Defects,O80,O13,41.8726578,-87.7805099,41.8725815,-87.7807770,1134816.25,1896669.88
33558,25 06512,2506512,X004040074,2025-11-22,10:26:00,2025-11-22 10:26:00,2025-11-24 09:23:45,Washington Blvd/S East Ave,,WASHINGTON BLVD,S EAST AVE,0,0,0,0,Property Damage,No Injuries,Car,15,Angle,2,2,0,5,"Over $1,500",1,0,0,0,0,0,0,02,Failing To Yield Right-Of-Way,28,Failing To Reduce Speed To Avoid Crash,3,Traffic Signal,4,Functioning Properly,1,Clear,1,Daylight,1,Not Divided,1,Dry,3,Free Flow,1,No Defects,O60,O11,41.8816071,-87.7894058,41.8816338,-87.7894134,1132371.63,1899914.88
33561,25 06540,2506540,X004041427,2025-11-24,07:56:00,2025-11-24 07:56:00,2025-11-25 08:54:01,700 Division St,700,DIVISION ST,,0,0,0,1,Property Damage,No Injuries,Pedalcyclist,2,Pedalcyclist,2,1,0,3,$500 or less,1,0,0,0,0,0,0,02,Failing To Yield Right-Of-Way,18,Unable To Determine,1,No Controls,1,No Controls,1,Clear,1,Daylight,12,Alley,1,Dry,1,Slow,1,No Defects,O20,O2,41.9017601,-87.7930374,41.9017906,-87.7931137,1131336.00,1907252.63
33562,25 06554,2506554,X004041430,2025-11-24,16:31:00,2025-11-24 16:31:00,2025-11-25 08:54:02,S Ridgeland Ave/Roosevelt Rd,,S RIDGELAND AVE,ROOSEVELT RD,1,1,0,0,Injury,A Injury Crash,Car,10,Turning (At Least One Vehicle),2,2,0,5,"Over $1,500",0,1,0,1,0,0,1,04,Improper Overtaking/Passing,28,Failing To Reduce Speed To Avoid Crash,3,Traffic Signal,4,Functioning Properly,8,Cloudy/Overcast,5,"Darkness, Lighted Road",14,Four-Way Intersection,1,Dry,3,Free Flow,1,No Defects,O90,O16,41.8653374,-87.7839279,41.8653374,-87.7839661,1133901.50,1893995.88
33560,25 06555,2506555,X004041432,2025-11-24,16:41:00,2025-11-24 16:41:00,2025-11-24 19:15:30,S Ridgeland Ave/Roosevelt Rd,,S RIDGELAND AVE,ROOSEVELT RD,0,0,0,0,Property Damage,No Injuries,Car,9,Parked Motor Vehicle,2,2,0,3,$500 or less,1,0,0,0,0,0,0,28,Failing To Reduce Speed To Avoid Crash,99,Not Applicable,3,Traffic Signal,4,Functioning Properly,1,Clear,5,"Darkness, Lighted Road",14,Four-Way Intersection,1,Dry,1,Slow,1,No Defects,O90,O16,41.8653374,-87.7839279,41.8653374,-87.7839661,1133901.50,1893995.88
34034,25 06560,2506560,X004123472,2025-11-24,23:53:00,2025-11-24 23:53:00,2026-02-02 11:09:32,421 S Oak Park Ave,421,S OAK PARK AVE,,0,0,0,1,Property Damage,No Injuries,Car,9,Parked Motor Vehicle,2,2,0,5,"Over $1,500",0,1,0,0,0,0,0,18,Unable To Determine,99,Not Applicable,1,No Controls,1,No Controls,1,Clear,5,"Darkness, Lighted Road",1,Not Divided,1,Dry,3,Free Flow,1,No Defects,O60,O11,41.8808784,-87.7942581,41.8808441,-87.7944870,1131053.63,1899640.25
33563,25 06561,2506561,X004041433,2025-11-25,04:26:00,2025-11-25 04:26:00,2025-11-25 08:54:02,434 S Maple Ave,434,S MAPLE AVE,,0,0,0,1,Property Damage,No Injuries,Car,9,Parked Motor Vehicle,2,2,0,5,"Over $1,500",1,0,0,0,0,0,0,18,Unable To Determine,99,Not Applicable,1,No Controls,1,No Controls,1,Clear,5,"Darkness, Lighted Road",1,Not Divided,2,Wet,3,Free Flow,1,No Defects,O70,O12,41.8801498,-87.8039169,41.8801842,-87.8034439,1128423.50,1899359.38
33568,25 06562,2506562,X004042530,2025-11-25,08:00:00,2025-11-25 08:00:00,2025-11-25 16:21:40,Chicago Ave/N East Ave,,CHICAGO AVE,N EAST AVE,0,0,0,0,Property Damage,No Injuries,Car,15,Angle,2,2,0,5,"Over $1,500",1,0,0,0,0,0,0,02,Failing To Yield Right-Of-Way,99,Not Applicable,1,No Controls,1,No Controls,2,Rain,1,Daylight,1,Not Divided,2,Wet,1,Slow,1,No Defects,O30,O8,41.8944626,-87.7897720,41.8944855,-87.7897720,1132242.63,1904598.50
33566,25 06566,2506566,X004042528,2025-11-25,12:06:00,2025-11-25 12:06:00,2025-11-25 16:21:39,Ontario St/Forest Ave,,ONTARIO ST,FOREST AVE,1,1,0,0,Property Damage,No Injuries,Car,10,Turning (At Least One Vehicle),2,2,0,5,"Over $1,500",1,0,0,0,0,0,0,23,Disregarding Stop Sign,02,Failing To Yield Right-Of-Way,2,Stop Sign,4,Functioning Properly,8,Cloudy/Overcast,1,Daylight,8,Other,1,Dry,3,Free Flow,1,No Defects,O40,O9,41.8901062,-87.8002243,41.8901405,-87.8002319,1129406.75,1902993.88