record_id,report_number,crash_id,idot_crash_number,date,time,occurred_at,record_added_at,location,street_number,street_name,cross_street,at_intersection,intersection_related,private_property,hit_and_run,crash_severity,crash_injury_severity,crash_mode,crash_type_code,crash_type,total_units,num_motor_vehicles,dooring_pedalcyclist,damage_code,damage,no_injury_drive_away,injury_or_towed,fatalities,a_injuries,b_injuries,c_injuries,total_injured,cause1_code,cause1,cause2_code,cause2,traffic_control_code,traffic_control,device_condition_code,device_condition,weather_code,weather,lighting_code,lighting,trafficway_code,trafficway,road_surface_code,road_surface,flow_condition_code,flow_condition,road_defects_code,road_defects,beat_zone,post_district,latitude,longitude,latitude_geocoded,longitude_geocoded,state_plane_x,state_plane_y
33567,25 06568,2506568,X004042529,2025-11-25,13:02:00,2025-11-25 13:02:00,2025-11-25 16:21:39,N Cuyler Ave/Augusta St,,N CUYLER AVE,AUGUSTA ST,1,1,0,0,Property Damage,No Injuries,Car,15,Angle,2,2,0,4,"$501 to $1,500",1,0,0,0,0,0,0,02,Failing To Yield Right-Of-Way,28,Failing To Reduce Speed To Avoid Crash,2,Stop Sign,4,Functioning Properly,8,Cloudy/Overcast,1,Daylight,14,Four-Way Intersection,2,Wet,1,Slow,1,No Defects,O10,O4,41.8982429,-87.7834168,41.8982506,-87.7833786,1133964.13,1905986.38
33565,25 06571,2506571,X004042527,2025-11-25,14:24:00,2025-11-25 14:24:00,2025-11-25 15:58:23,Austin Blvd/Harrison St,,AUSTIN BLVD,HARRISON ST,0,0,0,1,Property Damage,No Injuries,Car,9,Parked Motor Vehicle,2,2,0,3,$500 or less,1,0,0,0,0,0,0,28,Failing To Reduce Speed To Avoid Crash,18,Unable To Determine,1,No Controls,1,No Controls,7,Other,9,Unknown,7,Parking Lot,9,Unknown,3,Free Flow,99,Unknown,O80,O13,41.8727799,-87.7744522,41.8727799,-87.7744141,1136465.25,1896723.75
33571,25 06573,2506573,X004042879,2025-11-25,14:44:00,2025-11-25 14:44:00,2025-11-26 09:29:50,S Humphrey Ave/Roosevelt Rd,,S HUMPHREY AVE,ROOSEVELT RD,0,0,0,0,Property Damage,No Injuries,Car,9,Parked Motor Vehicle,2,2,0,4,"$501 to $1,500",1,0,0,0,0,0,0,28,Failing To Reduce Speed To Avoid Crash,18,Unable To Determine,1,No Controls,1,No Controls,1,Clear,1,Daylight,1,Not Divided,1,Dry,3,Free Flow,1,No Defects,O90,O16,41.8654518,-87.7753296,41.8654518,-87.7753677,1136244.00,1894052.75
33572,25 06575,2506575,X004042897,2025-11-25,18:06:00,2025-11-25 18:06:00,2025-11-26 09:29:50,Superior/Ridgeland,,SUPERIOR,RIDGELAND,0,0,0,0,Property Damage,No Injuries,Car,18,Rear To Front,2,2,0,5,"Over $1,500",1,0,0,0,0,0,0,30,Improper Backing,28,Failing To Reduce Speed To Avoid Crash,2,Stop Sign,4,Functioning Properly,1,Clear,4,Darkness,1,Not Divided,1,Dry,1,Slow,1,No Defects,O30,O7,41.8930702,-87.7848282,41.8931007,-87.7848358,1133592.00,1904099.00
33741,25 06985,2506985,X004091635,2025-11-26,13:03:00,2025-11-26 13:03:00,2025-12-19 09:12:48,1135 Westgate St,1135,WESTGATE ST,,0,0,0,1,Property Damage,No Injuries,Car,18,Rear To Front,2,2,0,4,"$501 to $1,500",1,0,0,0,0,0,0,30,Improper Backing,15,Driving Skills/Knowledge/Experience,13,Other,4,Functioning Properly,1,Clear,1,Daylight,2,"Divided, No Median Barrier",1,Dry,3,Free Flow,1,No Defects,O40,O9,41.8878593,-87.8035507,41.8877563,-87.8037643,1128507.13,1902169.88
33573,25 06582,2506582,X004043609,2025-11-26,13:05:00,2025-11-26 13:05:00,2025-11-26 16:51:37,Augusta St/N Ridgeland Ave,,AUGUSTA ST,N RIDGELAND AVE,0,0,0,0,Property Damage,No Injuries,Car,11,Front To Rear,2,2,0,3,$500 or less,1,0,0,0,0,0,0,28,Failing To Reduce Speed To Avoid Crash,03,Following Too Closely,3,Traffic Signal,4,Functioning Properly,1,Clear,1,Daylight,2,"Divided, No Median Barrier",1,Dry,1,Slow,1,No Defects,O10,O4,41.8981934,-87.7849960,41.8982239,-87.7850037,1133534.25,1905966.00
33574,25 06583,2506583,X004043610,2025-11-26,13:54:00,2025-11-26 13:54:00,2025-11-26 16:57:27,S Oak Park Ave/Harvard St,,S OAK PARK AVE,HARVARD ST,0,0,0,0,Property Damage,No Injuries,Car,11,Front To Rear,2,2,0,4,"$501 to $1,500",1,0,0,0,0,0,0,03,Following Too Closely,28,Failing To Reduce Speed To Avoid Crash,3,Traffic Signal,4,Functioning Properly,2,Rain,1,Daylight,1,Not Divided,1,Dry,2,Stopped,1,No Defects,O90,O17,41.8688164,-87.7938461,41.8688087,-87.7938767,1131193.50,1895245.88
33575,25 06585,2506585,X004043611,2025-11-26,15:21:00,2025-11-26 15:21:00,2025-11-26 16:57:28,S Euclid Ave/Harrison St,,S EUCLID AVE,HARRISON ST,0,0,0,0,Property Damage,No Injuries,Car,9,Parked Motor Vehicle,2,2,0,4,"$501 to $1,500",1,0,0,0,0,0,0,28,Failing To Reduce Speed To Avoid Crash,99,Not Applicable,2,Stop Sign,4,Functioning Properly,1,Clear,3,Dusk,1,Not Divided,1,Dry,3,Free Flow,1,No Defects,O60,O14,41.8726692,-87.7927475,41.8726692,-87.7927856,1131482.25,1896652.13
33589,25 06587,2506587,X004050923,2025-11-26,16:19:00,2025-11-26 16:19:00,2025-12-02 10:02:41,South Blvd/S Ridgeland Ave,,SOUTH BLVD,S RIDGELAND AVE,1,1,0,0,Property Damage,No Injuries,Car,12,Sideswipe - Same Direction,2,2,0,4,"$501 to $1,500",1,0,0,0,0,0,0,04,Improper Overtaking/Passing,28,Failing To Reduce Speed To Avoid Crash,3,Traffic Signal,4,Functioning Properly,8,Cloudy/Overcast,3,Dusk,14,Four-Way Intersection,1,Dry,3,Free Flow,1,No Defects,O50,O10,41.8869286,-87.7846527,41.8869553,-87.7846603,1133653.50,1901862.13
33597,25 06588,2506588,X004050930,2025-11-26,16:29:00,2025-11-26 16:29:00,2025-12-02 10:02:45,S Harlem Ave/Roosevelt Rd,,S HARLEM AVE,ROOSEVELT RD,1,1,0,0,Property Damage,No Injuries,Car,12,Sideswipe - Same Direction,2,2,0,5,"Over $1,500",1,0,0,0,0,0,0,28,Failing To Reduce Speed To Avoid Crash,03,Following Too Closely,3,Traffic Signal,4,Functioning Properly,1,Clear,3,Dusk,2,"Divided, No Median Barrier",1,Dry,3,Free Flow,1,No Defects,,,41.8649864,-87.8041687,41.8649864,-87.8042068,1128389.25,1893832.00
33593,25 06594,2506594,X004050927,2025-11-27,12:30:00,2025-11-27 12:30:00,2025-12-02 10:02:42,N Ridgeland Ave/Chicago Ave,,N RIDGELAND AVE,CHICAGO AVE,1,1,0,1,Injury,B Injury Crash,Car,15,Angle,2,2,0,5,"Over $1,500",0,1,0,0,2,0,2,25,Disregarding Traffic Signals,99,Not Applicable,3,Traffic Signal,4,Functioning Properly,1,Clear,1,Daylight,14,Four-Way Intersection,1,Dry,3,Free Flow,1,No Defects,O30,O8,41.8945694,-87.7849121,41.8945770,-87.7848740,1133565.38,1904645.88
33594,25 06596,2506596,X004054421,2025-11-28,01:45:00,2025-11-28 01:45:00,2025-12-02 10:02:43,450 N Austin Blvd,450,N AUSTIN BLVD,,0,0,0,0,Property Damage,No Injuries,Car,9,Parked Motor Vehicle,4,4,0,5,"Over $1,500",0,1,0,0,0,0,0,20,Improper Lane Usage,28,Failing To Reduce Speed To Avoid Crash,1,No Controls,1,No Controls,1,Clear,5,"Darkness, Lighted Road",2,"Divided, No Median Barrier",1,Dry,3,Free Flow,1,No Defects,,,41.8895035,-87.7749481,41.8892937,-87.7751541,1136290.38,1902817.63
33584,25 06602,2506602,X004050918,2025-11-28,15:48:00,2025-11-28 15:48:00,2025-12-02 10:02:38,N Austin Blvd/Thomas St,,N AUSTIN BLVD,THOMAS ST,1,1,0,0,Injury,C Injury Crash,Car,10,Turning (At Least One Vehicle),2,2,0,5,"Over $1,500",0,1,0,0,0,3,3,06,Improper Turning/No Signal,20,Improper Lane Usage,1,No Controls,1,No Controls,1,Clear,1,Daylight,1,Not Divided,1,Dry,3,Free Flow,1,No Defects,,,41.9001732,-87.7752686,41.9001732,-87.7753067,1136177.00,1906704.38
33586,25 06603,2506603,X004050920,2025-11-28,17:17:00,2025-11-28 17:17:00,2025-12-02 10:02:39,1184 S Maple,1184,S MAPLE,,0,0,0,1,Property Damage,No Injuries,Car,9,Parked Motor Vehicle,2,2,0,4,"$501 to $1,500",1,0,0,0,0,0,0,04,Improper Overtaking/Passing,15,Driving Skills/Knowledge/Experience,1,No Controls,1,No Controls,1,Clear,4,Darkness,2,"Divided, No Median Barrier",1,Dry,3,Free Flow,1,No Defects,O90,O18,41.8656235,-87.8033981,41.8655357,-87.8031692,1128597.13,1894066.13
33590,25 06604,2506604,X004050924,2025-11-28,18:43:00,2025-11-28 18:43:00,2025-12-02 10:02:41,123 Washington Blvd,123,WASHINGTON BLVD,,0,0,0,0,Property Damage,No Injuries,Car,6,Fixed Object,4,4,0,5,"Over $1,500",0,1,0,0,0,0,0,28,Failing To Reduce Speed To Avoid Crash,20,Improper Lane Usage,1,No Controls,1,No Controls,1,Clear,5,"Darkness, Lighted Road",1,Not Divided,1,Dry,1,Slow,1,No Defects,O50,O10,41.8820229,-87.7783814,41.8818321,-87.7791519,1135374.75,1900085.63
33576,25 06607,2506607,X004044979,2025-11-29,00:07:00,2025-11-29 00:07:00,2025-11-29 04:07:06,Madison St/S Lombard Ave,,MADISON ST,S LOMBARD AVE,1,1,0,0,Property Damage,No Injuries,Car,15,Angle,2,2,0,5,"Over $1,500",0,1,0,0,0,0,0,25,Disregarding Traffic Signals,18,Unable To Determine,3,Traffic Signal,4,Functioning Properly,1,Clear,5,"Darkness, Lighted Road",14,Four-Way Intersection,1,Dry,3,Free Flow,1,No Defects,O80,O13,41.8799973,-87.7795563,41.8800240,-87.7795563,1135058.63,1899344.50
33605,25 06609,2506609,X004050932,2025-11-29,07:45:00,2025-11-29 07:45:00,2025-12-02 10:02:47,N Harlem Ave/North Ave,,N HARLEM AVE,NORTH AVE,1,1,0,0,Property Damage,No Injuries,Car,11,Front To Rear,3,3,0,5,"Over $1,500",0,1,0,0,0,0,0,28,Failing To Reduce Speed To Avoid Crash,11,Weather,3,Traffic Signal,4,Functioning Properly,3,Snow,1,Daylight,1,Not Divided,3,Snow or Slush,1,Slow,1,No Defects,R81,RFPD,41.9088783,-87.8057938,41.9088860,-87.8057556,1127849.25,1909824.75
33603,25 06610,2506610,X004050221,2025-11-29,08:52:00,2025-11-29 08:52:00,2025-12-02 09:50:12,227 S Taylor Ave,227,S TAYLOR AVE,,0,0,0,0,Property Damage,No Injuries,Car,9,Parked Motor Vehicle,2,2,0,4,"$501 to $1,500",1,0,0,0,0,0,0,28,Failing To Reduce Speed To Avoid Crash,11,Weather,1,No Controls,1,No Controls,3,Snow,1,Daylight,1,Not Divided,3,Snow or Slush,3,Free Flow,1,No Defects,O50,O10,41.8843231,-87.7780304,41.8842888,-87.7782974,1135464.63,1900923.63
33602,25 06611,2506611,X004050931,2025-11-29,08:55:00,2025-11-29 08:55:00,2025-12-02 10:02:46,401 S Grove Ave,401,S GROVE AVE,,0,0,0,0,Property Damage,No Injuries,Car,9,Parked Motor Vehicle,2,2,0,5,"Over $1,500",1,0,0,0,0,0,0,11,Weather,99,Not Applicable,1,No Controls,1,No Controls,3,Snow,1,Daylight,1,Not Divided,3,Snow or Slush,3,Free Flow,1,No Defects,O70,O12,41.8815613,-87.7956085,41.8813095,-87.7958221,1130682.50,1899887.13
33606,25 06614,2506614,X004050933,2025-11-29,15:52:00,2025-11-29 15:52:00,2025-12-02 10:02:48,Diviston St/N Elmwood,,DIVISTON ST,N ELMWOOD,1,0,0,1,Property Damage,No Injuries,Car,15,Angle,2,2,0,5,"Over $1,500",0,1,0,0,0,0,0,02,Failing To Yield Right-Of-Way,11,Weather,2,Stop Sign,4,Functioning Properly,3,Snow,1,Daylight,1,Not Divided,3,Snow or Slush,1,Slow,1,No Defects,O20,O5,41.9018135,-87.7867508,41.9018402,-87.7867508,1133048.88,1907282.63
33580,25 06615,2506615,X004050914,2025-11-29,15:54:00,2025-11-29 15:54:00,2025-12-02 10:02:36,415 N Oak Park Ave,415,N OAK PARK AVE,,0,0,0,0,Property Damage,No Injuries,Car,9,Parked Motor Vehicle,2,2,0,3,$500 or less,1,0,0,0,0,0,0,28,Failing To Reduce Speed To Avoid Crash,11,Weather,1,No Controls,1,No Controls,3,Snow,5,"Darkness, Lighted Road",2,"Divided, No Median Barrier",3,Snow or Slush,3,Free Flow,1,No Defects,O40,O9,41.8935394,-87.7946854,41.8935165,-87.7949524,1130906.38,1904253.00
33578,25 06616,2506616,X004049447,2025-11-29,15:58:00,2025-11-29 15:58:00,2025-11-30 14:01:55,1028 Mapleton Ave,1028,MAPLETON AVE,,0,0,0,0,Property Damage,No Injuries,Car,9,Parked Motor Vehicle,2,2,0,5,"Over $1,500",1,0,0,0,0,0,0,11,Weather,99,Not Applicable,1,No Controls,1,No Controls,11,Blowing Snow,4,Darkness,1,Not Divided,3,Snow or Slush,3,Free Flow,1,No Defects,O10,O1,41.9048538,-87.7815323,41.9049645,-87.7813950,1134462.75,1908399.50
33661,25 06618,2506618,X004091628,2025-11-29,20:20:00,2025-11-29 20:20:00,2025-12-10 09:14:45,S Harlem Ave/Garfield St,,S HARLEM AVE,GARFIELD ST,0,0,0,0,Property Damage,No Injuries,Car,11,Front To Rear,2,2,0,5,"Over $1,500",1,0,0,0,0,0,0,28,Failing To Reduce Speed To Avoid Crash,03,Following Too Closely,1,No Controls,1,No Controls,3,Snow,5,"Darkness, Lighted Road",2,"Divided, No Median Barrier",3,Snow or Slush,3,Free Flow,1,No Defects,O90,O18,41.8723068,-87.8044357,41.8723183,-87.8044663,1128300.88,1896500.75
33664,25 06622,2506622,X004084681,2025-11-30,05:12:00,2025-11-30 05:12:00,2025-12-10 10:01:07,S Harlem Ave/Fillmore,,S HARLEM AVE,FILLMORE,0,0,0,0,Property Damage,No Injuries,Car,7,Other Object,2,1,0,5,"Over $1,500",0,1,0,0,0,0,0,28,Failing To Reduce Speed To Avoid Crash,18,Unable To Determine,1,No Controls,1,No Controls,3,Snow,5,"Darkness, Lighted Road",2,"Divided, No Median Barrier",3,Snow or Slush,3,Free Flow,1,No Defects,O90,O18,41.8668556,-87.8042374,41.8668671,-87.8042679,1128366.38,1894514.13
33607,25 06626,2506626,X004050934,2025-11-30,13:17:00,2025-11-30 13:17:00,2025-12-02 09:50:13,Washington Blvd/S Oak Park Ave,,WASHINGTON BLVD,S OAK PARK AVE,1,1,0,0,Property Damage,No Injuries,Car,11,Front To Rear,2,2,0,4,"$501 to $1,500",0,1,0,0,0,0,0,28,Failing To Reduce Speed To Avoid Crash,18,Unable To Determine,3,Traffic Signal,4,Functioning Properly,3,Snow,1,Daylight,1,Not Divided,2,Wet,2,Stopped,1,No Defects,O60,O11,41.8815384,-87.7943115,41.8815613,-87.7943115,1131037.25,1899880.13
33581,25 06628,2506628,X004050915,2025-11-30,14:45:00,2025-11-30 14:45:00,2025-12-02 10:02:37,430 Harrison St,430,HARRISON ST,,0,0,0,1,Property Damage,No Injuries,Car,9,Parked Motor Vehicle,2,2,0,5,"Over $1,500",1,0,0,0,0,0,0,18,Unable To Determine,18,Unable To Determine,1,No Controls,1,No Controls,3,Snow,9,Unknown,1,Not Divided,3,Snow or Slush,3,Free Flow,1,No Defects,O60,O14,41.8726387,-87.7854462,41.8726997,-87.7856903,1133471.88,1896653.25
33579,25 06629,2506629,X004049449,2025-11-30,15:28:00,2025-11-30 15:28:00,2025-11-30 17:06:14,Le Moyne Pkwy/Rossell Ave,,LE MOYNE PKWY,ROSSELL AVE,1,1,0,0,Property Damage,No Injuries,Car,15,Angle,2,2,0,5,"Over $1,500",0,1,0,0,0,0,0,02,Failing To Yield Right-Of-Way,99,Not Applicable,2,Stop Sign,4,Functioning Properly,1,Clear,1,Daylight,14,Four-Way Intersection,2,Wet,3,Free Flow,1,No Defects,O20,O2,41.9072762,-87.7859878,41.9073029,-87.7859878,1133243.75,1909274.25
34006,25 06633,2506633,X004119612,2025-11-30,18:30:00,2025-11-30 18:30:00,2026-01-30 07:12:28,Harlem Ave/South Blvd,,HARLEM AVE,SOUTH BLVD,1,1,0,0,Injury,A Injury Crash,Pedestrian,1,Pedestrian,2,1,0,5,"Over $1,500",0,1,0,1,0,0,1,02,Failing To Yield Right-Of-Way,99,Not Applicable,3,Traffic Signal,4,Functioning Properly,1,Clear,5,"Darkness, Lighted Road",1,Not Divided,1,Dry,3,Free Flow,1,No Defects,O70,O12,41.8866921,-87.8050156,41.8867111,-87.8049927,1128109.63,1901740.13
33608,25 06631,2506631,X004050935,2025-11-30,18:51:00,2025-11-30 18:51:00,2025-12-02 10:02:48,Harlem Ave/Madison St,,HARLEM AVE,MADISON ST,1,1,0,0,Property Damage,No Injuries,Car,10,Turning (At Least One Vehicle),2,2,0,5,"Over $1,500",1,0,0,0,0,0,0,02,Failing To Yield Right-Of-Way,99,Not Applicable,3,Traffic Signal,4,Functioning Properly,1,Clear,5,"Darkness, Lighted Road",1,Not Divided,2,Wet,3,Free Flow,1,No Defects,F2,FPPD,41.8796730,-87.8047714,41.8796654,-87.8047333,1128192.88,1899183.13
33582,25 06632,2506632,X004050916,2025-11-30,19:29:00,2025-11-30 19:29:00,2025-12-02 10:02:37,Elmwood/Lake St,,ELMWOOD,LAKE ST,0,0,0,1,Property Damage,No Injuries,Car,9,Parked Motor Vehicle,2,2,0,5,"Over $1,500",1,0,0,0,0,0,0,20,Improper Lane Usage,28,Failing To Reduce Speed To Avoid Crash,1,No Controls,1,No Controls,1,Clear,1,Daylight,1,Not Divided,3,Snow or Slush,3,Free Flow,1,No Defects,O30,O8,41.8883781,-87.7862930,41.8883743,-87.7863312,1133203.75,1902387.63
33609,25 06635,2506635,X004050936,2025-12-01,07:09:00,2025-12-01 07:09:00,2025-12-02 10:02:48,N Ridgeland Ave/Division St,,N RIDGELAND AVE,DIVISION ST,1,1,0,0,Property Damage,No Injuries,Car,11,Front To Rear,3,3,0,5,"Over $1,500",1,0,0,0,0,0,0,28,Failing To Reduce Speed To Avoid Crash,03,Following Too Closely,3,Traffic Signal,4,Functioning Properly,1,Clear,1,Daylight,2,"Divided, No Median Barrier",1,Dry,2,Stopped,1,No Defects,O20,O2,41.9018860,-87.7849121,41.9018860,-87.7848740,1133548.63,1907311.13
33583,25 06641,2506641,X004050917,2025-12-01,10:22:00,2025-12-01 10:22:00,2025-12-02 10:02:38,N Harlem Ave/Ontario St,,N HARLEM AVE,ONTARIO ST,0,0,0,0,Property Damage,No Injuries,Car,12,Sideswipe - Same Direction,2,2,0,5,"Over $1,500",1,0,0,0,0,0,0,28,Failing To Reduce Speed To Avoid Crash,04,Improper Overtaking/Passing,3,Traffic Signal,4,Functioning Properly,11,Blowing Snow,1,Daylight,2,"Divided, No Median Barrier",3,Snow or Slush,3,Free Flow,1,No Defects,R82,RFPD,41.8905373,-87.8051605,41.8905449,-87.8051224,1128061.25,1903142.75
33585,25 06640,2506640,X004050919,2025-12-01,11:04:00,2025-12-01 11:04:00,2025-12-02 10:02:39,S Harlem Ave/I290 Expy E,,S HARLEM AVE,I290 EXPY E,0,0,0,1,Property Damage,No Injuries,Car,12,Sideswipe - Same Direction,2,2,0,3,$500 or less,1,0,0,0,0,0,0,28,Failing To Reduce Speed To Avoid Crash,99,Not Applicable,3,Traffic Signal,4,Functioning Properly,8,Cloudy/Overcast,1,Daylight,3,Divided With Median Barrier,2,Wet,3,Free Flow,1,No Defects,O90,O18,41.8734703,-87.8044891,41.8734894,-87.8045120,1128282.00,1896923.25
33588,25 06643,2506643,X004050922,2025-12-01,12:04:00,2025-12-01 12:04:00,2025-12-02 10:02:40,N Cuyler Ave/Ontario St,,N CUYLER AVE,ONTARIO ST,1,1,0,0,Property Damage,No Injuries,Car,10,Turning (At Least One Vehicle),2,2,0,5,"Over $1,500",1,0,0,0,0,0,0,23,Disregarding Stop Sign,28,Failing To Reduce Speed To Avoid Crash,2,Stop Sign,4,Functioning Properly,8,Cloudy/Overcast,1,Daylight,1,Not Divided,3,Snow or Slush,3,Free Flow,1,No Defects,O30,O7,41.8903809,-87.7831650,41.8903847,-87.7831345,1134050.00,1903122.63
33591,25 06646,2506646,X004050925,2025-12-01,14:59:00,2025-12-01 14:59:00,2025-12-02 10:02:42,Home Ave/Washington Blvd,,HOME AVE,WASHINGTON BLVD,0,0,0,1,Property Damage,No Injuries,Car,9,Parked Motor Vehicle,2,2,0,5,"Over $1,500",1,0,0,0,0,0,0,28,Failing To Reduce Speed To Avoid Crash,18,Unable To Determine,3,Traffic Signal,4,Functioning Properly,9,Unknown,9,Unknown,2,"Divided, No Median Barrier",9,Unknown,3,Free Flow,1,No Defects,O70,O12,41.8814888,-87.7999039,41.8814812,-87.7999344,1129514.50,1899853.50
33587,25 06648,2506648,X004050921,2025-12-01,15:09:00,2025-12-01 15:09:00,2025-12-02 10:02:40,North Blvd/Clinton Ave,,NORTH BLVD,CLINTON AVE,1,1,0,0,Property Damage,No Injuries,Car,10,Turning (At Least One Vehicle),2,2,0,3,$500 or less,1,0,0,0,0,0,0,02,Failing To Yield Right-Of-Way,18,Unable To Determine,3,Traffic Signal,4,Functioning Properly,3,Snow,1,Daylight,10,One-Way,6,Other,1,Slow,1,No Defects,O40,O9,41.8871727,-87.7986526,41.8871956,-87.7986603,1129841.00,1901926.38
33595,25 06650,2506650,X004050928,2025-12-01,16:37:00,2025-12-01 16:37:00,2025-12-02 10:02:44,S Oak Park Ave/Madison St,,S OAK PARK AVE,MADISON ST,0,0,0,0,Property Damage,No Injuries,Car,10,Turning (At Least One Vehicle),2,2,0,4,"$501 to $1,500",1,0,0,0,0,0,0,02,Failing To Yield Right-Of-Way,28,Failing To Reduce Speed To Avoid Crash,2,Stop Sign,4,Functioning Properly,3,Snow,1,Daylight,2,"Divided, No Median Barrier",3,Snow or Slush,3,Free Flow,1,No Defects,O60,O11,41.8797722,-87.7942200,41.8797722,-87.7942581,1131065.38,1899237.25
33592,25 06651,2506651,X004050926,2025-12-01,17:35:00,2025-12-01 17:35:00,2025-12-02 10:02:42,N Harlem Ave/Division St,,N HARLEM AVE,DIVISION ST,0,0,0,0,Property Damage,No Injuries,Car,15,Angle,2,2,0,4,"$501 to $1,500",1,0,0,0,0,0,0,02,Failing To Yield Right-Of-Way,28,Failing To Reduce Speed To Avoid Crash,1,No Controls,1,No Controls,3,Snow,1,Daylight,1,Not Divided,2,Wet,3,Free Flow,1,No Defects,R81,RFPD,41.9015350,-87.8055573,41.9015427,-87.8055191,1127930.38,1907148.88
33596,25 06653,2506653,X004050929,2025-12-01,19:44:00,2025-12-01 19:44:00,2025-12-02 10:02:44,Roosevelt Rd/Wesley Ave,,ROOSEVELT RD,WESLEY AVE,0,0,0,0,Property Damage,No Injuries,Car,11,Front To Rear,2,2,0,4,"$501 to $1,500",1,0,0,0,0,0,0,03,Following Too Closely,99,Not Applicable,1,No Controls,1,No Controls,3,Snow,5,"Darkness, Lighted Road",1,Not Divided,3,Snow or Slush,1,Slow,1,No Defects,O90,O17,41.8652344,-87.7913208,41.8652115,-87.7913208,1131889.13,1893944.50
33871,26 00231,2600231,X004098056,2025-12-02,00:00:00,2025-12-02 00:00:00,2026-01-13 16:31:03,1515 N Harlem Ave,1515,N HARLEM AVE,,0,0,0,0,Property Damage,No Injuries,Car,11,Front To Rear,2,2,0,5,"Over $1,500",1,0,0,0,0,0,0,28,Failing To Reduce Speed To Avoid Crash,99,Not Applicable,3,Traffic Signal,4,Functioning Properly,3,Snow,1,Daylight,2,"Divided, No Median Barrier",3,Snow or Slush,2,Stopped,1,No Defects,O70,O12,41.8818130,-87.8047943,41.9077072,-87.8054962,1128180.38,1899963.25
33617,25 06654,2506654,X004051659,2025-12-02,06:00:00,2025-12-02 06:00:00,2025-12-03 09:16:38,N Harlem Ave/Division St,,N HARLEM AVE,DIVISION ST,1,1,0,0,Property Damage,No Injuries,Car,15,Angle,2,2,0,4,"$501 to $1,500",1,0,0,0,0,0,0,25,Disregarding Traffic Signals,99,Not Applicable,3,Traffic Signal,4,Functioning Properly,3,Snow,2,Dawn,14,Four-Way Intersection,3,Snow or Slush,3,Free Flow,1,No Defects,R81,RFPD,41.9015350,-87.8055573,41.9015427,-87.8055191,1127930.38,1907148.88
33613,25 06655,2506655,X004051660,2025-12-02,07:24:00,2025-12-02 07:24:00,2025-12-03 09:16:37,N Marion St/Augusta St,,N MARION ST,AUGUSTA ST,1,1,0,0,Property Damage,No Injuries,Car,15,Angle,2,2,0,4,"$501 to $1,500",1,0,0,0,0,0,0,15,Driving Skills/Knowledge/Experience,28,Failing To Reduce Speed To Avoid Crash,2,Stop Sign,4,Functioning Properly,3,Snow,1,Daylight,15,T-Intersection,3,Snow or Slush,3,Free Flow,1,No Defects,O20,O6,41.8979034,-87.8034134,41.8978996,-87.8038635,1128521.25,1905828.50
33615,25 06656,2506656,X004051665,2025-12-02,08:03:00,2025-12-02 08:03:00,2025-12-03 09:16:37,S Lombard Ave/Lake St,,S LOMBARD AVE,LAKE ST,0,0,0,1,Property Damage,No Injuries,Car,9,Parked Motor Vehicle,2,2,0,5,"Over $1,500",1,0,0,0,0,0,0,20,Improper Lane Usage,28,Failing To Reduce Speed To Avoid Crash,2,Stop Sign,4,Functioning Properly,8,Cloudy/Overcast,1,Daylight,1,Not Divided,3,Snow or Slush,1,Slow,1,No Defects,O50,O10,41.8870773,-87.7797394,41.8881798,-87.7798080,1134992.25,1901924.38
33616,25 06657,2506657,X004051667,2025-12-02,09:18:00,2025-12-02 09:18:00,2025-12-03 09:16:38,Madison St/Austin Blvd,,MADISON ST,AUSTIN BLVD,0,0,0,1,Property Damage,No Injuries,Car,9,Parked Motor Vehicle,2,2,0,5,"Over $1,500",1,0,0,0,0,0,0,28,Failing To Reduce Speed To Avoid Crash,15,Driving Skills/Knowledge/Experience,1,No Controls,1,No Controls,1,Clear,4,Darkness,2,"Divided, No Median Barrier",1,Dry,1,Slow,1,No Defects,O80,O13,41.8800621,-87.7746582,41.8800888,-87.7746582,1136391.38,1899377.50
33614,25 06663,2506663,X004051678,2025-12-02,15:38:00,2025-12-02 15:38:00,2025-12-03 09:16:37,Roosevelt Rd/Lyman Ave,,ROOSEVELT RD,LYMAN AVE,0,0,0,1,Property Damage,No Injuries,Car,12,Sideswipe - Same Direction,2,2,0,3,$500 or less,1,0,0,0,0,0,0,04,Improper Overtaking/Passing,28,Failing To Reduce Speed To Avoid Crash,2,Stop Sign,4,Functioning Properly,8,Cloudy/Overcast,1,Daylight,1,Not Divided,3,Snow or Slush,2,Stopped,1,No Defects,O90,O16,41.8654594,-87.7765961,41.8654365,-87.7765961,1135899.75,1894052.88
33612,25 06667,2506667,X004051695,2025-12-02,21:39:00,2025-12-02 21:39:00,2025-12-03 09:16:36,N Ridgeland Ave/Lake St,,N RIDGELAND AVE,LAKE ST,1,1,0,0,Property Damage,No Injuries,Car,15,Angle,2,2,0,5,"Over $1,500",0,1,0,0,0,0,0,25,Disregarding Traffic Signals,28,Failing To Reduce Speed To Avoid Crash,3,Traffic Signal,4,Functioning Properly,1,Clear,5,"Darkness, Lighted Road",1,Not Divided,1,Dry,2,Stopped,1,No Defects,O30,O8,41.8883209,-87.7847366,41.8883209,-87.7846985,1133628.00,1902369.13