record_id,report_number,crash_id,idot_crash_number,date,time,occurred_at,record_added_at,location,street_number,street_name,cross_street,at_intersection,intersection_related,private_property,hit_and_run,crash_severity,crash_injury_severity,crash_mode,crash_type_code,crash_type,total_units,num_motor_vehicles,dooring_pedalcyclist,damage_code,damage,no_injury_drive_away,injury_or_towed,fatalities,a_injuries,b_injuries,c_injuries,total_injured,cause1_code,cause1,cause2_code,cause2,traffic_control_code,traffic_control,device_condition_code,device_condition,weather_code,weather,lighting_code,lighting,trafficway_code,trafficway,road_surface_code,road_surface,flow_condition_code,flow_condition,road_defects_code,road_defects,beat_zone,post_district,latitude,longitude,latitude_geocoded,longitude_geocoded,state_plane_x,state_plane_y
33621,25 06670,2506670,X004052391,2025-12-03,07:43:00,2025-12-03 07:43:00,2025-12-03 17:27:25,Oak Park Ave/South Blvd,,OAK PARK AVE,SOUTH BLVD,0,0,0,0,Property Damage,No Injuries,Car,6,Fixed Object,2,1,0,5,"Over $1,500",0,1,0,0,0,0,0,15,Driving Skills/Knowledge/Experience,28,Failing To Reduce Speed To Avoid Crash,3,Traffic Signal,4,Functioning Properly,8,Cloudy/Overcast,1,Daylight,3,Divided With Median Barrier,2,Wet,3,Free Flow,1,No Defects,O60,O11,41.8868980,-87.7944336,41.8868904,-87.7944717,1130991.25,1901833.88
33620,25 06669,2506669,X004052390,2025-12-03,07:44:00,2025-12-03 07:44:00,2025-12-03 17:21:26,Le Moyne Pkwy (West Lombard Alley)/N Lombard Ave,,LE MOYNE PKWY (WEST LOMBARD ALLEY),N LOMBARD AVE,1,1,0,0,Property Damage,No Injuries,Car,10,Turning (At Least One Vehicle),2,2,0,4,"$501 to $1,500",1,0,0,0,0,0,0,02,Failing To Yield Right-Of-Way,99,Not Applicable,1,No Controls,1,No Controls,1,Clear,1,Daylight,12,Alley,3,Snow or Slush,3,Free Flow,1,No Defects,O10,O1,41.9075050,-87.7807693,41.9086990,-87.7808075,1134664.25,1909366.75
33618,25 06675,2506675,X004052388,2025-12-03,09:04:00,2025-12-03 09:04:00,2025-12-03 17:27:23,Wesley Ave/Adams,,WESLEY AVE,ADAMS,1,1,0,0,Property Damage,No Injuries,Car,15,Angle,2,2,0,5,"Over $1,500",1,0,0,0,0,0,0,02,Failing To Yield Right-Of-Way,14,"Vision Obscured (Signs, Tree Limbs, Buildings",2,Stop Sign,4,Functioning Properly,8,Cloudy/Overcast,1,Daylight,14,Four-Way Intersection,1,Dry,3,Free Flow,1,No Defects,O60,O14,41.8779869,-87.7917099,41.8779793,-87.7917480,1131753.00,1898591.00
33619,25 06678,2506678,X004052389,2025-12-03,12:57:00,2025-12-03 12:57:00,2025-12-03 17:27:25,Erie St/Austin Blvd,,ERIE ST,AUSTIN BLVD,0,0,0,1,Property Damage,No Injuries,Car,9,Parked Motor Vehicle,2,2,0,3,$500 or less,1,0,0,0,0,0,0,02,Failing To Yield Right-Of-Way,28,Failing To Reduce Speed To Avoid Crash,1,No Controls,1,No Controls,8,Cloudy/Overcast,1,Daylight,8,Other,9,Unknown,3,Free Flow,99,Unknown,O30,O7,41.8917885,-87.7782898,41.8919029,-87.7750549,1135375.13,1903643.25
33622,25 06682,2506682,X004052392,2025-12-03,15:12:00,2025-12-03 15:12:00,2025-12-03 17:27:26,530 N Taylor Ave,530,N TAYLOR AVE,,0,0,0,0,Property Damage,No Injuries,Car,9,Parked Motor Vehicle,2,2,0,5,"Over $1,500",1,0,0,0,0,0,0,20,Improper Lane Usage,18,Unable To Determine,1,No Controls,1,No Controls,3,Snow,1,Daylight,1,Not Divided,2,Wet,3,Free Flow,1,No Defects,O10,O4,41.8957901,-87.7783814,41.8958893,-87.7781982,1135340.75,1905102.13
33624,25 06687,2506687,X004052813,2025-12-03,22:22:00,2025-12-03 22:22:00,2025-12-04 09:34:07,North Ave/N Woodbine Ave,,NORTH AVE,N WOODBINE AVE,0,0,0,1,Property Damage,No Injuries,Car,12,Sideswipe - Same Direction,2,2,0,3,$500 or less,1,0,0,0,0,0,0,28,Failing To Reduce Speed To Avoid Crash,99,Not Applicable,1,No Controls,1,No Controls,1,Clear,5,"Darkness, Lighted Road",3,Divided With Median Barrier,2,Wet,1,Slow,1,No Defects,O20,O3,41.9089356,-87.7996063,41.9089699,-87.7996063,1129533.50,1909855.38
33625,25 06690,2506690,X004053901,2025-12-04,08:17:00,2025-12-04 08:17:00,2025-12-04 16:36:26,1181 S Cuyler Ave,1181,S CUYLER AVE,,0,0,0,0,Property Damage,No Injuries,Car,9,Parked Motor Vehicle,2,2,0,5,"Over $1,500",1,0,0,0,0,0,0,10,Equipment - Vehicle Condition,99,Not Applicable,2,Stop Sign,4,Functioning Properly,1,Clear,1,Daylight,1,Not Divided,1,Dry,,,1,No Defects,O90,O16,41.8659859,-87.7827911,41.8660126,-87.7829437,1134209.00,1894233.63
33702,25 06896,2506896,X004067889,2025-12-04,09:35:00,2025-12-04 09:35:00,2025-12-15 16:39:46,Washington Blvd/Austin,,WASHINGTON BLVD,AUSTIN,1,1,0,0,Property Damage,No Injuries,Car,10,Turning (At Least One Vehicle),2,2,0,5,"Over $1,500",1,0,0,0,0,0,0,28,Failing To Reduce Speed To Avoid Crash,99,Not Applicable,3,Traffic Signal,9,Unknown,9,Unknown,1,Daylight,14,Four-Way Intersection,9,Unknown,3,Free Flow,99,Unknown,O50,O10,41.8820839,-87.7747345,41.8821106,-87.7747269,1136367.88,1900113.38
33626,25 06698,2506698,X004053953,2025-12-04,15:22:00,2025-12-04 15:22:00,2025-12-05 07:16:29,N Euclid Ave/Erie,,N EUCLID AVE,ERIE,0,0,0,0,Property Damage,No Injuries,Car,12,Sideswipe - Same Direction,2,2,0,5,"Over $1,500",1,0,0,0,0,0,0,28,Failing To Reduce Speed To Avoid Crash,99,Not Applicable,1,No Controls,1,No Controls,8,Cloudy/Overcast,1,Daylight,1,Not Divided,3,Snow or Slush,2,Stopped,1,No Defects,O30,O8,41.8915825,-87.7928162,41.8915901,-87.7927780,1131420.75,1903543.88
33627,25 06702,2506702,X004053954,2025-12-04,20:19:00,2025-12-04 20:19:00,2025-12-05 07:16:30,S Austin Blvd/Garfield St,,S AUSTIN BLVD,GARFIELD ST,1,1,0,0,Property Damage,No Injuries,Car,10,Turning (At Least One Vehicle),2,2,0,4,"$501 to $1,500",1,0,0,0,0,0,0,28,Failing To Reduce Speed To Avoid Crash,18,Unable To Determine,3,Traffic Signal,4,Functioning Properly,1,Clear,5,"Darkness, Lighted Road",3,Divided With Median Barrier,1,Dry,1,Slow,1,No Defects,O90,O16,41.8704185,-87.7743530,41.8704224,-87.7743149,1136497.13,1895864.88
33635,25 06714,2506714,X004061235,2025-12-05,15:12:00,2025-12-05 15:12:00,2025-12-09 09:02:42,N Scoville Ave/Erie St,,N SCOVILLE AVE,ERIE ST,0,0,0,0,Property Damage,No Injuries,Car,9,Parked Motor Vehicle,2,2,0,5,"Over $1,500",1,0,0,0,0,0,0,20,Improper Lane Usage,28,Failing To Reduce Speed To Avoid Crash,2,Stop Sign,4,Functioning Properly,8,Cloudy/Overcast,1,Daylight,1,Not Divided,3,Snow or Slush,1,Slow,1,No Defects,O30,O8,41.8916588,-87.7880936,41.8916626,-87.7880554,1132707.50,1903579.75
33653,25 06715,2506715,X004060454,2025-12-05,16:52:00,2025-12-05 16:52:00,2025-12-09 08:49:59,N Harvey Ave/Lake St,,N HARVEY AVE,LAKE ST,1,1,0,0,Property Damage,No Injuries,Car,9,Parked Motor Vehicle,2,2,0,5,"Over $1,500",1,0,0,0,0,0,0,20,Improper Lane Usage,20,Improper Lane Usage,3,Traffic Signal,4,Functioning Properly,1,Clear,4,Darkness,1,Not Divided,1,Dry,3,Free Flow,1,No Defects,O30,O7,41.8882103,-87.7810822,41.8882217,-87.7814407,1134623.63,1902335.88
33639,25 06727,2506727,X004060445,2025-12-06,17:23:00,2025-12-06 17:23:00,2025-12-09 09:02:44,Garfield St/Harlem,,GARFIELD ST,HARLEM,0,0,0,1,Property Damage,No Injuries,Car,11,Front To Rear,2,2,0,3,$500 or less,1,0,0,0,0,0,0,03,Following Too Closely,28,Failing To Reduce Speed To Avoid Crash,3,Traffic Signal,4,Functioning Properly,1,Clear,5,"Darkness, Lighted Road",14,Four-Way Intersection,1,Dry,2,Stopped,1,No Defects,O90,O18,41.8722877,-87.8044739,41.8723183,-87.8044663,1128289.00,1896492.88
33640,25 06730,2506730,X004060446,2025-12-07,00:14:00,2025-12-07 00:14:00,2025-12-09 09:02:44,S Austin Blvd/Roosevelt Rd,,S AUSTIN BLVD,ROOSEVELT RD,0,0,0,0,Property Damage,No Injuries,Car,11,Front To Rear,6,6,0,5,"Over $1,500",1,0,0,0,0,0,0,28,Failing To Reduce Speed To Avoid Crash,15,Driving Skills/Knowledge/Experience,3,Traffic Signal,4,Functioning Properly,3,Snow,5,"Darkness, Lighted Road",2,"Divided, No Median Barrier",3,Snow or Slush,3,Free Flow,1,No Defects,O90,O16,41.8654671,-87.7741699,41.8654709,-87.7741394,1136559.00,1894060.13
33675,25 06733,2506733,X004063531,2025-12-07,09:53:00,2025-12-07 09:53:00,2025-12-11 09:12:46,727 N Harlem Ave,727,N HARLEM AVE,,0,0,0,0,Property Damage,No Injuries,Car,10,Turning (At Least One Vehicle),2,2,0,5,"Over $1,500",1,0,0,0,0,0,0,28,Failing To Reduce Speed To Avoid Crash,03,Following Too Closely,1,No Controls,1,No Controls,3,Snow,1,Daylight,7,Parking Lot,3,Snow or Slush,3,Free Flow,1,No Defects,R82,RFPD,41.8939629,-87.8052673,41.8938293,-87.8048782,1128024.00,1904389.63
33641,25 06735,2506735,X004060447,2025-12-07,11:12:00,2025-12-07 11:12:00,2025-12-09 09:02:45,Harlem/290,,HARLEM,290,1,1,0,0,Property Damage,No Injuries,Car,10,Turning (At Least One Vehicle),2,2,0,5,"Over $1,500",1,0,0,0,0,0,0,02,Failing To Yield Right-Of-Way,99,Not Applicable,3,Traffic Signal,4,Functioning Properly,3,Snow,1,Daylight,8,Other,3,Snow or Slush,3,Free Flow,1,No Defects,O60,O15,41.8737946,-87.8044968,41.8736153,-87.8045197,1128281.50,1897042.00
33642,25 06737,2506737,X004060448,2025-12-07,11:36:00,2025-12-07 11:36:00,2025-12-09 09:02:46,N Harlem Ave/North Ave,,N HARLEM AVE,NORTH AVE,1,1,0,0,Property Damage,No Injuries,Car,11,Front To Rear,2,2,0,5,"Over $1,500",1,0,0,0,0,0,0,03,Following Too Closely,28,Failing To Reduce Speed To Avoid Crash,3,Traffic Signal,4,Functioning Properly,3,Snow,5,"Darkness, Lighted Road",1,Not Divided,2,Wet,3,Free Flow,1,No Defects,R81,RFPD,41.9088783,-87.8057938,41.9088860,-87.8057556,1127849.25,1909824.75
33645,25 06741,2506741,X004060449,2025-12-07,16:13:00,2025-12-07 16:13:00,2025-12-09 09:02:47,108 Madison St,108,MADISON ST,,0,0,0,1,Property Damage,No Injuries,Car,9,Parked Motor Vehicle,2,2,0,5,"Over $1,500",1,0,0,0,0,0,0,28,Failing To Reduce Speed To Avoid Crash,18,Unable To Determine,1,No Controls,4,Functioning Properly,1,Clear,1,Daylight,10,One-Way,3,Snow or Slush,3,Free Flow,1,No Defects,O80,O13,41.8800621,-87.7783203,41.8802033,-87.7783356,1135394.25,1899370.13
33705,25 06743,2506743,X004069493,2025-12-07,17:06:00,2025-12-07 17:06:00,2025-12-16 09:57:00,138 S Harvey Ave,138,S HARVEY AVE,,0,0,0,1,Property Damage,No Injuries,Car,9,Parked Motor Vehicle,2,2,0,4,"$501 to $1,500",1,0,0,0,0,0,0,28,Failing To Reduce Speed To Avoid Crash,18,Unable To Determine,1,No Controls,1,No Controls,8,Cloudy/Overcast,1,Daylight,7,Parking Lot,3,Snow or Slush,3,Free Flow,1,No Defects,O50,O10,41.8855820,-87.7813797,41.8855782,-87.7811813,1134548.25,1901377.88
33646,25 06746,2506746,X004060451,2025-12-07,22:21:00,2025-12-07 22:21:00,2025-12-09 09:02:48,Berkshire St/N Ridgeland Ave,,BERKSHIRE ST,N RIDGELAND AVE,1,1,0,1,Property Damage,No Injuries,Car,15,Angle,2,2,0,4,"$501 to $1,500",1,0,0,0,0,0,0,02,Failing To Yield Right-Of-Way,99,Not Applicable,2,Stop Sign,1,No Controls,1,Clear,4,Darkness,14,Four-Way Intersection,2,Wet,3,Free Flow,1,No Defects,O10,O1,41.9037705,-87.7841797,41.9038010,-87.7841873,1133743.38,1908000.25
33649,25 06754,2506754,X004060452,2025-12-08,09:18:00,2025-12-08 09:18:00,2025-12-09 09:02:49,325 S Kenilworth Ave,325,S KENILWORTH AVE,,0,0,0,0,Property Damage,No Injuries,Car,9,Parked Motor Vehicle,2,2,0,3,$500 or less,1,0,0,0,0,0,0,99,Not Applicable,99,Not Applicable,1,No Controls,1,No Controls,1,Clear,1,Daylight,7,Parking Lot,1,Dry,3,Free Flow,1,No Defects,O70,O12,41.8823509,-87.7969665,41.8823280,-87.7976837,1130311.50,1900172.63
33656,25 06755,2506755,X004060457,2025-12-08,09:27:00,2025-12-08 09:27:00,2025-12-09 09:14:57,Roosevelt Rd/S Harlem Ave,,ROOSEVELT RD,S HARLEM AVE,0,0,0,1,Property Damage,No Injuries,Car,10,Turning (At Least One Vehicle),2,2,0,4,"$501 to $1,500",1,0,0,0,0,0,0,02,Failing To Yield Right-Of-Way,06,Improper Turning/No Signal,3,Traffic Signal,4,Functioning Properly,1,Clear,1,Daylight,2,"Divided, No Median Barrier",2,Wet,3,Free Flow,1,No Defects,O90,O18,41.8650131,-87.8041992,41.8649864,-87.8042068,1128380.25,1893842.88
33650,25 06764,2506764,X004060453,2025-12-08,12:42:00,2025-12-08 12:42:00,2025-12-09 09:02:49,Washington Blvd/Wisconsin Ave,,WASHINGTON BLVD,WISCONSIN AVE,0,0,0,0,Property Damage,No Injuries,Car,11,Front To Rear,2,2,0,5,"Over $1,500",1,0,0,0,0,0,0,03,Following Too Closely,99,Not Applicable,1,No Controls,1,No Controls,1,Clear,1,Daylight,1,Not Divided,1,Dry,1,Slow,1,No Defects,O70,O12,41.8814163,-87.8023682,41.8814468,-87.8023682,1128842.63,1899822.13
33657,25 06765,2506765,X004059583,2025-12-08,12:58:00,2025-12-08 12:58:00,2025-12-09 13:51:36,N Harlem Ave/Erie,,N HARLEM AVE,ERIE,1,1,0,0,Injury,B Injury Crash,Car,15,Angle,3,2,0,5,"Over $1,500",0,1,0,0,2,0,2,28,Failing To Reduce Speed To Avoid Crash,99,Not Applicable,2,Stop Sign,4,Functioning Properly,1,Clear,1,Daylight,14,Four-Way Intersection,1,Dry,3,Free Flow,1,No Defects,R82,RFPD,41.8918190,-87.8051910,41.8918228,-87.8051529,1128050.25,1903609.13
33655,25 06769,2506769,X004060456,2025-12-08,15:26:00,2025-12-08 15:26:00,2025-12-09 09:14:56,S Scoville Ave/South Blvd,,S SCOVILLE AVE,SOUTH BLVD,0,0,0,0,Property Damage,No Injuries,Car,9,Parked Motor Vehicle,2,2,0,4,"$501 to $1,500",1,0,0,0,0,0,0,28,Failing To Reduce Speed To Avoid Crash,18,Unable To Determine,1,No Controls,1,No Controls,1,Clear,1,Daylight,1,Not Divided,2,Wet,3,Free Flow,1,No Defects,O60,O11,41.8869629,-87.7878876,41.8869629,-87.7879181,1132774.13,1901869.38
33670,25 06777,2506777,X004061404,2025-12-08,21:18:00,2025-12-08 21:18:00,2025-12-10 10:07:00,S Oak Park Ave/Madison St,,S OAK PARK AVE,MADISON ST,1,1,0,0,Injury,C Injury Crash,Car,11,Front To Rear,2,2,0,4,"$501 to $1,500",0,1,0,0,0,1,1,28,Failing To Reduce Speed To Avoid Crash,99,Not Applicable,3,Traffic Signal,9,Unknown,1,Clear,5,"Darkness, Lighted Road",1,Not Divided,1,Dry,3,Free Flow,1,No Defects,O60,O11,41.8797722,-87.7942200,41.8797722,-87.7942581,1131065.38,1899237.25
33665,25 06781,2506781,X004061411,2025-12-09,09:04:00,2025-12-09 09:04:00,2025-12-10 10:01:07,Lake St/N Humphrey Ave,,LAKE ST,N HUMPHREY AVE,1,0,0,1,Property Damage,No Injuries,Car,6,Fixed Object,2,1,0,5,"Over $1,500",0,1,0,0,0,0,0,28,Failing To Reduce Speed To Avoid Crash,18,Unable To Determine,1,No Controls,1,No Controls,1,Clear,1,Daylight,1,Not Divided,3,Snow or Slush,3,Free Flow,1,No Defects,O30,O7,41.8880501,-87.7765503,41.8880806,-87.7765579,1135857.63,1902285.38
33666,25 06785,2506785,X004061415,2025-12-09,11:47:00,2025-12-09 11:47:00,2025-12-10 10:01:08,425 S Oak Park,425,S OAK PARK,,0,0,0,0,Property Damage,No Injuries,Car,11,Front To Rear,2,2,0,3,$500 or less,1,0,0,0,0,0,0,03,Following Too Closely,15,Driving Skills/Knowledge/Experience,1,No Controls,1,No Controls,1,Clear,1,Daylight,2,"Divided, No Median Barrier",3,Snow or Slush,3,Free Flow,1,No Defects,O20,O5,41.8998795,-87.7947846,41.8806457,-87.7944717,1130865.88,1906564.00
33691,25 06867,2506867,X004067074,2025-12-09,13:48:00,2025-12-09 13:48:00,2025-12-15 09:50:44,N Harlem Ave/Lake St,,N HARLEM AVE,LAKE ST,0,0,0,1,Property Damage,No Injuries,Car,12,Sideswipe - Same Direction,2,2,0,5,"Over $1,500",1,0,0,0,0,0,0,28,Failing To Reduce Speed To Avoid Crash,99,Not Applicable,3,Traffic Signal,4,Functioning Properly,1,Clear,1,Daylight,1,Not Divided,1,Dry,3,Free Flow,1,No Defects,O40,O9,41.8885765,-87.8050919,41.8885841,-87.8050537,1128084.88,1902427.75
33659,25 06789,2506789,X004061418,2025-12-09,15:28:00,2025-12-09 15:28:00,2025-12-10 09:08:52,Chicago Ave/N Euclid Ave,,CHICAGO AVE,N EUCLID AVE,1,1,0,0,Property Damage,No Injuries,Car,15,Angle,2,2,0,5,"Over $1,500",0,1,0,0,0,0,0,18,Unable To Determine,18,Unable To Determine,2,Stop Sign,4,Functioning Properly,8,Cloudy/Overcast,1,Daylight,14,Four-Way Intersection,1,Dry,3,Free Flow,1,No Defects,O30,O8,41.8944130,-87.7928543,41.8944435,-87.7928543,1131404.75,1904574.38
33667,25 06791,2506791,X004061827,2025-12-09,16:10:00,2025-12-09 16:10:00,2025-12-10 10:01:08,1514 N Austin Blvd,1514,N AUSTIN BLVD,,0,0,0,1,Property Damage,No Injuries,Car,10,Turning (At Least One Vehicle),2,2,0,4,"$501 to $1,500",1,0,0,0,0,0,0,02,Failing To Yield Right-Of-Way,18,Unable To Determine,1,No Controls,1,No Controls,1,Clear,5,"Darkness, Lighted Road",1,Not Divided,1,Dry,3,Free Flow,1,No Defects,,,41.9080429,-87.7755356,41.9080505,-87.7757950,1136087.50,1909571.50
33668,25 06793,2506793,X004061422,2025-12-09,16:31:00,2025-12-09 16:31:00,2025-12-10 10:01:09,811 Madison St,811,MADISON ST,,0,0,0,0,Property Damage,No Injuries,Car,11,Front To Rear,2,2,0,5,"Over $1,500",1,0,0,0,0,0,0,28,Failing To Reduce Speed To Avoid Crash,99,Not Applicable,1,No Controls,1,No Controls,1,Clear,5,"Darkness, Lighted Road",4,Two-Way Continuous Left-Turn Lane,2,Wet,2,Stopped,1,No Defects,O60,O15,41.8797340,-87.7949524,41.8796463,-87.7948380,1130866.00,1899222.25
33660,25 06794,2506794,X004061425,2025-12-09,18:53:00,2025-12-09 18:53:00,2025-12-10 09:14:45,315 S Oak Park Ave,315,S OAK PARK AVE,,0,0,0,0,Injury,B Injury Crash,Car,12,Sideswipe - Same Direction,3,3,0,5,"Over $1,500",0,1,0,0,2,0,2,02,Failing To Yield Right-Of-Way,11,Weather,1,No Controls,1,No Controls,2,Rain,5,"Darkness, Lighted Road",1,Not Divided,1,Dry,3,Free Flow,1,No Defects,O60,O11,41.8827324,-87.7943115,41.8828583,-87.7945480,1131034.25,1900316.00
33663,25 06796,2506796,X004061428,2025-12-09,19:05:00,2025-12-09 19:05:00,2025-12-10 09:55:08,N Marion St/Ontario St,,N MARION ST,ONTARIO ST,1,1,0,0,Property Damage,No Injuries,Car,15,Angle,2,2,0,5,"Over $1,500",0,1,0,0,0,0,0,23,Disregarding Stop Sign,28,Failing To Reduce Speed To Avoid Crash,2,Stop Sign,4,Functioning Properly,2,Rain,5,"Darkness, Lighted Road",1,Not Divided,2,Wet,1,Slow,1,No Defects,O40,O9,41.8905830,-87.8027496,41.8905907,-87.8027115,1128719.13,1903162.38
33669,25 06798,2506798,X004061429,2025-12-09,20:51:00,2025-12-09 20:51:00,2025-12-10 10:01:09,North Ave/Columbian Ave,,NORTH AVE,COLUMBIAN AVE,1,1,0,0,Injury,B Injury Crash,Car,10,Turning (At Least One Vehicle),2,2,0,3,$500 or less,0,1,0,0,1,0,1,25,Disregarding Traffic Signals,99,Not Applicable,3,Traffic Signal,4,Functioning Properly,2,Rain,5,"Darkness, Lighted Road",15,T-Intersection,2,Wet,3,Free Flow,1,No Defects,O20,O2,41.9090385,-87.7914276,41.9090652,-87.7914276,1131759.75,1909906.25
33673,25 06803,2506803,X004062508,2025-12-10,06:44:00,2025-12-10 06:44:00,2025-12-11 09:18:48,S Harlem Ave/I290 Expy W,,S HARLEM AVE,I290 EXPY W,1,1,0,1,Property Damage,No Injuries,Car,10,Turning (At Least One Vehicle),2,2,0,3,$500 or less,1,0,0,0,0,0,0,06,Improper Turning/No Signal,28,Failing To Reduce Speed To Avoid Crash,3,Traffic Signal,4,Functioning Properly,2,Rain,5,"Darkness, Lighted Road",1,Not Divided,2,Wet,3,Free Flow,1,No Defects,O60,O15,41.8737946,-87.8044968,41.8738136,-87.8045197,1128281.50,1897042.00
33662,25 06802,2506802,X004061431,2025-12-10,07:44:00,2025-12-10 07:44:00,2025-12-10 09:55:08,Superior/Austin,,SUPERIOR,AUSTIN,0,0,0,0,Property Damage,No Injuries,Car,16,Rear To Side,2,2,0,3,$500 or less,1,0,0,0,0,0,0,18,Unable To Determine,18,Unable To Determine,2,Stop Sign,4,Functioning Properly,1,Clear,1,Daylight,2,"Divided, No Median Barrier",2,Wet,1,Slow,1,No Defects,O30,O7,41.8931885,-87.7767105,41.8931732,-87.7750931,1135802.50,1904156.38
33676,25 06804,2506804,X004062514,2025-12-10,08:54:00,2025-12-10 08:54:00,2025-12-11 09:18:49,S Harlem Ave/I290 W,,S HARLEM AVE,I290 W,1,1,0,0,Property Damage,No Injuries,Car,10,Turning (At Least One Vehicle),2,2,0,4,"$501 to $1,500",1,0,0,0,0,0,0,06,Improper Turning/No Signal,28,Failing To Reduce Speed To Avoid Crash,3,Traffic Signal,4,Functioning Properly,3,Snow,1,Daylight,14,Four-Way Intersection,3,Snow or Slush,3,Free Flow,1,No Defects,O60,O15,41.8737946,-87.8044968,41.8738136,-87.8045197,1128281.50,1897042.00
33674,25 06810,2506810,X004063530,2025-12-10,15:58:00,2025-12-10 15:58:00,2025-12-11 09:18:48,N Oak Park Ave/Lake St,,N OAK PARK AVE,LAKE ST,1,1,0,0,Property Damage,No Injuries,Car,11,Front To Rear,2,2,0,5,"Over $1,500",1,0,0,0,0,0,0,28,Failing To Reduce Speed To Avoid Crash,03,Following Too Closely,3,Traffic Signal,4,Functioning Properly,1,Clear,1,Daylight,2,"Divided, No Median Barrier",3,Snow or Slush,3,Free Flow,1,No Defects,O40,O9,41.8886414,-87.7945633,41.8886452,-87.7945251,1130952.25,1902468.88
33672,25 06814,2506814,X004062515,2025-12-10,17:18:00,2025-12-10 17:18:00,2025-12-11 09:18:47,329 S Oak Park Ave,329,S OAK PARK AVE,,0,0,0,0,Property Damage,No Injuries,Car,11,Front To Rear,2,2,0,5,"Over $1,500",0,1,0,0,0,0,0,28,Failing To Reduce Speed To Avoid Crash,15,Driving Skills/Knowledge/Experience,1,No Controls,1,No Controls,1,Clear,5,"Darkness, Lighted Road",1,Not Divided,1,Dry,2,Stopped,1,No Defects,O60,O11,41.8822021,-87.7942963,41.8823471,-87.7945633,1131039.50,1900123.75
33698,25 06861,2506861,X004067070,2025-12-11,10:41:00,2025-12-11 10:41:00,2025-12-15 09:56:40,North Ave/N Oak Park Ave,,NORTH AVE,N OAK PARK AVE,1,1,0,1,Property Damage,No Injuries,Car,10,Turning (At Least One Vehicle),2,2,0,3,$500 or less,1,0,0,0,0,0,0,28,Failing To Reduce Speed To Avoid Crash,18,Unable To Determine,3,Traffic Signal,4,Functioning Properly,9,Unknown,1,Daylight,2,"Divided, No Median Barrier",9,Unknown,3,Free Flow,99,Unknown,O20,O2,41.9089928,-87.7947922,41.9090233,-87.7950592,1130843.13,1909884.38
33677,25 06826,2506826,X004063685,2025-12-11,12:35:00,2025-12-11 12:35:00,2025-12-12 07:16:06,246 Lake St,246,LAKE ST,,0,0,0,0,Property Damage,No Injuries,Car,9,Parked Motor Vehicle,2,2,0,5,"Over $1,500",1,0,0,0,0,0,0,28,Failing To Reduce Speed To Avoid Crash,06,Improper Turning/No Signal,1,No Controls,1,No Controls,1,Clear,1,Daylight,1,Not Divided,1,Dry,3,Free Flow,1,No Defects,O30,O7,41.8882256,-87.7822952,41.8883591,-87.7820587,1134293.50,1902338.00
33678,25 06833,2506833,X004063598,2025-12-11,20:06:00,2025-12-11 20:06:00,2025-12-12 07:16:06,1100 Lake St,1100,LAKE ST,,0,0,0,1,Property Damage,No Injuries,Car,11,Front To Rear,2,2,0,3,$500 or less,1,0,0,0,0,0,0,03,Following Too Closely,18,Unable To Determine,1,No Controls,1,No Controls,1,Clear,5,"Darkness, Lighted Road",1,Not Divided,1,Dry,1,Slow,1,No Defects,O40,O9,41.8886070,-87.8032227,41.8887634,-87.8027649,1128593.75,1902441.00
33684,25 06838,2506838,X004067032,2025-12-12,08:03:00,2025-12-12 08:03:00,2025-12-15 09:44:39,S Ridgeland Ave/Van Buren St,,S RIDGELAND AVE,VAN BUREN ST,1,1,0,0,Injury,A Injury Crash,Pedestrian,1,Pedestrian,2,1,0,4,"$501 to $1,500",0,1,0,1,0,0,1,02,Failing To Yield Right-Of-Way,28,Failing To Reduce Speed To Avoid Crash,17,Pedestrian Crossing Sign,4,Functioning Properly,1,Clear,1,Daylight,2,"Divided, No Median Barrier",1,Dry,3,Free Flow,1,No Defects,O80,O13,41.8744621,-87.7842407,41.8744621,-87.7842789,1133795.00,1897319.63
33689,25 06839,2506839,X004067033,2025-12-12,08:59:00,2025-12-12 08:59:00,2025-12-15 09:50:43,S Austin Blvd/Harvard St,,S AUSTIN BLVD,HARVARD ST,0,0,0,0,Property Damage,No Injuries,Car,15,Angle,2,2,0,5,"Over $1,500",1,0,0,0,0,0,0,28,Failing To Reduce Speed To Avoid Crash,28,Failing To Reduce Speed To Avoid Crash,1,No Controls,1,No Controls,1,Clear,1,Daylight,1,Not Divided,1,Dry,3,Free Flow,1,No Defects,O90,O16,41.8690949,-87.7743073,41.8690987,-87.7742691,1136514.25,1895381.25
33687,25 06840,2506840,X004067049,2025-12-12,09:53:00,2025-12-12 09:53:00,2025-12-15 09:50:42,1161 S East Ave,1161,S EAST AVE,,0,0,0,0,Property Damage,No Injuries,Car,9,Parked Motor Vehicle,2,2,0,5,"Over $1,500",0,1,0,0,0,0,0,20,Improper Lane Usage,28,Failing To Reduce Speed To Avoid Crash,1,No Controls,1,No Controls,1,Clear,1,Daylight,2,"Divided, No Median Barrier",1,Dry,3,Free Flow,1,No Defects,O90,O17,41.8666496,-87.7889557,41.8666038,-87.7890701,1132529.75,1894464.13