record_id,report_number,crash_id,idot_crash_number,date,time,occurred_at,record_added_at,location,street_number,street_name,cross_street,at_intersection,intersection_related,private_property,hit_and_run,crash_severity,crash_injury_severity,crash_mode,crash_type_code,crash_type,total_units,num_motor_vehicles,dooring_pedalcyclist,damage_code,damage,no_injury_drive_away,injury_or_towed,fatalities,a_injuries,b_injuries,c_injuries,total_injured,cause1_code,cause1,cause2_code,cause2,traffic_control_code,traffic_control,device_condition_code,device_condition,weather_code,weather,lighting_code,lighting,trafficway_code,trafficway,road_surface_code,road_surface,flow_condition_code,flow_condition,road_defects_code,road_defects,beat_zone,post_district,latitude,longitude,latitude_geocoded,longitude_geocoded,state_plane_x,state_plane_y
33679,25 06843,2506843,X004064719,2025-12-12,11:31:00,2025-12-12 11:31:00,2025-12-12 13:12:27,N Elmwood Ave/Lake,,N ELMWOOD AVE,LAKE,0,0,0,0,Property Damage,No Injuries,Car,9,Parked Motor Vehicle,2,2,0,4,"$501 to $1,500",1,0,0,0,0,0,0,15,Driving Skills/Knowledge/Experience,18,Unable To Determine,1,No Controls,1,No Controls,1,Clear,1,Daylight,1,Not Divided,1,Dry,3,Free Flow,1,No Defects,O30,O8,41.8883781,-87.7862930,41.8883743,-87.7863312,1133203.75,1902387.63
33690,25 06852,2506852,X004067052,2025-12-12,17:46:00,2025-12-12 17:46:00,2025-12-15 09:50:43,S Taylor Ave/Roosevelt Rd,,S TAYLOR AVE,ROOSEVELT RD,1,1,0,1,Property Damage,No Injuries,Car,10,Turning (At Least One Vehicle),2,2,0,5,"Over $1,500",1,0,0,0,0,0,0,02,Failing To Yield Right-Of-Way,99,Not Applicable,1,No Controls,1,No Controls,1,Clear,5,"Darkness, Lighted Road",1,Not Divided,1,Dry,3,Free Flow,1,No Defects,O90,O16,41.8654213,-87.7777863,41.8654175,-87.7778244,1135574.63,1894036.00
33685,25 06853,2506853,X004067205,2025-12-12,19:29:00,2025-12-12 19:29:00,2025-12-15 09:44:40,Augusta St/N Oak Park Ave,,AUGUSTA ST,N OAK PARK AVE,1,1,0,0,Property Damage,No Injuries,Car,18,Rear To Front,2,2,0,4,"$501 to $1,500",0,1,0,0,0,0,0,30,Improper Backing,28,Failing To Reduce Speed To Avoid Crash,3,Traffic Signal,4,Functioning Properly,1,Clear,5,"Darkness, Lighted Road",1,Not Divided,1,Dry,1,Slow,1,No Defects,O20,O5,41.8980408,-87.7947693,41.8980675,-87.7947769,1130873.75,1905894.25
33695,25 06854,2506854,X004067056,2025-12-12,19:53:00,2025-12-12 19:53:00,2025-12-15 09:56:39,420 S Kenilworth,420,S KENILWORTH,,0,0,0,1,Property Damage,No Injuries,Car,12,Sideswipe - Same Direction,2,2,0,5,"Over $1,500",1,0,0,0,0,0,0,15,Driving Skills/Knowledge/Experience,99,Not Applicable,1,No Controls,1,No Controls,1,Clear,5,"Darkness, Lighted Road",1,Not Divided,1,Dry,3,Free Flow,1,No Defects,O40,O9,41.8936386,-87.7976151,41.8807068,-87.7967758,1130109.50,1904285.38
33686,25 06857,2506857,X004067059,2025-12-13,07:39:00,2025-12-13 07:39:00,2025-12-15 09:50:41,728 Madison St,728,MADISON ST,,0,0,0,1,Property Damage,No Injuries,Car,11,Front To Rear,2,2,0,4,"$501 to $1,500",1,0,0,0,0,0,0,28,Failing To Reduce Speed To Avoid Crash,99,Not Applicable,3,Traffic Signal,4,Functioning Properly,1,Clear,5,"Darkness, Lighted Road",2,"Divided, No Median Barrier",1,Dry,2,Stopped,1,No Defects,O60,O11,41.8798065,-87.7934418,41.8798294,-87.7939301,1131278.50,1899251.00
33680,25 06859,2506859,X004065589,2025-12-13,09:20:00,2025-12-13 09:20:00,2025-12-13 11:54:48,624 N Harvey Ave,624,N HARVEY AVE,,0,0,0,0,Property Damage,No Injuries,Car,6,Fixed Object,2,1,0,4,"$501 to $1,500",1,0,0,0,0,0,0,20,Improper Lane Usage,17,Physical Condition Of Driver,1,No Controls,1,No Controls,1,Clear,1,Daylight,1,Not Divided,1,Dry,3,Free Flow,1,No Defects,O10,O4,41.8972931,-87.7816849,41.8974113,-87.7814865,1134438.25,1905644.25
33688,25 06860,2506860,X004067064,2025-12-13,09:47:00,2025-12-13 09:47:00,2025-12-15 09:50:42,Harlem Ave/Madison St,,HARLEM AVE,MADISON ST,0,0,0,0,Property Damage,No Injuries,Car,11,Front To Rear,2,2,0,5,"Over $1,500",1,0,0,0,0,0,0,03,Following Too Closely,28,Failing To Reduce Speed To Avoid Crash,3,Traffic Signal,4,Functioning Properly,8,Cloudy/Overcast,1,Daylight,2,"Divided, No Median Barrier",1,Dry,2,Stopped,1,No Defects,O60,O15,41.8796730,-87.8047714,41.8796654,-87.8047333,1128192.88,1899183.13
33774,25 07130,2507130,X004080403,2025-12-13,12:55:00,2025-12-13 12:55:00,2025-12-26 10:02:02,Scoville Ave/Fillmore St,,SCOVILLE AVE,FILLMORE ST,0,0,0,1,Property Damage,No Injuries,Car,9,Parked Motor Vehicle,2,2,0,3,$500 or less,1,0,0,0,0,0,0,28,Failing To Reduce Speed To Avoid Crash,99,Not Applicable,1,No Controls,1,No Controls,9,Unknown,1,Daylight,1,Not Divided,1,Dry,3,Free Flow,1,No Defects,O90,O17,41.8670921,-87.7876739,41.8670921,-87.7877045,1132878.88,1894628.88
33692,25 06868,2506868,X004067091,2025-12-13,16:41:00,2025-12-13 16:41:00,2025-12-15 09:50:44,Lake St/Harvey Ave,,LAKE ST,HARVEY AVE,0,0,0,1,Property Damage,No Injuries,Car,18,Rear To Front,2,2,0,3,$500 or less,1,0,0,0,0,0,0,30,Improper Backing,02,Failing To Yield Right-Of-Way,1,No Controls,1,No Controls,1,Clear,5,"Darkness, Lighted Road",7,Parking Lot,1,Dry,3,Free Flow,1,No Defects,O30,O7,41.8881989,-87.7814407,41.8882217,-87.7814407,1134526.25,1902330.00
33697,25 06873,2506873,X004067118,2025-12-13,17:50:00,2025-12-13 17:50:00,2025-12-15 09:56:40,Home Ave/Randolph St,,HOME AVE,RANDOLPH ST,1,1,0,1,Property Damage,No Injuries,Pedalcyclist,2,Pedalcyclist,2,1,0,5,"Over $1,500",1,0,0,0,0,0,0,02,Failing To Yield Right-Of-Way,99,Not Applicable,1,No Controls,1,No Controls,1,Clear,5,"Darkness, Lighted Road",1,Not Divided,1,Dry,3,Free Flow,1,No Defects,O70,O12,41.8833237,-87.7999649,41.8833275,-87.8000031,1129492.50,1900522.50
33694,25 06871,2506871,X004067116,2025-12-13,18:27:00,2025-12-13 18:27:00,2025-12-15 09:50:45,Chicago Ave/N Humphrey Ave,,CHICAGO AVE,N HUMPHREY AVE,0,0,0,0,Property Damage,No Injuries,Car,11,Front To Rear,2,2,0,5,"Over $1,500",1,0,0,0,0,0,0,03,Following Too Closely,28,Failing To Reduce Speed To Avoid Crash,3,Traffic Signal,4,Functioning Properly,1,Clear,4,Darkness,2,"Divided, No Median Barrier",1,Dry,1,Slow,1,No Defects,O10,O4,41.8947144,-87.7767563,41.8946838,-87.7767563,1135785.50,1904712.25
33681,25 06875,2506875,X004065590,2025-12-13,22:12:00,2025-12-13 22:12:00,2025-12-14 00:25:32,915 N Humphrey Ave,915,N HUMPHREY AVE,,0,0,0,1,Property Damage,No Injuries,Car,7,Other Object,2,2,0,5,"Over $1,500",1,0,0,0,0,0,0,30,Improper Backing,28,Failing To Reduce Speed To Avoid Crash,1,No Controls,1,No Controls,1,Clear,5,"Darkness, Lighted Road",1,Not Divided,1,Dry,1,Slow,1,No Defects,O10,O1,41.9024162,-87.7765656,41.9025154,-87.7767716,1135820.13,1907520.63
33701,25 06878,2506878,X004067155,2025-12-14,09:44:00,2025-12-14 09:44:00,2025-12-15 09:56:42,710 Fair Oaks Ave,710,FAIR OAKS AVE,,0,0,0,0,Property Damage,No Injuries,Car,9,Parked Motor Vehicle,2,2,0,4,"$501 to $1,500",0,1,0,0,0,0,0,20,Improper Lane Usage,99,Not Applicable,1,No Controls,1,No Controls,1,Clear,1,Daylight,1,Not Divided,1,Dry,3,Free Flow,1,No Defects,O20,O5,41.8985825,-87.7882385,41.8985825,-87.7879868,1132651.75,1906102.38
33696,25 06879,2506879,X004066957,2025-12-14,11:30:00,2025-12-14 11:30:00,2025-12-15 09:56:39,Home Ave/Madison St,,HOME AVE,MADISON ST,1,1,0,0,Injury,B Injury Crash,Car,15,Angle,3,3,0,5,"Over $1,500",0,1,0,0,1,0,1,25,Disregarding Traffic Signals,28,Failing To Reduce Speed To Avoid Crash,3,Traffic Signal,4,Functioning Properly,1,Clear,1,Daylight,14,Four-Way Intersection,1,Dry,3,Free Flow,1,No Defects,O70,O12,41.8796806,-87.7998352,41.8796806,-87.7998657,1129537.13,1899194.63
33700,25 06881,2506881,X004067166,2025-12-14,14:52:00,2025-12-14 14:52:00,2025-12-15 09:56:42,S East Ave/Madison St,,S EAST AVE,MADISON ST,0,0,0,0,Injury,C Injury Crash,Car,12,Sideswipe - Same Direction,2,2,0,5,"Over $1,500",0,1,0,0,0,1,1,02,Failing To Yield Right-Of-Way,20,Improper Lane Usage,1,No Controls,1,No Controls,1,Clear,1,Daylight,1,Not Divided,1,Dry,3,Free Flow,1,No Defects,O60,O11,41.8798485,-87.7893219,41.8798523,-87.7893600,1132398.25,1899274.88
33693,25 06885,2506885,X004067184,2025-12-14,18:37:00,2025-12-14 18:37:00,2025-12-15 09:44:40,Roosevelt Rd/Clinton Ave,,ROOSEVELT RD,CLINTON AVE,1,1,0,0,Property Damage,No Injuries,Car,10,Turning (At Least One Vehicle),2,2,0,5,"Over $1,500",1,0,0,0,0,0,0,06,Improper Turning/No Signal,02,Failing To Yield Right-Of-Way,2,Stop Sign,4,Functioning Properly,1,Clear,5,"Darkness, Lighted Road",1,Not Divided,1,Dry,3,Free Flow,1,No Defects,O90,O18,41.8651238,-87.7976685,41.8650932,-87.7976685,1130160.00,1893893.00
33699,25 06886,2506886,X004067186,2025-12-14,19:27:00,2025-12-14 19:27:00,2025-12-15 09:56:41,728 N Lombard Ave,728,N LOMBARD AVE,,0,0,0,1,Property Damage,No Injuries,Car,9,Parked Motor Vehicle,2,2,0,5,"Over $1,500",0,1,0,0,0,0,0,20,Improper Lane Usage,28,Failing To Reduce Speed To Avoid Crash,1,No Controls,1,No Controls,1,Clear,5,"Darkness, Lighted Road",1,Not Divided,1,Dry,3,Free Flow,1,No Defects,O10,O4,41.8995285,-87.7801209,41.8994293,-87.7799912,1134858.50,1906461.50
33725,25 06913,2506913,X004070035,2025-12-15,06:32:00,2025-12-15 06:32:00,2025-12-17 09:49:34,Thomas St/N Harvey Ave,,THOMAS ST,N HARVEY AVE,0,0,0,1,Property Damage,No Injuries,Car,9,Parked Motor Vehicle,2,2,0,4,"$501 to $1,500",1,0,0,0,0,0,0,28,Failing To Reduce Speed To Avoid Crash,18,Unable To Determine,2,Stop Sign,4,Functioning Properly,1,Clear,3,Dusk,1,Not Divided,1,Dry,1,Slow,1,No Defects,O10,O4,41.8999138,-87.7818070,41.8999329,-87.7826004,1134399.75,1906598.13
33704,25 06891,2506891,X004069492,2025-12-15,06:33:00,2025-12-15 06:33:00,2025-12-15 16:39:47,North Ave/N Harlem Ave,,NORTH AVE,N HARLEM AVE,1,1,0,0,Property Damage,No Injuries,Car,11,Front To Rear,2,2,0,5,"Over $1,500",1,0,0,0,0,0,0,28,Failing To Reduce Speed To Avoid Crash,03,Following Too Closely,3,Traffic Signal,4,Functioning Properly,1,Clear,1,Daylight,2,"Divided, No Median Barrier",1,Dry,3,Free Flow,1,No Defects,R81,RFPD,41.9088554,-87.8057556,41.9088860,-87.8057556,1127858.75,1909816.50
33703,25 06898,2506898,X004069491,2025-12-15,10:33:00,2025-12-15 10:33:00,2025-12-15 16:39:46,North Ave/N Ridgeland Ave,,NORTH AVE,N RIDGELAND AVE,1,1,0,0,Injury,B Injury Crash,Car,10,Turning (At Least One Vehicle),3,3,0,5,"Over $1,500",0,1,0,0,1,0,1,28,Failing To Reduce Speed To Avoid Crash,02,Failing To Yield Right-Of-Way,3,Traffic Signal,4,Functioning Properly,1,Clear,1,Daylight,2,"Divided, No Median Barrier",1,Dry,3,Free Flow,1,No Defects,O10,O1,41.9091339,-87.7833710,41.9091644,-87.7833710,1133952.25,1909956.38
33709,25 06904,2506904,X004069500,2025-12-15,14:46:00,2025-12-15 14:46:00,2025-12-16 10:08:40,S Oak Park Ave/Fillmore St,,S OAK PARK AVE,FILLMORE ST,0,0,0,1,Property Damage,No Injuries,Car,9,Parked Motor Vehicle,2,2,0,5,"Over $1,500",1,0,0,0,0,0,0,28,Failing To Reduce Speed To Avoid Crash,99,Not Applicable,1,No Controls,1,No Controls,8,Cloudy/Overcast,1,Daylight,1,Not Divided,1,Dry,3,Free Flow,1,No Defects,O90,O17,41.8669891,-87.7937775,41.8669815,-87.7938156,1131215.00,1894580.88
33706,25 06909,2506909,X004069495,2025-12-15,15:30:00,2025-12-15 15:30:00,2025-12-16 09:57:01,Chicago Ave/N Lombard Ave,,CHICAGO AVE,N LOMBARD AVE,1,1,0,0,Injury,B Injury Crash,Car,15,Angle,2,2,0,5,"Over $1,500",0,1,0,0,1,0,1,28,Failing To Reduce Speed To Avoid Crash,02,Failing To Yield Right-Of-Way,2,Stop Sign,4,Functioning Properly,1,Clear,1,Daylight,2,"Divided, No Median Barrier",1,Dry,3,Free Flow,1,No Defects,O30,O7,41.8946152,-87.7799988,41.8946495,-87.7800064,1134903.13,1904671.63
33708,25 06910,2506910,X004069499,2025-12-15,15:59:00,2025-12-15 15:59:00,2025-12-16 10:02:50,Madison St/S Ridgeland Ave,,MADISON ST,S RIDGELAND AVE,0,1,0,0,Property Damage,No Injuries,Car,11,Front To Rear,2,2,0,5,"Over $1,500",1,0,0,0,0,0,0,43,"Distraction - Othr Elec Dev (Nav,Dvd,Etc)",28,Failing To Reduce Speed To Avoid Crash,1,No Controls,1,No Controls,1,Clear,1,Daylight,2,"Divided, No Median Barrier",1,Dry,2,Stopped,1,No Defects,O80,O13,41.8799019,-87.7844620,41.8799324,-87.7844620,1133723.63,1899302.88
33707,25 06912,2506912,X004069497,2025-12-15,16:19:00,2025-12-15 16:19:00,2025-12-16 09:57:01,S Cuyler Ave/Roosevelt Rd,,S CUYLER AVE,ROOSEVELT RD,0,0,0,0,Property Damage,No Injuries,Car,9,Parked Motor Vehicle,2,2,0,4,"$501 to $1,500",1,0,0,0,0,0,0,28,Failing To Reduce Speed To Avoid Crash,99,Not Applicable,1,No Controls,1,No Controls,8,Cloudy/Overcast,1,Daylight,1,Not Divided,1,Dry,3,Free Flow,1,No Defects,O90,O16,41.8653679,-87.7826843,41.8653526,-87.7827148,1134241.38,1894008.13
33724,25 06924,2506924,X004070040,2025-12-16,07:48:00,2025-12-16 07:48:00,2025-12-17 09:55:20,N Kenilworth Ave/Erie St,,N KENILWORTH AVE,ERIE ST,1,1,0,0,Property Damage,No Injuries,Car,10,Turning (At Least One Vehicle),2,2,0,4,"$501 to $1,500",1,0,0,0,0,0,0,02,Failing To Yield Right-Of-Way,28,Failing To Reduce Speed To Avoid Crash,2,Stop Sign,4,Functioning Properly,1,Clear,1,Daylight,1,Not Divided,1,Dry,3,Free Flow,1,No Defects,O40,O9,41.8912735,-87.7975464,41.8912735,-87.7975845,1130133.13,1903422.88
33721,25 06923,2506923,X004070038,2025-12-16,07:57:00,2025-12-16 07:57:00,2025-12-17 09:43:43,S Austin Blvd/Jackson Blvd,,S AUSTIN BLVD,JACKSON BLVD,1,1,0,0,Injury,B Injury Crash,Car,15,Angle,2,2,0,5,"Over $1,500",0,1,0,0,2,1,3,25,Disregarding Traffic Signals,28,Failing To Reduce Speed To Avoid Crash,3,Traffic Signal,4,Functioning Properly,1,Clear,1,Daylight,4,Two-Way Continuous Left-Turn Lane,1,Dry,2,Stopped,1,No Defects,O80,O13,41.8764229,-87.7745743,41.8764229,-87.7745361,1136424.63,1898051.75
33715,25 06925,2506925,X004070042,2025-12-16,08:30:00,2025-12-16 08:30:00,2025-12-17 09:37:54,Jackson Blvd/S Humphrey Ave,,JACKSON BLVD,S HUMPHREY AVE,1,1,0,0,Property Damage,No Injuries,Car,15,Angle,2,2,0,5,"Over $1,500",1,0,0,0,0,0,0,02,Failing To Yield Right-Of-Way,28,Failing To Reduce Speed To Avoid Crash,2,Stop Sign,4,Functioning Properly,1,Clear,1,Daylight,3,Divided With Median Barrier,1,Dry,3,Free Flow,1,No Defects,O80,O13,41.8764763,-87.7757645,41.8764496,-87.7757645,1136099.25,1898069.50
33723,25 06930,2506930,X004070046,2025-12-16,12:41:00,2025-12-16 12:41:00,2025-12-17 09:55:19,S Harlem Ave/Madison St,,S HARLEM AVE,MADISON ST,0,0,0,0,Property Damage,No Injuries,Car,11,Front To Rear,2,2,0,5,"Over $1,500",1,0,0,0,0,0,0,03,Following Too Closely,28,Failing To Reduce Speed To Avoid Crash,3,Traffic Signal,4,Functioning Properly,1,Clear,1,Daylight,4,Two-Way Continuous Left-Turn Lane,1,Dry,2,Stopped,1,No Defects,O70,O12,41.8796692,-87.8047028,41.8796654,-87.8047333,1128211.75,1899182.38
33726,25 06932,2506932,X004072424,2025-12-16,14:12:00,2025-12-16 14:12:00,2025-12-17 09:49:35,814 Washington Blvd,814,WASHINGTON BLVD,,0,0,0,0,Property Damage,No Injuries,Car,7,Other Object,2,1,0,3,$500 or less,1,0,0,0,0,0,0,28,Failing To Reduce Speed To Avoid Crash,18,Unable To Determine,1,No Controls,1,No Controls,1,Clear,1,Daylight,2,"Divided, No Median Barrier",1,Dry,1,Slow,1,No Defects,O70,O12,41.8816376,-87.7950592,41.8817177,-87.7950745,1130832.13,1899915.50
33722,25 06933,2506933,X004070051,2025-12-16,16:08:00,2025-12-16 16:08:00,2025-12-17 09:43:43,Le Moyne Pkwy/N Oak Park Ave,,LE MOYNE PKWY,N OAK PARK AVE,1,1,0,0,Property Damage,No Injuries,Car,15,Angle,2,2,0,4,"$501 to $1,500",1,0,0,0,0,0,0,02,Failing To Yield Right-Of-Way,28,Failing To Reduce Speed To Avoid Crash,2,Stop Sign,4,Functioning Properly,1,Clear,5,"Darkness, Lighted Road",2,"Divided, No Median Barrier",1,Dry,3,Free Flow,1,No Defects,O20,O2,41.9071617,-87.7950058,41.9071846,-87.7950058,1130789.25,1909217.13
33771,25 06934,2506934,X004080402,2025-12-16,16:55:00,2025-12-16 16:55:00,2025-12-26 10:02:01,North Blvd/N Oak Park Ave,,NORTH BLVD,N OAK PARK AVE,1,1,0,0,Injury,B Injury Crash,Pedestrian,1,Pedestrian,2,1,0,5,"Over $1,500",0,1,0,0,1,0,1,02,Failing To Yield Right-Of-Way,28,Failing To Reduce Speed To Avoid Crash,3,Traffic Signal,4,Functioning Properly,1,Clear,4,Darkness,4,Two-Way Continuous Left-Turn Lane,1,Dry,1,Slow,1,No Defects,O30,O8,41.8872833,-87.7944717,41.8873138,-87.7944794,1130980.38,1901974.00
33720,25 06935,2506935,X004069793,2025-12-16,18:02:00,2025-12-16 18:02:00,2025-12-17 09:49:37,North Ave/Edmer,,NORTH AVE,EDMER,0,1,0,1,Property Damage,No Injuries,Car,15,Angle,2,2,0,5,"Over $1,500",0,1,0,0,0,0,0,02,Failing To Yield Right-Of-Way,99,Not Applicable,3,Traffic Signal,4,Functioning Properly,1,Clear,4,Darkness,1,Not Divided,9,Unknown,3,Free Flow,99,Unknown,O20,O2,41.9091034,-87.7860489,41.9088974,-87.7847366,1133222.13,1909939.63
33728,25 06938,2506938,X004070053,2025-12-16,18:31:00,2025-12-16 18:31:00,2025-12-17 10:01:02,601 N Harlem Ave,601,N HARLEM AVE,,0,0,0,0,Property Damage,No Injuries,Car,11,Front To Rear,2,2,0,4,"$501 to $1,500",1,0,0,0,0,0,0,03,Following Too Closely,15,Driving Skills/Knowledge/Experience,1,No Controls,1,No Controls,1,Clear,5,"Darkness, Lighted Road",1,Not Divided,1,Dry,3,Free Flow,1,No Defects,R82,RFPD,41.8918228,-87.8051910,41.8919869,-87.8050156,1128050.25,1903610.13
33727,25 06945,2506945,X004070075,2025-12-16,18:56:00,2025-12-16 18:56:00,2025-12-17 09:49:36,Chicago Ave/N Euclid Ave,,CHICAGO AVE,N EUCLID AVE,1,1,0,0,Property Damage,No Injuries,Car,11,Front To Rear,2,2,0,5,"Over $1,500",1,0,0,0,0,0,0,03,Following Too Closely,15,Driving Skills/Knowledge/Experience,3,Traffic Signal,4,Functioning Properly,1,Clear,5,"Darkness, Lighted Road",2,"Divided, No Median Barrier",1,Dry,3,Free Flow,1,No Defects,O30,O8,41.8944130,-87.7928543,41.8944435,-87.7928543,1131404.75,1904574.38
33717,25 06940,2506940,X004070058,2025-12-16,19:11:00,2025-12-16 19:11:00,2025-12-17 09:49:35,Harrison St/S Ridgeland Ave,,HARRISON ST,S RIDGELAND AVE,0,0,0,0,Property Damage,No Injuries,Car,11,Front To Rear,2,2,0,5,"Over $1,500",1,0,0,0,0,0,0,03,Following Too Closely,15,Driving Skills/Knowledge/Experience,3,Traffic Signal,4,Functioning Properly,1,Clear,5,"Darkness, Lighted Road",2,"Divided, No Median Barrier",1,Dry,3,Free Flow,1,No Defects,O80,O13,41.8726044,-87.7842178,41.8726349,-87.7842178,1133806.88,1896642.25
33718,25 06943,2506943,X004071005,2025-12-16,19:16:00,2025-12-16 19:16:00,2025-12-17 09:49:36,201 N Scoville Ave,201,N SCOVILLE AVE,,0,0,0,0,Property Damage,No Injuries,Car,9,Parked Motor Vehicle,2,2,0,5,"Over $1,500",1,0,0,0,0,0,0,04,Improper Overtaking/Passing,18,Unable To Determine,1,No Controls,1,No Controls,1,Clear,5,"Darkness, Lighted Road",10,One-Way,1,Dry,3,Free Flow,1,No Defects,O30,O8,41.8903427,-87.7880554,41.8903389,-87.7881699,1132720.50,1903100.00
33719,25 06939,2506939,X004070055,2025-12-16,19:32:00,2025-12-16 19:32:00,2025-12-17 09:43:42,Harrison/Humphrey,,HARRISON,HUMPHREY,1,1,0,1,Property Damage,No Injuries,Car,15,Angle,2,2,0,5,"Over $1,500",1,0,0,0,0,0,0,28,Failing To Reduce Speed To Avoid Crash,02,Failing To Yield Right-Of-Way,2,Stop Sign,4,Functioning Properly,1,Clear,5,"Darkness, Lighted Road",2,"Divided, No Median Barrier",1,Dry,3,Free Flow,1,No Defects,O80,O13,41.8727913,-87.7756271,41.8727684,-87.7756271,1136146.00,1896726.88
33716,25 06948,2506948,X004070081,2025-12-17,08:42:00,2025-12-17 08:42:00,2025-12-17 09:37:55,S Lombard Ave/Jackson Blvd,,S LOMBARD AVE,JACKSON BLVD,1,1,0,1,Property Damage,No Injuries,Car,15,Angle,2,2,0,5,"Over $1,500",1,0,0,0,0,0,0,23,Disregarding Stop Sign,28,Failing To Reduce Speed To Avoid Crash,2,Stop Sign,4,Functioning Properly,1,Clear,1,Daylight,14,Four-Way Intersection,3,Snow or Slush,3,Free Flow,1,No Defects,O80,O13,41.8764000,-87.7794037,41.8763237,-87.7794342,1135109.50,1898034.38
33730,25 06953,2506953,X004071607,2025-12-17,12:43:00,2025-12-17 12:43:00,2025-12-18 09:56:42,803 Lake St,803,LAKE ST,,0,0,0,0,Property Damage,No Injuries,Car,18,Rear To Front,2,2,0,3,$500 or less,1,0,0,0,0,0,0,14,"Vision Obscured (Signs, Tree Limbs, Buildings",15,Driving Skills/Knowledge/Experience,1,No Controls,1,No Controls,1,Clear,1,Daylight,2,"Divided, No Median Barrier",1,Dry,3,Free Flow,1,No Defects,O40,O9,41.8886185,-87.7946091,41.8885574,-87.7949982,1130940.25,1902460.63
33731,25 06954,2506954,X004071609,2025-12-17,13:32:00,2025-12-17 13:32:00,2025-12-18 09:56:42,North Ave/Belleforte,,NORTH AVE,BELLEFORTE,0,0,0,0,Property Damage,No Injuries,Car,9,Parked Motor Vehicle,2,2,0,4,"$501 to $1,500",1,0,0,0,0,0,0,32,"Evasive Action Due To Animal, Object, Non-Mot",18,Unable To Determine,1,No Controls,1,No Controls,1,Clear,1,Daylight,2,"Divided, No Median Barrier",1,Dry,1,Slow,1,No Defects,O20,O3,41.9088898,-87.8026810,41.9089127,-87.8026886,1128695.50,1909833.25
33732,25 06960,2506960,X004071616,2025-12-17,16:35:00,2025-12-17 16:35:00,2025-12-18 09:56:43,1040 Chicago Ave,1040,CHICAGO AVE,,0,0,0,0,Property Damage,No Injuries,Car,12,Sideswipe - Same Direction,2,2,0,4,"$501 to $1,500",1,0,0,0,0,0,0,02,Failing To Yield Right-Of-Way,15,Driving Skills/Knowledge/Experience,3,Traffic Signal,4,Functioning Properly,1,Clear,5,"Darkness, Lighted Road",2,"Divided, No Median Barrier",1,Dry,3,Free Flow,1,No Defects,O20,O6,41.8943024,-87.8021011,41.8943977,-87.8024445,1128887.38,1904519.38
33733,25 06964,2506964,X004071624,2025-12-17,17:29:00,2025-12-17 17:29:00,2025-12-18 09:56:43,206 N Austin Blvd,206,N AUSTIN BLVD,,0,0,0,0,Property Damage,No Injuries,Car,12,Sideswipe - Same Direction,2,2,0,5,"Over $1,500",1,0,0,0,0,0,0,28,Failing To Reduce Speed To Avoid Crash,18,Unable To Determine,1,No Controls,1,No Controls,1,Clear,1,Daylight,1,Not Divided,1,Dry,1,Slow,1,No Defects,,,41.8843193,-87.7747650,41.8844070,-87.7751846,1136353.38,1900928.75
33739,25 06973,2506973,X004072698,2025-12-18,07:38:00,2025-12-18 07:38:00,2025-12-19 09:12:47,Roosevelt Rd/Wisconsin Ave,,ROOSEVELT RD,WISCONSIN AVE,0,0,0,0,Injury,C Injury Crash,Car,11,Front To Rear,2,2,0,3,$500 or less,0,1,0,0,0,1,1,28,Failing To Reduce Speed To Avoid Crash,99,Not Applicable,1,No Controls,1,No Controls,10,Freezing Rain/Drizzle,1,Daylight,2,"Divided, No Median Barrier",2,Wet,2,Stopped,1,No Defects,O90,O18,41.8650513,-87.8015976,41.8650207,-87.8017807,1129090.75,1893861.00
33736,25 06974,2506974,X004072547,2025-12-18,08:15:00,2025-12-18 08:15:00,2025-12-19 09:06:53,S Humphrey Ave/Washington Blvd,,S HUMPHREY AVE,WASHINGTON BLVD,1,1,0,0,Injury,C Injury Crash,Car,15,Angle,3,3,0,5,"Over $1,500",0,1,0,0,0,1,1,02,Failing To Yield Right-Of-Way,18,Unable To Determine,2,Stop Sign,4,Functioning Properly,2,Rain,1,Daylight,14,Four-Way Intersection,2,Wet,3,Free Flow,1,No Defects,O50,O10,41.8820839,-87.7763214,41.8820839,-87.7763596,1135934.50,1900111.63
33746,25 06977,2506977,X004073482,2025-12-18,08:25:00,2025-12-18 08:25:00,2025-12-19 09:12:50,N Oak Park Ave/Lake St,,N OAK PARK AVE,LAKE ST,0,0,0,1,Property Damage,No Injuries,Car,9,Parked Motor Vehicle,2,2,0,3,$500 or less,1,0,0,0,0,0,0,04,Improper Overtaking/Passing,15,Driving Skills/Knowledge/Experience,3,Traffic Signal,4,Functioning Properly,1,Clear,1,Daylight,2,"Divided, No Median Barrier",1,Dry,3,Free Flow,1,No Defects,O40,O9,41.8886414,-87.7945633,41.8886452,-87.7945251,1130952.25,1902468.88
33742,25 06989,2506989,X004072702,2025-12-18,13:43:00,2025-12-18 13:43:00,2025-12-19 09:12:48,435 N Elmwood Ave,435,N ELMWOOD AVE,,0,0,0,0,Property Damage,No Injuries,Car,9,Parked Motor Vehicle,2,2,0,5,"Over $1,500",1,0,0,0,0,0,0,18,Unable To Determine,18,Unable To Determine,1,No Controls,1,No Controls,8,Cloudy/Overcast,1,Daylight,2,"Divided, No Median Barrier",2,Wet,3,Free Flow,1,No Defects,O30,O8,41.8943253,-87.7865372,41.8943329,-87.7867660,1133124.00,1904554.75