record_id,report_number,crash_id,idot_crash_number,date,time,occurred_at,record_added_at,location,street_number,street_name,cross_street,at_intersection,intersection_related,private_property,hit_and_run,crash_severity,crash_injury_severity,crash_mode,crash_type_code,crash_type,total_units,num_motor_vehicles,dooring_pedalcyclist,damage_code,damage,no_injury_drive_away,injury_or_towed,fatalities,a_injuries,b_injuries,c_injuries,total_injured,cause1_code,cause1,cause2_code,cause2,traffic_control_code,traffic_control,device_condition_code,device_condition,weather_code,weather,lighting_code,lighting,trafficway_code,trafficway,road_surface_code,road_surface,flow_condition_code,flow_condition,road_defects_code,road_defects,beat_zone,post_district,latitude,longitude,latitude_geocoded,longitude_geocoded,state_plane_x,state_plane_y
33745,25 06988,2506988,X004072701,2025-12-18,13:47:00,2025-12-18 13:47:00,2025-12-19 09:12:50,1111 Ontario St,1111,ONTARIO ST,,0,0,0,0,Property Damage,No Injuries,Car,9,Parked Motor Vehicle,2,2,0,4,"$501 to $1,500",1,0,0,0,0,0,0,15,Driving Skills/Knowledge/Experience,99,Not Applicable,1,No Controls,1,No Controls,6,Severe Cross Wind,1,Daylight,1,Not Divided,1,Dry,3,Free Flow,1,No Defects,O40,O9,41.8905449,-87.8032455,41.8903275,-87.8034897,1128583.13,1903148.00
33734,25 06986,2506986,X004072425,2025-12-18,14:48:00,2025-12-18 14:48:00,2025-12-18 16:00:00,Adams St/S Taylor Ave,,ADAMS ST,S TAYLOR AVE,1,1,0,0,Property Damage,No Injuries,Car,15,Angle,2,2,0,5,"Over $1,500",1,0,0,0,0,0,0,02,Failing To Yield Right-Of-Way,28,Failing To Reduce Speed To Avoid Crash,2,Stop Sign,4,Functioning Properly,8,Cloudy/Overcast,1,Daylight,15,T-Intersection,2,Wet,3,Free Flow,1,No Defects,O80,O13,41.8781471,-87.7782517,41.8781776,-87.7782593,1135417.50,1898673.88
33735,25 06987,2506987,X004072426,2025-12-18,15:28:00,2025-12-18 15:28:00,2025-12-18 16:22:43,621 S Grove Ave,621,S GROVE AVE,,0,0,0,0,Property Damage,No Injuries,Car,9,Parked Motor Vehicle,2,2,0,4,"$501 to $1,500",1,0,0,0,0,0,0,20,Improper Lane Usage,28,Failing To Reduce Speed To Avoid Crash,1,No Controls,1,No Controls,2,Rain,1,Daylight,1,Not Divided,2,Wet,3,Free Flow,1,No Defects,O60,O15,41.8777618,-87.7954254,41.8775139,-87.7955246,1130742.38,1898503.38
33740,25 06994,2506994,X004072710,2025-12-18,17:47:00,2025-12-18 17:47:00,2025-12-19 09:12:47,Pleasant St/S Harvey Ave,,PLEASANT ST,S HARVEY AVE,1,1,0,0,Property Damage,No Injuries,Pedestrian,1,Pedestrian,2,1,0,4,"$501 to $1,500",1,0,0,0,0,0,0,18,Unable To Determine,28,Failing To Reduce Speed To Avoid Crash,2,Stop Sign,4,Functioning Properly,2,Rain,5,"Darkness, Lighted Road",1,Not Divided,2,Wet,1,Slow,1,No Defects,O50,O10,41.8852386,-87.7813339,41.8852615,-87.7813339,1134562.50,1901251.63
33738,25 06998,2506998,X004072564,2025-12-18,19:37:00,2025-12-18 19:37:00,2025-12-19 09:06:53,720 North Blvd,720,NORTH BLVD,,0,0,0,0,Property Damage,No Injuries,Car,6,Fixed Object,1,1,0,5,"Over $1,500",1,0,0,0,0,0,0,28,Failing To Reduce Speed To Avoid Crash,99,Not Applicable,1,No Controls,1,No Controls,1,Clear,5,"Darkness, Lighted Road",1,Not Divided,1,Dry,1,Slow,1,No Defects,O30,O8,41.8873520,-87.7937622,41.8874664,-87.7937241,1131172.13,1902000.50
33743,25 07001,2507001,X004072711,2025-12-18,21:26:00,2025-12-18 21:26:00,2025-12-19 09:12:49,1025 Pleasant Pl,1025,PLEASANT PL,,0,0,0,1,Property Damage,No Injuries,Car,9,Parked Motor Vehicle,2,2,0,5,"Over $1,500",1,0,0,0,0,0,0,18,Unable To Determine,99,Not Applicable,1,No Controls,1,No Controls,1,Clear,1,Daylight,1,Not Divided,1,Dry,3,Free Flow,1,No Defects,O70,O12,41.8842430,-87.8017044,41.8842163,-87.8014297,1129016.75,1900853.25
33755,25 07005,2507005,X004076075,2025-12-19,07:34:00,2025-12-19 07:34:00,2025-12-22 13:23:20,S Harlem Ave/Fillmore St,,S HARLEM AVE,FILLMORE ST,0,0,0,0,Property Damage,No Injuries,Car,11,Front To Rear,4,4,0,5,"Over $1,500",0,1,0,0,0,0,0,28,Failing To Reduce Speed To Avoid Crash,99,Not Applicable,1,No Controls,1,No Controls,1,Clear,2,Dawn,1,Not Divided,1,Dry,2,Stopped,1,No Defects,O90,O18,41.8668556,-87.8042374,41.8668671,-87.8042679,1128366.38,1894514.13
33756,25 07006,2507006,X004076076,2025-12-19,08:54:00,2025-12-19 08:54:00,2025-12-22 13:23:21,616 S Oak Park Ave,616,S OAK PARK AVE,,0,0,0,0,Property Damage,No Injuries,Car,11,Front To Rear,2,2,0,5,"Over $1,500",1,0,0,0,0,0,0,03,Following Too Closely,28,Failing To Reduce Speed To Avoid Crash,1,No Controls,1,No Controls,1,Clear,1,Daylight,2,"Divided, No Median Barrier",1,Dry,2,Stopped,1,No Defects,O60,O15,41.8772926,-87.7942123,41.8772621,-87.7939682,1131074.00,1898334.25
33747,25 07007,2507007,X004073483,2025-12-19,10:34:00,2025-12-19 10:34:00,2025-12-19 12:26:04,Ontario St/N Scoville Ave,,ONTARIO ST,N SCOVILLE AVE,1,0,0,1,Property Damage,No Injuries,Car,9,Parked Motor Vehicle,2,2,0,4,"$501 to $1,500",1,0,0,0,0,0,0,28,Failing To Reduce Speed To Avoid Crash,18,Unable To Determine,2,Stop Sign,4,Functioning Properly,1,Clear,1,Daylight,15,T-Intersection,1,Dry,2,Stopped,1,No Defects,O30,O8,41.8902779,-87.7880096,41.8903122,-87.7880173,1132732.63,1903076.63
33758,25 07013,2507013,X004076077,2025-12-19,12:41:00,2025-12-19 12:41:00,2025-12-22 13:23:22,N Ridgeland Ave/Erie St,,N RIDGELAND AVE,ERIE ST,0,0,0,0,Property Damage,No Injuries,Car,12,Sideswipe - Same Direction,2,2,0,4,"$501 to $1,500",1,0,0,0,0,0,0,02,Failing To Yield Right-Of-Way,28,Failing To Reduce Speed To Avoid Crash,1,No Controls,1,No Controls,1,Clear,1,Daylight,2,"Divided, No Median Barrier",1,Dry,3,Free Flow,1,No Defects,O30,O8,41.8917160,-87.7848282,41.8917236,-87.7847977,1133594.00,1903606.63
33759,25 07017,2507017,X004076078,2025-12-19,14:51:00,2025-12-19 14:51:00,2025-12-22 13:23:23,Ontario St/N Taylor Ave,,ONTARIO ST,N TAYLOR AVE,1,1,0,0,Property Damage,No Injuries,Car,12,Sideswipe - Same Direction,2,2,0,4,"$501 to $1,500",1,0,0,0,0,0,0,04,Improper Overtaking/Passing,06,Improper Turning/No Signal,1,No Controls,1,No Controls,1,Clear,1,Daylight,1,Not Divided,1,Dry,3,Free Flow,1,No Defects,O30,O7,41.8904266,-87.7782440,41.8904533,-87.7782517,1135390.13,1903148.00
33748,25 07019,2507019,X004076081,2025-12-19,16:12:00,2025-12-19 16:12:00,2025-12-22 13:23:18,Lombard Ave/Washington Blvd,,LOMBARD AVE,WASHINGTON BLVD,0,0,0,1,Property Damage,No Injuries,Car,15,Angle,2,2,0,5,"Over $1,500",1,0,0,0,0,0,0,02,Failing To Yield Right-Of-Way,28,Failing To Reduce Speed To Avoid Crash,1,No Controls,1,No Controls,1,Clear,1,Daylight,1,Not Divided,1,Dry,3,Free Flow,1,No Defects,O50,O10,41.8819313,-87.7795868,41.8819237,-87.7796173,1135046.75,1900049.63
33757,25 07020,2507020,X004076083,2025-12-19,16:48:00,2025-12-19 16:48:00,2025-12-22 13:23:21,Home Ave/Pleasant St,,HOME AVE,PLEASANT ST,1,1,0,0,Property Damage,No Injuries,Car,10,Turning (At Least One Vehicle),2,2,0,5,"Over $1,500",0,1,0,0,0,0,0,28,Failing To Reduce Speed To Avoid Crash,03,Following Too Closely,10,Other Regulatory Sign,4,Functioning Properly,1,Clear,4,Darkness,15,T-Intersection,1,Dry,3,Free Flow,1,No Defects,O70,O12,41.8857498,-87.8000565,41.8857498,-87.8000870,1129463.50,1901406.75
33760,25 07029,2507029,X004076094,2025-12-20,00:34:00,2025-12-20 00:34:00,2025-12-22 13:23:23,N Harlem Ave/Randolph St,,N HARLEM AVE,RANDOLPH ST,1,0,0,1,Property Damage,No Injuries,Car,11,Front To Rear,2,2,0,4,"$501 to $1,500",1,0,0,0,0,0,0,28,Failing To Reduce Speed To Avoid Crash,15,Driving Skills/Knowledge/Experience,3,Traffic Signal,4,Functioning Properly,1,Clear,5,"Darkness, Lighted Road",1,Not Divided,1,Dry,2,Stopped,1,No Defects,O70,O12,41.8832092,-87.8048935,41.8832283,-87.8048630,1128150.63,1900472.25
33751,25 07037,2507037,X004076104,2025-12-20,10:51:00,2025-12-20 10:51:00,2025-12-22 13:23:19,425 S Harvey Ave,425,S HARVEY AVE,,0,0,0,1,Property Damage,No Injuries,Car,12,Sideswipe - Same Direction,2,2,0,4,"$501 to $1,500",1,0,0,0,0,0,0,04,Improper Overtaking/Passing,28,Failing To Reduce Speed To Avoid Crash,1,No Controls,1,No Controls,1,Clear,1,Daylight,1,Not Divided,1,Dry,3,Free Flow,1,No Defects,O50,O10,41.8814926,-87.7812042,41.8807716,-87.7814178,1134606.25,1899886.63
33764,25 07044,2507044,X004077075,2025-12-20,14:48:00,2025-12-20 14:48:00,2025-12-23 09:31:09,N Austin Blvd/Chicago,,N AUSTIN BLVD,CHICAGO,0,0,0,0,Injury,C Injury Crash,Car,10,Turning (At Least One Vehicle),2,2,0,5,"Over $1,500",0,1,0,0,0,2,2,28,Failing To Reduce Speed To Avoid Crash,02,Failing To Yield Right-Of-Way,1,No Controls,1,No Controls,1,Clear,1,Daylight,2,"Divided, No Median Barrier",1,Dry,3,Free Flow,1,No Defects,,,41.8947105,-87.7751083,41.8947105,-87.7751389,1136235.63,1904714.63
33752,25 07046,2507046,X004076111,2025-12-20,17:59:00,2025-12-20 17:59:00,2025-12-22 13:23:19,S Austin Blvd/Garfield St,,S AUSTIN BLVD,GARFIELD ST,1,1,0,0,Property Damage,No Injuries,Car,15,Angle,2,2,0,4,"$501 to $1,500",1,0,0,0,0,0,0,02,Failing To Yield Right-Of-Way,99,Not Applicable,2,Stop Sign,4,Functioning Properly,1,Clear,5,"Darkness, Lighted Road",1,Not Divided,1,Dry,3,Free Flow,1,No Defects,O90,O16,41.8704185,-87.7743530,41.8704224,-87.7743149,1136497.13,1895864.88
33749,25 07048,2507048,X004076123,2025-12-20,19:40:00,2025-12-20 19:40:00,2025-12-22 13:23:18,134 N Marion St,134,N MARION ST,,0,0,0,1,Property Damage,No Injuries,Car,10,Turning (At Least One Vehicle),2,2,0,4,"$501 to $1,500",1,0,0,0,0,0,0,30,Improper Backing,17,Physical Condition Of Driver,3,Traffic Signal,4,Functioning Properly,1,Clear,5,"Darkness, Lighted Road",1,Not Divided,1,Dry,1,Slow,1,No Defects,O40,O9,41.8884315,-87.8024216,41.8884315,-87.8023453,1128812.38,1902379.63
33778,25 07138,2507138,X004080404,2025-12-21,08:39:00,2025-12-21 08:39:00,2025-12-26 16:28:52,Ridgeland Ave/South Blvd,,RIDGELAND AVE,SOUTH BLVD,0,0,0,0,Property Damage,No Injuries,Car,12,Sideswipe - Same Direction,2,2,0,4,"$501 to $1,500",1,0,0,0,0,0,0,28,Failing To Reduce Speed To Avoid Crash,99,Not Applicable,3,Traffic Signal,4,Functioning Properly,9,Unknown,1,Daylight,3,Divided With Median Barrier,9,Unknown,1,Slow,1,No Defects,O50,O10,41.8869591,-87.7846298,41.8869553,-87.7846603,1133661.75,1901873.50
33761,25 07058,2507058,X004076125,2025-12-21,13:33:00,2025-12-21 13:33:00,2025-12-22 13:23:24,N Austin Blvd/Madison St,,N AUSTIN BLVD,MADISON ST,1,1,0,0,Property Damage,No Injuries,Car,12,Sideswipe - Same Direction,2,2,0,5,"Over $1,500",1,0,0,0,0,0,0,02,Failing To Yield Right-Of-Way,28,Failing To Reduce Speed To Avoid Crash,3,Traffic Signal,4,Functioning Properly,1,Clear,1,Daylight,2,"Divided, No Median Barrier",1,Dry,3,Free Flow,1,No Defects,,,41.8800926,-87.7746201,41.8800888,-87.7746582,1136401.50,1899388.00
33750,25 07063,2507063,X004076126,2025-12-22,01:05:00,2025-12-22 01:05:00,2025-12-22 13:11:57,S Austin Blvd/Jackson Blvd,,S AUSTIN BLVD,JACKSON BLVD,0,0,0,0,Property Damage,No Injuries,Car,6,Fixed Object,1,1,0,4,"$501 to $1,500",1,0,0,0,0,0,0,18,Unable To Determine,99,Not Applicable,3,Traffic Signal,4,Functioning Properly,1,Clear,5,"Darkness, Lighted Road",14,Four-Way Intersection,1,Dry,3,Free Flow,1,No Defects,O80,O13,41.8764229,-87.7745743,41.8764229,-87.7745361,1136424.63,1898051.75
33754,25 07065,2507065,X004078202,2025-12-22,04:53:00,2025-12-22 04:53:00,2025-12-22 13:23:20,Roosevelt Rd/East Ave,,ROOSEVELT RD,EAST AVE,0,0,0,0,Injury,B Injury Crash,Car,11,Front To Rear,2,2,0,4,"$501 to $1,500",0,1,0,0,1,0,1,41,Distraction - From Inside Vehicle,99,Not Applicable,3,Traffic Signal,4,Functioning Properly,1,Clear,5,"Darkness, Lighted Road",1,Not Divided,1,Dry,3,Free Flow,1,No Defects,O90,O17,41.8652763,-87.7888641,41.8652534,-87.7888641,1132558.38,1893964.75
33766,25 07066,2507066,X004078206,2025-12-22,06:47:00,2025-12-22 06:47:00,2025-12-23 13:40:43,Maple/Erie,,MAPLE,ERIE,0,1,0,0,Property Damage,No Injuries,Car,7,Other Object,2,1,0,3,$500 or less,1,0,0,0,0,0,0,02,Failing To Yield Right-Of-Way,15,Driving Skills/Knowledge/Experience,2,Stop Sign,4,Functioning Properly,1,Clear,1,Daylight,1,Not Divided,1,Dry,3,Free Flow,1,No Defects,O40,O9,41.8918457,-87.8038483,41.8918419,-87.8038864,1128416.75,1903620.13
33763,25 07086,2507086,X004077079,2025-12-22,17:40:00,2025-12-22 17:40:00,2025-12-23 09:31:09,Randolph St/N Harlem Ave,,RANDOLPH ST,N HARLEM AVE,1,1,0,0,Property Damage,No Injuries,Car,14,Front To Front,2,2,0,5,"Over $1,500",1,0,0,0,0,0,0,02,Failing To Yield Right-Of-Way,20,Improper Lane Usage,3,Traffic Signal,4,Functioning Properly,1,Clear,1,Daylight,1,Not Divided,1,Dry,3,Free Flow,1,No Defects,O70,O12,41.8831978,-87.8048630,41.8832283,-87.8048630,1128160.88,1900467.50
33762,25 07085,2507085,X004077076,2025-12-22,17:45:00,2025-12-22 17:45:00,2025-12-23 09:31:08,N Harlem Ave/Randolph St,,N HARLEM AVE,RANDOLPH ST,1,1,0,0,Property Damage,No Injuries,Car,10,Turning (At Least One Vehicle),2,2,0,5,"Over $1,500",1,0,0,0,0,0,0,02,Failing To Yield Right-Of-Way,28,Failing To Reduce Speed To Avoid Crash,3,Traffic Signal,4,Functioning Properly,1,Clear,5,"Darkness, Lighted Road",14,Four-Way Intersection,1,Dry,3,Free Flow,1,No Defects,F1,FPPD,41.8832092,-87.8048935,41.8832283,-87.8048630,1128150.63,1900472.25
33765,25 07087,2507087,X004077081,2025-12-22,18:15:00,2025-12-22 18:15:00,2025-12-23 09:37:01,1040 S Oak Park Ave,1040,S OAK PARK AVE,,0,0,0,0,Property Damage,No Injuries,Car,9,Parked Motor Vehicle,2,2,0,5,"Over $1,500",1,0,0,0,0,0,0,28,Failing To Reduce Speed To Avoid Crash,99,Not Applicable,1,No Controls,1,No Controls,1,Clear,5,"Darkness, Lighted Road",1,Not Divided,1,Dry,1,Slow,1,No Defects,O90,O18,41.8691864,-87.7939301,41.8691711,-87.7936783,1131169.13,1895380.88
33770,25 07104,2507104,X004078300,2025-12-23,16:19:00,2025-12-23 16:19:00,2025-12-24 10:14:05,Chicago Ave/N Ridgeland Ave,,CHICAGO AVE,N RIDGELAND AVE,1,1,0,0,Injury,C Injury Crash,Car,11,Front To Rear,3,3,0,4,"$501 to $1,500",0,1,0,0,0,1,1,28,Failing To Reduce Speed To Avoid Crash,99,Not Applicable,3,Traffic Signal,4,Functioning Properly,1,Clear,5,"Darkness, Lighted Road",1,Not Divided,1,Dry,3,Free Flow,1,No Defects,O30,O7,41.8945465,-87.7848740,41.8945770,-87.7848740,1133576.63,1904637.00
33768,25 07101,2507101,X004078299,2025-12-23,16:46:00,2025-12-23 16:46:00,2025-12-24 10:08:10,Madison St/S Cuyler Ave,,MADISON ST,S CUYLER AVE,1,1,0,0,Property Damage,No Injuries,Car,11,Front To Rear,5,5,0,5,"Over $1,500",1,0,0,0,0,0,0,28,Failing To Reduce Speed To Avoid Crash,18,Unable To Determine,1,No Controls,1,No Controls,1,Clear,5,"Darkness, Lighted Road",1,Not Divided,1,Dry,1,Slow,1,No Defects,O80,O13,41.8799324,-87.7832260,41.8799591,-87.7832336,1134058.63,1899314.38
33767,25 07106,2507106,X004078207,2025-12-23,17:40:00,2025-12-23 17:40:00,2025-12-24 00:09:46,S Oak Park Ave/Madison St,,S OAK PARK AVE,MADISON ST,0,0,0,0,Property Damage,No Injuries,Car,12,Sideswipe - Same Direction,2,2,0,4,"$501 to $1,500",1,0,0,0,0,0,0,20,Improper Lane Usage,04,Improper Overtaking/Passing,3,Traffic Signal,4,Functioning Properly,1,Clear,5,"Darkness, Lighted Road",1,Not Divided,1,Dry,1,Slow,1,No Defects,O60,O11,41.8797722,-87.7942200,41.8797722,-87.7942581,1131065.38,1899237.25
33769,25 07108,2507108,X004078301,2025-12-24,01:11:00,2025-12-24 01:11:00,2025-12-24 10:08:11,S Harlem Ave/I290 Expy W,,S HARLEM AVE,I290 EXPY W,1,0,0,0,Property Damage,No Injuries,Car,11,Front To Rear,2,2,0,5,"Over $1,500",1,0,0,0,0,0,0,03,Following Too Closely,28,Failing To Reduce Speed To Avoid Crash,3,Traffic Signal,4,Functioning Properly,1,Clear,5,"Darkness, Lighted Road",4,Two-Way Continuous Left-Turn Lane,1,Dry,1,Slow,1,No Defects,O60,O15,41.8737946,-87.8044968,41.8738136,-87.8045197,1128281.50,1897042.00
33775,25 07113,2507113,X004079663,2025-12-24,08:58:00,2025-12-24 08:58:00,2025-12-26 10:07:45,Roosevelt Rd/Grove Ave,,ROOSEVELT RD,GROVE AVE,1,0,0,0,Injury,B Injury Crash,Car,10,Turning (At Least One Vehicle),2,2,0,5,"Over $1,500",0,1,0,0,1,0,1,02,Failing To Yield Right-Of-Way,28,Failing To Reduce Speed To Avoid Crash,1,No Controls,1,No Controls,8,Cloudy/Overcast,1,Daylight,1,Not Divided,1,Dry,3,Free Flow,1,No Defects,O90,O18,41.8651695,-87.7950668,41.8651390,-87.7950668,1130868.88,1893914.13
33787,25 07117,2507117,X004082018,2025-12-24,12:39:00,2025-12-24 12:39:00,2025-12-29 09:04:12,438 S Maple Ave,438,S MAPLE AVE,,0,0,0,0,Property Damage,No Injuries,Car,10,Turning (At Least One Vehicle),2,2,0,4,"$501 to $1,500",1,0,0,0,0,0,0,02,Failing To Yield Right-Of-Way,28,Failing To Reduce Speed To Avoid Crash,1,No Controls,1,No Controls,1,Clear,1,Daylight,2,"Divided, No Median Barrier",1,Dry,3,Free Flow,1,No Defects,O70,O12,41.8800697,-87.8039169,41.8800163,-87.8037415,1128424.38,1899329.75
33776,25 07119,2507119,X004079664,2025-12-24,14:42:00,2025-12-24 14:42:00,2025-12-26 10:07:45,Roosevelt Rd/Home Ave,,ROOSEVELT RD,HOME AVE,1,0,0,1,Property Damage,No Injuries,Car,15,Angle,2,2,0,5,"Over $1,500",1,0,0,0,0,0,0,30,Improper Backing,28,Failing To Reduce Speed To Avoid Crash,1,No Controls,1,No Controls,8,Cloudy/Overcast,1,Daylight,7,Parking Lot,1,Dry,3,Free Flow,1,No Defects,O90,O18,41.8650971,-87.7989807,41.8650742,-87.7989807,1129802.63,1893882.25
33772,25 07122,2507122,X004079667,2025-12-24,18:16:00,2025-12-24 18:16:00,2025-12-26 10:02:01,N Oak Park Ave/Erie St,,N OAK PARK AVE,ERIE ST,0,0,0,0,Injury,B Injury Crash,Car,9,Parked Motor Vehicle,3,3,0,5,"Over $1,500",0,1,0,0,1,0,1,28,Failing To Reduce Speed To Avoid Crash,19,Had Been Drinking (Use When No Arrest),1,No Controls,1,No Controls,1,Clear,1,Daylight,2,"Divided, No Median Barrier",1,Dry,3,Free Flow,1,No Defects,O40,O9,41.8915558,-87.7946396,41.8915520,-87.7946014,1130925.00,1903530.00
33796,25 07128,2507128,X004084173,2025-12-25,11:38:00,2025-12-25 11:38:00,2025-12-30 10:08:49,N Ridgeland Ave/North Ave,,N RIDGELAND AVE,NORTH AVE,0,0,0,1,Property Damage,No Injuries,Car,12,Sideswipe - Same Direction,2,2,0,5,"Over $1,500",1,0,0,0,0,0,0,04,Improper Overtaking/Passing,28,Failing To Reduce Speed To Avoid Crash,1,No Controls,1,No Controls,1,Clear,5,"Darkness, Lighted Road",1,Not Divided,1,Dry,1,Slow,1,No Defects,O20,,41.9091606,-87.7834091,41.9091644,-87.7833710,1133941.38,1909965.38
33773,25 07131,2507131,X004079670,2025-12-25,14:00:00,2025-12-25 14:00:00,2025-12-26 10:02:02,S Harlem Ave/Jackson Blvd,,S HARLEM AVE,JACKSON BLVD,1,0,0,0,Property Damage,No Injuries,Car,11,Front To Rear,3,3,0,5,"Over $1,500",0,1,0,0,0,0,0,28,Failing To Reduce Speed To Avoid Crash,40,Distraction - From Outside Vehicle,3,Traffic Signal,4,Functioning Properly,1,Clear,1,Daylight,2,"Divided, No Median Barrier",1,Dry,3,Free Flow,1,No Defects,O60,O15,41.8759766,-87.8045654,41.8759842,-87.8046036,1128256.50,1897837.00
33777,25 07133,2507133,X004079671,2025-12-25,14:41:00,2025-12-25 14:41:00,2025-12-26 10:07:46,N Austin Blvd/Madison St,,N AUSTIN BLVD,MADISON ST,1,1,0,0,Property Damage,No Injuries,Car,11,Front To Rear,2,2,0,4,"$501 to $1,500",1,0,0,0,0,0,0,28,Failing To Reduce Speed To Avoid Crash,02,Failing To Yield Right-Of-Way,3,Traffic Signal,4,Functioning Properly,1,Clear,1,Daylight,2,"Divided, No Median Barrier",1,Dry,3,Free Flow,1,No Defects,,,41.8800926,-87.7746201,41.8800888,-87.7746582,1136401.50,1899388.00
33788,25 07152,2507152,X004082182,2025-12-27,03:05:00,2025-12-27 03:05:00,2025-12-29 09:10:13,S Austin Blvd/Roosevelt Rd,,S AUSTIN BLVD,ROOSEVELT RD,0,0,0,0,Property Damage,No Injuries,Car,9,Parked Motor Vehicle,5,5,0,5,"Over $1,500",0,1,0,0,0,0,0,28,Failing To Reduce Speed To Avoid Crash,18,Unable To Determine,1,No Controls,1,No Controls,1,Clear,5,"Darkness, Lighted Road",2,"Divided, No Median Barrier",1,Dry,3,Free Flow,1,No Defects,O90,O16,41.8654671,-87.7741699,41.8654709,-87.7741394,1136559.00,1894060.13
33790,25 07177,2507177,X004082022,2025-12-27,10:25:00,2025-12-27 10:25:00,2025-12-29 09:10:15,Harlem Ave/North Ave,,HARLEM AVE,NORTH AVE,0,0,0,1,Property Damage,No Injuries,Car,15,Angle,2,2,0,5,"Over $1,500",1,0,0,0,0,0,0,02,Failing To Yield Right-Of-Way,28,Failing To Reduce Speed To Avoid Crash,3,Traffic Signal,4,Functioning Properly,1,Clear,1,Daylight,1,Not Divided,1,Dry,1,Slow,1,No Defects,R81,RFPD,41.9088783,-87.8057938,41.9088860,-87.8057556,1127849.25,1909824.75
33789,25 07158,2507158,X004082162,2025-12-27,17:11:00,2025-12-27 17:11:00,2025-12-29 09:10:14,N Lombard Ave/Lake St,,N LOMBARD AVE,LAKE ST,1,1,0,0,Property Damage,No Injuries,Car,15,Angle,2,2,0,5,"Over $1,500",0,1,0,0,0,0,0,02,Failing To Yield Right-Of-Way,18,Unable To Determine,2,Stop Sign,4,Functioning Properly,1,Clear,5,"Darkness, Lighted Road",14,Four-Way Intersection,1,Dry,3,Free Flow,1,No Defects,O30,O7,41.8881760,-87.7798462,41.8881798,-87.7798080,1134959.88,1902324.25
33784,25 07161,2507161,X004082159,2025-12-27,18:16:00,2025-12-27 18:16:00,2025-12-29 09:04:12,N Ridgeland Ave/Superior St,,N RIDGELAND AVE,SUPERIOR ST,0,0,0,0,Injury,C Injury Crash,Car,11,Front To Rear,3,3,0,5,"Over $1,500",0,1,0,0,0,1,1,28,Failing To Reduce Speed To Avoid Crash,99,Not Applicable,1,No Controls,1,No Controls,1,Clear,5,"Darkness, Lighted Road",1,Not Divided,1,Dry,2,Stopped,1,No Defects,O30,O8,41.8930931,-87.7848740,41.8931007,-87.7848358,1133580.25,1904108.25
33792,25 07175,2507175,X004082232,2025-12-28,05:12:00,2025-12-28 05:12:00,2025-12-29 10:18:36,Garfield St/S Oak Park Ave,,GARFIELD ST,S OAK PARK AVE,1,1,0,0,Property Damage,No Injuries,Car,6,Fixed Object,2,1,0,5,"Over $1,500",1,0,0,0,0,0,0,28,Failing To Reduce Speed To Avoid Crash,15,Driving Skills/Knowledge/Experience,3,Traffic Signal,3,Functioning Improperly,2,Rain,5,"Darkness, Lighted Road",1,Not Divided,2,Wet,3,Free Flow,1,No Defects,O90,O18,41.8719978,-87.7939911,41.8720245,-87.7939911,1131146.25,1896404.88
33783,25 07176,2507176,X004082021,2025-12-28,07:35:00,2025-12-28 07:35:00,2025-12-29 09:04:11,Forest Ave/North Blvd,,FOREST AVE,NORTH BLVD,0,0,0,0,Property Damage,No Injuries,Car,18,Rear To Front,2,2,0,4,"$501 to $1,500",1,0,0,0,0,0,0,30,Improper Backing,99,Not Applicable,2,Stop Sign,4,Functioning Properly,1,Clear,5,"Darkness, Lighted Road",14,Four-Way Intersection,1,Dry,3,Free Flow,1,No Defects,O40,O9,41.8872299,-87.8007355,41.8872528,-87.8007050,1129274.25,1901944.63
33794,25 07187,2507187,X004083563,2025-12-28,08:36:00,2025-12-28 08:36:00,2025-12-30 10:08:48,Washington Blvd/S Lombard Ave,,WASHINGTON BLVD,S LOMBARD AVE,0,0,0,1,Property Damage,No Injuries,Car,9,Parked Motor Vehicle,2,2,0,5,"Over $1,500",1,0,0,0,0,0,0,20,Improper Lane Usage,28,Failing To Reduce Speed To Avoid Crash,3,Traffic Signal,4,Functioning Properly,8,Cloudy/Overcast,1,Daylight,1,Not Divided,9,Unknown,3,Free Flow,1,No Defects,O50,O10,41.8819084,-87.7795944,41.8819237,-87.7796173,1135044.50,1900041.50
33786,25 07179,2507179,X004082024,2025-12-28,12:11:00,2025-12-28 12:11:00,2025-12-29 09:10:13,914 N Austin Blvd,914,N AUSTIN BLVD,,0,0,0,0,Property Damage,No Injuries,Car,15,Angle,2,2,0,5,"Over $1,500",1,0,0,0,0,0,0,02,Failing To Yield Right-Of-Way,28,Failing To Reduce Speed To Avoid Crash,1,No Controls,1,No Controls,2,Rain,1,Daylight,1,Not Divided,2,Wet,3,Free Flow,1,No Defects,,,41.8970718,-87.7751846,41.8972778,-87.7754135,1136209.50,1905575.00
33785,25 07182,2507182,X004083069,2025-12-28,17:10:00,2025-12-28 17:10:00,2025-12-29 09:10:13,N Austin Blvd/Ontario St,,N AUSTIN BLVD,ONTARIO ST,1,0,0,0,Property Damage,No Injuries,Car,6,Fixed Object,2,1,0,5,"Over $1,500",0,1,0,0,0,0,0,28,Failing To Reduce Speed To Avoid Crash,18,Unable To Determine,1,No Controls,1,No Controls,1,Clear,5,"Darkness, Lighted Road",1,Not Divided,2,Wet,3,Free Flow,1,No Defects,O30,O7,41.8905106,-87.7749710,41.8905106,-87.7750092,1136281.00,1903184.25