record_id,report_number,crash_id,idot_crash_number,date,time,occurred_at,record_added_at,location,street_number,street_name,cross_street,at_intersection,intersection_related,private_property,hit_and_run,crash_severity,crash_injury_severity,crash_mode,crash_type_code,crash_type,total_units,num_motor_vehicles,dooring_pedalcyclist,damage_code,damage,no_injury_drive_away,injury_or_towed,fatalities,a_injuries,b_injuries,c_injuries,total_injured,cause1_code,cause1,cause2_code,cause2,traffic_control_code,traffic_control,device_condition_code,device_condition,weather_code,weather,lighting_code,lighting,trafficway_code,trafficway,road_surface_code,road_surface,flow_condition_code,flow_condition,road_defects_code,road_defects,beat_zone,post_district,latitude,longitude,latitude_geocoded,longitude_geocoded,state_plane_x,state_plane_y
33791,25 07186,2507186,X004082185,2025-12-29,07:39:00,2025-12-29 07:39:00,2025-12-29 10:24:19,North Blvd/Forest Ave,,NORTH BLVD,FOREST AVE,0,0,0,0,Property Damage,No Injuries,Car,5,Overturned,1,1,0,5,"Over $1,500",0,1,0,0,0,0,0,28,Failing To Reduce Speed To Avoid Crash,28,Failing To Reduce Speed To Avoid Crash,1,No Controls,1,No Controls,11,Blowing Snow,1,Daylight,7,Parking Lot,3,Snow or Slush,3,Free Flow,1,No Defects,O40,O9,41.8871422,-87.8006134,41.8872528,-87.8007050,1129307.00,1901912.50
33808,25 07225,2507225,X004086742,2025-12-29,11:15:00,2025-12-29 11:15:00,2026-01-02 09:01:25,411 N Marion St,411,N MARION ST,,0,0,0,0,Property Damage,No Injuries,Car,9,Parked Motor Vehicle,2,2,0,5,"Over $1,500",1,0,0,0,0,0,0,15,Driving Skills/Knowledge/Experience,99,Not Applicable,2,Stop Sign,4,Functioning Properly,9,Unknown,9,Unknown,1,Not Divided,9,Unknown,3,Free Flow,1,No Defects,O40,O9,41.8930702,-87.8027573,41.8935051,-87.8029633,1128711.63,1904069.63
33795,25 07192,2507192,X004083564,2025-12-29,14:01:00,2025-12-29 14:01:00,2025-12-30 10:08:49,N Harlem Ave/Washington Blvd,,N HARLEM AVE,WASHINGTON BLVD,0,0,0,1,Property Damage,No Injuries,Car,12,Sideswipe - Same Direction,2,2,0,3,$500 or less,1,0,0,0,0,0,0,04,Improper Overtaking/Passing,99,Not Applicable,1,No Controls,1,No Controls,11,Blowing Snow,1,Daylight,2,"Divided, No Median Barrier",3,Snow or Slush,2,Stopped,1,No Defects,F1,FPPD,41.8813934,-87.8048325,41.8814087,-87.8047943,1128172.13,1899810.88
33793,25 07198,2507198,X004083070,2025-12-29,18:53:00,2025-12-29 18:53:00,2025-12-29 23:46:48,Home Ave/Randolph St,,HOME AVE,RANDOLPH ST,1,1,0,0,Property Damage,No Injuries,Car,15,Angle,2,2,0,5,"Over $1,500",1,0,0,0,0,0,0,02,Failing To Yield Right-Of-Way,99,Not Applicable,2,Stop Sign,4,Functioning Properly,7,Other,5,"Darkness, Lighted Road",1,Not Divided,1,Dry,3,Free Flow,1,No Defects,O70,O12,41.8833237,-87.7999649,41.8833275,-87.8000031,1129492.50,1900522.50
33797,25 07206,2507206,X004084174,2025-12-30,10:10:00,2025-12-30 10:10:00,2025-12-30 17:05:01,Madison St/Oak Park,,MADISON ST,OAK PARK,0,0,0,0,Injury,B Injury Crash,Car,10,Turning (At Least One Vehicle),2,2,0,5,"Over $1,500",0,1,0,0,1,0,1,28,Failing To Reduce Speed To Avoid Crash,99,Not Applicable,3,Traffic Signal,4,Functioning Properly,1,Clear,1,Daylight,1,Not Divided,1,Dry,1,Slow,1,No Defects,O60,O14,41.8797417,-87.7942505,41.8797722,-87.7942581,1131056.50,1899226.38
33798,25 07208,2507208,X004084175,2025-12-30,12:40:00,2025-12-30 12:40:00,2025-12-30 17:05:02,North Ave/N Oak Park Ave,,NORTH AVE,N OAK PARK AVE,0,0,0,0,Property Damage,No Injuries,Car,11,Front To Rear,2,2,0,3,$500 or less,1,0,0,0,0,0,0,41,Distraction - From Inside Vehicle,18,Unable To Determine,3,Traffic Signal,4,Functioning Properly,8,Cloudy/Overcast,1,Daylight,1,Not Divided,1,Dry,2,Stopped,1,No Defects,O20,O2,41.9089928,-87.7947922,41.9090233,-87.7950592,1130843.13,1909884.38
33802,25 07217,2507217,X004085262,2025-12-30,17:54:00,2025-12-30 17:54:00,2025-12-31 09:37:39,Thomas St/N Ridgeland Ave,,THOMAS ST,N RIDGELAND AVE,1,1,0,0,Injury,B Injury Crash,Car,15,Angle,2,2,0,5,"Over $1,500",0,1,0,0,1,0,1,02,Failing To Yield Right-Of-Way,28,Failing To Reduce Speed To Avoid Crash,2,Stop Sign,4,Functioning Properly,1,Clear,4,Darkness,2,"Divided, No Median Barrier",1,Dry,3,Free Flow,1,No Defects,O10,O4,41.8998642,-87.7850571,41.8998947,-87.7850571,1133513.63,1906575.38
33810,25 07218,2507218,X004086741,2025-12-30,18:10:00,2025-12-30 18:10:00,2026-01-02 09:07:18,N Ridgeland Ave/Erie St,,N RIDGELAND AVE,ERIE ST,1,0,0,0,Property Damage,No Injuries,Car,11,Front To Rear,2,2,0,4,"$501 to $1,500",1,0,0,0,0,0,0,03,Following Too Closely,15,Driving Skills/Knowledge/Experience,1,No Controls,1,No Controls,3,Snow,5,"Darkness, Lighted Road",1,Not Divided,3,Snow or Slush,1,Slow,1,No Defects,O30,O8,41.8917160,-87.7848282,41.8917236,-87.7847977,1133594.00,1903606.63
33809,25 07228,2507228,X004086743,2025-12-31,12:21:00,2025-12-31 12:21:00,2026-01-02 09:01:25,950 Washington Blvd,950,WASHINGTON BLVD,,0,0,0,1,Property Damage,No Injuries,Car,9,Parked Motor Vehicle,2,2,0,4,"$501 to $1,500",1,0,0,0,0,0,0,28,Failing To Reduce Speed To Avoid Crash,18,Unable To Determine,3,Traffic Signal,4,Functioning Properly,3,Snow,1,Daylight,1,Not Divided,2,Wet,3,Free Flow,1,No Defects,O70,O12,41.8815231,-87.7993622,41.8816872,-87.7995071,1129660.75,1899866.38
33806,25 07235,2507235,X004086744,2025-12-31,23:07:00,2025-12-31 23:07:00,2026-01-02 09:01:24,Garfield/S Austin Blvd,,GARFIELD,S AUSTIN BLVD,1,1,0,0,Property Damage,No Injuries,Car,15,Angle,2,2,0,5,"Over $1,500",0,1,0,0,0,0,0,02,Failing To Yield Right-Of-Way,99,Not Applicable,2,Stop Sign,4,Functioning Properly,1,Clear,5,"Darkness, Lighted Road",2,"Divided, No Median Barrier",1,Dry,3,Free Flow,1,No Defects,O90,O16,41.8703918,-87.7743225,41.8704224,-87.7743149,1136506.38,1895854.13
33804,26 00005,2600005,X004086746,2026-01-01,11:54:00,2026-01-01 11:54:00,2026-01-02 09:01:23,210 Home Ave,210,HOME AVE,,0,0,0,1,Property Damage,No Injuries,Car,9,Parked Motor Vehicle,2,2,0,4,"$501 to $1,500",1,0,0,0,0,0,0,28,Failing To Reduce Speed To Avoid Crash,18,Unable To Determine,1,No Controls,1,No Controls,1,Clear,5,"Darkness, Lighted Road",1,Not Divided,1,Dry,3,Free Flow,1,No Defects,O70,O12,41.8852119,-87.8001022,41.8849907,-87.7998047,1129450.13,1901210.13
33805,26 00007,2600007,X004086748,2026-01-01,13:17:00,2026-01-01 13:17:00,2026-01-02 09:01:23,328 S Oak Park Ave,328,S OAK PARK AVE,,0,0,0,0,Property Damage,No Injuries,Car,9,Parked Motor Vehicle,6,6,0,5,"Over $1,500",0,1,0,0,0,0,0,28,Failing To Reduce Speed To Avoid Crash,99,Not Applicable,1,No Controls,1,No Controls,1,Clear,1,Daylight,1,Not Divided,1,Dry,3,Free Flow,1,No Defects,O60,O11,41.8820534,-87.7942886,41.8821945,-87.7940521,1131041.00,1900068.88
33807,26 00008,2600008,X004086749,2026-01-01,14:28:00,2026-01-01 14:28:00,2026-01-02 09:01:25,Washington Blvd/S Cuyler Ave,,WASHINGTON BLVD,S CUYLER AVE,1,1,0,0,Property Damage,No Injuries,Car,10,Turning (At Least One Vehicle),2,2,0,4,"$501 to $1,500",1,0,0,0,0,0,0,02,Failing To Yield Right-Of-Way,18,Unable To Determine,2,Stop Sign,5,,1,Clear,1,Daylight,14,Four-Way Intersection,1,Dry,3,Free Flow,1,No Defects,O50,O10,41.8817177,-87.7828751,41.8817444,-87.7828751,1134151.00,1899966.38
33817,26 00017,2600017,X004089121,2026-01-02,05:37:00,2026-01-02 05:37:00,2026-01-05 10:05:32,North Ave/Harlem Ave,,NORTH AVE,HARLEM AVE,1,0,0,0,Property Damage,No Injuries,Car,10,Turning (At Least One Vehicle),2,2,0,5,"Over $1,500",1,0,0,0,0,0,0,02,Failing To Yield Right-Of-Way,99,Not Applicable,2,Stop Sign,4,Functioning Properly,1,Clear,2,Dawn,2,"Divided, No Median Barrier",1,Dry,3,Free Flow,1,No Defects,O20,O3,41.9088554,-87.8057556,41.9088860,-87.8057556,1127858.75,1909816.50
33818,26 00018,2600018,X004089123,2026-01-02,07:04:00,2026-01-02 07:04:00,2026-01-05 10:05:32,430 Home Ave,430,HOME AVE,,0,0,0,1,Property Damage,No Injuries,Car,9,Parked Motor Vehicle,2,2,0,5,"Over $1,500",1,0,0,0,0,0,0,18,Unable To Determine,99,Not Applicable,1,No Controls,1,No Controls,9,Unknown,9,Unknown,1,Not Divided,9,Unknown,1,Slow,1,No Defects,O70,O12,41.8804092,-87.7999344,41.8804092,-87.7996979,1129508.25,1899459.38
33816,26 00021,2600021,X004089130,2026-01-02,09:07:00,2026-01-02 09:07:00,2026-01-05 10:05:32,S Grove Ave/Pleasant St,,S GROVE AVE,PLEASANT ST,1,1,0,0,Injury,B Injury Crash,Car,15,Angle,2,2,0,5,"Over $1,500",0,1,0,0,1,0,1,02,Failing To Yield Right-Of-Way,99,Not Applicable,2,Stop Sign,4,Functioning Properly,1,Clear,1,Daylight,14,Four-Way Intersection,1,Dry,1,Slow,1,No Defects,O70,O12,41.8851624,-87.7957230,41.8851624,-87.7957535,1130644.50,1901199.75
33819,26 00023,2600023,X004089134,2026-01-02,10:20:00,2026-01-02 10:20:00,2026-01-05 10:05:33,N Harlem Ave/Madison,,N HARLEM AVE,MADISON,0,0,0,0,Property Damage,No Injuries,Car,10,Turning (At Least One Vehicle),2,2,0,5,"Over $1,500",1,0,0,0,0,0,0,02,Failing To Yield Right-Of-Way,99,Not Applicable,1,No Controls,1,No Controls,1,Clear,1,Daylight,1,Not Divided,1,Dry,3,Free Flow,1,No Defects,F2,FPPD,41.8796730,-87.8047714,41.8796654,-87.8047333,1128192.88,1899183.13
33820,26 00022,2600022,X004089132,2026-01-02,10:20:00,2026-01-02 10:20:00,2026-01-05 10:11:32,S Marion St/Pleasant St,,S MARION ST,PLEASANT ST,0,1,0,0,Injury,A Injury Crash,Pedestrian,1,Pedestrian,2,1,0,3,$500 or less,0,1,0,1,0,0,1,02,Failing To Yield Right-Of-Way,28,Failing To Reduce Speed To Avoid Crash,2,Stop Sign,4,Functioning Properly,1,Clear,1,Daylight,1,Not Divided,1,Dry,3,Free Flow,1,No Defects,O70,O12,41.8854599,-87.8025513,41.8857117,-87.8025207,1128784.88,1901295.88
33812,26 00025,2600025,X004086752,2026-01-02,11:52:00,2026-01-02 11:52:00,2026-01-02 15:23:38,Marion St/Berkshire,,MARION ST,BERKSHIRE,1,1,0,0,Injury,B Injury Crash,Car,15,Angle,2,2,0,5,"Over $1,500",0,1,0,0,1,0,1,02,Failing To Yield Right-Of-Way,99,Not Applicable,2,Stop Sign,4,Functioning Properly,1,Clear,1,Daylight,14,Four-Way Intersection,1,Dry,3,Free Flow,1,No Defects,O20,O3,41.9033813,-87.8040924,41.9033890,-87.8040543,1128324.00,1907824.88
33822,26 00039,2600039,X004089171,2026-01-02,20:59:00,2026-01-02 20:59:00,2026-01-05 10:05:33,826 North Blvd,826,NORTH BLVD,,0,0,0,0,Property Damage,No Injuries,Car,18,Rear To Front,2,2,0,3,$500 or less,1,0,0,0,0,0,0,30,Improper Backing,99,Not Applicable,1,No Controls,1,No Controls,1,Clear,4,Darkness,10,One-Way,1,Dry,3,Free Flow,1,No Defects,O40,O9,41.8872833,-87.7957764,41.8873405,-87.7957459,1130625.88,1901971.50
33823,26 00047,2600047,X004089175,2026-01-03,09:58:00,2026-01-03 09:58:00,2026-01-05 10:11:33,Carpenter Ave/Jackson,,CARPENTER AVE,JACKSON,0,0,0,1,Property Damage,No Injuries,Car,9,Parked Motor Vehicle,2,2,0,5,"Over $1,500",1,0,0,0,0,0,0,18,Unable To Determine,99,Not Applicable,1,No Controls,1,No Controls,9,Unknown,1,Daylight,1,Not Divided,9,Unknown,3,Free Flow,1,No Defects,O60,O15,41.8754883,-87.7960968,41.8754883,-87.7961349,1130563.00,1897673.00
33840,26 00052,2600052,X004092199,2026-01-03,16:30:00,2026-01-03 16:30:00,2026-01-07 17:12:24,North Ave/N East Ave,,NORTH AVE,N EAST AVE,1,1,0,0,Property Damage,No Injuries,Car,12,Sideswipe - Same Direction,3,3,0,5,"Over $1,500",0,1,0,0,0,0,0,18,Unable To Determine,99,Not Applicable,1,No Controls,1,No Controls,1,Clear,5,"Darkness, Lighted Road",1,Not Divided,1,Dry,3,Free Flow,1,No Defects,O20,O2,41.9090500,-87.7902145,41.9090767,-87.7902145,1132089.50,1909913.75
33826,26 00053,2600053,X004089344,2026-01-03,17:23:00,2026-01-03 17:23:00,2026-01-05 10:11:34,I290 Expy E/S Harlem Ave,,I290 EXPY E,S HARLEM AVE,1,1,0,0,Injury,B Injury Crash,Car,11,Front To Rear,2,2,0,5,"Over $1,500",0,1,0,0,1,0,1,28,Failing To Reduce Speed To Avoid Crash,02,Failing To Yield Right-Of-Way,3,Traffic Signal,4,Functioning Properly,1,Clear,4,Darkness,2,"Divided, No Median Barrier",1,Dry,3,Free Flow,1,No Defects,O60,O15,41.8734665,-87.8045197,41.8734894,-87.8045120,1128275.63,1896922.00
33828,26 00055,2600055,X004089186,2026-01-03,17:30:00,2026-01-03 17:30:00,2026-01-05 10:11:35,I290 Expy W/S Harlem Ave,,I290 EXPY W,S HARLEM AVE,1,1,0,0,Property Damage,No Injuries,Car,10,Turning (At Least One Vehicle),2,2,0,5,"Over $1,500",0,1,0,0,0,0,0,06,Improper Turning/No Signal,99,Not Applicable,3,Traffic Signal,4,Functioning Properly,1,Clear,3,Dusk,1,Not Divided,1,Dry,3,Free Flow,1,No Defects,O60,O15,41.8738327,-87.8045197,41.8738136,-87.8045197,1128274.75,1897056.88
33824,26 00054,2600054,X004089177,2026-01-03,18:04:00,2026-01-03 18:04:00,2026-01-05 10:11:34,Madison St/S Oak Park Ave,,MADISON ST,S OAK PARK AVE,0,1,0,0,Injury,B Injury Crash,Car,11,Front To Rear,2,2,0,5,"Over $1,500",0,1,0,0,1,0,1,28,Failing To Reduce Speed To Avoid Crash,41,Distraction - From Inside Vehicle,3,Traffic Signal,4,Functioning Properly,1,Clear,5,"Darkness, Lighted Road",4,Two-Way Continuous Left-Turn Lane,1,Dry,2,Stopped,1,No Defects,O60,O14,41.8797417,-87.7942505,41.8797722,-87.7942581,1131056.50,1899226.38
33825,26 00056,2600056,X004089195,2026-01-03,22:56:00,2026-01-03 22:56:00,2026-01-05 10:11:34,Harrison St/Lyman Ave,,HARRISON ST,LYMAN AVE,1,1,0,0,Property Damage,No Injuries,Car,10,Turning (At Least One Vehicle),2,2,0,5,"Over $1,500",1,0,0,0,0,0,0,02,Failing To Yield Right-Of-Way,99,Not Applicable,2,Stop Sign,4,Functioning Properly,1,Clear,5,"Darkness, Lighted Road",1,Not Divided,1,Dry,3,Free Flow,1,No Defects,O80,O13,41.8727226,-87.7768478,41.8727531,-87.7768478,1135813.13,1896698.00
33829,26 00061,2600061,X004089211,2026-01-04,17:41:00,2026-01-04 17:41:00,2026-01-05 10:11:36,Madison St/S East Ave,,MADISON ST,S EAST AVE,1,1,0,0,Property Damage,No Injuries,Car,11,Front To Rear,2,2,0,5,"Over $1,500",1,0,0,0,0,0,0,28,Failing To Reduce Speed To Avoid Crash,02,Failing To Yield Right-Of-Way,3,Traffic Signal,4,Functioning Properly,1,Clear,4,Darkness,2,"Divided, No Median Barrier",1,Dry,3,Free Flow,1,No Defects,O60,O14,41.8798218,-87.7893600,41.8798523,-87.7893600,1132389.38,1899263.88
33830,26 00079,2600079,X004089923,2026-01-05,15:55:00,2026-01-05 15:55:00,2026-01-05 17:07:52,Kenilworth Ave/North Blvd,,KENILWORTH AVE,NORTH BLVD,0,0,0,1,Property Damage,No Injuries,Car,9,Parked Motor Vehicle,2,2,0,3,$500 or less,1,0,0,0,0,0,0,28,Failing To Reduce Speed To Avoid Crash,18,Unable To Determine,1,No Controls,1,No Controls,7,Other,9,Unknown,1,Not Divided,9,Unknown,3,Free Flow,99,Unknown,O40,O9,41.8872261,-87.7971649,41.8872337,-87.7971268,1130246.50,1901949.25
33831,26 00083,2600083,X004090478,2026-01-05,18:08:00,2026-01-05 18:08:00,2026-01-06 09:02:57,S Harlem Ave/I290 Expy W,,S HARLEM AVE,I290 EXPY W,1,1,0,0,Property Damage,No Injuries,Car,12,Sideswipe - Same Direction,2,2,0,5,"Over $1,500",1,0,0,0,0,0,0,18,Unable To Determine,99,Not Applicable,3,Traffic Signal,4,Functioning Properly,1,Clear,5,"Darkness, Lighted Road",1,Not Divided,1,Dry,3,Free Flow,1,No Defects,O60,O15,41.8737946,-87.8044968,41.8738136,-87.8045197,1128281.50,1897042.00
33834,26 00092,2600092,X004091574,2026-01-06,07:12:00,2026-01-06 07:12:00,2026-01-07 10:05:32,N Oak Park Ave/Ontario St,,N OAK PARK AVE,ONTARIO ST,0,0,0,0,Property Damage,No Injuries,Car,11,Front To Rear,3,3,0,5,"Over $1,500",0,1,0,0,0,0,0,28,Failing To Reduce Speed To Avoid Crash,03,Following Too Closely,17,Pedestrian Crossing Sign,4,Functioning Properly,8,Cloudy/Overcast,1,Daylight,2,"Divided, No Median Barrier",2,Wet,3,Free Flow,1,No Defects,O40,O9,41.8902016,-87.7946014,41.8902016,-87.7945557,1130938.75,1903037.00
33835,26 00093,2600093,X004091566,2026-01-06,08:10:00,2026-01-06 08:10:00,2026-01-07 10:11:20,Jackson Blvd/S Euclid Ave,,JACKSON BLVD,S EUCLID AVE,1,1,0,0,Property Damage,No Injuries,Car,11,Front To Rear,2,2,0,5,"Over $1,500",1,0,0,0,0,0,0,28,Failing To Reduce Speed To Avoid Crash,41,Distraction - From Inside Vehicle,1,No Controls,1,No Controls,8,Cloudy/Overcast,1,Daylight,2,"Divided, No Median Barrier",1,Dry,3,Free Flow,1,No Defects,O60,O14,41.8761063,-87.7929077,41.8761368,-87.7929077,1131432.13,1897904.00
33837,26 00099,2600099,X004091562,2026-01-06,13:30:00,2026-01-06 13:30:00,2026-01-07 10:11:21,N Harlem Ave/South Blvd,,N HARLEM AVE,SOUTH BLVD,1,1,0,1,Property Damage,No Injuries,Car,11,Front To Rear,3,3,0,5,"Over $1,500",1,0,0,0,0,0,0,28,Failing To Reduce Speed To Avoid Crash,18,Unable To Determine,3,Traffic Signal,4,Functioning Properly,8,Cloudy/Overcast,1,Daylight,14,Four-Way Intersection,1,Dry,2,Stopped,1,No Defects,F1,FPPD,41.8866921,-87.8050156,41.8867111,-87.8049927,1128109.63,1901740.13
33832,26 00105,2600105,X004091129,2026-01-06,16:48:00,2026-01-06 16:48:00,2026-01-06 19:21:27,Lake St/Forest Ave,,LAKE ST,FOREST AVE,1,1,0,0,Property Damage,No Injuries,Pedestrian,1,Pedestrian,2,1,0,3,$500 or less,1,0,0,0,0,0,0,28,Failing To Reduce Speed To Avoid Crash,18,Unable To Determine,3,Traffic Signal,4,Functioning Properly,1,Clear,3,Dusk,15,T-Intersection,1,Dry,1,Slow,1,No Defects,O40,O9,41.8886337,-87.8007965,41.8886642,-87.8007965,1129255.38,1902455.88
33841,26 00106,2600106,X004092201,2026-01-06,18:19:00,2026-01-06 18:19:00,2026-01-07 17:12:25,1127 Madison St,1127,MADISON ST,,0,0,0,1,Property Damage,No Injuries,Car,10,Turning (At Least One Vehicle),2,2,0,5,"Over $1,500",1,0,0,0,0,0,0,02,Failing To Yield Right-Of-Way,99,Not Applicable,1,No Controls,1,No Controls,3,Snow,5,"Darkness, Lighted Road",1,Not Divided,3,Snow or Slush,3,Free Flow,1,No Defects,O60,O15,41.8795891,-87.8037643,41.8795547,-87.8036957,1128467.50,1899155.25
33839,26 00121,2600121,X004097338,2026-01-07,13:21:00,2026-01-07 13:21:00,2026-01-07 17:12:24,N Austin Blvd/Chicago Ave,,N AUSTIN BLVD,CHICAGO AVE,0,0,0,0,Injury,C Injury Crash,Car,6,Fixed Object,2,1,0,4,"$501 to $1,500",0,1,0,0,0,1,1,18,Unable To Determine,18,Unable To Determine,3,Traffic Signal,4,Functioning Properly,1,Clear,1,Daylight,2,"Divided, No Median Barrier",1,Dry,1,Slow,1,No Defects,O10,O4,41.8947105,-87.7751083,41.8947105,-87.7751389,1136235.63,1904714.63
33846,26 00129,2600129,X004092427,2026-01-07,17:45:00,2026-01-07 17:45:00,2026-01-08 09:09:48,Elmwood/Madison St,,ELMWOOD,MADISON ST,1,1,0,0,Property Damage,No Injuries,Car,10,Turning (At Least One Vehicle),2,2,0,5,"Over $1,500",1,0,0,0,0,0,0,20,Improper Lane Usage,99,Not Applicable,3,Traffic Signal,4,Functioning Properly,1,Clear,5,"Darkness, Lighted Road",14,Four-Way Intersection,1,Dry,2,Stopped,1,No Defects,O60,O11,41.8799095,-87.7857284,41.8799057,-87.7856903,1133378.25,1899302.13
33844,26 00132,2600132,X004092403,2026-01-07,18:09:00,2026-01-07 18:09:00,2026-01-08 09:09:47,Lake St/Maple,,LAKE ST,MAPLE,0,0,0,0,Property Damage,No Injuries,Car,12,Sideswipe - Same Direction,2,2,0,5,"Over $1,500",1,0,0,0,0,0,0,20,Improper Lane Usage,99,Not Applicable,1,No Controls,1,No Controls,1,Clear,1,Daylight,1,Not Divided,1,Dry,3,Free Flow,1,No Defects,O40,O9,41.8885727,-87.8040466,41.8885994,-87.8040466,1128369.50,1902427.75
33843,26 00131,2600131,X004092408,2026-01-07,18:36:00,2026-01-07 18:36:00,2026-01-08 09:09:47,259 Lake St,259,LAKE ST,,0,0,0,1,Property Damage,No Injuries,Car,9,Parked Motor Vehicle,2,2,0,4,"$501 to $1,500",1,0,0,0,0,0,0,28,Failing To Reduce Speed To Avoid Crash,18,Unable To Determine,1,No Controls,1,No Controls,1,Clear,5,"Darkness, Lighted Road",7,Parking Lot,1,Dry,3,Free Flow,1,No Defects,O30,O7,41.8882256,-87.7822952,41.8881416,-87.7822647,1134293.50,1902338.00
33845,26 00130,2600130,X004092417,2026-01-07,18:59:00,2026-01-07 18:59:00,2026-01-08 09:09:48,Lake St/N Ridgeland Ave,,LAKE ST,N RIDGELAND AVE,1,1,0,1,Property Damage,No Injuries,Car,15,Angle,2,2,0,5,"Over $1,500",1,0,0,0,0,0,0,18,Unable To Determine,99,Not Applicable,3,Traffic Signal,4,Functioning Properly,1,Clear,5,"Darkness, Lighted Road",1,Not Divided,1,Dry,3,Free Flow,1,No Defects,O30,O7,41.8882980,-87.7846985,41.8883209,-87.7846985,1133638.38,1902360.50
33864,26 00144,2600144,X004096166,2026-01-08,17:19:00,2026-01-08 17:19:00,2026-01-12 09:13:18,Washington Blvd/Grove Ave,,WASHINGTON BLVD,GROVE AVE,1,1,0,0,Injury,B Injury Crash,Pedestrian,1,Pedestrian,2,1,0,5,"Over $1,500",0,1,0,0,1,0,1,02,Failing To Yield Right-Of-Way,28,Failing To Reduce Speed To Avoid Crash,2,Stop Sign,4,Functioning Properly,1,Clear,4,Darkness,1,Not Divided,1,Dry,3,Free Flow,1,No Defects,O70,O12,41.8815689,-87.7956467,41.8815994,-87.7956467,1130673.25,1899890.13
33849,26 00147,2600147,X004093318,2026-01-08,17:30:00,2026-01-08 17:30:00,2026-01-09 07:25:24,325 S Kenilworth Ave,325,S KENILWORTH AVE,,0,0,0,0,Property Damage,No Injuries,Car,9,Parked Motor Vehicle,2,2,0,4,"$501 to $1,500",1,0,0,0,0,0,0,30,Improper Backing,11,Weather,1,No Controls,1,No Controls,2,Rain,3,Dusk,7,Parking Lot,2,Wet,3,Free Flow,1,No Defects,O70,O12,41.8823509,-87.7969665,41.8823280,-87.7976837,1130311.50,1900172.63
33848,26 00145,2600145,X004093317,2026-01-08,19:16:00,2026-01-08 19:16:00,2026-01-09 07:25:24,S Harlem Ave/Roosevelt Rd,,S HARLEM AVE,ROOSEVELT RD,1,1,0,0,Property Damage,No Injuries,Car,10,Turning (At Least One Vehicle),2,2,0,4,"$501 to $1,500",1,0,0,0,0,0,0,20,Improper Lane Usage,99,Not Applicable,3,Traffic Signal,4,Functioning Properly,2,Rain,5,"Darkness, Lighted Road",14,Four-Way Intersection,2,Wet,1,Slow,1,No Defects,,,41.8649864,-87.8041687,41.8649864,-87.8042068,1128389.25,1893832.00
33896,26 00154,2600154,X004103232,2026-01-09,06:21:00,2026-01-09 06:21:00,2026-01-16 07:21:40,Augusta St/Woodbine Ave,,AUGUSTA ST,WOODBINE AVE,0,1,0,0,Property Damage,No Injuries,Car,11,Front To Rear,2,2,0,5,"Over $1,500",1,0,0,0,0,0,0,28,Failing To Reduce Speed To Avoid Crash,03,Following Too Closely,2,Stop Sign,4,Functioning Properly,1,Clear,5,"Darkness, Lighted Road",1,Not Divided,1,Dry,,,1,No Defects,O20,O6,41.8979568,-87.7992630,41.8979874,-87.7992630,1129651.13,1905855.13
33862,26 00162,2600162,X004096167,2026-01-09,12:47:00,2026-01-09 12:47:00,2026-01-12 09:13:17,6312 Roosevelt Rd,6312,ROOSEVELT RD,,0,0,0,1,Property Damage,No Injuries,Car,9,Parked Motor Vehicle,2,2,0,5,"Over $1,500",0,1,0,0,0,0,0,20,Improper Lane Usage,28,Failing To Reduce Speed To Avoid Crash,1,No Controls,4,Functioning Properly,1,Clear,1,Daylight,2,"Divided, No Median Barrier",1,Dry,3,Free Flow,1,No Defects,O90,O16,41.8653870,-87.7821655,41.8654518,-87.7822952,1134381.38,1894016.88
33857,26 00163,2600163,X004096169,2026-01-09,13:22:00,2026-01-09 13:22:00,2026-01-12 09:07:20,S Ridgeland Ave/Madison St,,S RIDGELAND AVE,MADISON ST,0,0,0,0,Injury,C Injury Crash,Car,10,Turning (At Least One Vehicle),2,2,0,5,"Over $1,500",0,1,0,0,0,1,1,02,Failing To Yield Right-Of-Way,18,Unable To Determine,1,No Controls,1,No Controls,1,Clear,1,Daylight,1,Not Divided,1,Dry,3,Free Flow,1,No Defects,O80,O13,41.8799324,-87.7844238,41.8799324,-87.7844620,1133732.63,1899313.88
33863,26 00166,2600166,X004096172,2026-01-09,15:27:00,2026-01-09 15:27:00,2026-01-12 09:13:17,1118 Lake St,1118,LAKE ST,,0,0,0,0,Property Damage,No Injuries,Car,12,Sideswipe - Same Direction,2,2,0,5,"Over $1,500",1,0,0,0,0,0,0,02,Failing To Yield Right-Of-Way,28,Failing To Reduce Speed To Avoid Crash,1,No Controls,1,No Controls,1,Clear,1,Daylight,2,"Divided, No Median Barrier",1,Dry,3,Free Flow,1,No Defects,O40,O9,41.8886490,-87.8034592,41.8887253,-87.8035889,1128529.75,1902456.25