record_id,report_number,crash_id,idot_crash_number,date,time,occurred_at,record_added_at,location,street_number,street_name,cross_street,at_intersection,intersection_related,private_property,hit_and_run,crash_severity,crash_injury_severity,crash_mode,crash_type_code,crash_type,total_units,num_motor_vehicles,dooring_pedalcyclist,damage_code,damage,no_injury_drive_away,injury_or_towed,fatalities,a_injuries,b_injuries,c_injuries,total_injured,cause1_code,cause1,cause2_code,cause2,traffic_control_code,traffic_control,device_condition_code,device_condition,weather_code,weather,lighting_code,lighting,trafficway_code,trafficway,road_surface_code,road_surface,flow_condition_code,flow_condition,road_defects_code,road_defects,beat_zone,post_district,latitude,longitude,latitude_geocoded,longitude_geocoded,state_plane_x,state_plane_y
33865,26 00170,2600170,X004096173,2026-01-09,17:05:00,2026-01-09 17:05:00,2026-01-12 09:07:20,Iowa St/N Ridgeland Ave,,IOWA ST,N RIDGELAND AVE,1,1,0,0,Property Damage,No Injuries,Car,10,Turning (At Least One Vehicle),2,2,0,4,"$501 to $1,500",1,0,0,0,0,0,0,02,Failing To Yield Right-Of-Way,99,Not Applicable,2,Stop Sign,4,Functioning Properly,8,Cloudy/Overcast,5,"Darkness, Lighted Road",14,Four-Way Intersection,1,Dry,1,Slow,1,No Defects,O10,O4,41.8963699,-87.7849350,41.8963966,-87.7849350,1133555.88,1905301.25
33854,26 00172,2600172,X004094287,2026-01-09,19:09:00,2026-01-09 19:09:00,2026-01-09 23:50:31,1022 Lake St,1022,LAKE ST,,0,0,0,0,Property Damage,No Injuries,Car,9,Parked Motor Vehicle,2,2,0,4,"$501 to $1,500",1,0,0,0,0,0,0,28,Failing To Reduce Speed To Avoid Crash,99,Not Applicable,1,No Controls,1,No Controls,1,Clear,5,"Darkness, Lighted Road",1,Not Divided,1,Dry,1,Slow,1,No Defects,O40,O9,41.8886909,-87.8014297,41.8887558,-87.8014145,1129081.38,1902475.63
33912,26 00176,2600176,X004106862,2026-01-09,23:19:00,2026-01-09 23:19:00,2026-01-20 10:02:54,854 S Oak Park Ave,854,S OAK PARK AVE,,0,1,0,0,Injury,C Injury Crash,Car,15,Angle,2,2,0,4,"$501 to $1,500",0,1,0,0,0,1,1,25,Disregarding Traffic Signals,99,Not Applicable,3,Traffic Signal,4,Functioning Properly,1,Clear,5,"Darkness, Lighted Road",14,Four-Way Intersection,1,Dry,3,Free Flow,1,No Defects,O60,O15,41.8726997,-87.7940521,41.8727226,-87.7939301,1131128.88,1896661.88
33861,26 00180,2600180,X004096176,2026-01-10,09:47:00,2026-01-10 09:47:00,2026-01-12 09:13:17,Lake St/Euclid Ave,,LAKE ST,EUCLID AVE,0,0,0,0,Property Damage,No Injuries,Car,15,Angle,2,2,0,5,"Over $1,500",1,0,0,0,0,0,0,28,Failing To Reduce Speed To Avoid Crash,18,Unable To Determine,1,No Controls,1,No Controls,2,Rain,1,Daylight,2,"Divided, No Median Barrier",2,Wet,3,Free Flow,1,No Defects,O30,O8,41.8885574,-87.7926941,41.8885841,-87.7926941,1131461.00,1902441.13
33866,26 00181,2600181,X004096183,2026-01-10,11:26:00,2026-01-10 11:26:00,2026-01-12 09:13:18,Washington Blvd/S East Ave,,WASHINGTON BLVD,S EAST AVE,1,1,0,0,Property Damage,No Injuries,Car,12,Sideswipe - Same Direction,2,2,0,4,"$501 to $1,500",1,0,0,0,0,0,0,02,Failing To Yield Right-Of-Way,18,Unable To Determine,3,Traffic Signal,4,Functioning Properly,1,Clear,1,Daylight,1,Not Divided,1,Dry,1,Slow,1,No Defects,O60,O11,41.8816071,-87.7894058,41.8816338,-87.7894134,1132371.63,1899914.88
33883,26 00198,2600198,X004099145,2026-01-11,08:09:00,2026-01-11 08:09:00,2026-01-14 14:20:59,Harlem Ave/I290,,HARLEM AVE,I290,1,1,0,0,Injury,B Injury Crash,Car,12,Sideswipe - Same Direction,2,2,0,3,$500 or less,0,1,0,0,1,0,1,02,Failing To Yield Right-Of-Way,28,Failing To Reduce Speed To Avoid Crash,3,Traffic Signal,4,Functioning Properly,1,Clear,1,Daylight,3,Divided With Median Barrier,1,Dry,1,Slow,1,No Defects,O60,O15,41.8737946,-87.8044968,41.8736153,-87.8045197,1128281.50,1897042.00
33859,26 00193,2600193,X004096956,2026-01-11,12:19:00,2026-01-11 12:19:00,2026-01-12 09:13:16,I290 Expy E/S Harlem Ave,,I290 EXPY E,S HARLEM AVE,1,1,0,0,Property Damage,No Injuries,Car,11,Front To Rear,2,2,0,3,$500 or less,1,0,0,0,0,0,0,28,Failing To Reduce Speed To Avoid Crash,18,Unable To Determine,3,Traffic Signal,4,Functioning Properly,1,Clear,1,Daylight,3,Divided With Median Barrier,1,Dry,2,Stopped,1,No Defects,O70,O15,41.8734665,-87.8045197,41.8734894,-87.8045120,1128275.63,1896922.00
33860,26 00197,2600197,X004096193,2026-01-11,14:27:00,2026-01-11 14:27:00,2026-01-12 09:13:16,7036 Roosevelt Rd,7036,ROOSEVELT RD,,0,0,0,0,Property Damage,No Injuries,Car,16,Rear To Side,2,2,0,3,$500 or less,1,0,0,0,0,0,0,02,Failing To Yield Right-Of-Way,30,Improper Backing,1,No Controls,1,No Controls,1,Clear,1,Daylight,7,Parking Lot,1,Dry,1,Slow,1,No Defects,O90,O18,41.8650703,-87.8006592,41.8651390,-87.8002625,1129344.00,1893869.13
33858,26 00196,2600196,X004096190,2026-01-11,16:11:00,2026-01-11 16:11:00,2026-01-12 09:13:16,Madison St/S Lombard Ave,,MADISON ST,S LOMBARD AVE,0,0,0,0,Property Damage,No Injuries,Car,11,Front To Rear,2,2,0,4,"$501 to $1,500",1,0,0,0,0,0,0,28,Failing To Reduce Speed To Avoid Crash,18,Unable To Determine,1,No Controls,1,No Controls,1,Clear,1,Daylight,1,Not Divided,1,Dry,2,Stopped,1,No Defects,O80,O13,41.8799973,-87.7795563,41.8800240,-87.7795563,1135058.63,1899344.50
33869,26 00199,2600199,X004098054,2026-01-11,17:33:00,2026-01-11 17:33:00,2026-01-13 14:48:48,Harrison St/S Taylor Ave,,HARRISON ST,S TAYLOR AVE,1,1,0,1,Property Damage,No Injuries,Car,10,Turning (At Least One Vehicle),2,2,0,4,"$501 to $1,500",1,0,0,0,0,0,0,28,Failing To Reduce Speed To Avoid Crash,18,Unable To Determine,1,No Controls,1,No Controls,1,Clear,5,"Darkness, Lighted Road",14,Four-Way Intersection,1,Dry,3,Free Flow,1,No Defects,O80,O13,41.8727035,-87.7780685,41.8727341,-87.7780685,1135480.88,1896689.25
33868,26 00216,2600216,X004097332,2026-01-12,15:25:00,2026-01-12 15:25:00,2026-01-13 09:08:00,Madison St/Clinton Ave,,MADISON ST,CLINTON AVE,1,1,0,0,Property Damage,No Injuries,Car,11,Front To Rear,2,2,0,3,$500 or less,1,0,0,0,0,0,0,03,Following Too Closely,28,Failing To Reduce Speed To Avoid Crash,2,Stop Sign,4,Functioning Properly,1,Clear,1,Daylight,1,Not Divided,1,Dry,2,Stopped,1,No Defects,O70,O12,41.8797226,-87.7988281,41.8796921,-87.7988281,1129811.75,1899211.38
33914,26 00221,2600221,X004106868,2026-01-12,17:15:00,2026-01-12 17:15:00,2026-01-20 10:08:46,617 Lake St,617,LAKE ST,,0,0,0,1,Property Damage,No Injuries,Car,11,Front To Rear,3,3,0,5,"Over $1,500",1,0,0,0,0,0,0,28,Failing To Reduce Speed To Avoid Crash,15,Driving Skills/Knowledge/Experience,3,Traffic Signal,4,Functioning Properly,1,Clear,5,"Darkness, Lighted Road",1,Not Divided,1,Dry,2,Stopped,1,No Defects,O30,O8,41.8884849,-87.7905273,41.8884735,-87.7909927,1132051.13,1902419.50
33867,26 00222,2600222,X004097331,2026-01-12,17:49:00,2026-01-12 17:49:00,2026-01-13 09:02:15,Washington Blvd/S Kenilworth Ave,,WASHINGTON BLVD,S KENILWORTH AVE,0,0,0,0,Property Damage,No Injuries,Car,9,Parked Motor Vehicle,2,2,0,3,$500 or less,1,0,0,0,0,0,0,20,Improper Lane Usage,99,Not Applicable,1,No Controls,1,No Controls,1,Clear,5,"Darkness, Lighted Road",2,"Divided, No Median Barrier",1,Dry,3,Free Flow,1,No Defects,O70,O12,41.8815270,-87.7969742,41.8815537,-87.7969742,1130311.88,1899872.13
33875,26 00232,2600232,X004098609,2026-01-13,14:55:00,2026-01-13 14:55:00,2026-01-14 10:04:25,Highland Ave/Madison St,,HIGHLAND AVE,MADISON ST,0,0,0,0,Property Damage,No Injuries,Car,15,Angle,2,2,0,5,"Over $1,500",1,0,0,0,0,0,0,30,Improper Backing,28,Failing To Reduce Speed To Avoid Crash,2,Stop Sign,4,Functioning Properly,1,Clear,1,Daylight,1,Not Divided,1,Dry,1,Slow,1,No Defects,O80,O13,41.8799706,-87.7820435,41.8799706,-87.7820053,1134380.13,1899330.88
33872,26 00234,2600234,X004098057,2026-01-13,16:35:00,2026-01-13 16:35:00,2026-01-13 18:24:34,Roosevelt Rd/S Ridgeland Ave,,ROOSEVELT RD,S RIDGELAND AVE,0,0,0,0,Property Damage,No Injuries,Car,10,Turning (At Least One Vehicle),2,2,0,4,"$501 to $1,500",1,0,0,0,0,0,0,02,Failing To Yield Right-Of-Way,99,Not Applicable,3,Traffic Signal,4,Functioning Properly,1,Clear,3,Dusk,1,Not Divided,1,Dry,2,Stopped,1,No Defects,O90,O16,41.8653641,-87.7839661,41.8653374,-87.7839661,1133892.13,1894004.13
33900,26 00235,2600235,X004103233,2026-01-13,17:09:00,2026-01-13 17:09:00,2026-01-16 09:26:57,S Oak Park Ave/South Blvd,,S OAK PARK AVE,SOUTH BLVD,1,1,0,1,Property Damage,No Injuries,Car,6,Fixed Object,3,1,0,5,"Over $1,500",1,0,0,0,0,0,0,18,Unable To Determine,18,Unable To Determine,3,Traffic Signal,4,Functioning Properly,1,Clear,3,Dusk,3,Divided With Median Barrier,1,Dry,3,Free Flow,1,No Defects,O60,O11,41.8868980,-87.7944336,41.8868904,-87.7944717,1130991.25,1901833.88
33878,26 00237,2600237,X004098616,2026-01-13,18:23:00,2026-01-13 18:23:00,2026-01-14 10:16:02,N Lombard Ave/Augusta St,,N LOMBARD AVE,AUGUSTA ST,1,1,0,0,Property Damage,No Injuries,Car,15,Angle,2,2,0,5,"Over $1,500",1,0,0,0,0,0,0,02,Failing To Yield Right-Of-Way,28,Failing To Reduce Speed To Avoid Crash,2,Stop Sign,4,Functioning Properly,1,Clear,1,Daylight,2,"Divided, No Median Barrier",1,Dry,3,Free Flow,1,No Defects,O10,O4,41.8982849,-87.7801590,41.8982849,-87.7801209,1134850.63,1906007.75
33890,26 00247,2600247,X004100664,2026-01-14,07:47:00,2026-01-14 07:47:00,2026-01-15 09:14:42,S Elmwood Ave/Madison St,,S ELMWOOD AVE,MADISON ST,1,1,0,1,Property Damage,No Injuries,Car,11,Front To Rear,2,2,0,5,"Over $1,500",1,0,0,0,0,0,0,28,Failing To Reduce Speed To Avoid Crash,11,Weather,1,No Controls,1,No Controls,3,Snow,1,Daylight,1,Not Divided,3,Snow or Slush,2,Stopped,1,No Defects,O60,O11,41.8799095,-87.7857284,41.8799057,-87.7856903,1133378.25,1899302.13
33886,26 00252,2600252,X004099125,2026-01-14,07:48:00,2026-01-14 07:48:00,2026-01-14 14:26:50,Jackson Blvd/Wesley Ave,,JACKSON BLVD,WESLEY AVE,0,0,0,0,Property Damage,No Injuries,Car,11,Front To Rear,6,6,0,5,"Over $1,500",1,0,0,0,0,0,0,11,Weather,28,Failing To Reduce Speed To Avoid Crash,1,No Controls,1,No Controls,3,Snow,1,Daylight,1,Not Divided,3,Snow or Slush,3,Free Flow,1,No Defects,O60,O14,41.8761253,-87.7916794,41.8761559,-87.7916870,1131766.13,1897913.50
33876,26 00253,2600253,X004098700,2026-01-14,08:08:00,2026-01-14 08:08:00,2026-01-14 10:10:15,S East Ave/Garfield St,,S EAST AVE,GARFIELD ST,0,0,0,0,Property Damage,No Injuries,Car,11,Front To Rear,2,2,0,4,"$501 to $1,500",1,0,0,0,0,0,0,28,Failing To Reduce Speed To Avoid Crash,03,Following Too Closely,2,Stop Sign,4,Functioning Properly,3,Snow,1,Daylight,2,"Divided, No Median Barrier",2,Wet,2,Stopped,1,No Defects,O90,O17,41.8716164,-87.7890472,41.8716087,-87.7890854,1132492.88,1896274.63
33877,26 00249,2600249,X004098678,2026-01-14,08:09:00,2026-01-14 08:09:00,2026-01-14 10:10:16,Garfield St/S East Ave,,GARFIELD ST,S EAST AVE,0,0,0,0,Property Damage,No Injuries,Car,11,Front To Rear,2,2,0,4,"$501 to $1,500",1,0,0,0,0,0,0,28,Failing To Reduce Speed To Avoid Crash,03,Following Too Closely,2,Stop Sign,4,Functioning Properly,3,Snow,1,Daylight,2,"Divided, No Median Barrier",3,Snow or Slush,2,Stopped,1,No Defects,O90,O17,41.8715859,-87.7890854,41.8716087,-87.7890854,1132482.75,1896263.00
33884,26 00248,2600248,X004099127,2026-01-14,08:09:00,2026-01-14 08:09:00,2026-01-14 14:26:49,Madison St/Wesley Ave,,MADISON ST,WESLEY AVE,1,1,0,1,Property Damage,No Injuries,Car,11,Front To Rear,2,2,0,4,"$501 to $1,500",1,0,0,0,0,0,0,28,Failing To Reduce Speed To Avoid Crash,18,Unable To Determine,1,No Controls,1,No Controls,3,Snow,1,Daylight,14,Four-Way Intersection,3,Snow or Slush,1,Slow,1,No Defects,O60,O14,41.8797798,-87.7918091,41.8798065,-87.7918091,1131722.38,1899244.13
33879,26 00255,2600255,X004098704,2026-01-14,08:50:00,2026-01-14 08:50:00,2026-01-14 11:47:16,Elmwood/South Blvd,,ELMWOOD,SOUTH BLVD,0,1,0,0,Property Damage,No Injuries,Car,11,Front To Rear,2,2,0,4,"$501 to $1,500",1,0,0,0,0,0,0,03,Following Too Closely,11,Weather,2,Stop Sign,4,Functioning Properly,1,Clear,1,Daylight,1,Not Divided,3,Snow or Slush,2,Stopped,1,No Defects,O60,O11,41.8869514,-87.7863312,41.8869553,-87.7862930,1133196.88,1901867.25
33881,26 00256,2600256,X004099035,2026-01-14,08:57:00,2026-01-14 08:57:00,2026-01-14 14:20:59,Garfield St/S East Ave,,GARFIELD ST,S EAST AVE,0,0,0,0,Property Damage,No Injuries,Car,11,Front To Rear,2,2,0,3,$500 or less,1,0,0,0,0,0,0,28,Failing To Reduce Speed To Avoid Crash,03,Following Too Closely,2,Stop Sign,4,Functioning Properly,3,Snow,1,Daylight,2,"Divided, No Median Barrier",2,Wet,2,Stopped,1,No Defects,O90,O17,41.8715859,-87.7890854,41.8716087,-87.7890854,1132482.75,1896263.00
33885,26 00254,2600254,X004099120,2026-01-14,08:57:00,2026-01-14 08:57:00,2026-01-14 14:26:50,North Blvd/N East Ave,,NORTH BLVD,N EAST AVE,0,0,0,0,Property Damage,No Injuries,Car,11,Front To Rear,2,2,0,3,$500 or less,1,0,0,0,0,0,0,28,Failing To Reduce Speed To Avoid Crash,11,Weather,1,No Controls,1,No Controls,3,Snow,1,Daylight,1,Not Divided,3,Snow or Slush,3,Free Flow,1,No Defects,O30,O8,41.8874283,-87.7895737,41.8874054,-87.7895737,1132313.38,1902035.13
33882,26 00257,2600257,X004099036,2026-01-14,09:23:00,2026-01-14 09:23:00,2026-01-14 14:15:04,Ontario St/N Scoville Ave,,ONTARIO ST,N SCOVILLE AVE,0,0,0,0,Property Damage,No Injuries,Car,11,Front To Rear,2,2,0,3,$500 or less,1,0,0,0,0,0,0,28,Failing To Reduce Speed To Avoid Crash,11,Weather,2,Stop Sign,4,Functioning Properly,3,Snow,1,Daylight,1,Not Divided,3,Snow or Slush,3,Free Flow,1,No Defects,O30,O8,41.8902779,-87.7880096,41.8903122,-87.7880173,1132732.63,1903076.63
33880,26 00259,2600259,X004099038,2026-01-14,09:25:00,2026-01-14 09:25:00,2026-01-14 13:29:35,Garfield St/S Oak Park Ave,,GARFIELD ST,S OAK PARK AVE,1,1,0,0,Property Damage,No Injuries,Car,15,Angle,2,2,0,5,"Over $1,500",0,1,0,0,0,0,0,25,Disregarding Traffic Signals,28,Failing To Reduce Speed To Avoid Crash,3,Traffic Signal,4,Functioning Properly,3,Snow,1,Daylight,2,"Divided, No Median Barrier",2,Wet,3,Free Flow,1,No Defects,O90,O18,41.8719978,-87.7939911,41.8720245,-87.7939911,1131146.25,1896404.88
33891,26 00265,2600265,X004100663,2026-01-14,15:02:00,2026-01-14 15:02:00,2026-01-15 09:32:07,Chicago Ave/Linden Ave,,CHICAGO AVE,LINDEN AVE,1,1,0,0,Property Damage,No Injuries,Car,16,Rear To Side,2,2,0,5,"Over $1,500",1,0,0,0,0,0,0,02,Failing To Yield Right-Of-Way,28,Failing To Reduce Speed To Avoid Crash,2,Stop Sign,4,Functioning Properly,8,Cloudy/Overcast,1,Daylight,14,Four-Way Intersection,2,Wet,3,Free Flow,1,No Defects,O30,O8,41.8944359,-87.7913208,41.8944702,-87.7913284,1131820.13,1904586.13
33894,26 00279,2600279,X004103231,2026-01-14,15:47:00,2026-01-14 15:47:00,2026-01-16 07:21:39,S Marion St/Pleasant St,,S MARION ST,PLEASANT ST,1,1,0,0,Property Damage,No Injuries,Car,10,Turning (At Least One Vehicle),2,2,0,5,"Over $1,500",1,0,0,0,0,0,0,02,Failing To Yield Right-Of-Way,28,Failing To Reduce Speed To Avoid Crash,2,Stop Sign,4,Functioning Properly,3,Snow,1,Daylight,1,Not Divided,3,Snow or Slush,3,Free Flow,1,No Defects,O70,O12,41.8854599,-87.8025513,41.8857117,-87.8025207,1128784.88,1901295.88
33893,26 00278,2600278,X004103230,2026-01-14,15:50:00,2026-01-14 15:50:00,2026-01-16 07:15:50,N East Ave/Chicago Ave,,N EAST AVE,CHICAGO AVE,1,1,0,0,Property Damage,No Injuries,Car,11,Front To Rear,2,2,0,3,$500 or less,1,0,0,0,0,0,0,11,Weather,28,Failing To Reduce Speed To Avoid Crash,2,Stop Sign,4,Functioning Properly,3,Snow,1,Daylight,1,Not Divided,3,Snow or Slush,2,Stopped,1,No Defects,O30,O8,41.8944893,-87.7898178,41.8944855,-87.7897720,1132231.75,1904607.13
34000,26 00533,2600533,X004118665,2026-01-14,19:06:00,2026-01-14 19:06:00,2026-01-29 09:21:06,1200 N Oak Park Ave,1200,N OAK PARK AVE,,0,0,0,0,Property Damage,No Injuries,Car,11,Front To Rear,2,2,0,3,$500 or less,1,0,0,0,0,0,0,99,Not Applicable,99,Not Applicable,10,Other Regulatory Sign,4,Functioning Properly,3,Snow,1,Daylight,1,Not Divided,3,Snow or Slush,2,Stopped,1,No Defects,O20,O2,41.9055595,-87.7949295,41.9073219,-87.7947235,1130813.75,1908633.50
33889,26 00268,2600268,X004100658,2026-01-14,21:26:00,2026-01-14 21:26:00,2026-01-15 09:14:41,301 Lake St,301,LAKE ST,,0,0,0,1,Property Damage,No Injuries,Car,9,Parked Motor Vehicle,2,2,0,5,"Over $1,500",1,0,0,0,0,0,0,28,Failing To Reduce Speed To Avoid Crash,99,Not Applicable,1,No Controls,1,No Controls,3,Snow,9,Unknown,9,Unknown,3,Snow or Slush,2,Stopped,1,No Defects,O30,O7,41.8882256,-87.7822952,41.8880081,-87.7837753,1134293.50,1902338.00
33921,26 00296,2600296,X004106916,2026-01-15,07:28:00,2026-01-15 07:28:00,2026-01-20 10:14:36,North Ave/N Grove Ave,,NORTH AVE,N GROVE AVE,0,0,0,0,Property Damage,No Injuries,Car,10,Turning (At Least One Vehicle),2,2,0,3,$500 or less,1,0,0,0,0,0,0,20,Improper Lane Usage,04,Improper Overtaking/Passing,1,No Controls,1,No Controls,1,Clear,3,Dusk,3,Divided With Median Barrier,1,Dry,1,Slow,1,No Defects,O20,O3,41.9089737,-87.7965546,41.9090042,-87.7965546,1130363.63,1909874.38
33897,26 00273,2600273,X004102090,2026-01-15,09:34:00,2026-01-15 09:34:00,2026-01-16 07:21:40,Lexington St/S Oak Park Ave,,LEXINGTON ST,S OAK PARK AVE,0,0,0,1,Property Damage,No Injuries,Car,9,Parked Motor Vehicle,2,2,0,4,"$501 to $1,500",1,0,0,0,0,0,0,18,Unable To Determine,18,Unable To Determine,1,No Controls,1,No Controls,1,Clear,1,Daylight,1,Not Divided,1,Dry,1,Slow,1,No Defects,O90,O17,41.8706131,-87.7939453,41.8706360,-87.7939453,1131162.75,1895900.00
33892,26 00280,2600280,X004102050,2026-01-15,16:02:00,2026-01-15 16:02:00,2026-01-16 07:15:49,S Ridgeland Ave/Pleasant St,,S RIDGELAND AVE,PLEASANT ST,1,1,0,1,Property Damage,No Injuries,Car,11,Front To Rear,2,2,0,4,"$501 to $1,500",1,0,0,0,0,0,0,28,Failing To Reduce Speed To Avoid Crash,18,Unable To Determine,1,No Controls,1,No Controls,1,Clear,1,Daylight,1,Not Divided,1,Dry,1,Slow,1,No Defects,O50,O10,41.8852119,-87.7845764,41.8852081,-87.7846069,1133679.25,1901236.63
33895,26 00282,2600282,X004102092,2026-01-15,17:25:00,2026-01-15 17:25:00,2026-01-16 07:21:39,Harlem Ave/Chicago Ave,,HARLEM AVE,CHICAGO AVE,0,0,0,0,Property Damage,No Injuries,Car,11,Front To Rear,2,2,0,4,"$501 to $1,500",1,0,0,0,0,0,0,41,Distraction - From Inside Vehicle,28,Failing To Reduce Speed To Avoid Crash,3,Traffic Signal,4,Functioning Properly,1,Clear,5,"Darkness, Lighted Road",2,"Divided, No Median Barrier",1,Dry,1,Slow,1,No Defects,R82,RFPD,41.8942261,-87.8052826,41.8942337,-87.8052445,1128020.38,1904486.00
33906,26 00290,2600290,X004106912,2026-01-16,09:16:00,2026-01-16 09:16:00,2026-01-20 10:02:52,Highland Ave/Madison St,,HIGHLAND AVE,MADISON ST,0,0,0,0,Property Damage,No Injuries,Car,15,Angle,2,2,0,5,"Over $1,500",1,0,0,0,0,0,0,11,Weather,28,Failing To Reduce Speed To Avoid Crash,1,No Controls,1,No Controls,3,Snow,1,Daylight,1,Not Divided,3,Snow or Slush,3,Free Flow,1,No Defects,O80,O13,41.8799706,-87.7820435,41.8799706,-87.7820053,1134380.13,1899330.88
33917,26 00313,2600313,X004106924,2026-01-16,12:39:00,2026-01-16 12:39:00,2026-01-20 10:08:48,811 Madison St,811,MADISON ST,,0,0,0,1,Property Damage,No Injuries,Car,10,Turning (At Least One Vehicle),2,2,0,5,"Over $1,500",1,0,0,0,0,0,0,04,Improper Overtaking/Passing,15,Driving Skills/Knowledge/Experience,17,Pedestrian Crossing Sign,1,No Controls,1,Clear,5,"Darkness, Lighted Road",1,Not Divided,1,Dry,2,Stopped,1,No Defects,O60,O15,41.8797340,-87.7949524,41.8796463,-87.7948380,1130866.00,1899222.25
33907,26 00298,2600298,X004106918,2026-01-16,18:01:00,2026-01-16 18:01:00,2026-01-20 09:56:57,Chicago/Ridgeland,,CHICAGO,RIDGELAND,0,0,0,0,Property Damage,No Injuries,Car,9,Parked Motor Vehicle,2,2,0,5,"Over $1,500",1,0,0,0,0,0,0,18,Unable To Determine,99,Not Applicable,1,No Controls,1,No Controls,1,Clear,5,"Darkness, Lighted Road",1,Not Divided,1,Dry,3,Free Flow,1,No Defects,O30,O7,41.8945465,-87.7848740,41.8945770,-87.7848740,1133576.63,1904637.00
33916,26 00300,2600300,X004106922,2026-01-16,21:15:00,2026-01-16 21:15:00,2026-01-20 10:08:47,1000 Pleasant,1000,PLEASANT,,0,0,0,1,Property Damage,No Injuries,Car,9,Parked Motor Vehicle,2,2,0,5,"Over $1,500",1,0,0,0,0,0,0,20,Improper Lane Usage,04,Improper Overtaking/Passing,1,No Controls,1,No Controls,1,Clear,1,Daylight,1,Not Divided,1,Dry,3,Free Flow,1,No Defects,O70,O12,41.8837509,-87.8016892,41.8858643,-87.8003464,1129023.25,1900674.00
33913,26 00315,2600315,X004106929,2026-01-17,13:30:00,2026-01-17 13:30:00,2026-01-20 10:02:54,Adams St/S Cuyler Ave,,ADAMS ST,S CUYLER AVE,1,1,0,0,Property Damage,No Injuries,Car,15,Angle,2,2,0,5,"Over $1,500",0,1,0,0,0,0,0,02,Failing To Yield Right-Of-Way,28,Failing To Reduce Speed To Avoid Crash,2,Stop Sign,4,Functioning Properly,1,Clear,1,Daylight,1,Not Divided,1,Dry,3,Free Flow,1,No Defects,O80,O13,41.8780708,-87.7831726,41.8780975,-87.7831726,1134078.88,1898636.50
33920,26 00318,2600318,X004106930,2026-01-17,14:11:00,2026-01-17 14:11:00,2026-01-20 10:14:36,1125 Ontario St,1125,ONTARIO ST,,0,0,0,1,Property Damage,No Injuries,Car,9,Parked Motor Vehicle,2,2,0,4,"$501 to $1,500",1,0,0,0,0,0,0,28,Failing To Reduce Speed To Avoid Crash,30,Improper Backing,1,No Controls,1,No Controls,1,Clear,1,Daylight,7,Parking Lot,1,Dry,1,Slow,1,No Defects,O30,O8,41.8902855,-87.7875290,41.8897705,-87.8039246,1132862.50,1903080.75
33902,26 00323,2600323,X004105016,2026-01-17,19:31:00,2026-01-17 19:31:00,2026-01-18 20:11:29,Harrison/S Austin Blvd,,HARRISON,S AUSTIN BLVD,0,0,0,0,Property Damage,No Injuries,Car,15,Angle,2,2,0,4,"$501 to $1,500",0,1,0,0,0,0,0,02,Failing To Yield Right-Of-Way,15,Driving Skills/Knowledge/Experience,1,No Controls,1,No Controls,3,Snow,5,"Darkness, Lighted Road",1,Not Divided,3,Snow or Slush,3,Free Flow,1,No Defects,O80,O13,41.8727493,-87.7744141,41.8727799,-87.7744141,1136475.38,1896713.50
33903,26 00325,2600325,X004106939,2026-01-17,20:17:00,2026-01-17 20:17:00,2026-01-20 09:56:58,Garfield St/S Oak Park Ave,,GARFIELD ST,S OAK PARK AVE,1,1,0,0,Injury,B Injury Crash,Car,10,Turning (At Least One Vehicle),2,2,0,5,"Over $1,500",0,1,0,0,1,0,1,25,Disregarding Traffic Signals,02,Failing To Yield Right-Of-Way,3,Traffic Signal,4,Functioning Properly,3,Snow,5,"Darkness, Lighted Road",1,Not Divided,3,Snow or Slush,3,Free Flow,1,No Defects,O90,O18,41.8719978,-87.7939911,41.8720245,-87.7939911,1131146.25,1896404.88
33919,26 00329,2600329,X004106941,2026-01-18,04:14:00,2026-01-18 04:14:00,2026-01-20 10:14:36,Harrison St/East Ave,,HARRISON ST,EAST AVE,1,0,0,1,Property Damage,No Injuries,Car,10,Turning (At Least One Vehicle),2,2,0,5,"Over $1,500",1,0,0,0,0,0,0,06,Improper Turning/No Signal,15,Driving Skills/Knowledge/Experience,2,Stop Sign,1,No Controls,1,Clear,5,"Darkness, Lighted Road",1,Not Divided,3,Snow or Slush,3,Free Flow,1,No Defects,O60,O14,41.8725319,-87.7891159,41.8725624,-87.7891159,1132472.63,1896608.50
33904,26 00330,2600330,X004106942,2026-01-18,06:45:00,2026-01-18 06:45:00,2026-01-20 09:56:58,Roosevelt Rd/S Harlem Ave,,ROOSEVELT RD,S HARLEM AVE,0,0,0,0,Property Damage,No Injuries,Car,11,Front To Rear,2,2,0,4,"$501 to $1,500",1,0,0,0,0,0,0,28,Failing To Reduce Speed To Avoid Crash,99,Not Applicable,3,Traffic Signal,4,Functioning Properly,1,Clear,2,Dawn,1,Not Divided,1,Dry,3,Free Flow,1,No Defects,O90,O18,41.8650131,-87.8041992,41.8649864,-87.8042068,1128380.25,1893842.88
33909,26 00331,2600331,X004106945,2026-01-18,10:10:00,2026-01-18 10:10:00,2026-01-20 10:02:52,S Oak Park Ave/Jackson Blvd,,S OAK PARK AVE,JACKSON BLVD,0,0,0,0,Property Damage,No Injuries,Car,12,Sideswipe - Same Direction,2,2,0,5,"Over $1,500",1,0,0,0,0,0,0,02,Failing To Yield Right-Of-Way,28,Failing To Reduce Speed To Avoid Crash,3,Traffic Signal,4,Functioning Properly,1,Clear,1,Daylight,2,"Divided, No Median Barrier",1,Dry,3,Free Flow,1,No Defects,O60,O14,41.8761177,-87.7940979,41.8761177,-87.7941284,1131107.63,1897906.13