record_id,report_number,crash_id,idot_crash_number,date,time,occurred_at,record_added_at,location,street_number,street_name,cross_street,at_intersection,intersection_related,private_property,hit_and_run,crash_severity,crash_injury_severity,crash_mode,crash_type_code,crash_type,total_units,num_motor_vehicles,dooring_pedalcyclist,damage_code,damage,no_injury_drive_away,injury_or_towed,fatalities,a_injuries,b_injuries,c_injuries,total_injured,cause1_code,cause1,cause2_code,cause2,traffic_control_code,traffic_control,device_condition_code,device_condition,weather_code,weather,lighting_code,lighting,trafficway_code,trafficway,road_surface_code,road_surface,flow_condition_code,flow_condition,road_defects_code,road_defects,beat_zone,post_district,latitude,longitude,latitude_geocoded,longitude_geocoded,state_plane_x,state_plane_y
33908,26 00332,2600332,X004106949,2026-01-18,13:49:00,2026-01-18 13:49:00,2026-01-20 10:02:52,438 S Maple Ave,438,S MAPLE AVE,,0,0,0,1,Property Damage,No Injuries,Car,10,Turning (At Least One Vehicle),2,2,0,5,"Over $1,500",1,0,0,0,0,0,0,02,Failing To Yield Right-Of-Way,15,Driving Skills/Knowledge/Experience,1,No Controls,1,No Controls,1,Clear,1,Daylight,1,Not Divided,1,Dry,3,Free Flow,1,No Defects,O70,O12,41.8800964,-87.8039169,41.8800163,-87.8037415,1128424.13,1899339.38
33910,26 00333,2600333,X004107885,2026-01-18,15:09:00,2026-01-18 15:09:00,2026-01-20 10:02:53,Cuyler Ave/Jackson Blvd,,CUYLER AVE,JACKSON BLVD,1,1,0,0,Injury,B Injury Crash,Car,6,Fixed Object,3,1,0,4,"$501 to $1,500",0,1,0,0,1,0,1,28,Failing To Reduce Speed To Avoid Crash,50,"Oper. Veh. In Erratic,Reckless,Careless Manne",2,Stop Sign,4,Functioning Properly,8,Cloudy/Overcast,1,Daylight,1,Not Divided,1,Dry,3,Free Flow,1,No Defects,O80,O13,41.8763008,-87.7830811,41.8762970,-87.7831192,1134107.75,1897992.75
33911,26 00335,2600335,X004107886,2026-01-18,16:03:00,2026-01-18 16:03:00,2026-01-20 10:02:53,Lake St/Maple Ave,,LAKE ST,MAPLE AVE,0,0,0,0,Property Damage,No Injuries,Car,12,Sideswipe - Same Direction,2,2,0,5,"Over $1,500",1,0,0,0,0,0,0,04,Improper Overtaking/Passing,18,Unable To Determine,1,No Controls,1,No Controls,1,Clear,1,Daylight,2,"Divided, No Median Barrier",3,Snow or Slush,3,Free Flow,1,No Defects,O40,O9,41.8885727,-87.8040466,41.8885994,-87.8040466,1128369.50,1902427.75
33905,26 00348,2600348,X004106965,2026-01-19,14:51:00,2026-01-19 14:51:00,2026-01-20 09:56:59,S Harlem Ave/Lexington St,,S HARLEM AVE,LEXINGTON ST,1,1,0,1,Property Damage,No Injuries,Car,12,Sideswipe - Same Direction,2,2,0,3,$500 or less,1,0,0,0,0,0,0,20,Improper Lane Usage,28,Failing To Reduce Speed To Avoid Crash,1,No Controls,1,No Controls,1,Clear,5,"Darkness, Lighted Road",1,Not Divided,3,Snow or Slush,3,Free Flow,1,No Defects,O90,O18,41.8704796,-87.8043671,41.8704834,-87.8043976,1128323.00,1895834.00
33932,26 00350,2600350,X004108312,2026-01-19,16:48:00,2026-01-19 16:48:00,2026-01-21 10:01:08,Harrison St/Lyman Ave,,HARRISON ST,LYMAN AVE,1,1,0,0,Property Damage,No Injuries,Car,10,Turning (At Least One Vehicle),2,2,0,5,"Over $1,500",0,1,0,0,0,0,0,02,Failing To Yield Right-Of-Way,28,Failing To Reduce Speed To Avoid Crash,2,Stop Sign,4,Functioning Properly,8,Cloudy/Overcast,3,Dusk,2,"Divided, No Median Barrier",4,Ice,3,Free Flow,1,No Defects,O80,O13,41.8727226,-87.7768478,41.8727531,-87.7768478,1135813.13,1896698.00
33915,26 00354,2600354,X004106967,2026-01-19,18:16:00,2026-01-19 18:16:00,2026-01-20 10:08:47,Lake St/N Cuyler Ave,,LAKE ST,N CUYLER AVE,1,1,0,0,Property Damage,No Injuries,Car,15,Angle,2,2,0,5,"Over $1,500",1,0,0,0,0,0,0,02,Failing To Yield Right-Of-Way,99,Not Applicable,1,No Controls,1,No Controls,1,Clear,5,"Darkness, Lighted Road",1,Not Divided,3,Snow or Slush,3,Free Flow,1,No Defects,O30,O7,41.8882484,-87.7830658,41.8882751,-87.7830582,1134084.75,1902345.25
33926,26 00359,2600359,X004107888,2026-01-20,08:03:00,2026-01-20 08:03:00,2026-01-20 17:00:27,N Harlem Ave/Chicago Ave,,N HARLEM AVE,CHICAGO AVE,0,0,0,1,Property Damage,No Injuries,Car,11,Front To Rear,2,2,0,4,"$501 to $1,500",1,0,0,0,0,0,0,03,Following Too Closely,28,Failing To Reduce Speed To Avoid Crash,13,Other,4,Functioning Properly,1,Clear,1,Daylight,2,"Divided, No Median Barrier",1,Dry,1,Slow,1,No Defects,R82,RFPD,41.8942261,-87.8052826,41.8942337,-87.8052445,1128020.38,1904486.00
33930,26 00358,2600358,X004107892,2026-01-20,08:11:00,2026-01-20 08:11:00,2026-01-20 17:06:14,S Harlem Ave/Roosevelt,,S HARLEM AVE,ROOSEVELT,0,0,0,0,Property Damage,No Injuries,Car,15,Angle,2,2,0,5,"Over $1,500",1,0,0,0,0,0,0,02,Failing To Yield Right-Of-Way,28,Failing To Reduce Speed To Avoid Crash,1,No Controls,1,No Controls,1,Clear,1,Daylight,1,Not Divided,1,Dry,3,Free Flow,1,No Defects,,,41.8649864,-87.8041687,41.8649864,-87.8042068,1128389.25,1893832.00
33925,26 00362,2600362,X004107887,2026-01-20,08:37:00,2026-01-20 08:37:00,2026-01-20 17:00:27,S Humphrey Ave/Washington Blvd,,S HUMPHREY AVE,WASHINGTON BLVD,1,1,0,0,Property Damage,No Injuries,Car,11,Front To Rear,2,2,0,5,"Over $1,500",1,0,0,0,0,0,0,28,Failing To Reduce Speed To Avoid Crash,18,Unable To Determine,1,No Controls,1,No Controls,1,Clear,1,Daylight,1,Not Divided,1,Dry,3,Free Flow,1,No Defects,O50,O10,41.8820839,-87.7763214,41.8820839,-87.7763596,1135934.50,1900111.63
33927,26 00360,2600360,X004107889,2026-01-20,08:38:00,2026-01-20 08:38:00,2026-01-20 17:00:27,S Harlem Ave/Harvard St,,S HARLEM AVE,HARVARD ST,0,0,0,1,Property Damage,No Injuries,Car,11,Front To Rear,2,2,0,5,"Over $1,500",1,0,0,0,0,0,0,28,Failing To Reduce Speed To Avoid Crash,18,Unable To Determine,1,No Controls,1,No Controls,1,Clear,1,Daylight,1,Not Divided,1,Dry,3,Free Flow,1,No Defects,O90,O18,41.8686790,-87.8043060,41.8686943,-87.8043366,1128344.38,1895178.63
35021,26 00363,2600363,X004295015,2026-01-20,09:03:00,2026-01-20 09:03:00,2026-07-07 09:25:07,Home Ave/Jackson Blvd,,HOME AVE,JACKSON BLVD,1,1,0,0,Property Damage,No Injuries,Car,10,Turning (At Least One Vehicle),2,2,0,5,"Over $1,500",1,0,0,0,0,0,0,28,Failing To Reduce Speed To Avoid Crash,23,Disregarding Stop Sign,2,Stop Sign,4,Functioning Properly,1,Clear,1,Daylight,1,Not Divided,1,Dry,3,Free Flow,1,No Defects,O60,O15,41.8754273,-87.7996826,41.8754234,-87.7997131,1129588.00,1897644.13
33933,26 00364,2600364,X004108325,2026-01-20,09:16:00,2026-01-20 09:16:00,2026-01-21 10:01:09,11 Madison St,11,MADISON ST,,0,0,0,0,Injury,C Injury Crash,Car,12,Sideswipe - Same Direction,4,4,0,5,"Over $1,500",0,1,0,0,0,1,1,02,Failing To Yield Right-Of-Way,28,Failing To Reduce Speed To Avoid Crash,3,Traffic Signal,4,Functioning Properly,1,Clear,1,Daylight,3,Divided With Median Barrier,1,Dry,3,Free Flow,1,No Defects,O80,O13,41.8800507,-87.7751694,41.8799171,-87.7751694,1136252.38,1899372.38
33928,26 00368,2600368,X004107890,2026-01-20,10:51:00,2026-01-20 10:51:00,2026-01-20 17:00:28,N Harlem Ave/Chicago Ave,,N HARLEM AVE,CHICAGO AVE,0,0,0,0,Property Damage,No Injuries,Car,11,Front To Rear,2,2,0,5,"Over $1,500",1,0,0,0,0,0,0,03,Following Too Closely,28,Failing To Reduce Speed To Avoid Crash,3,Traffic Signal,4,Functioning Properly,1,Clear,1,Daylight,2,"Divided, No Median Barrier",1,Dry,3,Free Flow,1,No Defects,R82,RFPD,41.8942261,-87.8052826,41.8942337,-87.8052445,1128020.38,1904486.00
33929,26 00369,2600369,X004107891,2026-01-20,11:29:00,2026-01-20 11:29:00,2026-01-20 17:06:14,Wesley Ave/Washington Blvd,,WESLEY AVE,WASHINGTON BLVD,1,1,0,0,Property Damage,No Injuries,Car,10,Turning (At Least One Vehicle),2,2,0,5,"Over $1,500",0,1,0,0,0,0,0,02,Failing To Yield Right-Of-Way,18,Unable To Determine,2,Stop Sign,4,Functioning Properly,1,Clear,1,Daylight,14,Four-Way Intersection,1,Dry,3,Free Flow,1,No Defects,O60,O11,41.8816109,-87.7910080,41.8816071,-87.7910461,1131935.38,1899913.25
33924,26 00372,2600372,X004107311,2026-01-20,13:01:00,2026-01-20 13:01:00,2026-01-20 15:12:16,500 Blk Home Ave,500 BLK,HOME AVE,,0,0,0,0,Property Damage,No Injuries,Car,9,Parked Motor Vehicle,2,2,0,4,"$501 to $1,500",1,0,0,0,0,0,0,28,Failing To Reduce Speed To Avoid Crash,15,Driving Skills/Knowledge/Experience,1,No Controls,1,No Controls,9,Unknown,9,Unknown,1,Not Divided,9,Unknown,3,Free Flow,1,No Defects,O60,O15,41.8778915,-87.7998428,41.8782959,-87.7998199,1129538.88,1898543.75
33948,26 00417,2600417,X004111696,2026-01-20,13:03:00,2026-01-20 13:03:00,2026-01-23 15:59:31,Washington Blvd/East Ave,,WASHINGTON BLVD,EAST AVE,0,0,0,0,Property Damage,No Injuries,Car,11,Front To Rear,2,2,0,5,"Over $1,500",1,0,0,0,0,0,0,28,Failing To Reduce Speed To Avoid Crash,02,Failing To Yield Right-Of-Way,3,Traffic Signal,4,Functioning Properly,9,Unknown,1,Daylight,2,"Divided, No Median Barrier",9,Unknown,3,Free Flow,99,Unknown,O60,O11,41.8816071,-87.7894058,41.8816338,-87.7894134,1132371.63,1899914.88
33934,26 00378,2600378,X004108343,2026-01-20,17:45:00,2026-01-20 17:45:00,2026-01-21 10:01:09,301 Lake St,301,LAKE ST,,0,0,0,0,Property Damage,No Injuries,Car,9,Parked Motor Vehicle,2,2,0,5,"Over $1,500",1,0,0,0,0,0,0,30,Improper Backing,99,Not Applicable,1,No Controls,1,No Controls,1,Clear,5,"Darkness, Lighted Road",1,Not Divided,1,Dry,3,Free Flow,1,No Defects,O30,O7,41.8882484,-87.7830811,41.8880081,-87.7837753,1134079.63,1902345.38
33935,26 00380,2600380,X004109346,2026-01-21,08:01:00,2026-01-21 08:01:00,2026-01-21 16:28:20,S Oak Park Ave/Garfield St,,S OAK PARK AVE,GARFIELD ST,1,0,0,0,Property Damage,No Injuries,Car,10,Turning (At Least One Vehicle),2,2,0,3,$500 or less,1,0,0,0,0,0,0,03,Following Too Closely,28,Failing To Reduce Speed To Avoid Crash,3,Traffic Signal,4,Functioning Properly,8,Cloudy/Overcast,1,Daylight,1,Not Divided,2,Wet,3,Free Flow,1,No Defects,O90,O17,41.8720245,-87.7939529,41.8720245,-87.7939911,1131156.25,1896415.88
33936,26 00387,2600387,X004109347,2026-01-21,11:47:00,2026-01-21 11:47:00,2026-01-21 16:28:20,S Maple Ave/Washington Blvd,,S MAPLE AVE,WASHINGTON BLVD,1,1,0,0,Property Damage,No Injuries,Car,10,Turning (At Least One Vehicle),2,2,0,4,"$501 to $1,500",1,0,0,0,0,0,0,02,Failing To Yield Right-Of-Way,18,Unable To Determine,2,Stop Sign,4,Functioning Properly,1,Clear,1,Daylight,1,Not Divided,1,Dry,3,Free Flow,1,No Defects,O70,O12,41.8814201,-87.8038940,41.8814201,-87.8039246,1128428.25,1899821.25
33944,26 00396,2600396,X004110733,2026-01-22,08:03:00,2026-01-22 08:03:00,2026-01-23 08:01:26,424 N Kenilworth Ave,424,N KENILWORTH AVE,,0,0,0,0,Property Damage,No Injuries,Car,9,Parked Motor Vehicle,2,2,0,4,"$501 to $1,500",1,0,0,0,0,0,0,20,Improper Lane Usage,99,Not Applicable,1,No Controls,1,No Controls,1,Clear,1,Daylight,1,Not Divided,1,Dry,3,Free Flow,1,No Defects,O40,O9,41.8937683,-87.7976151,41.8938293,-87.7973938,1130108.13,1904332.00
33940,26 00395,2600395,X004110731,2026-01-22,08:08:00,2026-01-22 08:08:00,2026-01-23 08:01:25,1125 S Cuyler Ave,1125,S CUYLER AVE,,0,0,0,0,Property Damage,No Injuries,Car,12,Sideswipe - Same Direction,2,2,0,5,"Over $1,500",1,0,0,0,0,0,0,02,Failing To Yield Right-Of-Way,99,Not Applicable,1,No Controls,1,No Controls,1,Clear,1,Daylight,10,One-Way,1,Dry,1,Slow,1,No Defects,O90,O16,41.8680687,-87.7827911,41.8680267,-87.7830963,1134205.13,1894992.63
33942,26 00404,2600404,X004110734,2026-01-22,13:09:00,2026-01-22 13:09:00,2026-01-23 08:01:26,1038 Lake St,1038,LAKE ST,,0,0,0,0,Property Damage,No Injuries,Car,12,Sideswipe - Same Direction,2,2,0,5,"Over $1,500",1,0,0,0,0,0,0,28,Failing To Reduce Speed To Avoid Crash,18,Unable To Determine,1,No Controls,1,No Controls,1,Clear,3,Dusk,2,"Divided, No Median Barrier",1,Dry,3,Free Flow,1,No Defects,O40,O9,41.8886871,-87.8007965,41.8887711,-87.8020706,1129255.00,1902475.88
33945,26 00406,2600406,X004110893,2026-01-22,14:59:00,2026-01-22 14:59:00,2026-01-23 10:01:00,Garfield St/S Austin Blvd,,GARFIELD ST,S AUSTIN BLVD,1,1,0,0,Property Damage,No Injuries,Car,10,Turning (At Least One Vehicle),3,2,0,5,"Over $1,500",0,1,0,0,0,0,0,02,Failing To Yield Right-Of-Way,99,Not Applicable,2,Stop Sign,4,Functioning Properly,1,Clear,1,Daylight,1,Not Divided,1,Dry,3,Free Flow,1,No Defects,O90,O16,41.8703918,-87.7743225,41.8704224,-87.7743149,1136506.38,1895854.13
33941,26 00409,2600409,X004110736,2026-01-22,16:44:00,2026-01-22 16:44:00,2026-01-23 08:01:25,1125 Ontario St,1125,ONTARIO ST,,0,0,0,1,Property Damage,No Injuries,Car,6,Fixed Object,2,1,0,4,"$501 to $1,500",1,0,0,0,0,0,0,18,Unable To Determine,18,Unable To Determine,1,No Controls,1,No Controls,1,Clear,3,Dusk,7,Parking Lot,1,Dry,,,1,No Defects,O40,O9,41.8905373,-87.8039322,41.8897705,-87.8039246,1128396.75,1903143.13
33965,26 00414,2600414,X004114040,2026-01-23,11:09:00,2026-01-23 11:09:00,2026-01-26 10:00:37,1243 N East Ave,1243,N EAST AVE,,0,0,0,1,Property Damage,No Injuries,Car,6,Fixed Object,3,1,0,4,"$501 to $1,500",1,0,0,0,0,0,0,20,Improper Lane Usage,99,Not Applicable,1,No Controls,1,No Controls,1,Clear,1,Daylight,1,Not Divided,1,Dry,3,Free Flow,1,No Defects,O20,O2,41.9086037,-87.7902374,41.9087257,-87.7903366,1132083.88,1909750.25
33963,26 00431,2600431,X004114049,2026-01-24,11:47:00,2026-01-24 11:47:00,2026-01-26 10:00:35,515 Home Ave,515,HOME AVE,,0,0,0,0,Property Damage,No Injuries,Car,12,Sideswipe - Same Direction,2,2,0,4,"$501 to $1,500",1,0,0,0,0,0,0,20,Improper Lane Usage,28,Failing To Reduce Speed To Avoid Crash,1,No Controls,1,No Controls,1,Clear,1,Daylight,2,"Divided, No Median Barrier",1,Dry,3,Free Flow,1,No Defects,O60,O15,41.8789520,-87.7998810,41.8789787,-87.8000183,1129526.38,1898929.50
33966,26 00432,2600432,X004114057,2026-01-24,12:52:00,2026-01-24 12:52:00,2026-01-26 10:00:37,S Ridgeland Ave/Madison St,,S RIDGELAND AVE,MADISON ST,1,1,0,0,Property Damage,No Injuries,Car,15,Angle,2,2,0,5,"Over $1,500",0,1,0,0,0,0,0,28,Failing To Reduce Speed To Avoid Crash,02,Failing To Yield Right-Of-Way,3,Traffic Signal,4,Functioning Properly,1,Clear,1,Daylight,2,"Divided, No Median Barrier",1,Dry,3,Free Flow,1,No Defects,O80,O13,41.8799324,-87.7844238,41.8799324,-87.7844620,1133732.63,1899313.88
33954,26 00433,2600433,X004115021,2026-01-24,13:10:00,2026-01-24 13:10:00,2026-01-26 09:42:40,N Austin Blvd/N Chicago Ave Alley,,N AUSTIN BLVD,N CHICAGO AVE ALLEY,1,1,0,0,Property Damage,No Injuries,Car,10,Turning (At Least One Vehicle),2,2,0,5,"Over $1,500",1,0,0,0,0,0,0,02,Failing To Yield Right-Of-Way,99,Not Applicable,1,No Controls,1,No Controls,8,Cloudy/Overcast,1,Daylight,15,T-Intersection,1,Dry,1,Slow,1,No Defects,,,41.8947105,-87.7751083,41.8947105,-87.7751389,1136235.63,1904714.63
33953,26 00435,2600435,X004115019,2026-01-24,14:18:00,2026-01-24 14:18:00,2026-01-26 09:42:41,Austin Blvd/Chicago Ave,,AUSTIN BLVD,CHICAGO AVE,0,0,0,0,Property Damage,No Injuries,Car,10,Turning (At Least One Vehicle),2,2,0,5,"Over $1,500",1,0,0,0,0,0,0,06,Improper Turning/No Signal,02,Failing To Yield Right-Of-Way,1,No Controls,1,No Controls,8,Cloudy/Overcast,1,Daylight,2,"Divided, No Median Barrier",1,Dry,3,Free Flow,1,No Defects,,,41.8947105,-87.7751083,41.8947105,-87.7751389,1136235.63,1904714.63
33958,26 00437,2600437,X004114058,2026-01-24,16:58:00,2026-01-24 16:58:00,2026-01-26 09:48:35,723 S Grove Ave,723,S GROVE AVE,,0,0,0,0,Property Damage,No Injuries,Car,6,Fixed Object,1,1,0,5,"Over $1,500",0,1,0,0,0,0,0,28,Failing To Reduce Speed To Avoid Crash,18,Unable To Determine,1,No Controls,1,No Controls,3,Snow,5,"Darkness, Lighted Road",1,Not Divided,3,Snow or Slush,3,Free Flow,1,No Defects,O60,O15,41.8757248,-87.7952805,41.8760643,-87.7954788,1130786.00,1897760.63
33957,26 00443,2600443,X004113797,2026-01-24,22:22:00,2026-01-24 22:22:00,2026-01-26 09:48:34,Chicago Ave/N Euclid Ave,,CHICAGO AVE,N EUCLID AVE,1,1,0,0,Injury,B Injury Crash,Car,15,Angle,2,2,0,5,"Over $1,500",0,1,0,0,1,0,1,02,Failing To Yield Right-Of-Way,28,Failing To Reduce Speed To Avoid Crash,2,Stop Sign,4,Functioning Properly,3,Snow,4,Darkness,15,T-Intersection,3,Snow or Slush,3,Free Flow,1,No Defects,O30,O8,41.8944130,-87.7928543,41.8944435,-87.7928543,1131404.75,1904574.38
33960,26 00446,2600446,X004114068,2026-01-25,00:16:00,2026-01-25 00:16:00,2026-01-26 10:00:34,Division St/N Harlem Ave,,DIVISION ST,N HARLEM AVE,1,0,0,0,Property Damage,No Injuries,Car,6,Fixed Object,2,1,0,5,"Over $1,500",1,0,0,0,0,0,0,18,Unable To Determine,20,Improper Lane Usage,3,Traffic Signal,4,Functioning Properly,3,Snow,5,"Darkness, Lighted Road",1,Not Divided,3,Snow or Slush,3,Free Flow,1,No Defects,O20,O6,41.9015122,-87.8055191,41.9015427,-87.8055191,1127939.38,1907140.50
33956,26 00448,2600448,X004114073,2026-01-25,09:32:00,2026-01-25 09:32:00,2026-01-26 09:48:33,Harlem Ave/Filmore St,,HARLEM AVE,FILMORE ST,1,0,0,0,Injury,B Injury Crash,Car,11,Front To Rear,2,2,0,5,"Over $1,500",0,1,0,0,1,0,1,28,Failing To Reduce Speed To Avoid Crash,11,Weather,1,No Controls,1,No Controls,3,Snow,1,Daylight,1,Not Divided,3,Snow or Slush,1,Slow,1,No Defects,O90,O18,41.8668556,-87.8042374,41.8668671,-87.8042679,1128366.38,1894514.13
33961,26 00449,2600449,X004114074,2026-01-25,09:48:00,2026-01-25 09:48:00,2026-01-26 10:00:34,S Austin Blvd/Jackson Blvd,,S AUSTIN BLVD,JACKSON BLVD,0,1,0,0,Property Damage,No Injuries,Car,11,Front To Rear,2,2,0,5,"Over $1,500",1,0,0,0,0,0,0,03,Following Too Closely,11,Weather,3,Traffic Signal,4,Functioning Properly,3,Snow,1,Daylight,1,Not Divided,3,Snow or Slush,1,Slow,1,No Defects,O80,O13,41.8764229,-87.7745743,41.8764229,-87.7745361,1136424.63,1898051.75
33955,26 00453,2600453,X004114081,2026-01-25,11:58:00,2026-01-25 11:58:00,2026-01-26 09:42:41,S Grove Ave/Madison St,,S GROVE AVE,MADISON ST,0,1,0,0,Property Damage,No Injuries,Car,12,Sideswipe - Same Direction,2,2,0,5,"Over $1,500",1,0,0,0,0,0,0,02,Failing To Yield Right-Of-Way,28,Failing To Reduce Speed To Avoid Crash,2,Stop Sign,4,Functioning Properly,3,Snow,1,Daylight,1,Not Divided,3,Snow or Slush,3,Free Flow,1,No Defects,O70,O12,41.8797531,-87.7955475,41.8797531,-87.7954559,1130704.13,1899228.75
33987,26 00454,2600454,X004117490,2026-01-25,12:44:00,2026-01-25 12:44:00,2026-01-28 15:51:56,S Harlem Ave/Lexington St,,S HARLEM AVE,LEXINGTON ST,0,0,0,1,Property Damage,No Injuries,Car,11,Front To Rear,3,2,0,5,"Over $1,500",1,0,0,0,0,0,0,28,Failing To Reduce Speed To Avoid Crash,11,Weather,1,No Controls,1,No Controls,3,Snow,1,Daylight,1,Not Divided,3,Snow or Slush,3,Free Flow,1,No Defects,O90,O18,41.8704796,-87.8043671,41.8704834,-87.8043976,1128323.00,1895834.00
33962,26 00455,2600455,X004115032,2026-01-25,13:22:00,2026-01-25 13:22:00,2026-01-26 10:00:35,538 S Oak Park Ave,538,S OAK PARK AVE,,0,0,0,0,Property Damage,No Injuries,Car,13,Sideswipe - Opposite Direction,2,2,0,5,"Over $1,500",0,1,0,0,0,0,0,11,Weather,18,Unable To Determine,1,No Controls,1,No Controls,3,Snow,1,Daylight,1,Not Divided,3,Snow or Slush,3,Free Flow,1,No Defects,O60,O15,41.8783188,-87.7942505,41.8783302,-87.7940064,1131061.88,1898708.50
33959,26 00456,2600456,X004114084,2026-01-25,14:36:00,2026-01-25 14:36:00,2026-01-26 10:00:36,1167 Oak Park Ave,1167,OAK PARK AVE,,0,0,0,1,Property Damage,No Injuries,Car,9,Parked Motor Vehicle,4,4,0,5,"Over $1,500",1,0,0,0,0,0,0,28,Failing To Reduce Speed To Avoid Crash,18,Unable To Determine,1,No Controls,1,No Controls,3,Snow,1,Daylight,1,Not Divided,3,Snow or Slush,3,Free Flow,1,No Defects,O20,O2,41.9071464,-87.7949677,41.8662987,-87.7939758,1130798.75,1909211.25
33997,26 00526,2600526,X004118693,2026-01-25,15:53:00,2026-01-25 15:53:00,2026-01-29 09:21:04,S Oak Park Ave/South Blvd,,S OAK PARK AVE,SOUTH BLVD,0,0,0,0,Property Damage,No Injuries,Car,15,Angle,2,2,0,3,$500 or less,1,0,0,0,0,0,0,28,Failing To Reduce Speed To Avoid Crash,11,Weather,1,No Controls,1,No Controls,3,Snow,1,Daylight,2,"Divided, No Median Barrier",3,Snow or Slush,3,Free Flow,1,No Defects,O60,O11,41.8868980,-87.7944336,41.8868904,-87.7944717,1130991.25,1901833.88
33964,26 00457,2600457,X004114087,2026-01-25,16:25:00,2026-01-25 16:25:00,2026-01-26 10:00:36,1121 S Oak Park Ave,1121,S OAK PARK AVE,,0,0,0,0,Property Damage,No Injuries,Car,11,Front To Rear,3,3,0,4,"$501 to $1,500",1,0,0,0,0,0,0,28,Failing To Reduce Speed To Avoid Crash,11,Weather,1,No Controls,1,No Controls,3,Snow,1,Daylight,1,Not Divided,3,Snow or Slush,3,Free Flow,1,No Defects,O90,O17,41.8680306,-87.7938156,41.8680000,-87.7940445,1131202.88,1894959.63
33970,26 00471,2600471,X004115412,2026-01-26,13:14:00,2026-01-26 13:14:00,2026-01-27 08:19:00,18 Chicago Ave,18,CHICAGO AVE,,0,0,0,0,Property Damage,No Injuries,Car,12,Sideswipe - Same Direction,2,2,0,4,"$501 to $1,500",1,0,0,0,0,0,0,28,Failing To Reduce Speed To Avoid Crash,02,Failing To Yield Right-Of-Way,1,No Controls,1,No Controls,1,Clear,1,Daylight,1,Not Divided,1,Dry,3,Free Flow,1,No Defects,O10,O4,41.8947296,-87.7759781,41.8948097,-87.7760239,1135998.13,1904719.00
33973,26 00474,2600474,X004115356,2026-01-26,14:40:00,2026-01-26 14:40:00,2026-01-27 09:00:12,711 N Harlem Ave,711,N HARLEM AVE,,0,0,0,0,Property Damage,No Injuries,Car,10,Turning (At Least One Vehicle),2,2,0,4,"$501 to $1,500",1,0,0,0,0,0,0,04,Improper Overtaking/Passing,28,Failing To Reduce Speed To Avoid Crash,1,No Controls,1,No Controls,1,Clear,1,Daylight,2,"Divided, No Median Barrier",1,Dry,1,Slow,1,No Defects,R82,RFPD,41.8933945,-87.8052521,41.8934708,-87.8050842,1128031.00,1904182.75
33977,26 00475,2600475,X004116655,2026-01-26,16:13:00,2026-01-26 16:13:00,2026-01-27 16:15:54,N Austin Blvd/Ontario St,,N AUSTIN BLVD,ONTARIO ST,0,0,0,0,Property Damage,No Injuries,Car,11,Front To Rear,2,2,0,4,"$501 to $1,500",1,0,0,0,0,0,0,03,Following Too Closely,28,Failing To Reduce Speed To Avoid Crash,3,Traffic Signal,4,Functioning Properly,1,Clear,1,Daylight,1,Not Divided,3,Snow or Slush,1,Slow,1,No Defects,O30,O7,41.8905106,-87.7749710,41.8905106,-87.7750092,1136281.00,1903184.25
34122,26 00551,2600551,X004141083,2026-01-26,16:13:00,2026-01-26 16:13:00,2026-02-18 09:19:05,N Ridgeland Ave/Division St,,N RIDGELAND AVE,DIVISION ST,1,1,0,0,Property Damage,No Injuries,Car,10,Turning (At Least One Vehicle),2,2,0,5,"Over $1,500",1,0,0,0,0,0,0,28,Failing To Reduce Speed To Avoid Crash,18,Unable To Determine,3,Traffic Signal,4,Functioning Properly,1,Clear,1,Daylight,14,Four-Way Intersection,1,Dry,3,Free Flow,1,No Defects,O20,O2,41.9018860,-87.7849121,41.9018860,-87.7848740,1133548.63,1907311.13
33974,26 00481,2600481,X004116652,2026-01-27,07:59:00,2026-01-27 07:59:00,2026-01-27 16:15:51,Chicago Ave/N Cuyler Ave,,CHICAGO AVE,N CUYLER AVE,1,1,0,0,Property Damage,No Injuries,Car,15,Angle,2,2,0,5,"Over $1,500",1,0,0,0,0,0,0,02,Failing To Yield Right-Of-Way,99,Not Applicable,2,Stop Sign,4,Functioning Properly,1,Clear,1,Daylight,14,Four-Way Intersection,2,Wet,3,Free Flow,1,No Defects,O30,O7,41.8945694,-87.7832565,41.8945961,-87.7832565,1134017.75,1904648.13
33978,26 00482,2600482,X004116656,2026-01-27,08:09:00,2026-01-27 08:09:00,2026-01-27 16:21:50,N Oak Park Ave/Erie St,,N OAK PARK AVE,ERIE ST,1,1,0,0,Property Damage,No Injuries,Car,11,Front To Rear,2,2,0,3,$500 or less,1,0,0,0,0,0,0,03,Following Too Closely,28,Failing To Reduce Speed To Avoid Crash,2,Stop Sign,4,Functioning Properly,8,Cloudy/Overcast,1,Daylight,15,T-Intersection,3,Snow or Slush,1,Slow,1,No Defects,O40,O9,41.8915558,-87.7946396,41.8915520,-87.7946014,1130925.00,1903530.00