record_id,report_number,crash_id,idot_crash_number,date,time,occurred_at,record_added_at,location,street_number,street_name,cross_street,at_intersection,intersection_related,private_property,hit_and_run,crash_severity,crash_injury_severity,crash_mode,crash_type_code,crash_type,total_units,num_motor_vehicles,dooring_pedalcyclist,damage_code,damage,no_injury_drive_away,injury_or_towed,fatalities,a_injuries,b_injuries,c_injuries,total_injured,cause1_code,cause1,cause2_code,cause2,traffic_control_code,traffic_control,device_condition_code,device_condition,weather_code,weather,lighting_code,lighting,trafficway_code,trafficway,road_surface_code,road_surface,flow_condition_code,flow_condition,road_defects_code,road_defects,beat_zone,post_district,latitude,longitude,latitude_geocoded,longitude_geocoded,state_plane_x,state_plane_y
33975,26 00484,2600484,X004116653,2026-01-27,08:16:00,2026-01-27 08:16:00,2026-01-27 16:15:52,Lake St/N Oak Park Ave,,LAKE ST,N OAK PARK AVE,1,1,0,0,Property Damage,No Injuries,Car,11,Front To Rear,2,2,0,5,"Over $1,500",1,0,0,0,0,0,0,03,Following Too Closely,28,Failing To Reduce Speed To Avoid Crash,3,Traffic Signal,4,Functioning Properly,11,Blowing Snow,1,Daylight,15,T-Intersection,3,Snow or Slush,3,Free Flow,1,No Defects,O40,O9,41.8886185,-87.7945175,41.8886452,-87.7945251,1130963.00,1902460.13
33984,26 00513,2600513,X004117474,2026-01-27,11:09:00,2026-01-27 11:09:00,2026-01-28 15:51:55,S Austin Blvd/Garfield St,,S AUSTIN BLVD,GARFIELD ST,1,1,0,1,Property Damage,No Injuries,Car,10,Turning (At Least One Vehicle),2,2,0,3,$500 or less,1,0,0,0,0,0,0,02,Failing To Yield Right-Of-Way,28,Failing To Reduce Speed To Avoid Crash,2,Stop Sign,4,Functioning Properly,1,Clear,5,"Darkness, Lighted Road",14,Four-Way Intersection,1,Dry,3,Free Flow,1,No Defects,O90,O16,41.8704185,-87.7743530,41.8704224,-87.7743149,1136497.13,1895864.88
33981,26 00489,2600489,X004117208,2026-01-27,11:27:00,2026-01-27 11:27:00,2026-01-28 09:39:31,S Harvey/Washington Blvd,,S HARVEY,WASHINGTON BLVD,0,0,0,0,Property Damage,No Injuries,Car,9,Parked Motor Vehicle,2,2,0,5,"Over $1,500",1,0,0,0,0,0,0,30,Improper Backing,28,Failing To Reduce Speed To Avoid Crash,2,Stop Sign,4,Functioning Properly,1,Clear,1,Daylight,1,Not Divided,3,Snow or Slush,1,Slow,1,No Defects,O50,O10,41.8817749,-87.7812119,41.8817711,-87.7812500,1134603.25,1899989.50
33976,26 00492,2600492,X004116654,2026-01-27,12:12:00,2026-01-27 12:12:00,2026-01-27 16:15:52,700 N Oak Park Ave,700,N OAK PARK AVE,,0,0,0,1,Property Damage,No Injuries,Car,12,Sideswipe - Same Direction,3,2,0,3,$500 or less,1,0,0,0,0,0,0,18,Unable To Determine,18,Unable To Determine,1,No Controls,1,No Controls,1,Clear,3,Dusk,2,"Divided, No Median Barrier",1,Dry,3,Free Flow,1,No Defects,O20,O5,41.8980713,-87.7947388,41.8981285,-87.7947006,1130882.75,1905904.50
34010,26 00547,2600547,X004119534,2026-01-27,12:28:00,2026-01-27 12:28:00,2026-01-30 07:24:27,N Austin Blvd/Chicago Ave,,N AUSTIN BLVD,CHICAGO AVE,0,1,0,1,Injury,B Injury Crash,Pedestrian,1,Pedestrian,2,1,0,3,$500 or less,0,1,0,0,1,0,1,02,Failing To Yield Right-Of-Way,28,Failing To Reduce Speed To Avoid Crash,1,No Controls,1,No Controls,1,Clear,5,"Darkness, Lighted Road",15,T-Intersection,1,Dry,1,Slow,1,No Defects,,,41.8947105,-87.7751083,41.8947105,-87.7751389,1136235.63,1904714.63
33979,26 00494,2600494,X004116657,2026-01-27,13:05:00,2026-01-27 13:05:00,2026-01-27 16:21:50,Iowa St/N Kenilworth Ave,,IOWA ST,N KENILWORTH AVE,0,0,0,0,Property Damage,No Injuries,Car,9,Parked Motor Vehicle,2,2,0,4,"$501 to $1,500",1,0,0,0,0,0,0,04,Improper Overtaking/Passing,20,Improper Lane Usage,1,No Controls,1,No Controls,1,Clear,1,Daylight,1,Not Divided,3,Snow or Slush,3,Free Flow,1,No Defects,O20,O6,41.8961639,-87.7977295,41.8961868,-87.7977295,1130073.13,1905204.13
34020,26 00498,2600498,X004124353,2026-01-27,15:28:00,2026-01-27 15:28:00,2026-02-02 09:58:56,Ontario St/N Ridgeland Ave,,ONTARIO ST,N RIDGELAND AVE,1,1,0,0,Injury,A Injury Crash,Car,15,Angle,2,2,0,5,"Over $1,500",0,1,0,1,0,0,1,02,Failing To Yield Right-Of-Way,18,Unable To Determine,2,Stop Sign,4,Functioning Properly,1,Clear,1,Daylight,2,"Divided, No Median Barrier",1,Dry,3,Free Flow,1,No Defects,O30,O7,41.8903351,-87.7847519,41.8903656,-87.7847519,1133619.75,1903102.75
33983,26 00499,2600499,X004117483,2026-01-27,15:35:00,2026-01-27 15:35:00,2026-01-28 13:55:18,Kenilworth/Randolph,,KENILWORTH,RANDOLPH,1,1,0,0,Property Damage,No Injuries,Car,15,Angle,3,3,0,5,"Over $1,500",0,1,0,0,0,0,0,02,Failing To Yield Right-Of-Way,99,Not Applicable,2,Stop Sign,4,Functioning Properly,1,Clear,1,Daylight,14,Four-Way Intersection,3,Snow or Slush,3,Free Flow,99,Unknown,O70,O12,41.8833923,-87.7969971,41.8833885,-87.7970352,1130300.50,1900552.88
33980,26 00506,2600506,X004117171,2026-01-27,21:34:00,2026-01-27 21:34:00,2026-01-28 09:39:31,Chicago Ave/Lombard Ave,,CHICAGO AVE,LOMBARD AVE,0,0,0,1,Property Damage,No Injuries,Car,10,Turning (At Least One Vehicle),2,2,0,5,"Over $1,500",1,0,0,0,0,0,0,06,Improper Turning/No Signal,02,Failing To Yield Right-Of-Way,1,No Controls,1,No Controls,1,Clear,1,Daylight,2,"Divided, No Median Barrier",1,Dry,3,Free Flow,1,No Defects,O10,O4,41.8946152,-87.7799988,41.8946495,-87.7800064,1134903.13,1904671.63
33986,26 00510,2600510,X004118081,2026-01-28,08:09:00,2026-01-28 08:09:00,2026-01-28 15:51:56,120 N Oak Park Ave,120,N OAK PARK AVE,,0,0,0,0,Injury,C Injury Crash,Pedestrian,1,Pedestrian,2,1,0,5,"Over $1,500",0,1,0,0,0,1,1,02,Failing To Yield Right-Of-Way,28,Failing To Reduce Speed To Avoid Crash,3,Traffic Signal,4,Functioning Properly,1,Clear,1,Daylight,1,Not Divided,1,Dry,1,Slow,1,No Defects,O30,O8,41.8880119,-87.7944717,41.8880882,-87.7943649,1130978.88,1902239.13
33985,26 00520,2600520,X004117471,2026-01-28,13:38:00,2026-01-28 13:38:00,2026-01-28 15:51:55,Harlem Ave/Westgate St,,HARLEM AVE,WESTGATE ST,1,1,0,0,Property Damage,No Injuries,Car,10,Turning (At Least One Vehicle),2,2,0,5,"Over $1,500",1,0,0,0,0,0,0,02,Failing To Yield Right-Of-Way,28,Failing To Reduce Speed To Avoid Crash,2,Stop Sign,4,Functioning Properly,1,Clear,1,Daylight,2,"Divided, No Median Barrier",1,Dry,3,Free Flow,1,No Defects,R83,RFPD,41.8878517,-87.8050537,41.8878555,-87.8050232,1128096.13,1902163.25
33988,26 00519,2600519,X004117472,2026-01-28,13:44:00,2026-01-28 13:44:00,2026-01-28 15:51:57,Roosevelt Rd/Wisconsin Ave,,ROOSEVELT RD,WISCONSIN AVE,1,1,0,0,Property Damage,No Injuries,Car,11,Front To Rear,2,2,0,5,"Over $1,500",1,0,0,0,0,0,0,28,Failing To Reduce Speed To Avoid Crash,18,Unable To Determine,1,No Controls,1,No Controls,1,Clear,1,Daylight,1,Not Divided,1,Dry,2,Stopped,1,No Defects,O90,O18,41.8650513,-87.8015976,41.8650207,-87.8017807,1129090.75,1893861.00
33990,26 00522,2600522,X004118083,2026-01-28,14:58:00,2026-01-28 14:58:00,2026-01-28 17:01:59,Lake St/N Marion St,,LAKE ST,N MARION ST,1,1,0,0,Property Damage,No Injuries,Car,12,Sideswipe - Same Direction,2,2,0,5,"Over $1,500",1,0,0,0,0,0,0,04,Improper Overtaking/Passing,20,Improper Lane Usage,3,Traffic Signal,4,Functioning Properly,1,Clear,1,Daylight,4,Two-Way Continuous Left-Turn Lane,1,Dry,1,Slow,1,No Defects,O40,O9,41.8886185,-87.8026276,41.8886452,-87.8026276,1128756.38,1902446.75
33991,26 00525,2600525,X004118084,2026-01-28,15:28:00,2026-01-28 15:28:00,2026-01-28 17:07:54,S Oak Park Ave/Madison St,,S OAK PARK AVE,MADISON ST,1,1,0,1,Property Damage,No Injuries,Car,12,Sideswipe - Same Direction,2,2,0,3,$500 or less,1,0,0,0,0,0,0,28,Failing To Reduce Speed To Avoid Crash,18,Unable To Determine,3,Traffic Signal,4,Functioning Properly,1,Clear,1,Daylight,14,Four-Way Intersection,1,Dry,2,Stopped,1,No Defects,O60,O11,41.8797722,-87.7942200,41.8797722,-87.7942581,1131065.38,1899237.25
33999,26 00523,2600523,X004118757,2026-01-28,15:31:00,2026-01-28 15:31:00,2026-01-29 09:21:05,Madison St/S Ridgeland Ave,,MADISON ST,S RIDGELAND AVE,1,1,0,0,Injury,C Injury Crash,Car,15,Angle,2,2,0,5,"Over $1,500",0,1,0,0,0,1,1,28,Failing To Reduce Speed To Avoid Crash,18,Unable To Determine,3,Traffic Signal,4,Functioning Properly,1,Clear,1,Daylight,15,T-Intersection,1,Dry,3,Free Flow,1,No Defects,O80,O13,41.8799019,-87.7844620,41.8799324,-87.7844620,1133723.63,1899302.88
33989,26 00524,2600524,X004118082,2026-01-28,15:38:00,2026-01-28 15:38:00,2026-01-28 17:02:00,Madison St/Maple Ave,,MADISON ST,MAPLE AVE,0,0,0,0,Property Damage,No Injuries,Car,10,Turning (At Least One Vehicle),2,2,0,5,"Over $1,500",1,0,0,0,0,0,0,02,Failing To Yield Right-Of-Way,28,Failing To Reduce Speed To Avoid Crash,1,No Controls,1,No Controls,1,Clear,1,Daylight,2,"Divided, No Median Barrier",1,Dry,3,Free Flow,1,No Defects,O60,O15,41.8795929,-87.8038635,41.8796196,-87.8038635,1128439.38,1899156.50
33998,26 00527,2600527,X004118681,2026-01-28,16:22:00,2026-01-28 16:22:00,2026-01-29 09:21:05,S Harlem Ave/I290 E,,S HARLEM AVE,I290 E,1,1,0,0,Property Damage,No Injuries,Car,10,Turning (At Least One Vehicle),2,2,0,5,"Over $1,500",1,0,0,0,0,0,0,02,Failing To Yield Right-Of-Way,28,Failing To Reduce Speed To Avoid Crash,3,Traffic Signal,4,Functioning Properly,1,Clear,1,Daylight,14,Four-Way Intersection,1,Dry,3,Free Flow,1,No Defects,O60,O15,41.8737946,-87.8044968,41.8736153,-87.8045197,1128281.50,1897042.00
33993,26 00528,2600528,X004118086,2026-01-28,16:30:00,2026-01-28 16:30:00,2026-01-28 17:43:03,Iowa St/N East Ave,,IOWA ST,N EAST AVE,1,1,0,0,Property Damage,No Injuries,Car,15,Angle,2,2,0,5,"Over $1,500",1,0,0,0,0,0,0,23,Disregarding Stop Sign,15,Driving Skills/Knowledge/Experience,2,Stop Sign,4,Functioning Properly,1,Clear,1,Daylight,1,Not Divided,1,Dry,3,Free Flow,1,No Defects,O20,O5,41.8962974,-87.7898254,41.8963242,-87.7898331,1132224.13,1905266.00
33992,26 00529,2600529,X004118085,2026-01-28,16:34:00,2026-01-28 16:34:00,2026-01-28 17:37:06,N Ridgeland Ave/Lake St,,N RIDGELAND AVE,LAKE ST,0,0,0,0,Property Damage,No Injuries,Car,11,Front To Rear,2,2,0,4,"$501 to $1,500",1,0,0,0,0,0,0,03,Following Too Closely,28,Failing To Reduce Speed To Avoid Crash,3,Traffic Signal,4,Functioning Properly,1,Clear,1,Daylight,2,"Divided, No Median Barrier",1,Dry,3,Free Flow,1,No Defects,O30,O8,41.8883209,-87.7847366,41.8883209,-87.7846985,1133628.00,1902369.13
34007,26 00532,2600532,X004119531,2026-01-28,18:31:00,2026-01-28 18:31:00,2026-01-30 07:24:25,S Ridgeland Ave/Washington Blvd,,S RIDGELAND AVE,WASHINGTON BLVD,1,1,0,0,Property Damage,No Injuries,Car,12,Sideswipe - Same Direction,2,2,0,5,"Over $1,500",1,0,0,0,0,0,0,20,Improper Lane Usage,99,Not Applicable,3,Traffic Signal,4,Functioning Properly,1,Clear,3,Dusk,2,"Divided, No Median Barrier",1,Dry,1,Slow,1,No Defects,O50,O10,41.8817215,-87.7844772,41.8817253,-87.7845154,1133714.00,1899965.25
33994,26 00535,2600535,X004118087,2026-01-28,20:02:00,2026-01-28 20:02:00,2026-01-29 04:53:17,315 Wesley Ave,315,WESLEY AVE,,0,0,0,1,Property Damage,No Injuries,Car,12,Sideswipe - Same Direction,2,2,0,5,"Over $1,500",1,0,0,0,0,0,0,02,Failing To Yield Right-Of-Way,99,Not Applicable,1,No Controls,1,No Controls,1,Clear,4,Darkness,1,Not Divided,1,Dry,3,Free Flow,1,No Defects,O60,O11,41.8827362,-87.7911148,41.8827057,-87.7913818,1131904.38,1900323.25
34003,26 00541,2600541,X004119486,2026-01-29,08:44:00,2026-01-29 08:44:00,2026-01-29 16:25:33,Lexington St/S Oak Park Ave,,LEXINGTON ST,S OAK PARK AVE,0,0,0,0,Property Damage,No Injuries,Car,9,Parked Motor Vehicle,2,2,0,5,"Over $1,500",1,0,0,0,0,0,0,15,Driving Skills/Knowledge/Experience,99,Not Applicable,1,No Controls,1,No Controls,1,Clear,1,Daylight,1,Not Divided,1,Dry,3,Free Flow,1,No Defects,O90,O17,41.8706131,-87.7939453,41.8706360,-87.7939453,1131162.75,1895900.00
34011,26 00542,2600542,X004119532,2026-01-29,08:50:00,2026-01-29 08:50:00,2026-01-30 07:24:27,South Blvd/S Oak Park Ave,,SOUTH BLVD,S OAK PARK AVE,1,1,0,0,Property Damage,No Injuries,Car,10,Turning (At Least One Vehicle),2,2,0,4,"$501 to $1,500",1,0,0,0,0,0,0,06,Improper Turning/No Signal,28,Failing To Reduce Speed To Avoid Crash,3,Traffic Signal,4,Functioning Properly,1,Clear,1,Daylight,14,Four-Way Intersection,1,Dry,3,Free Flow,1,No Defects,O60,O11,41.8868675,-87.7944641,41.8868904,-87.7944717,1130982.38,1901822.25
34004,26 00544,2600544,X004119488,2026-01-29,12:08:00,2026-01-29 12:08:00,2026-01-29 16:25:34,N Harvey Ave/Superior St,,N HARVEY AVE,SUPERIOR ST,1,1,0,0,Property Damage,No Injuries,Car,6,Fixed Object,3,1,0,5,"Over $1,500",1,0,0,0,0,0,0,02,Failing To Yield Right-Of-Way,28,Failing To Reduce Speed To Avoid Crash,2,Stop Sign,4,Functioning Properly,1,Clear,1,Daylight,14,Four-Way Intersection,1,Dry,3,Free Flow,1,No Defects,O30,O7,41.8931351,-87.7816315,41.8931465,-87.7815933,1134463.88,1904129.63
34002,26 00546,2600546,X004119484,2026-01-29,12:34:00,2026-01-29 12:34:00,2026-01-29 16:25:33,N Oak Park Ave/Divison St,,N OAK PARK AVE,DIVISON ST,1,1,0,0,Injury,B Injury Crash,Car,15,Angle,2,2,0,5,"Over $1,500",0,1,0,0,1,0,1,25,Disregarding Traffic Signals,28,Failing To Reduce Speed To Avoid Crash,3,Traffic Signal,4,Functioning Properly,1,Clear,1,Daylight,1,Not Divided,1,Dry,3,Free Flow,1,No Defects,O20,O6,41.9017029,-87.7949066,41.9017067,-87.7948685,1130829.63,1907227.50
34008,26 00552,2600552,X004119536,2026-01-29,16:26:00,2026-01-29 16:26:00,2026-01-30 07:24:26,N Oak Park Ave/Thomas St,,N OAK PARK AVE,THOMAS ST,0,0,0,0,Property Damage,No Injuries,Car,15,Angle,2,2,0,5,"Over $1,500",1,0,0,0,0,0,0,02,Failing To Yield Right-Of-Way,30,Improper Backing,1,No Controls,1,No Controls,1,Clear,3,Dusk,2,"Divided, No Median Barrier",1,Dry,3,Free Flow,1,No Defects,O20,O6,41.8998756,-87.7948608,41.8998795,-87.7948227,1130845.88,1906562.25
34009,26 00554,2600554,X004119538,2026-01-29,16:57:00,2026-01-29 16:57:00,2026-01-30 07:24:26,North Blvd/N Oak Park Ave,,NORTH BLVD,N OAK PARK AVE,0,0,0,1,Property Damage,No Injuries,Car,9,Parked Motor Vehicle,2,2,0,5,"Over $1,500",1,0,0,0,0,0,0,28,Failing To Reduce Speed To Avoid Crash,18,Unable To Determine,1,No Controls,1,No Controls,1,Clear,1,Daylight,10,One-Way,1,Dry,3,Free Flow,1,No Defects,O30,O8,41.8872833,-87.7944717,41.8873138,-87.7944794,1130980.38,1901974.00
34017,26 00556,2600556,X004123508,2026-01-30,06:22:00,2026-01-30 06:22:00,2026-02-02 09:58:55,217 Madison St,217,MADISON ST,,0,0,0,0,Property Damage,No Injuries,Car,10,Turning (At Least One Vehicle),2,2,0,4,"$501 to $1,500",1,0,0,0,0,0,0,02,Failing To Yield Right-Of-Way,99,Not Applicable,1,No Controls,1,No Controls,1,Clear,1,Daylight,1,Not Divided,1,Dry,3,Free Flow,1,No Defects,O80,O13,41.8799629,-87.7806168,41.8797264,-87.7805023,1134770.13,1899330.63
34035,26 00567,2600567,X004123513,2026-01-30,18:43:00,2026-01-30 18:43:00,2026-02-02 11:15:40,N Harlem Ave/Ontario Ave,,N HARLEM AVE,ONTARIO AVE,1,0,0,0,Property Damage,No Injuries,Car,12,Sideswipe - Same Direction,2,2,0,3,$500 or less,1,0,0,0,0,0,0,04,Improper Overtaking/Passing,15,Driving Skills/Knowledge/Experience,1,No Controls,1,No Controls,3,Snow,5,"Darkness, Lighted Road",1,Not Divided,3,Snow or Slush,3,Free Flow,1,No Defects,R82,RFPD,41.8905373,-87.8051605,41.8905449,-87.8051224,1128061.25,1903142.75
34027,26 00569,2600569,X004123514,2026-01-31,09:44:00,2026-01-31 09:44:00,2026-02-02 10:57:36,S Oak Park Ave/Van Baren St,,S OAK PARK AVE,VAN BAREN ST,0,0,0,1,Property Damage,No Injuries,Car,11,Front To Rear,2,2,0,5,"Over $1,500",1,0,0,0,0,0,0,28,Failing To Reduce Speed To Avoid Crash,18,Unable To Determine,1,No Controls,1,No Controls,1,Clear,5,"Darkness, Lighted Road",2,"Divided, No Median Barrier",2,Wet,3,Free Flow,1,No Defects,O60,O14,41.8742905,-87.7940292,41.8742905,-87.7940674,1131129.38,1897240.63
34036,26 00573,2600573,X004124357,2026-01-31,11:01:00,2026-01-31 11:01:00,2026-02-02 11:15:41,130 N Marion St,130,N MARION ST,,0,0,0,0,Property Damage,No Injuries,Car,9,Parked Motor Vehicle,2,2,0,4,"$501 to $1,500",1,0,0,0,0,0,0,15,Driving Skills/Knowledge/Experience,99,Not Applicable,1,No Controls,1,No Controls,8,Cloudy/Overcast,1,Daylight,7,Parking Lot,3,Snow or Slush,1,Slow,1,No Defects,O20,O3,41.9052582,-87.8041534,41.8883285,-87.8023758,1128302.00,1908508.13
34021,26 00575,2600575,X004123515,2026-01-31,12:23:00,2026-01-31 12:23:00,2026-02-02 10:33:53,914 N Austin Blvd,914,N AUSTIN BLVD,,0,0,0,0,Property Damage,No Injuries,Car,12,Sideswipe - Same Direction,2,2,0,3,$500 or less,1,0,0,0,0,0,0,18,Unable To Determine,18,Unable To Determine,1,No Controls,1,No Controls,7,Other,1,Daylight,2,"Divided, No Median Barrier",2,Wet,1,Slow,1,No Defects,,,41.8970718,-87.7751846,41.8972778,-87.7754135,1136209.50,1905575.00
34022,26 00581,2600581,X004124354,2026-01-31,19:56:00,2026-01-31 19:56:00,2026-02-02 10:45:40,Jackson Blvd/S Harlem Ave,,JACKSON BLVD,S HARLEM AVE,1,0,0,1,Property Damage,No Injuries,Car,12,Sideswipe - Same Direction,2,2,0,3,$500 or less,1,0,0,0,0,0,0,03,Following Too Closely,15,Driving Skills/Knowledge/Experience,1,No Controls,1,No Controls,1,Clear,5,"Darkness, Lighted Road",2,"Divided, No Median Barrier",1,Dry,3,Free Flow,1,No Defects,O60,O15,41.8759575,-87.8045960,41.8759842,-87.8046036,1128248.63,1897829.75
34040,26 00583,2600583,X004124731,2026-01-31,22:47:00,2026-01-31 22:47:00,2026-02-03 08:51:59,408 S Austin Blvd,408,S AUSTIN BLVD,,0,0,0,1,Injury,B Injury Crash,Car,12,Sideswipe - Same Direction,3,3,0,4,"$501 to $1,500",0,1,0,0,1,0,1,20,Improper Lane Usage,28,Failing To Reduce Speed To Avoid Crash,1,No Controls,1,No Controls,1,Clear,5,"Darkness, Lighted Road",2,"Divided, No Median Barrier",1,Dry,3,Free Flow,1,No Defects,O80,O13,41.8745155,-87.7745056,41.8742371,-87.7746735,1136446.38,1897356.38
34032,26 00584,2600584,X004123563,2026-01-31,23:05:00,2026-01-31 23:05:00,2026-02-02 11:09:29,1341 N Harlem Ave,1341,N HARLEM AVE,,0,0,0,0,Property Damage,No Injuries,Car,9,Parked Motor Vehicle,3,3,0,5,"Over $1,500",0,1,0,0,0,0,0,08,Under The Influence Of Alc/Drugs-Use For Dui,20,Improper Lane Usage,1,No Controls,1,No Controls,1,Clear,5,"Darkness, Lighted Road",4,Two-Way Continuous Left-Turn Lane,1,Dry,3,Free Flow,1,No Defects,O20,O6,41.9048843,-87.8056717,41.9049263,-87.8053513,1127890.50,1908368.13
34024,26 00585,2600585,X004123517,2026-02-01,03:57:00,2026-02-01 03:57:00,2026-02-02 10:51:38,S Austin Blvd/Madison St,,S AUSTIN BLVD,MADISON ST,1,0,0,0,Property Damage,No Injuries,Car,11,Front To Rear,2,2,0,4,"$501 to $1,500",1,0,0,0,0,0,0,28,Failing To Reduce Speed To Avoid Crash,99,Not Applicable,3,Traffic Signal,4,Functioning Properly,1,Clear,5,"Darkness, Lighted Road",2,"Divided, No Median Barrier",1,Dry,3,Free Flow,1,No Defects,O80,O13,41.8800888,-87.7746963,41.8800888,-87.7746582,1136381.50,1899387.00
34018,26 00587,2600587,X004123570,2026-02-01,08:59:00,2026-02-01 08:59:00,2026-02-02 09:58:55,Van Buren St/Gunderson Ave,,VAN BUREN ST,GUNDERSON AVE,1,1,0,0,Property Damage,No Injuries,Car,15,Angle,2,2,0,5,"Over $1,500",0,1,0,0,0,0,0,02,Failing To Yield Right-Of-Way,28,Failing To Reduce Speed To Avoid Crash,2,Stop Sign,4,Functioning Properly,1,Clear,1,Daylight,1,Not Divided,3,Snow or Slush,3,Free Flow,1,No Defects,O60,O14,41.8743858,-87.7867355,41.8744163,-87.7867432,1133115.63,1897288.25
34033,26 00588,2600588,X004123575,2026-02-01,09:28:00,2026-02-01 09:28:00,2026-02-02 11:15:40,417 N Harlem,417,N HARLEM,,0,0,0,0,Injury,C Injury Crash,Car,11,Front To Rear,3,3,0,5,"Over $1,500",0,1,0,0,0,1,1,28,Failing To Reduce Speed To Avoid Crash,15,Driving Skills/Knowledge/Experience,1,No Controls,1,No Controls,1,Clear,1,Daylight,1,Not Divided,1,Dry,2,Stopped,1,No Defects,O40,O9,41.8877716,-87.8050537,41.8875923,-87.8048477,1128097.00,1902134.88
34025,26 00590,2600590,X004123608,2026-02-01,10:26:00,2026-02-01 10:26:00,2026-02-02 10:51:39,Carpenter Ave/Monroe St,,CARPENTER AVE,MONROE ST,1,1,0,0,Property Damage,No Injuries,Car,15,Angle,2,2,0,5,"Over $1,500",1,0,0,0,0,0,0,02,Failing To Yield Right-Of-Way,99,Not Applicable,2,Stop Sign,4,Functioning Properly,1,Clear,1,Daylight,14,Four-Way Intersection,1,Dry,1,Slow,1,No Defects,O60,O15,41.8783226,-87.7961960,41.8783150,-87.7962341,1130530.00,1898705.00
34028,26 00593,2600593,X004123619,2026-02-01,11:36:00,2026-02-01 11:36:00,2026-02-02 11:09:30,400 S Austin Blvd,400,S AUSTIN BLVD,,0,0,0,1,Property Damage,No Injuries,Car,9,Parked Motor Vehicle,2,2,0,4,"$501 to $1,500",1,0,0,0,0,0,0,28,Failing To Reduce Speed To Avoid Crash,18,Unable To Determine,1,No Controls,1,No Controls,9,Unknown,5,"Darkness, Lighted Road",2,"Divided, No Median Barrier",9,Unknown,3,Free Flow,1,No Defects,O80,O13,41.8745155,-87.7745056,41.8744583,-87.7745438,1136446.38,1897356.38
34030,26 00599,2600599,X004123637,2026-02-01,18:34:00,2026-02-01 18:34:00,2026-02-02 11:09:31,N Austin Blvd/Augusta Blvd,,N AUSTIN BLVD,AUGUSTA BLVD,1,1,0,0,Property Damage,No Injuries,Car,11,Front To Rear,3,3,0,4,"$501 to $1,500",1,0,0,0,0,0,0,28,Failing To Reduce Speed To Avoid Crash,99,Not Applicable,3,Traffic Signal,4,Functioning Properly,1,Clear,4,Darkness,1,Not Divided,9,Unknown,2,Stopped,99,Unknown,,,41.8983650,-87.7752228,41.8983650,-87.7752533,1136195.75,1906045.00
34031,26 00600,2600600,X004123639,2026-02-01,19:03:00,2026-02-01 19:03:00,2026-02-02 11:09:31,North Ave/Rossell Ave,,NORTH AVE,ROSSELL AVE,1,1,0,0,Injury,B Injury Crash,Car,10,Turning (At Least One Vehicle),2,2,0,5,"Over $1,500",0,1,0,0,1,0,1,02,Failing To Yield Right-Of-Way,15,Driving Skills/Knowledge/Experience,2,Stop Sign,4,Functioning Properly,1,Clear,5,"Darkness, Lighted Road",2,"Divided, No Median Barrier",1,Dry,3,Free Flow,1,No Defects,O20,O2,41.9091034,-87.7860489,41.9091301,-87.7860565,1133222.13,1909939.63
34038,26 00606,2600606,X004124358,2026-02-02,09:04:00,2026-02-02 09:04:00,2026-02-02 15:44:21,N Harlem Ave/Chicago Ave,,N HARLEM AVE,CHICAGO AVE,0,0,0,0,Property Damage,No Injuries,Car,10,Turning (At Least One Vehicle),2,2,0,5,"Over $1,500",0,1,0,0,0,0,0,02,Failing To Yield Right-Of-Way,28,Failing To Reduce Speed To Avoid Crash,1,No Controls,1,No Controls,1,Clear,1,Daylight,1,Not Divided,2,Wet,1,Slow,1,No Defects,R82,RFPD,41.8942261,-87.8052826,41.8942337,-87.8052445,1128020.38,1904486.00
34042,26 00623,2600623,X004125622,2026-02-03,07:54:00,2026-02-03 07:54:00,2026-02-03 16:50:16,Lake St/N Scoville Ave,,LAKE ST,N SCOVILLE AVE,0,0,0,0,Property Damage,No Injuries,Car,10,Turning (At Least One Vehicle),2,2,0,4,"$501 to $1,500",1,0,0,0,0,0,0,02,Failing To Yield Right-Of-Way,28,Failing To Reduce Speed To Avoid Crash,1,No Controls,1,No Controls,1,Clear,1,Daylight,2,"Divided, No Median Barrier",1,Dry,1,Slow,1,No Defects,O30,O8,41.8884010,-87.7879639,41.8884315,-87.7879639,1132749.63,1902393.50
34041,26 00629,2600629,X004125621,2026-02-03,10:57:00,2026-02-03 10:57:00,2026-02-03 16:56:20,1184 S Ridgeland Ave,1184,S RIDGELAND AVE,,0,0,0,0,Property Damage,No Injuries,Car,11,Front To Rear,2,2,0,5,"Over $1,500",1,0,0,0,0,0,0,28,Failing To Reduce Speed To Avoid Crash,18,Unable To Determine,1,No Controls,1,No Controls,1,Clear,1,Daylight,1,Not Divided,1,Dry,1,Slow,1,No Defects,O90,O17,41.8658943,-87.7840195,41.8658676,-87.7838058,1133875.00,1894198.75
34047,26 00634,2600634,X004126873,2026-02-03,12:16:00,2026-02-03 12:16:00,2026-02-04 09:42:09,S Oak Park Ave/Madison St,,S OAK PARK AVE,MADISON ST,1,1,0,0,Injury,B Injury Crash,Car,15,Angle,2,2,0,5,"Over $1,500",0,1,0,0,1,0,1,25,Disregarding Traffic Signals,28,Failing To Reduce Speed To Avoid Crash,3,Traffic Signal,4,Functioning Properly,1,Clear,1,Daylight,14,Four-Way Intersection,1,Dry,3,Free Flow,1,No Defects,O60,O11,41.8797722,-87.7942200,41.8797722,-87.7942581,1131065.38,1899237.25