record_id,report_number,crash_id,idot_crash_number,date,time,occurred_at,record_added_at,location,street_number,street_name,cross_street,at_intersection,intersection_related,private_property,hit_and_run,crash_severity,crash_injury_severity,crash_mode,crash_type_code,crash_type,total_units,num_motor_vehicles,dooring_pedalcyclist,damage_code,damage,no_injury_drive_away,injury_or_towed,fatalities,a_injuries,b_injuries,c_injuries,total_injured,cause1_code,cause1,cause2_code,cause2,traffic_control_code,traffic_control,device_condition_code,device_condition,weather_code,weather,lighting_code,lighting,trafficway_code,trafficway,road_surface_code,road_surface,flow_condition_code,flow_condition,road_defects_code,road_defects,beat_zone,post_district,latitude,longitude,latitude_geocoded,longitude_geocoded,state_plane_x,state_plane_y
34094,26 00810,2600810,X004135831,2026-02-13,06:58:00,2026-02-13 06:58:00,2026-02-13 12:15:55,Fillmore St/S Taylor Ave,,FILLMORE ST,S TAYLOR AVE,0,0,0,0,Property Damage,No Injuries,Car,9,Parked Motor Vehicle,2,2,0,5,"Over $1,500",1,0,0,0,0,0,0,20,Improper Lane Usage,06,Improper Turning/No Signal,1,No Controls,1,No Controls,1,Clear,1,Daylight,1,Not Divided,1,Dry,3,Free Flow,1,No Defects,O90,O16,41.8672142,-87.7778854,41.8672447,-87.7778854,1135544.63,1894689.88
34434,26 00811,2600811,X004196527,2026-02-13,07:35:00,2026-02-13 07:35:00,2026-04-13 09:33:10,Van Buren St/S Taylor Ave,,VAN BUREN ST,S TAYLOR AVE,0,0,0,0,Property Damage,No Injuries,Car,15,Angle,2,2,0,5,"Over $1,500",0,1,0,0,0,0,0,28,Failing To Reduce Speed To Avoid Crash,18,Unable To Determine,1,No Controls,1,No Controls,1,Clear,1,Daylight,12,Alley,1,Dry,3,Free Flow,1,No Defects,O80,O13,41.8745232,-87.7781296,41.8745537,-87.7781296,1135460.00,1897353.13
34194,26 00896,2600896,X004153002,2026-02-13,08:18:00,2026-02-13 08:18:00,2026-03-02 13:37:49,S Ridgeland Ave/South Bvd,,S RIDGELAND AVE,SOUTH BVD,1,1,0,0,Property Damage,No Injuries,Car,10,Turning (At Least One Vehicle),2,2,0,5,"Over $1,500",1,0,0,0,0,0,0,28,Failing To Reduce Speed To Avoid Crash,04,Improper Overtaking/Passing,3,Traffic Signal,4,Functioning Properly,1,Clear,1,Daylight,14,Four-Way Intersection,1,Dry,1,Slow,1,No Defects,O50,O10,41.8869591,-87.7846298,41.8869553,-87.7846603,1133661.75,1901873.50
34125,26 00816,2600816,X004141085,2026-02-13,11:46:00,2026-02-13 11:46:00,2026-02-18 16:31:01,N Scoville Ave/Lake St,,N SCOVILLE AVE,LAKE ST,0,0,0,0,Property Damage,No Injuries,Car,9,Parked Motor Vehicle,2,2,0,5,"Over $1,500",1,0,0,0,0,0,0,06,Improper Turning/No Signal,28,Failing To Reduce Speed To Avoid Crash,1,No Controls,1,No Controls,1,Clear,1,Daylight,1,Not Divided,1,Dry,1,Slow,1,No Defects,O30,O8,41.8884277,-87.7880020,41.8884315,-87.7879639,1132739.13,1902402.38
34111,26 00820,2600820,X004140081,2026-02-13,14:54:00,2026-02-13 14:54:00,2026-02-17 10:10:49,Washington Blvd/Wisconsin Ave,,WASHINGTON BLVD,WISCONSIN AVE,0,0,0,1,Property Damage,No Injuries,Car,9,Parked Motor Vehicle,2,2,0,5,"Over $1,500",1,0,0,0,0,0,0,20,Improper Lane Usage,28,Failing To Reduce Speed To Avoid Crash,3,Traffic Signal,4,Functioning Properly,1,Clear,1,Daylight,1,Not Divided,1,Dry,1,Slow,1,No Defects,O70,O12,41.8814163,-87.8023682,41.8814468,-87.8023682,1128842.63,1899822.13
34145,26 00821,2600821,X004146267,2026-02-13,15:22:00,2026-02-13 15:22:00,2026-02-24 09:09:21,Chicago Ave/N Euclid Ave,,CHICAGO AVE,N EUCLID AVE,1,1,0,0,Property Damage,No Injuries,Car,15,Angle,2,2,0,3,$500 or less,1,0,0,0,0,0,0,02,Failing To Yield Right-Of-Way,99,Not Applicable,2,Stop Sign,4,Functioning Properly,1,Clear,1,Daylight,14,Four-Way Intersection,1,Dry,1,Slow,1,No Defects,O30,O8,41.8944130,-87.7928543,41.8944435,-87.7928543,1131404.75,1904574.38
34113,26 00826,2600826,X004140083,2026-02-13,17:53:00,2026-02-13 17:53:00,2026-02-17 10:10:50,Marion/Lake,,MARION,LAKE,0,0,0,1,Property Damage,No Injuries,Car,11,Front To Rear,2,2,0,5,"Over $1,500",1,0,0,0,0,0,0,28,Failing To Reduce Speed To Avoid Crash,99,Not Applicable,3,Traffic Signal,4,Functioning Properly,1,Clear,1,Daylight,14,Four-Way Intersection,1,Dry,2,Stopped,1,No Defects,O40,O9,41.8886414,-87.8025055,41.8886452,-87.8026276,1128789.13,1902455.00
34105,26 00827,2600827,X004141417,2026-02-13,18:11:00,2026-02-13 18:11:00,2026-02-17 09:47:06,Madison St/Kenilworth,,MADISON ST,KENILWORTH,1,0,0,0,Injury,B Injury Crash,Car,10,Turning (At Least One Vehicle),2,2,0,3,$500 or less,0,1,0,0,1,0,1,02,Failing To Yield Right-Of-Way,15,Driving Skills/Knowledge/Experience,1,No Controls,1,No Controls,1,Clear,5,"Darkness, Lighted Road",1,Not Divided,1,Dry,3,Free Flow,1,No Defects,O70,O12,41.8797531,-87.7969131,41.8797264,-87.7969208,1130331.13,1899226.75
34115,26 00828,2600828,X004140085,2026-02-13,18:33:00,2026-02-13 18:33:00,2026-02-17 10:10:52,North Blvd/Forest,,NORTH BLVD,FOREST,0,0,0,0,Property Damage,No Injuries,Car,15,Angle,2,2,0,5,"Over $1,500",1,0,0,0,0,0,0,30,Improper Backing,02,Failing To Yield Right-Of-Way,2,Stop Sign,4,Functioning Properly,1,Clear,5,"Darkness, Lighted Road",10,One-Way,1,Dry,2,Stopped,1,No Defects,O40,O9,41.8871422,-87.8006134,41.8872528,-87.8007050,1129307.00,1901912.50
34104,26 00831,2600831,X004140074,2026-02-13,23:24:00,2026-02-13 23:24:00,2026-02-17 09:47:06,S Ridgeland Ave/Washington Blvd,,S RIDGELAND AVE,WASHINGTON BLVD,1,1,0,0,Property Damage,No Injuries,Car,11,Front To Rear,2,2,0,5,"Over $1,500",1,0,0,0,0,0,0,28,Failing To Reduce Speed To Avoid Crash,02,Failing To Yield Right-Of-Way,3,Traffic Signal,4,Functioning Properly,1,Clear,4,Darkness,2,"Divided, No Median Barrier",1,Dry,3,Free Flow,1,No Defects,O50,O10,41.8817215,-87.7844772,41.8817253,-87.7845154,1133714.00,1899965.25
34119,26 00832,2600832,X004140089,2026-02-13,23:24:00,2026-02-13 23:24:00,2026-02-17 10:10:53,Jackson Blvd/S Austin Blvd,,JACKSON BLVD,S AUSTIN BLVD,1,1,0,1,Property Damage,No Injuries,Car,11,Front To Rear,2,2,0,4,"$501 to $1,500",1,0,0,0,0,0,0,03,Following Too Closely,99,Not Applicable,3,Traffic Signal,4,Functioning Properly,1,Clear,1,Daylight,14,Four-Way Intersection,1,Dry,1,Slow,1,No Defects,O80,O13,41.8763962,-87.7745361,41.8764229,-87.7745361,1136434.00,1898041.00
34107,26 00836,2600836,X004140077,2026-02-14,14:59:00,2026-02-14 14:59:00,2026-02-17 10:04:50,N Harlem Ave/Ontario St,,N HARLEM AVE,ONTARIO ST,1,1,0,0,Injury,C Injury Crash,Pedalcyclist,2,Pedalcyclist,2,1,0,5,"Over $1,500",0,1,0,0,0,1,1,24,Disregarding Other Traffic Signs,07,Turning Right On Red,3,Traffic Signal,4,Functioning Properly,1,Clear,1,Daylight,1,Not Divided,1,Dry,1,Slow,1,No Defects,O40,O9,41.8905373,-87.8051605,41.8905449,-87.8051224,1128061.25,1903142.75
34114,26 00846,2600846,X004140084,2026-02-14,21:03:00,2026-02-14 21:03:00,2026-02-17 10:10:51,N Austin Blvd/Greenfield St,,N AUSTIN BLVD,GREENFIELD ST,1,1,0,0,Injury,B Injury Crash,Car,10,Turning (At Least One Vehicle),2,2,0,5,"Over $1,500",0,1,0,0,1,0,1,06,Improper Turning/No Signal,99,Not Applicable,1,No Controls,1,No Controls,1,Clear,4,Darkness,2,"Divided, No Median Barrier",9,Unknown,3,Free Flow,1,No Defects,O10,O1,41.9058800,-87.7754593,41.9058800,-87.7754898,1136113.50,1908783.88
34116,26 00848,2600848,X004140086,2026-02-15,08:52:00,2026-02-15 08:52:00,2026-02-17 10:10:52,Pleasant St/S Ridgeland Ave,,PLEASANT ST,S RIDGELAND AVE,1,1,0,0,Property Damage,No Injuries,Car,15,Angle,2,2,0,4,"$501 to $1,500",1,0,0,0,0,0,0,02,Failing To Yield Right-Of-Way,99,Not Applicable,2,Stop Sign,4,Functioning Properly,1,Clear,1,Daylight,2,"Divided, No Median Barrier",1,Dry,3,Free Flow,1,No Defects,O50,O10,41.8851814,-87.7846069,41.8852081,-87.7846069,1133670.38,1901225.50
34109,26 00853,2600853,X004140079,2026-02-15,13:37:00,2026-02-15 13:37:00,2026-02-17 09:58:49,201 South Blvd,201,SOUTH BLVD,,0,0,0,0,Property Damage,No Injuries,Car,14,Front To Front,2,2,0,3,$500 or less,1,0,0,0,0,0,0,05,Driving On Wrong Side/Wrong Way,99,Not Applicable,2,Stop Sign,4,Functioning Properly,1,Clear,1,Daylight,2,"Divided, No Median Barrier",1,Dry,3,Free Flow,1,No Defects,O50,O10,41.8870430,-87.7798233,41.8869362,-87.7803497,1134969.38,1901912.50
34108,26 00862,2600862,X004140078,2026-02-16,09:18:00,2026-02-16 09:18:00,2026-02-17 10:04:50,512 S Austin Blvd,512,S AUSTIN BLVD,,0,0,0,0,Property Damage,No Injuries,Car,12,Sideswipe - Same Direction,2,2,0,5,"Over $1,500",1,0,0,0,0,0,0,02,Failing To Yield Right-Of-Way,28,Failing To Reduce Speed To Avoid Crash,1,No Controls,1,No Controls,1,Clear,1,Daylight,1,Not Divided,1,Dry,3,Free Flow,1,No Defects,O80,O13,41.8732071,-87.7744675,41.8733025,-87.7746735,1136460.50,1896880.88
34098,26 00866,2600866,X004138952,2026-02-16,12:59:00,2026-02-16 12:59:00,2026-02-16 14:07:51,Washington Blvd/S Scoville Ave,,WASHINGTON BLVD,S SCOVILLE AVE,1,1,0,0,Property Damage,No Injuries,Car,15,Angle,2,2,0,5,"Over $1,500",0,1,0,0,0,0,0,02,Failing To Yield Right-Of-Way,18,Unable To Determine,2,Stop Sign,4,Functioning Properly,1,Clear,1,Daylight,14,Four-Way Intersection,1,Dry,3,Free Flow,1,No Defects,O60,O11,41.8816338,-87.7877655,41.8816605,-87.7877731,1132818.00,1899927.63
34117,26 00868,2600868,X004140087,2026-02-16,17:08:00,2026-02-16 17:08:00,2026-02-17 10:10:52,N Ridgeland Ave/Lake St,,N RIDGELAND AVE,LAKE ST,0,0,0,0,Injury,C Injury Crash,Car,10,Turning (At Least One Vehicle),2,2,0,5,"Over $1,500",0,1,0,0,0,1,1,02,Failing To Yield Right-Of-Way,28,Failing To Reduce Speed To Avoid Crash,1,No Controls,1,No Controls,1,Clear,3,Dusk,2,"Divided, No Median Barrier",1,Dry,3,Free Flow,1,No Defects,O30,O8,41.8883209,-87.7847366,41.8883209,-87.7846985,1133628.00,1902369.13
34112,26 00869,2600869,X004140082,2026-02-16,17:43:00,2026-02-16 17:43:00,2026-02-17 10:10:50,Lake St/N Oak Park Ave,,LAKE ST,N OAK PARK AVE,0,0,0,0,Property Damage,No Injuries,Car,11,Front To Rear,2,2,0,3,$500 or less,1,0,0,0,0,0,0,28,Failing To Reduce Speed To Avoid Crash,99,Not Applicable,1,No Controls,1,No Controls,1,Clear,5,"Darkness, Lighted Road",1,Not Divided,1,Dry,1,Slow,1,No Defects,O40,O9,41.8886185,-87.7945175,41.8886452,-87.7945251,1130963.00,1902460.13
34106,26 00870,2600870,X004140076,2026-02-16,18:10:00,2026-02-16 18:10:00,2026-02-17 10:04:49,Madison St/S Ridgeland Ave,,MADISON ST,S RIDGELAND AVE,0,0,0,0,Property Damage,No Injuries,Car,11,Front To Rear,2,2,0,5,"Over $1,500",1,0,0,0,0,0,0,28,Failing To Reduce Speed To Avoid Crash,99,Not Applicable,3,Traffic Signal,4,Functioning Properly,1,Clear,5,"Darkness, Lighted Road",1,Not Divided,1,Dry,1,Slow,1,No Defects,O80,O13,41.8799019,-87.7844620,41.8799324,-87.7844620,1133723.63,1899302.88
34123,26 00876,2600876,X004140568,2026-02-17,08:09:00,2026-02-17 08:09:00,2026-02-18 09:19:05,N Harvey Ave/Ontario St,,N HARVEY AVE,ONTARIO ST,0,0,0,0,Property Damage,No Injuries,Car,9,Parked Motor Vehicle,2,2,0,3,$500 or less,1,0,0,0,0,0,0,28,Failing To Reduce Speed To Avoid Crash,15,Driving Skills/Knowledge/Experience,1,No Controls,1,No Controls,1,Clear,1,Daylight,1,Not Divided,1,Dry,3,Free Flow,1,No Defects,O30,O7,41.8904076,-87.7815475,41.8904114,-87.7815018,1134492.75,1903134.50
34121,26 00889,2600889,X004140529,2026-02-17,19:49:00,2026-02-17 19:49:00,2026-02-18 09:19:04,N Scoville Ave/Lake St,,N SCOVILLE AVE,LAKE ST,0,0,0,1,Property Damage,No Injuries,Car,9,Parked Motor Vehicle,2,2,0,5,"Over $1,500",1,0,0,0,0,0,0,30,Improper Backing,28,Failing To Reduce Speed To Avoid Crash,1,No Controls,1,No Controls,2,Rain,5,"Darkness, Lighted Road",7,Parking Lot,1,Dry,3,Free Flow,1,No Defects,O30,O8,41.8884277,-87.7880020,41.8884315,-87.7879639,1132739.13,1902402.38
34124,26 00900,2600900,X004141084,2026-02-18,11:16:00,2026-02-18 11:16:00,2026-02-18 16:36:50,715 Thomas St,715,THOMAS ST,,0,0,0,0,Property Damage,No Injuries,Car,12,Sideswipe - Same Direction,2,2,0,5,"Over $1,500",1,0,0,0,0,0,0,20,Improper Lane Usage,99,Not Applicable,1,No Controls,1,No Controls,1,Clear,1,Daylight,2,"Divided, No Median Barrier",1,Dry,3,Free Flow,1,No Defects,O20,O5,41.8999062,-87.7948227,41.8995895,-87.7933273,1130855.63,1906573.75
34127,26 00902,2600902,X004142054,2026-02-18,14:29:00,2026-02-18 14:29:00,2026-02-19 09:43:36,N Marion St/Ontario St,,N MARION ST,ONTARIO ST,1,1,0,1,Property Damage,No Injuries,Pedalcyclist,2,Pedalcyclist,2,1,0,3,$500 or less,0,1,0,0,0,0,0,02,Failing To Yield Right-Of-Way,28,Failing To Reduce Speed To Avoid Crash,2,Stop Sign,4,Functioning Properly,1,Clear,1,Daylight,2,"Divided, No Median Barrier",1,Dry,3,Free Flow,1,No Defects,O40,O9,41.8905830,-87.8027496,41.8905907,-87.8027115,1128719.13,1903162.38
34128,26 00903,2600903,X004142055,2026-02-18,14:44:00,2026-02-18 14:44:00,2026-02-19 09:43:36,18 Chicago Ave,18,CHICAGO AVE,,0,0,0,0,Property Damage,No Injuries,Car,9,Parked Motor Vehicle,2,2,0,4,"$501 to $1,500",1,0,0,0,0,0,0,15,Driving Skills/Knowledge/Experience,15,Driving Skills/Knowledge/Experience,1,No Controls,1,No Controls,1,Clear,1,Daylight,1,Not Divided,1,Dry,3,Free Flow,1,No Defects,O10,O4,41.8947296,-87.7759781,41.8948097,-87.7760239,1135998.13,1904719.00
34126,26 00904,2600904,X004142053,2026-02-18,15:22:00,2026-02-18 15:22:00,2026-02-19 09:37:48,S East Ave/South Blvd,,S EAST AVE,SOUTH BLVD,0,0,0,0,Property Damage,No Injuries,Car,13,Sideswipe - Opposite Direction,2,2,0,5,"Over $1,500",1,0,0,0,0,0,0,28,Failing To Reduce Speed To Avoid Crash,18,Unable To Determine,1,No Controls,1,No Controls,1,Clear,1,Daylight,2,"Divided, No Median Barrier",1,Dry,3,Free Flow,1,No Defects,O60,O11,41.8869438,-87.7895279,41.8869362,-87.7895584,1132327.88,1901858.13
34130,26 00907,2600907,X004142463,2026-02-18,18:33:00,2026-02-18 18:33:00,2026-02-19 22:03:10,Lake St/N Harvey St,,LAKE ST,N HARVEY ST,0,0,0,0,Injury,B Injury Crash,Car,6,Fixed Object,1,1,0,4,"$501 to $1,500",0,1,0,0,1,0,1,28,Failing To Reduce Speed To Avoid Crash,17,Physical Condition Of Driver,1,No Controls,1,No Controls,1,Clear,5,"Darkness, Lighted Road",1,Not Divided,1,Dry,3,Free Flow,1,No Defects,O30,O7,41.8881989,-87.7814407,41.8882217,-87.7814407,1134526.25,1902330.00
34132,26 00916,2600916,X004143396,2026-02-19,10:15:00,2026-02-19 10:15:00,2026-02-20 08:15:14,Ontario St/N Austin Blvd,,ONTARIO ST,N AUSTIN BLVD,0,0,0,0,Injury,C Injury Crash,Pedestrian,1,Pedestrian,2,1,0,3,$500 or less,0,1,0,0,0,1,1,02,Failing To Yield Right-Of-Way,99,Not Applicable,1,No Controls,1,No Controls,1,Clear,1,Daylight,1,Not Divided,1,Dry,3,Free Flow,1,No Defects,O30,O7,41.8904839,-87.7750092,41.8905106,-87.7750092,1136271.75,1903174.63
34137,26 00936,2600936,X004143400,2026-02-19,11:10:00,2026-02-19 11:10:00,2026-02-20 16:22:32,N Scoville Ave/Lake St,,N SCOVILLE AVE,LAKE ST,0,0,0,1,Property Damage,No Injuries,Car,9,Parked Motor Vehicle,2,2,0,5,"Over $1,500",1,0,0,0,0,0,0,28,Failing To Reduce Speed To Avoid Crash,18,Unable To Determine,1,No Controls,1,No Controls,9,Unknown,1,Daylight,7,Parking Lot,9,Unknown,3,Free Flow,99,Unknown,O30,O8,41.8884277,-87.7880020,41.8884315,-87.7879639,1132739.13,1902402.38
34131,26 00922,2600922,X004143395,2026-02-19,14:46:00,2026-02-19 14:46:00,2026-02-20 08:09:28,N Austin Blvd/Erie Ct,,N AUSTIN BLVD,ERIE CT,0,0,0,0,Property Damage,No Injuries,Car,12,Sideswipe - Same Direction,2,2,0,5,"Over $1,500",1,0,0,0,0,0,0,02,Failing To Yield Right-Of-Way,99,Not Applicable,1,No Controls,1,No Controls,1,Clear,1,Daylight,1,Not Divided,1,Dry,3,Free Flow,1,No Defects,,,41.8919029,-87.7750168,41.8919029,-87.7750549,1136265.25,1903691.13
34133,26 00923,2600923,X004143397,2026-02-19,14:56:00,2026-02-19 14:56:00,2026-02-20 08:15:14,N Euclid Ave/Lake St,,N EUCLID AVE,LAKE ST,1,1,0,0,Property Damage,No Injuries,Car,12,Sideswipe - Same Direction,2,2,0,4,"$501 to $1,500",1,0,0,0,0,0,0,28,Failing To Reduce Speed To Avoid Crash,03,Following Too Closely,3,Traffic Signal,4,Functioning Properly,1,Clear,1,Daylight,1,Not Divided,1,Dry,3,Free Flow,1,No Defects,O30,O8,41.8885803,-87.7927322,41.8885841,-87.7926941,1131450.13,1902449.88
34147,26 00926,2600926,X004146528,2026-02-19,16:24:00,2026-02-19 16:24:00,2026-02-24 09:09:22,Ridgeland Ave/Randolph St,,RIDGELAND AVE,RANDOLPH ST,1,1,0,0,Property Damage,No Injuries,Car,11,Front To Rear,2,2,0,4,"$501 to $1,500",1,0,0,0,0,0,0,03,Following Too Closely,28,Failing To Reduce Speed To Avoid Crash,2,Stop Sign,4,Functioning Properly,8,Cloudy/Overcast,1,Daylight,1,Not Divided,1,Dry,2,Stopped,1,No Defects,O50,O10,41.8834534,-87.7845306,41.8834534,-87.7845612,1133696.75,1900596.25
34135,26 00934,2600934,X004143398,2026-02-20,05:57:00,2026-02-20 05:57:00,2026-02-20 16:22:31,1116 South Blvd,1116,SOUTH BLVD,,0,0,0,0,Injury,C Injury Crash,Pedestrian,1,Pedestrian,2,1,0,3,$500 or less,0,1,0,0,0,1,1,02,Failing To Yield Right-Of-Way,11,Weather,1,No Controls,1,No Controls,10,Freezing Rain/Drizzle,5,"Darkness, Lighted Road",2,"Divided, No Median Barrier",2,Wet,3,Free Flow,1,No Defects,O70,O12,41.8867569,-87.8033829,41.8868027,-87.8034439,1128554.38,1901767.38
34136,26 00937,2600937,X004143399,2026-02-20,11:16:00,2026-02-20 11:16:00,2026-02-20 16:22:31,Washington Blvd/S Ridgeland Ave,,WASHINGTON BLVD,S RIDGELAND AVE,1,1,0,0,Property Damage,No Injuries,Car,11,Front To Rear,2,2,0,5,"Over $1,500",1,0,0,0,0,0,0,28,Failing To Reduce Speed To Avoid Crash,18,Unable To Determine,3,Traffic Signal,4,Functioning Properly,1,Clear,1,Daylight,1,Not Divided,1,Dry,1,Slow,1,No Defects,O50,O10,41.8816948,-87.7845154,41.8817253,-87.7845154,1133704.88,1899954.38
34149,26 00940,2600940,X004146529,2026-02-20,14:30:00,2026-02-20 14:30:00,2026-02-24 09:09:23,185 N Marion St,185,N MARION ST,,0,0,0,0,Property Damage,No Injuries,Car,11,Front To Rear,2,2,0,5,"Over $1,500",1,0,0,0,0,0,0,17,Physical Condition Of Driver,28,Failing To Reduce Speed To Avoid Crash,1,No Controls,1,No Controls,8,Cloudy/Overcast,1,Daylight,2,"Divided, No Median Barrier",1,Dry,3,Free Flow,1,No Defects,O40,O9,41.8902817,-87.8027344,41.8901215,-87.8027954,1128722.88,1903052.25
34150,26 00941,2600941,X004146530,2026-02-20,17:50:00,2026-02-20 17:50:00,2026-02-24 09:09:24,S Ridgeland Ave/Randolph St,,S RIDGELAND AVE,RANDOLPH ST,1,1,0,0,Property Damage,No Injuries,Car,15,Angle,3,3,0,5,"Over $1,500",0,1,0,0,0,0,0,02,Failing To Yield Right-Of-Way,14,"Vision Obscured (Signs, Tree Limbs, Buildings",2,Stop Sign,4,Functioning Properly,1,Clear,1,Daylight,14,Four-Way Intersection,1,Dry,3,Free Flow,1,No Defects,O50,O10,41.8834534,-87.7845306,41.8834534,-87.7845612,1133696.75,1900596.25
34151,26 00942,2600942,X004146531,2026-02-20,18:04:00,2026-02-20 18:04:00,2026-02-24 09:09:24,1136 S Lombard Ave,1136,S LOMBARD AVE,,0,0,0,0,Injury,B Injury Crash,Car,13,Sideswipe - Opposite Direction,2,2,0,4,"$501 to $1,500",0,1,0,0,1,0,1,15,Driving Skills/Knowledge/Experience,15,Driving Skills/Knowledge/Experience,1,No Controls,1,No Controls,1,Clear,4,Darkness,1,Not Divided,1,Dry,3,Free Flow,1,No Defects,O90,O16,41.8673363,-87.7791519,41.8677101,-87.7789535,1135197.00,1894732.25
34139,26 00947,2600947,X004146533,2026-02-20,21:32:00,2026-02-20 21:32:00,2026-02-24 09:09:18,520 S Maple Ave,520,S MAPLE AVE,,0,0,0,1,Injury,B Injury Crash,Car,12,Sideswipe - Same Direction,2,2,0,4,"$501 to $1,500",0,1,0,0,1,0,1,02,Failing To Yield Right-Of-Way,15,Driving Skills/Knowledge/Experience,1,No Controls,1,No Controls,1,Clear,4,Darkness,15,T-Intersection,1,Dry,3,Free Flow,1,No Defects,O60,O15,41.8790283,-87.8038864,41.8782425,-87.8033371,1128435.25,1898950.63
34152,26 00948,2600948,X004147171,2026-02-20,22:38:00,2026-02-20 22:38:00,2026-02-24 09:09:24,6900 Roosevelt Rd,6900,ROOSEVELT RD,,0,0,0,0,Injury,A Injury Crash,Car,9,Parked Motor Vehicle,3,3,0,5,"Over $1,500",0,1,0,1,0,0,1,30,Improper Backing,99,Not Applicable,1,No Controls,1,No Controls,1,Clear,5,"Darkness, Lighted Road",1,Not Divided,1,Dry,3,Free Flow,1,No Defects,O90,O18,41.8651428,-87.7963715,41.8652000,-87.7964935,1130513.88,1893903.50
34154,26 00950,2600950,X004146535,2026-02-21,10:39:00,2026-02-21 10:39:00,2026-02-24 09:09:25,Randolph/Wisconsin,,RANDOLPH,WISCONSIN,0,0,0,0,Property Damage,No Injuries,Car,9,Parked Motor Vehicle,2,2,0,4,"$501 to $1,500",1,0,0,0,0,0,0,30,Improper Backing,99,Not Applicable,1,No Controls,1,No Controls,8,Cloudy/Overcast,1,Daylight,1,Not Divided,1,Dry,1,Slow,1,No Defects,O70,O12,41.8832359,-87.8024368,41.8832626,-87.8024368,1128820.13,1900485.88
34140,26 00952,2600952,X004146536,2026-02-21,12:49:00,2026-02-21 12:49:00,2026-02-24 09:09:19,800 Washington Blvd,800,WASHINGTON BLVD,,0,0,0,0,Property Damage,No Injuries,Car,11,Front To Rear,2,2,0,4,"$501 to $1,500",1,0,0,0,0,0,0,28,Failing To Reduce Speed To Avoid Crash,99,Not Applicable,1,No Controls,1,No Controls,1,Clear,1,Daylight,1,Not Divided,9,Unknown,3,Free Flow,99,Unknown,O60,O11,41.8816490,-87.7943115,41.8818321,-87.7947006,1131035.50,1899921.75
34141,26 00955,2600955,X004146537,2026-02-21,17:07:00,2026-02-21 17:07:00,2026-02-24 09:09:19,S Harlem Ave/I290 Expy W,,S HARLEM AVE,I290 EXPY W,1,1,0,0,Property Damage,No Injuries,Car,15,Angle,2,2,0,5,"Over $1,500",1,0,0,0,0,0,0,02,Failing To Yield Right-Of-Way,28,Failing To Reduce Speed To Avoid Crash,3,Traffic Signal,4,Functioning Properly,8,Cloudy/Overcast,5,"Darkness, Lighted Road",1,Not Divided,1,Dry,1,Slow,1,No Defects,O60,O15,41.8737946,-87.8044968,41.8738136,-87.8045197,1128281.50,1897042.00
34143,26 00957,2600957,X004147170,2026-02-21,20:24:00,2026-02-21 20:24:00,2026-02-24 09:09:20,South Blvd/S Harlem Ave,,SOUTH BLVD,S HARLEM AVE,1,1,0,0,Property Damage,No Injuries,Car,15,Angle,2,2,0,5,"Over $1,500",1,0,0,0,0,0,0,04,Improper Overtaking/Passing,15,Driving Skills/Knowledge/Experience,3,Traffic Signal,4,Functioning Properly,3,Snow,5,"Darkness, Lighted Road",14,Four-Way Intersection,3,Snow or Slush,3,Free Flow,1,No Defects,O70,O12,41.8866806,-87.8049850,41.8867111,-87.8049927,1128118.25,1901736.75
34138,26 00965,2600965,X004145688,2026-02-22,16:29:00,2026-02-22 16:29:00,2026-02-22 21:11:40,Chicago Ave/Harvey,,CHICAGO AVE,HARVEY,0,0,0,1,Property Damage,No Injuries,Car,9,Parked Motor Vehicle,3,2,0,5,"Over $1,500",1,0,0,0,0,0,0,18,Unable To Determine,18,Unable To Determine,1,No Controls,1,No Controls,1,Clear,9,Unknown,2,"Divided, No Median Barrier",1,Dry,1,Slow,1,No Defects,O10,O4,41.8946457,-87.7816315,41.8946228,-87.7816315,1134459.13,1904679.63
34153,26 00976,2600976,X004146538,2026-02-23,12:44:00,2026-02-23 12:44:00,2026-02-24 09:09:25,Roosevelt Rd/S Maple Ave,,ROOSEVELT RD,S MAPLE AVE,0,0,0,0,Property Damage,No Injuries,Car,11,Front To Rear,2,2,0,3,$500 or less,1,0,0,0,0,0,0,03,Following Too Closely,28,Failing To Reduce Speed To Avoid Crash,1,No Controls,1,No Controls,1,Clear,1,Daylight,4,Two-Way Continuous Left-Turn Lane,1,Dry,1,Slow,1,No Defects,O90,O18,41.8650284,-87.8033371,41.8650017,-87.8033447,1128615.13,1893849.88
34156,26 00980,2600980,X004146540,2026-02-23,17:13:00,2026-02-23 17:13:00,2026-02-24 09:15:22,Thomas St/N Ridgeland Ave,,THOMAS ST,N RIDGELAND AVE,1,1,0,0,Property Damage,No Injuries,Car,15,Angle,2,2,0,5,"Over $1,500",0,1,0,0,0,0,0,23,Disregarding Stop Sign,02,Failing To Yield Right-Of-Way,2,Stop Sign,4,Functioning Properly,1,Clear,3,Dusk,2,"Divided, No Median Barrier",1,Dry,3,Free Flow,1,No Defects,O10,O4,41.8998642,-87.7850571,41.8998947,-87.7850571,1133513.63,1906575.38