record_id,report_number,crash_id,idot_crash_number,date,time,occurred_at,record_added_at,location,street_number,street_name,cross_street,at_intersection,intersection_related,private_property,hit_and_run,crash_severity,crash_injury_severity,crash_mode,crash_type_code,crash_type,total_units,num_motor_vehicles,dooring_pedalcyclist,damage_code,damage,no_injury_drive_away,injury_or_towed,fatalities,a_injuries,b_injuries,c_injuries,total_injured,cause1_code,cause1,cause2_code,cause2,traffic_control_code,traffic_control,device_condition_code,device_condition,weather_code,weather,lighting_code,lighting,trafficway_code,trafficway,road_surface_code,road_surface,flow_condition_code,flow_condition,road_defects_code,road_defects,beat_zone,post_district,latitude,longitude,latitude_geocoded,longitude_geocoded,state_plane_x,state_plane_y
34157,26 00979,2600979,X004146539,2026-02-23,17:18:00,2026-02-23 17:18:00,2026-02-24 09:15:23,S East Ave/Roosevelt Rd,,S EAST AVE,ROOSEVELT RD,0,0,0,0,Property Damage,No Injuries,Car,12,Sideswipe - Same Direction,2,2,0,4,"$501 to $1,500",1,0,0,0,0,0,0,02,Failing To Yield Right-Of-Way,28,Failing To Reduce Speed To Avoid Crash,1,No Controls,1,No Controls,1,Clear,1,Daylight,4,Two-Way Continuous Left-Turn Lane,1,Dry,1,Slow,1,No Defects,O90,O17,41.8652496,-87.7888260,41.8652534,-87.7888641,1132567.50,1893955.88
34158,26 00982,2600982,X004146542,2026-02-23,19:09:00,2026-02-23 19:09:00,2026-02-24 09:09:22,N Harlem Ave/Westgate St,,N HARLEM AVE,WESTGATE ST,1,1,0,1,Property Damage,No Injuries,Car,15,Angle,2,2,0,4,"$501 to $1,500",1,0,0,0,0,0,0,02,Failing To Yield Right-Of-Way,15,Driving Skills/Knowledge/Experience,1,No Controls,1,No Controls,1,Clear,5,"Darkness, Lighted Road",1,Not Divided,1,Dry,3,Free Flow,1,No Defects,R83,RFPD,41.8878517,-87.8050537,41.8878555,-87.8050232,1128096.13,1902163.25
34155,26 00983,2600983,X004146543,2026-02-23,19:22:00,2026-02-23 19:22:00,2026-02-24 09:15:22,438 S Kenilworth,438,S KENILWORTH,,0,0,0,1,Property Damage,No Injuries,Car,9,Parked Motor Vehicle,2,2,0,5,"Over $1,500",1,0,0,0,0,0,0,28,Failing To Reduce Speed To Avoid Crash,28,Failing To Reduce Speed To Avoid Crash,1,No Controls,1,No Controls,1,Clear,1,Daylight,1,Not Divided,1,Dry,3,Free Flow,1,No Defects,O60,O15,41.8740959,-87.7972336,41.8801422,-87.7967987,1130257.38,1897163.25
34163,26 00987,2600987,X004147445,2026-02-24,08:38:00,2026-02-24 08:38:00,2026-02-25 09:57:12,North Blvd/Forest Ave,,NORTH BLVD,FOREST AVE,1,1,0,0,Injury,C Injury Crash,Pedestrian,1,Pedestrian,2,1,0,4,"$501 to $1,500",0,1,0,0,0,1,1,02,Failing To Yield Right-Of-Way,28,Failing To Reduce Speed To Avoid Crash,2,Stop Sign,4,Functioning Properly,1,Clear,1,Daylight,2,"Divided, No Median Barrier",1,Dry,3,Free Flow,1,No Defects,O40,O9,41.8871422,-87.8006134,41.8872528,-87.8007050,1129307.00,1901912.50
34161,26 00989,2600989,X004147448,2026-02-24,08:53:00,2026-02-24 08:53:00,2026-02-25 09:57:11,Belleforte Ave/Chicago Ave,,BELLEFORTE AVE,CHICAGO AVE,1,1,0,0,Injury,B Injury Crash,Car,15,Angle,2,2,0,5,"Over $1,500",0,1,0,0,1,0,1,20,Improper Lane Usage,02,Failing To Yield Right-Of-Way,2,Stop Sign,4,Functioning Properly,1,Clear,1,Daylight,2,"Divided, No Median Barrier",1,Dry,3,Free Flow,1,No Defects,O20,O6,41.8942795,-87.8018875,41.8942795,-87.8019180,1128944.75,1904511.13
34171,26 00990,2600990,X004150146,2026-02-24,11:10:00,2026-02-24 11:10:00,2026-02-27 07:40:47,460 Lake St,460,LAKE ST,,0,0,0,1,Property Damage,No Injuries,Car,12,Sideswipe - Same Direction,2,2,0,4,"$501 to $1,500",1,0,0,0,0,0,0,28,Failing To Reduce Speed To Avoid Crash,04,Improper Overtaking/Passing,2,Stop Sign,4,Functioning Properly,1,Clear,1,Daylight,2,"Divided, No Median Barrier",1,Dry,3,Free Flow,1,No Defects,O30,O8,41.8884239,-87.7869186,41.8886642,-87.7875595,1133033.75,1902403.25
34160,26 00998,2600998,X004147449,2026-02-24,14:17:00,2026-02-24 14:17:00,2026-02-25 09:51:20,S Harlem Ave/I290 Expy W,,S HARLEM AVE,I290 EXPY W,1,1,0,1,Property Damage,No Injuries,Car,10,Turning (At Least One Vehicle),2,2,0,4,"$501 to $1,500",1,0,0,0,0,0,0,15,Driving Skills/Knowledge/Experience,28,Failing To Reduce Speed To Avoid Crash,3,Traffic Signal,4,Functioning Properly,1,Clear,1,Daylight,11,Ramp,1,Dry,1,Slow,1,No Defects,O60,O15,41.8737946,-87.8044968,41.8738136,-87.8045197,1128281.50,1897042.00
34162,26 01000,2601000,X004147451,2026-02-24,19:57:00,2026-02-24 19:57:00,2026-02-25 09:57:12,N Harlem Ave/Madison St,,N HARLEM AVE,MADISON ST,0,0,0,0,Property Damage,No Injuries,Car,11,Front To Rear,2,2,0,5,"Over $1,500",1,0,0,0,0,0,0,28,Failing To Reduce Speed To Avoid Crash,03,Following Too Closely,3,Traffic Signal,4,Functioning Properly,1,Clear,4,Darkness,2,"Divided, No Median Barrier",1,Dry,3,Free Flow,1,No Defects,F2,FPPD,41.8796730,-87.8047714,41.8796654,-87.8047333,1128192.88,1899183.13
34356,26 01519,2601519,X004181589,2026-02-25,10:12:00,2026-02-25 10:12:00,2026-03-30 11:32:47,1108 Holley Ct,1108,HOLLEY CT,,0,0,0,0,Property Damage,No Injuries,Car,15,Angle,2,2,0,3,$500 or less,1,0,0,0,0,0,0,30,Improper Backing,15,Driving Skills/Knowledge/Experience,1,No Controls,1,No Controls,1,Clear,1,Daylight,7,Parking Lot,1,Dry,3,Free Flow,1,No Defects,O40,O9,41.8897591,-87.8026733,41.8897896,-87.8027878,1128740.00,1902862.88
34167,26 01009,2601009,X004148153,2026-02-25,13:15:00,2026-02-25 13:15:00,2026-02-25 17:17:49,816 Washington Blvd,816,WASHINGTON BLVD,,0,0,0,1,Property Damage,No Injuries,Pedestrian,1,Pedestrian,2,1,0,3,$500 or less,1,0,0,0,0,0,0,02,Failing To Yield Right-Of-Way,18,Unable To Determine,1,No Controls,1,No Controls,1,Clear,1,Daylight,12,Alley,1,Dry,3,Free Flow,1,No Defects,O70,O12,41.8816338,-87.7951431,41.8817177,-87.7951279,1130810.75,1899914.88
34169,26 01011,2601011,X004149188,2026-02-25,15:41:00,2026-02-25 15:41:00,2026-02-26 09:53:50,S Austin Blvd/Garfield St,,S AUSTIN BLVD,GARFIELD ST,1,1,0,0,Injury,C Injury Crash,Car,10,Turning (At Least One Vehicle),2,2,0,5,"Over $1,500",0,1,0,0,0,1,1,02,Failing To Yield Right-Of-Way,99,Not Applicable,2,Stop Sign,4,Functioning Properly,1,Clear,1,Daylight,8,Other,1,Dry,3,Free Flow,1,No Defects,O90,O16,41.8704185,-87.7743530,41.8704224,-87.7743149,1136497.13,1895864.88
34165,26 01012,2601012,X004148151,2026-02-25,16:04:00,2026-02-25 16:04:00,2026-02-25 17:17:48,North Blvd/N Oak Park Ave,,NORTH BLVD,N OAK PARK AVE,0,0,0,0,Property Damage,No Injuries,Car,9,Parked Motor Vehicle,2,2,0,5,"Over $1,500",1,0,0,0,0,0,0,28,Failing To Reduce Speed To Avoid Crash,18,Unable To Determine,1,No Controls,1,No Controls,1,Clear,1,Daylight,7,Parking Lot,1,Dry,3,Free Flow,1,No Defects,O30,O8,41.8872833,-87.7944717,41.8873138,-87.7944794,1130980.38,1901974.00
34170,26 01021,2601021,X004149189,2026-02-26,07:39:00,2026-02-26 07:39:00,2026-02-26 10:28:25,N Harlem Ave/Thomas St,,N HARLEM AVE,THOMAS ST,0,0,0,0,Property Damage,No Injuries,Car,15,Angle,2,2,0,3,$500 or less,1,0,0,0,0,0,0,02,Failing To Yield Right-Of-Way,28,Failing To Reduce Speed To Avoid Crash,1,No Controls,1,No Controls,1,Clear,1,Daylight,2,"Divided, No Median Barrier",1,Dry,3,Free Flow,1,No Defects,R81,RFPD,41.8997498,-87.8054886,41.8997536,-87.8054504,1127951.75,1906498.38
34180,26 01026,2601026,X004150150,2026-02-26,13:58:00,2026-02-26 13:58:00,2026-02-27 11:47:28,N Harlem Ave/Randolph St,,N HARLEM AVE,RANDOLPH ST,1,1,0,0,Property Damage,No Injuries,Car,10,Turning (At Least One Vehicle),2,2,0,4,"$501 to $1,500",1,0,0,0,0,0,0,02,Failing To Yield Right-Of-Way,18,Unable To Determine,3,Traffic Signal,4,Functioning Properly,1,Clear,1,Daylight,14,Four-Way Intersection,1,Dry,3,Free Flow,1,No Defects,O70,O12,41.8832092,-87.8048935,41.8832283,-87.8048630,1128150.63,1900472.25
34177,26 01028,2601028,X004149466,2026-02-26,14:11:00,2026-02-26 14:11:00,2026-02-27 11:35:52,S Austin Blvd/Madison St,,S AUSTIN BLVD,MADISON ST,0,0,0,1,Property Damage,No Injuries,Car,12,Sideswipe - Same Direction,2,2,0,3,$500 or less,1,0,0,0,0,0,0,02,Failing To Yield Right-Of-Way,28,Failing To Reduce Speed To Avoid Crash,1,No Controls,1,No Controls,1,Clear,1,Daylight,2,"Divided, No Median Barrier",9,Unknown,3,Free Flow,1,No Defects,O80,O13,41.8800888,-87.7746963,41.8800888,-87.7746582,1136381.50,1899387.00
34178,26 01031,2601031,X004150148,2026-02-26,16:49:00,2026-02-26 16:49:00,2026-02-27 11:47:28,N Harlem Ave/Augusta St,,N HARLEM AVE,AUGUSTA ST,0,0,0,0,Property Damage,No Injuries,Car,15,Angle,2,2,0,4,"$501 to $1,500",1,0,0,0,0,0,0,02,Failing To Yield Right-Of-Way,28,Failing To Reduce Speed To Avoid Crash,3,Traffic Signal,4,Functioning Properly,1,Clear,1,Daylight,4,Two-Way Continuous Left-Turn Lane,1,Dry,1,Slow,1,No Defects,O20,O6,41.8978958,-87.8054199,41.8978996,-87.8053818,1127974.75,1905822.13
34181,26 01036,2601036,X004149618,2026-02-26,23:20:00,2026-02-26 23:20:00,2026-02-27 11:47:29,800 S Austin Blvd,800,S AUSTIN BLVD,,0,1,0,0,Property Damage,No Injuries,Car,12,Sideswipe - Same Direction,2,2,0,5,"Over $1,500",1,0,0,0,0,0,0,28,Failing To Reduce Speed To Avoid Crash,99,Not Applicable,1,No Controls,1,No Controls,1,Clear,5,"Darkness, Lighted Road",4,Two-Way Continuous Left-Turn Lane,1,Dry,3,Free Flow,1,No Defects,O90,O16,41.8705177,-87.7743607,41.8704681,-87.7743988,1136495.88,1895899.88
34179,26 01038,2601038,X004150149,2026-02-27,05:50:00,2026-02-27 05:50:00,2026-02-27 11:47:28,Washington Blvd/S Grove Ave,,WASHINGTON BLVD,S GROVE AVE,1,1,0,0,Property Damage,No Injuries,Car,15,Angle,2,2,0,5,"Over $1,500",1,0,0,0,0,0,0,02,Failing To Yield Right-Of-Way,18,Unable To Determine,2,Stop Sign,4,Functioning Properly,1,Clear,2,Dawn,14,Four-Way Intersection,1,Dry,3,Free Flow,1,No Defects,O70,O12,41.8815689,-87.7956467,41.8815994,-87.7956467,1130673.25,1899890.13
34176,26 01039,2601039,X004150147,2026-02-27,08:34:00,2026-02-27 08:34:00,2026-02-27 11:07:07,S Taylor Ave/Adams St,,S TAYLOR AVE,ADAMS ST,0,0,0,1,Property Damage,No Injuries,Car,9,Parked Motor Vehicle,2,2,0,5,"Over $1,500",1,0,0,0,0,0,0,28,Failing To Reduce Speed To Avoid Crash,18,Unable To Determine,1,No Controls,1,No Controls,1,Clear,5,"Darkness, Lighted Road",2,"Divided, No Median Barrier",1,Dry,3,Free Flow,1,No Defects,O80,O13,41.8781776,-87.7782211,41.8781776,-87.7782593,1135426.00,1898684.88
34185,26 01042,2601042,X004152312,2026-02-27,10:51:00,2026-02-27 10:51:00,2026-03-02 13:37:39,Washington Blvd/S Maple Ave,,WASHINGTON BLVD,S MAPLE AVE,1,1,0,0,Property Damage,No Injuries,Car,15,Angle,2,2,0,5,"Over $1,500",0,1,0,0,0,0,0,28,Failing To Reduce Speed To Avoid Crash,02,Failing To Yield Right-Of-Way,2,Stop Sign,4,Functioning Properly,1,Clear,1,Daylight,2,"Divided, No Median Barrier",1,Dry,3,Free Flow,1,No Defects,O70,O12,41.8813858,-87.8039246,41.8814201,-87.8039246,1128419.88,1899809.88
34182,26 01055,2601055,X004150151,2026-02-27,19:04:00,2026-02-27 19:04:00,2026-02-27 22:38:51,Chicago Ave/N Ridgeland Ave,,CHICAGO AVE,N RIDGELAND AVE,1,1,0,1,Property Damage,No Injuries,Car,11,Front To Rear,2,2,0,3,$500 or less,1,0,0,0,0,0,0,18,Unable To Determine,18,Unable To Determine,3,Traffic Signal,4,Functioning Properly,1,Clear,1,Daylight,2,"Divided, No Median Barrier",1,Dry,2,Stopped,1,No Defects,O30,O7,41.8945465,-87.7848740,41.8945770,-87.7848740,1133576.63,1904637.00
34186,26 01056,2601056,X004152315,2026-02-27,19:33:00,2026-02-27 19:33:00,2026-03-02 13:37:40,S Austin Blvd/Roosevelt Rd,,S AUSTIN BLVD,ROOSEVELT RD,0,0,0,0,Property Damage,No Injuries,Car,11,Front To Rear,2,2,0,4,"$501 to $1,500",1,0,0,0,0,0,0,03,Following Too Closely,99,Not Applicable,3,Traffic Signal,4,Functioning Properly,1,Clear,5,"Darkness, Lighted Road",1,Not Divided,1,Dry,1,Slow,1,No Defects,O90,O16,41.8654671,-87.7741699,41.8654709,-87.7741394,1136559.00,1894060.13
34189,26 01058,2601058,X004152316,2026-02-28,02:03:00,2026-02-28 02:03:00,2026-03-02 13:30:33,6300 Roosevelt Rd,6300,ROOSEVELT RD,,0,0,0,0,Property Damage,No Injuries,Car,6,Fixed Object,2,1,0,3,$500 or less,1,0,0,0,0,0,0,40,Distraction - From Outside Vehicle,04,Improper Overtaking/Passing,1,No Controls,1,No Controls,1,Clear,5,"Darkness, Lighted Road",4,Two-Way Continuous Left-Turn Lane,1,Dry,1,Slow,99,Unknown,O90,O16,41.8653984,-87.7815094,41.8655624,-87.7817230,1134560.75,1894021.25
34190,26 01059,2601059,X004152317,2026-02-28,07:15:00,2026-02-28 07:15:00,2026-03-02 13:37:44,North Ave/Columbian Ave,,NORTH AVE,COLUMBIAN AVE,0,0,0,1,Property Damage,No Injuries,Car,11,Front To Rear,2,2,0,5,"Over $1,500",1,0,0,0,0,0,0,28,Failing To Reduce Speed To Avoid Crash,18,Unable To Determine,3,Traffic Signal,4,Functioning Properly,8,Cloudy/Overcast,1,Daylight,2,"Divided, No Median Barrier",1,Dry,3,Free Flow,1,No Defects,O20,O2,41.9090385,-87.7914276,41.9090652,-87.7914276,1131759.75,1909906.25
34188,26 01060,2601060,X004152318,2026-02-28,07:34:00,2026-02-28 07:34:00,2026-03-02 13:37:43,651 Washington Blvd,651,WASHINGTON BLVD,,0,0,0,0,Property Damage,No Injuries,Car,15,Angle,2,2,0,4,"$501 to $1,500",0,1,0,0,0,0,0,02,Failing To Yield Right-Of-Way,99,Not Applicable,1,No Controls,1,No Controls,1,Clear,1,Daylight,2,"Divided, No Median Barrier",1,Dry,3,Free Flow,1,No Defects,O60,O11,41.8815651,-87.7919083,41.8814468,-87.7919464,1131690.25,1899895.00
34184,26 01061,2601061,X004150914,2026-02-28,08:07:00,2026-02-28 08:07:00,2026-02-28 12:24:12,935 Clarence Ave,935,CLARENCE AVE,,0,0,0,0,Property Damage,No Injuries,Car,9,Parked Motor Vehicle,2,2,0,5,"Over $1,500",1,0,0,0,0,0,0,06,Improper Turning/No Signal,99,Not Applicable,1,No Controls,1,No Controls,1,Clear,1,Daylight,1,Not Divided,1,Dry,3,Free Flow,1,No Defects,O90,O17,41.8712120,-87.7902603,41.8712769,-87.7904663,1132163.63,1896125.13
34216,26 01068,2601068,X004155235,2026-02-28,15:56:00,2026-02-28 15:56:00,2026-03-05 09:46:53,S Harlem Ave/Garfield St,,S HARLEM AVE,GARFIELD ST,1,1,0,0,Property Damage,No Injuries,Car,10,Turning (At Least One Vehicle),2,2,0,4,"$501 to $1,500",0,1,0,0,0,0,0,02,Failing To Yield Right-Of-Way,28,Failing To Reduce Speed To Avoid Crash,3,Traffic Signal,4,Functioning Properly,8,Cloudy/Overcast,1,Daylight,1,Not Divided,1,Dry,3,Free Flow,1,No Defects,O90,O18,41.8723068,-87.8044357,41.8723183,-87.8044663,1128300.88,1896500.75
34191,26 01069,2601069,X004152320,2026-02-28,16:05:00,2026-02-28 16:05:00,2026-03-02 13:37:45,600 Madison St,600,MADISON ST,,0,0,0,0,Property Damage,No Injuries,Car,10,Turning (At Least One Vehicle),2,2,0,5,"Over $1,500",0,1,0,0,0,0,0,02,Failing To Yield Right-Of-Way,18,Unable To Determine,3,Traffic Signal,4,Functioning Properly,8,Cloudy/Overcast,1,Daylight,2,"Divided, No Median Barrier",1,Dry,3,Free Flow,1,No Defects,O60,O11,41.8798752,-87.7893677,41.8800049,-87.7897415,1132387.88,1899283.88
34192,26 01070,2601070,X004152322,2026-03-01,01:46:00,2026-03-01 01:46:00,2026-03-02 13:37:46,324 S Austin Blvd,324,S AUSTIN BLVD,,0,0,0,0,Injury,B Injury Crash,Car,9,Parked Motor Vehicle,2,2,0,5,"Over $1,500",0,1,0,0,1,0,1,20,Improper Lane Usage,28,Failing To Reduce Speed To Avoid Crash,1,No Controls,1,No Controls,1,Clear,5,"Darkness, Lighted Road",2,"Divided, No Median Barrier",1,Dry,3,Free Flow,1,No Defects,O80,O13,41.8756256,-87.7745438,41.8755608,-87.7747116,1136434.50,1897761.38
34196,26 01072,2601072,X004152324,2026-03-01,11:13:00,2026-03-01 11:13:00,2026-03-02 13:37:52,N Euclid Ave/Erie St,,N EUCLID AVE,ERIE ST,1,0,0,0,Property Damage,No Injuries,Car,12,Sideswipe - Same Direction,2,2,0,5,"Over $1,500",1,0,0,0,0,0,0,02,Failing To Yield Right-Of-Way,28,Failing To Reduce Speed To Avoid Crash,2,Stop Sign,4,Functioning Properly,1,Clear,1,Daylight,1,Not Divided,1,Dry,3,Free Flow,1,No Defects,O30,O8,41.8915825,-87.7928162,41.8915901,-87.7927780,1131420.75,1903543.88
34289,26 01073,2601073,X004169460,2026-03-01,15:48:00,2026-03-01 15:48:00,2026-03-18 15:52:32,820 N Austin Blvd,820,N AUSTIN BLVD,,0,0,0,0,Property Damage,No Injuries,Car,10,Turning (At Least One Vehicle),2,2,0,5,"Over $1,500",0,1,0,0,0,0,0,02,Failing To Yield Right-Of-Way,28,Failing To Reduce Speed To Avoid Crash,3,Traffic Signal,4,Functioning Properly,1,Clear,1,Daylight,1,Not Divided,1,Dry,1,Slow,1,No Defects,,,41.8954735,-87.7751312,41.8954582,-87.7755356,1136227.50,1904992.75
34225,26 01092,2601092,X004156551,2026-03-02,07:14:00,2026-03-02 07:14:00,2026-03-06 15:39:46,N Scoville Ave/Chicago Ave,,N SCOVILLE AVE,CHICAGO AVE,1,1,0,0,Injury,B Injury Crash,Pedalcyclist,2,Pedalcyclist,2,1,0,4,"$501 to $1,500",0,1,0,0,1,0,1,02,Failing To Yield Right-Of-Way,28,Failing To Reduce Speed To Avoid Crash,1,No Controls,1,No Controls,1,Clear,1,Daylight,14,Four-Way Intersection,1,Dry,1,Slow,1,No Defects,O30,O8,41.8945160,-87.7881699,41.8945236,-87.7881317,1132678.38,1904620.38
34238,26 01103,2601103,X004158944,2026-03-02,10:14:00,2026-03-02 10:14:00,2026-03-09 10:06:12,829 Pleasant St,829,PLEASANT ST,,0,0,0,1,Property Damage,No Injuries,Car,9,Parked Motor Vehicle,2,2,0,5,"Over $1,500",1,0,0,0,0,0,0,04,Improper Overtaking/Passing,15,Driving Skills/Knowledge/Experience,2,Stop Sign,4,Functioning Properly,9,Unknown,1,Daylight,14,Four-Way Intersection,1,Dry,3,Free Flow,1,No Defects,O70,O12,41.8852158,-87.7944183,41.8851090,-87.7956772,1130998.00,1901221.50
34198,26 01090,2601090,X004153205,2026-03-02,14:04:00,2026-03-02 14:04:00,2026-03-03 09:58:13,North Ave/N Harlem Ave,,NORTH AVE,N HARLEM AVE,0,1,0,0,Property Damage,No Injuries,Car,11,Front To Rear,2,2,0,3,$500 or less,1,0,0,0,0,0,0,18,Unable To Determine,18,Unable To Determine,1,No Controls,1,No Controls,1,Clear,1,Daylight,1,Not Divided,1,Dry,3,Free Flow,1,No Defects,R81,RFPD,41.9088554,-87.8057556,41.9088860,-87.8057556,1127858.75,1909816.50
34199,26 01094,2601094,X004153201,2026-03-02,14:54:00,2026-03-02 14:54:00,2026-03-03 10:06:00,N Cuyler Ave/Augusta St,,N CUYLER AVE,AUGUSTA ST,0,0,0,0,Property Damage,No Injuries,Car,9,Parked Motor Vehicle,2,2,0,3,$500 or less,1,0,0,0,0,0,0,02,Failing To Yield Right-Of-Way,28,Failing To Reduce Speed To Avoid Crash,2,Stop Sign,4,Functioning Properly,1,Clear,1,Daylight,1,Not Divided,1,Dry,3,Free Flow,1,No Defects,O10,O4,41.8982429,-87.7834168,41.8982506,-87.7833786,1133964.13,1905986.38
34239,26 01096,2601096,X004159731,2026-03-02,16:48:00,2026-03-02 16:48:00,2026-03-09 10:06:13,N Harlem Ave/South Blvd,,N HARLEM AVE,SOUTH BLVD,1,1,0,0,Property Damage,No Injuries,Car,6,Fixed Object,3,2,0,5,"Over $1,500",1,0,0,0,0,0,0,06,Improper Turning/No Signal,30,Improper Backing,3,Traffic Signal,4,Functioning Properly,1,Clear,1,Daylight,3,Divided With Median Barrier,1,Dry,1,Slow,1,No Defects,O70,O12,41.8866921,-87.8050156,41.8867111,-87.8049927,1128109.63,1901740.13
34200,26 01102,2601102,X004153930,2026-03-03,09:22:00,2026-03-03 09:22:00,2026-03-03 14:19:10,N Harlem Ave/Chicago Ave,,N HARLEM AVE,CHICAGO AVE,0,0,0,0,Property Damage,No Injuries,Car,12,Sideswipe - Same Direction,2,2,0,4,"$501 to $1,500",1,0,0,0,0,0,0,02,Failing To Yield Right-Of-Way,20,Improper Lane Usage,1,No Controls,1,No Controls,1,Clear,1,Daylight,2,"Divided, No Median Barrier",1,Dry,3,Free Flow,1,No Defects,O40,O9,41.8942261,-87.8052826,41.8942337,-87.8052445,1128020.38,1904486.00
34208,26 01104,2601104,X004154233,2026-03-03,12:20:00,2026-03-03 12:20:00,2026-03-04 09:35:35,N Harlem Ave/Pleasant St,,N HARLEM AVE,PLEASANT ST,0,0,0,0,Property Damage,No Injuries,Car,6,Fixed Object,2,1,0,5,"Over $1,500",1,0,0,0,0,0,0,63,Related To Bus Stop,99,Not Applicable,1,No Controls,1,No Controls,1,Clear,1,Daylight,2,"Divided, No Median Barrier",1,Dry,3,Free Flow,1,No Defects,O70,O12,41.8853912,-87.8049774,41.8854065,-87.8049393,1128124.38,1901267.88
34213,26 01129,2601129,X004155442,2026-03-03,15:55:00,2026-03-03 15:55:00,2026-03-05 09:39:04,N Euclid Ave/Lake St,,N EUCLID AVE,LAKE ST,0,0,0,1,Property Damage,No Injuries,Car,9,Parked Motor Vehicle,2,2,0,5,"Over $1,500",1,0,0,0,0,0,0,28,Failing To Reduce Speed To Avoid Crash,04,Improper Overtaking/Passing,3,Traffic Signal,4,Functioning Properly,8,Cloudy/Overcast,1,Daylight,2,"Divided, No Median Barrier",1,Dry,3,Free Flow,1,No Defects,O30,O8,41.8885803,-87.7927322,41.8885841,-87.7926941,1131450.13,1902449.88
34207,26 01109,2601109,X004154184,2026-03-03,16:23:00,2026-03-03 16:23:00,2026-03-04 09:43:49,601 N Harlem Ave,601,N HARLEM AVE,,0,0,0,0,Injury,B Injury Crash,Pedestrian,1,Pedestrian,2,1,0,4,"$501 to $1,500",0,1,0,0,1,0,1,02,Failing To Yield Right-Of-Way,28,Failing To Reduce Speed To Avoid Crash,1,No Controls,1,No Controls,1,Clear,1,Daylight,2,"Divided, No Median Barrier",1,Dry,3,Free Flow,1,No Defects,R82,RFPD,41.8921928,-87.8052063,41.8919869,-87.8050156,1128046.00,1903744.00
34203,26 01110,2601110,X004153932,2026-03-03,19:52:00,2026-03-03 19:52:00,2026-03-04 00:04:15,820 N Austin Ave,820,N AUSTIN AVE,,0,0,0,1,Property Damage,No Injuries,Car,11,Front To Rear,2,2,0,5,"Over $1,500",1,0,0,0,0,0,0,28,Failing To Reduce Speed To Avoid Crash,99,Not Applicable,1,No Controls,1,No Controls,1,Clear,4,Darkness,2,"Divided, No Median Barrier",1,Dry,1,Slow,1,No Defects,,,41.8954735,-87.7751312,41.8954582,-87.7755356,1136227.50,1904992.75
34206,26 01112,2601112,X004154193,2026-03-03,21:47:00,2026-03-03 21:47:00,2026-03-04 09:35:33,412 N Austin Blvd,412,N AUSTIN BLVD,,0,0,0,0,Property Damage,No Injuries,Car,11,Front To Rear,2,2,0,4,"$501 to $1,500",1,0,0,0,0,0,0,28,Failing To Reduce Speed To Avoid Crash,99,Not Applicable,3,Traffic Signal,4,Functioning Properly,1,Clear,5,"Darkness, Lighted Road",1,Not Divided,1,Dry,2,Stopped,1,No Defects,,,41.8880272,-87.7748947,41.8879662,-87.7750015,1136309.00,1902279.13
34209,26 01115,2601115,X004154196,2026-03-04,07:55:00,2026-03-04 07:55:00,2026-03-04 10:52:17,N Ridgeland Ave/Ontario St,,N RIDGELAND AVE,ONTARIO ST,1,1,0,0,Property Damage,No Injuries,Car,15,Angle,2,2,0,5,"Over $1,500",1,0,0,0,0,0,0,28,Failing To Reduce Speed To Avoid Crash,02,Failing To Yield Right-Of-Way,2,Stop Sign,4,Functioning Properly,1,Clear,1,Daylight,1,Not Divided,1,Dry,1,Slow,1,No Defects,O30,O8,41.8903580,-87.7847900,41.8903656,-87.7847519,1133608.00,1903111.25
34211,26 01124,2601124,X004155220,2026-03-04,12:32:00,2026-03-04 12:32:00,2026-03-05 09:39:02,S Oak Park Ave/Washington Blvd,,S OAK PARK AVE,WASHINGTON BLVD,1,1,0,0,Property Damage,No Injuries,Car,10,Turning (At Least One Vehicle),2,2,0,4,"$501 to $1,500",1,0,0,0,0,0,0,06,Improper Turning/No Signal,02,Failing To Yield Right-Of-Way,3,Traffic Signal,4,Functioning Properly,8,Cloudy/Overcast,1,Daylight,1,Not Divided,1,Dry,3,Free Flow,1,No Defects,O60,O11,41.8815651,-87.7942734,41.8815613,-87.7943115,1131046.38,1899891.13
34212,26 01125,2601125,X004155218,2026-03-04,12:44:00,2026-03-04 12:44:00,2026-03-05 09:39:03,34 N Austin Blvd,34,N AUSTIN BLVD,,0,0,0,0,Property Damage,No Injuries,Car,11,Front To Rear,2,2,0,5,"Over $1,500",0,1,0,0,0,0,0,28,Failing To Reduce Speed To Avoid Crash,99,Not Applicable,1,No Controls,1,No Controls,8,Cloudy/Overcast,1,Daylight,1,Not Divided,1,Dry,2,Stopped,1,No Defects,,,41.8811646,-87.7746658,41.8810959,-87.7749023,1136388.50,1899778.63
34214,26 01130,2601130,X004155209,2026-03-04,16:31:00,2026-03-04 16:31:00,2026-03-05 09:39:05,1030 Lake St,1030,LAKE ST,,0,0,0,0,Property Damage,No Injuries,Car,12,Sideswipe - Same Direction,2,2,0,5,"Over $1,500",1,0,0,0,0,0,0,02,Failing To Yield Right-Of-Way,28,Failing To Reduce Speed To Avoid Crash,1,No Controls,1,No Controls,2,Rain,3,Dusk,2,"Divided, No Median Barrier",2,Wet,3,Free Flow,1,No Defects,O40,O9,41.8886871,-87.8016739,41.8887634,-87.8017120,1129016.63,1902473.00