record_id,report_number,crash_id,idot_crash_number,date,time,occurred_at,record_added_at,location,street_number,street_name,cross_street,at_intersection,intersection_related,private_property,hit_and_run,crash_severity,crash_injury_severity,crash_mode,crash_type_code,crash_type,total_units,num_motor_vehicles,dooring_pedalcyclist,damage_code,damage,no_injury_drive_away,injury_or_towed,fatalities,a_injuries,b_injuries,c_injuries,total_injured,cause1_code,cause1,cause2_code,cause2,traffic_control_code,traffic_control,device_condition_code,device_condition,weather_code,weather,lighting_code,lighting,trafficway_code,trafficway,road_surface_code,road_surface,flow_condition_code,flow_condition,road_defects_code,road_defects,beat_zone,post_district,latitude,longitude,latitude_geocoded,longitude_geocoded,state_plane_x,state_plane_y
34220,26 01134,2601134,X004156050,2026-03-05,07:22:00,2026-03-05 07:22:00,2026-03-06 07:19:55,201 Madison St,201,MADISON ST,,0,0,0,0,Property Damage,No Injuries,Car,11,Front To Rear,2,2,0,4,"$501 to $1,500",1,0,0,0,0,0,0,03,Following Too Closely,99,Not Applicable,3,Traffic Signal,4,Functioning Properly,2,Rain,2,Dawn,1,Not Divided,2,Wet,2,Stopped,1,No Defects,O80,O13,41.8799934,-87.7796173,41.8796654,-87.7800217,1135041.38,1899343.38
34217,26 01135,2601135,X004155441,2026-03-05,07:57:00,2026-03-05 07:57:00,2026-03-05 10:33:03,Superior St/N Elmwood Ave,,SUPERIOR ST,N ELMWOOD AVE,1,1,0,0,Property Damage,No Injuries,Car,15,Angle,2,2,0,5,"Over $1,500",1,0,0,0,0,0,0,23,Disregarding Stop Sign,28,Failing To Reduce Speed To Avoid Crash,2,Stop Sign,4,Functioning Properly,8,Cloudy/Overcast,1,Daylight,1,Not Divided,2,Wet,1,Slow,1,No Defects,O30,O8,41.8930435,-87.7864609,41.8930740,-87.7864609,1133147.75,1904086.63
34219,26 01139,2601139,X004156071,2026-03-05,11:37:00,2026-03-05 11:37:00,2026-03-06 07:28:14,53 Chicago Ave,53,CHICAGO AVE,,0,0,0,0,Property Damage,No Injuries,Car,11,Front To Rear,2,2,0,4,"$501 to $1,500",1,0,0,0,0,0,0,02,Failing To Yield Right-Of-Way,18,Unable To Determine,1,No Controls,1,No Controls,8,Cloudy/Overcast,1,Daylight,2,"Divided, No Median Barrier",2,Wet,3,Free Flow,1,No Defects,O30,O7,41.8946533,-87.7776794,41.8945122,-87.7778244,1135535.50,1904688.38
34218,26 01142,2601142,X004156063,2026-03-05,16:02:00,2026-03-05 16:02:00,2026-03-06 07:19:54,N Scoville Ave/Ontario Ave,,N SCOVILLE AVE,ONTARIO AVE,0,0,0,0,Property Damage,No Injuries,Car,9,Parked Motor Vehicle,2,2,0,5,"Over $1,500",1,0,0,0,0,0,0,04,Improper Overtaking/Passing,28,Failing To Reduce Speed To Avoid Crash,2,Stop Sign,4,Functioning Properly,8,Cloudy/Overcast,1,Daylight,10,One-Way,1,Dry,3,Free Flow,1,No Defects,O30,O8,41.8903008,-87.7880554,41.8903122,-87.7880173,1132720.88,1903085.63
34226,26 01144,2601144,X004156552,2026-03-05,17:54:00,2026-03-05 17:54:00,2026-03-06 15:39:47,S Euclid Ave/South Blvd,,S EUCLID AVE,SOUTH BLVD,1,1,0,0,Injury,C Injury Crash,Pedestrian,1,Pedestrian,2,1,0,3,$500 or less,0,1,0,0,0,1,1,02,Failing To Yield Right-Of-Way,99,Not Applicable,2,Stop Sign,4,Functioning Properly,1,Clear,5,"Darkness, Lighted Road",14,Four-Way Intersection,1,Dry,3,Free Flow,1,No Defects,O60,O11,41.8869019,-87.7927551,41.8869095,-87.7927933,1131447.13,1901838.88
34224,26 01148,2601148,X004156553,2026-03-06,06:44:00,2026-03-06 06:44:00,2026-03-06 15:39:44,Harlem Ave/Roosevelt Rd,,HARLEM AVE,ROOSEVELT RD,0,0,0,1,Property Damage,No Injuries,Car,12,Sideswipe - Same Direction,2,2,0,5,"Over $1,500",1,0,0,0,0,0,0,04,Improper Overtaking/Passing,15,Driving Skills/Knowledge/Experience,3,Traffic Signal,4,Functioning Properly,1,Clear,1,Daylight,1,Not Divided,1,Dry,3,Free Flow,1,No Defects,,,41.8649864,-87.8041687,41.8649864,-87.8042068,1128389.25,1893832.00
34227,26 01149,2601149,X004156555,2026-03-06,07:32:00,2026-03-06 07:32:00,2026-03-06 15:39:48,S Harlem Ave/Madison St,,S HARLEM AVE,MADISON ST,0,0,0,0,Property Damage,No Injuries,Car,11,Front To Rear,3,3,0,5,"Over $1,500",1,0,0,0,0,0,0,28,Failing To Reduce Speed To Avoid Crash,15,Driving Skills/Knowledge/Experience,3,Traffic Signal,4,Functioning Properly,1,Clear,1,Daylight,4,Two-Way Continuous Left-Turn Lane,1,Dry,3,Free Flow,1,No Defects,O70,O12,41.8796692,-87.8047028,41.8796654,-87.8047333,1128211.75,1899182.38
34236,26 01162,2601162,X004158945,2026-03-06,17:19:00,2026-03-06 17:19:00,2026-03-09 10:06:12,418 S Harvey Ave,418,S HARVEY AVE,,0,0,0,1,Property Damage,No Injuries,Car,9,Parked Motor Vehicle,2,2,0,4,"$501 to $1,500",1,0,0,0,0,0,0,28,Failing To Reduce Speed To Avoid Crash,18,Unable To Determine,1,No Controls,1,No Controls,8,Cloudy/Overcast,1,Daylight,1,Not Divided,2,Wet,3,Free Flow,1,No Defects,O50,O10,41.8810043,-87.7812653,41.8810577,-87.7809753,1134591.50,1899709.75
34231,26 01163,2601163,X004158948,2026-03-06,17:58:00,2026-03-06 17:58:00,2026-03-09 09:54:36,Jackso Blvd/Harlem Ave,,JACKSO BLVD,HARLEM AVE,1,1,0,0,Property Damage,No Injuries,Car,11,Front To Rear,2,2,0,5,"Over $1,500",1,0,0,0,0,0,0,28,Failing To Reduce Speed To Avoid Crash,99,Not Applicable,1,No Controls,4,Functioning Properly,8,Cloudy/Overcast,3,Dusk,1,Not Divided,2,Wet,3,Free Flow,1,No Defects,O60,O15,41.8759575,-87.8045960,41.8759842,-87.8046036,1128248.63,1897829.75
34233,26 01167,2601167,X004158957,2026-03-06,21:03:00,2026-03-06 21:03:00,2026-03-09 10:06:11,S Oak Park Ave/Roosevelt Rd,,S OAK PARK AVE,ROOSEVELT RD,0,0,0,0,Injury,A Injury Crash,Pedestrian,1,Pedestrian,2,1,0,3,$500 or less,0,1,0,1,0,0,1,18,Unable To Determine,99,Not Applicable,1,No Controls,1,No Controls,2,Rain,4,Darkness,2,"Divided, No Median Barrier",2,Wet,3,Free Flow,1,No Defects,O90,O17,41.8651657,-87.7937164,41.8651657,-87.7937546,1131236.00,1893916.13
34235,26 01166,2601166,X004158951,2026-03-06,22:09:00,2026-03-06 22:09:00,2026-03-09 10:06:11,S Oak Park Ave/Washington Blvd,,S OAK PARK AVE,WASHINGTON BLVD,1,1,0,0,Injury,B Injury Crash,Pedestrian,1,Pedestrian,2,1,0,5,"Over $1,500",0,1,0,0,1,0,1,02,Failing To Yield Right-Of-Way,99,Not Applicable,13,Other,3,Functioning Improperly,2,Rain,5,"Darkness, Lighted Road",1,Not Divided,2,Wet,3,Free Flow,1,No Defects,O60,O11,41.8815651,-87.7942734,41.8815613,-87.7943115,1131046.38,1899891.13
34234,26 01168,2601168,X004158964,2026-03-06,22:21:00,2026-03-06 22:21:00,2026-03-09 10:00:21,S Oak Park Ave/Adams St,,S OAK PARK AVE,ADAMS ST,1,1,0,0,Injury,B Injury Crash,Car,7,Other Object,1,1,0,5,"Over $1,500",0,1,0,0,1,0,1,28,Failing To Reduce Speed To Avoid Crash,99,Not Applicable,1,No Controls,1,No Controls,1,Clear,5,"Darkness, Lighted Road",1,Not Divided,2,Wet,3,Free Flow,1,No Defects,O60,O14,41.8779449,-87.7941589,41.8779373,-87.7941971,1131086.38,1898571.25
34287,26 01183,2601183,X004169995,2026-03-08,13:16:00,2026-03-08 13:16:00,2026-03-18 08:18:04,Washington Blvd/S Lombard Ave,,WASHINGTON BLVD,S LOMBARD AVE,1,1,0,0,Property Damage,No Injuries,Car,10,Turning (At Least One Vehicle),2,2,0,5,"Over $1,500",1,0,0,0,0,0,0,02,Failing To Yield Right-Of-Way,28,Failing To Reduce Speed To Avoid Crash,3,Traffic Signal,4,Functioning Properly,1,Clear,1,Daylight,1,Not Divided,1,Dry,3,Free Flow,1,No Defects,O50,O10,41.8819084,-87.7795944,41.8819237,-87.7796173,1135044.50,1900041.50
34237,26 01189,2601189,X004160066,2026-03-08,20:21:00,2026-03-08 20:21:00,2026-03-09 10:06:12,314 S Euclid Ave,314,S EUCLID AVE,,0,0,0,0,Property Damage,No Injuries,Car,15,Angle,2,2,0,5,"Over $1,500",0,1,0,0,0,0,0,28,Failing To Reduce Speed To Avoid Crash,18,Unable To Determine,1,No Controls,1,No Controls,1,Clear,5,"Darkness, Lighted Road",1,Not Divided,1,Dry,3,Free Flow,1,No Defects,O60,O11,41.8827324,-87.7927399,41.8828125,-87.7924423,1131461.25,1900319.88
34241,26 01195,2601195,X004159987,2026-03-09,13:05:00,2026-03-09 13:05:00,2026-03-10 09:54:46,N Lombard Ave/Chicago Ave,,N LOMBARD AVE,CHICAGO AVE,1,1,0,0,Property Damage,No Injuries,Car,15,Angle,3,3,0,4,"$501 to $1,500",0,1,0,0,0,0,0,02,Failing To Yield Right-Of-Way,18,Unable To Determine,3,Traffic Signal,4,Functioning Properly,1,Clear,1,Daylight,2,"Divided, No Median Barrier",1,Dry,1,Slow,1,No Defects,O30,O7,41.8946419,-87.7800446,41.8946495,-87.7800064,1134891.50,1904680.63
34242,26 01198,2601198,X004159989,2026-03-09,14:20:00,2026-03-09 14:20:00,2026-03-10 09:54:47,North Ave/Marion,,NORTH AVE,MARION,0,0,0,1,Property Damage,No Injuries,Car,12,Sideswipe - Same Direction,2,2,0,4,"$501 to $1,500",1,0,0,0,0,0,0,18,Unable To Determine,18,Unable To Determine,1,No Controls,1,No Controls,1,Clear,1,Daylight,2,"Divided, No Median Barrier",1,Dry,3,Free Flow,1,No Defects,O20,O3,41.9088478,-87.8042145,41.9088783,-87.8042145,1128278.88,1909815.75
34245,26 01200,2601200,X004160464,2026-03-09,16:01:00,2026-03-09 16:01:00,2026-03-10 16:15:32,Fillmore St/S Ridgeland Ave,,FILLMORE ST,S RIDGELAND AVE,1,1,0,0,Property Damage,No Injuries,Car,15,Angle,2,2,0,4,"$501 to $1,500",1,0,0,0,0,0,0,02,Failing To Yield Right-Of-Way,28,Failing To Reduce Speed To Avoid Crash,2,Stop Sign,4,Functioning Properly,1,Clear,1,Daylight,1,Not Divided,1,Dry,2,Stopped,1,No Defects,O90,O16,41.8671265,-87.7840271,41.8671532,-87.7840271,1133871.38,1894647.38
34244,26 01201,2601201,X004160462,2026-03-09,16:12:00,2026-03-09 16:12:00,2026-03-10 16:09:38,S Ridgeland Ave/Fillmore St,,S RIDGELAND AVE,FILLMORE ST,1,1,0,0,Injury,C Injury Crash,Car,15,Angle,2,2,0,4,"$501 to $1,500",0,1,0,0,0,1,1,02,Failing To Yield Right-Of-Way,28,Failing To Reduce Speed To Avoid Crash,2,Stop Sign,4,Functioning Properly,1,Clear,1,Daylight,2,"Divided, No Median Barrier",1,Dry,1,Slow,1,No Defects,O90,O16,41.8671608,-87.7839889,41.8671532,-87.7840271,1133880.25,1894659.13
34243,26 01208,2601208,X004160458,2026-03-10,07:37:00,2026-03-10 07:37:00,2026-03-10 16:15:32,1125 Division St,1125,DIVISION ST,,0,0,0,0,Property Damage,No Injuries,Car,16,Rear To Side,2,2,0,5,"Over $1,500",1,0,0,0,0,0,0,30,Improper Backing,99,Not Applicable,1,No Controls,1,No Controls,1,Clear,1,Daylight,1,Not Divided,2,Wet,1,Slow,1,No Defects,O20,O6,41.9015160,-87.8043747,41.9013824,-87.8046494,1128251.50,1907144.13
34246,26 01221,2601221,X004161222,2026-03-10,16:29:00,2026-03-10 16:29:00,2026-03-11 09:58:44,Madison St/S Taylor Ave,,MADISON ST,S TAYLOR AVE,0,0,0,1,Property Damage,No Injuries,Car,12,Sideswipe - Same Direction,2,2,0,3,$500 or less,1,0,0,0,0,0,0,04,Improper Overtaking/Passing,28,Failing To Reduce Speed To Avoid Crash,1,No Controls,1,No Controls,1,Clear,1,Daylight,2,"Divided, No Median Barrier",1,Dry,3,Free Flow,1,No Defects,O80,O13,41.8800087,-87.7779312,41.8800316,-87.7783203,1135501.50,1899352.50
34249,26 01231,2601231,X004161499,2026-03-11,08:56:00,2026-03-11 08:56:00,2026-03-11 16:24:49,Madison St/Grove St,,MADISON ST,GROVE ST,1,1,0,0,Property Damage,No Injuries,Car,12,Sideswipe - Same Direction,2,2,0,5,"Over $1,500",1,0,0,0,0,0,0,20,Improper Lane Usage,15,Driving Skills/Knowledge/Experience,3,Traffic Signal,4,Functioning Properly,1,Clear,1,Daylight,1,Not Divided,1,Dry,3,Free Flow,1,No Defects,O60,O15,41.8797226,-87.7955780,41.8797531,-87.7954559,1130695.00,1899217.25
34247,26 01232,2601232,X004161495,2026-03-11,09:18:00,2026-03-11 09:18:00,2026-03-11 16:24:49,Lake St/Forest Ave,,LAKE ST,FOREST AVE,0,0,0,0,Property Damage,No Injuries,Car,11,Front To Rear,2,2,0,3,$500 or less,1,0,0,0,0,0,0,03,Following Too Closely,28,Failing To Reduce Speed To Avoid Crash,1,No Controls,1,No Controls,8,Cloudy/Overcast,1,Daylight,2,"Divided, No Median Barrier",2,Wet,3,Free Flow,1,No Defects,O40,O9,41.8886337,-87.8007965,41.8886642,-87.8007965,1129255.38,1902455.88
34248,26 01233,2601233,X004161494,2026-03-11,10:46:00,2026-03-11 10:46:00,2026-03-11 16:24:49,N Harlem Ave/Westgate St,,N HARLEM AVE,WESTGATE ST,0,0,0,0,Property Damage,No Injuries,Car,12,Sideswipe - Same Direction,2,2,0,5,"Over $1,500",1,0,0,0,0,0,0,02,Failing To Yield Right-Of-Way,18,Unable To Determine,3,Traffic Signal,4,Functioning Properly,8,Cloudy/Overcast,1,Daylight,3,Divided With Median Barrier,2,Wet,3,Free Flow,1,No Defects,R83,RFPD,41.8878517,-87.8050537,41.8878555,-87.8050232,1128096.13,1902163.25
34250,26 01235,2601235,X004161491,2026-03-11,12:15:00,2026-03-11 12:15:00,2026-03-11 16:30:43,Randolph St/S Kenilworth Ave,,RANDOLPH ST,S KENILWORTH AVE,0,1,0,0,Property Damage,No Injuries,Car,14,Front To Front,2,2,0,4,"$501 to $1,500",1,0,0,0,0,0,0,20,Improper Lane Usage,28,Failing To Reduce Speed To Avoid Crash,2,Stop Sign,4,Functioning Properly,5,Sleet/Hail,1,Daylight,2,"Divided, No Median Barrier",2,Wet,3,Free Flow,1,No Defects,O70,O12,41.8833618,-87.7970276,41.8833885,-87.7970352,1130292.13,1900541.38
34252,26 01238,2601238,X004162149,2026-03-11,14:59:00,2026-03-11 14:59:00,2026-03-12 09:30:24,North Ave/Woodbine Ave,,NORTH AVE,WOODBINE AVE,0,0,0,1,Property Damage,No Injuries,Car,15,Angle,2,2,0,3,$500 or less,1,0,0,0,0,0,0,28,Failing To Reduce Speed To Avoid Crash,18,Unable To Determine,1,No Controls,1,No Controls,8,Cloudy/Overcast,1,Daylight,3,Divided With Median Barrier,2,Wet,3,Free Flow,1,No Defects,O20,O3,41.9089356,-87.7996063,41.9089699,-87.7996063,1129533.50,1909855.38
34449,26 01240,2601240,X004196974,2026-03-11,15:56:00,2026-03-11 15:56:00,2026-04-14 12:56:30,Division St/N Elmwood Ave,,DIVISION ST,N ELMWOOD AVE,1,1,0,0,Property Damage,No Injuries,Car,10,Turning (At Least One Vehicle),2,2,0,5,"Over $1,500",1,0,0,0,0,0,0,02,Failing To Yield Right-Of-Way,28,Failing To Reduce Speed To Avoid Crash,2,Stop Sign,4,Functioning Properly,3,Snow,1,Daylight,14,Four-Way Intersection,2,Wet,1,Slow,1,No Defects,O20,O5,41.9018135,-87.7867508,41.9018402,-87.7867508,1133048.88,1907282.63
34258,26 01243,2601243,X004163564,2026-03-11,20:16:00,2026-03-11 20:16:00,2026-03-13 09:47:21,844 S Harvey Ave,844,S HARVEY AVE,,0,0,0,0,Property Damage,No Injuries,Car,9,Parked Motor Vehicle,2,2,0,4,"$501 to $1,500",1,0,0,0,0,0,0,28,Failing To Reduce Speed To Avoid Crash,18,Unable To Determine,1,No Controls,1,No Controls,1,Clear,5,"Darkness, Lighted Road",1,Not Divided,1,Dry,3,Free Flow,1,No Defects,O80,O13,41.8728905,-87.7805862,41.8728371,-87.7804718,1134794.25,1896753.50
34253,26 01245,2601245,X004162153,2026-03-12,07:46:00,2026-03-12 07:46:00,2026-03-12 09:30:24,Madison St/S East Ave,,MADISON ST,S EAST AVE,0,0,0,0,Property Damage,No Injuries,Car,11,Front To Rear,2,2,0,4,"$501 to $1,500",1,0,0,0,0,0,0,28,Failing To Reduce Speed To Avoid Crash,99,Not Applicable,3,Traffic Signal,4,Functioning Properly,1,Clear,1,Daylight,1,Not Divided,1,Dry,1,Slow,1,No Defects,O60,O14,41.8798218,-87.7893600,41.8798523,-87.7893600,1132389.38,1899263.88
34254,26 01247,2601247,X004163213,2026-03-12,07:56:00,2026-03-12 07:56:00,2026-03-12 10:04:55,Wesley Ave/Adams St,,WESLEY AVE,ADAMS ST,1,1,0,0,Property Damage,No Injuries,Car,15,Angle,2,2,0,5,"Over $1,500",0,1,0,0,0,0,0,02,Failing To Yield Right-Of-Way,28,Failing To Reduce Speed To Avoid Crash,2,Stop Sign,4,Functioning Properly,1,Clear,1,Daylight,15,T-Intersection,1,Dry,3,Free Flow,1,No Defects,O60,O14,41.8779869,-87.7917099,41.8779793,-87.7917480,1131753.00,1898591.00
34255,26 01248,2601248,X004163215,2026-03-12,09:13:00,2026-03-12 09:13:00,2026-03-12 10:04:56,S East Ave/Washington Blvd,,S EAST AVE,WASHINGTON BLVD,1,1,0,0,Property Damage,No Injuries,Car,10,Turning (At Least One Vehicle),2,2,0,5,"Over $1,500",1,0,0,0,0,0,0,02,Failing To Yield Right-Of-Way,28,Failing To Reduce Speed To Avoid Crash,3,Traffic Signal,4,Functioning Properly,1,Clear,1,Daylight,1,Not Divided,1,Dry,3,Free Flow,1,No Defects,O60,O11,41.8816414,-87.7893753,41.8816338,-87.7894134,1132380.13,1899926.50
34257,26 01253,2601253,X004163569,2026-03-12,15:35:00,2026-03-12 15:35:00,2026-03-13 09:47:21,Ridgeland Ave/Randolph St,,RIDGELAND AVE,RANDOLPH ST,0,0,0,1,Property Damage,No Injuries,Car,11,Front To Rear,2,2,0,3,$500 or less,1,0,0,0,0,0,0,03,Following Too Closely,28,Failing To Reduce Speed To Avoid Crash,1,No Controls,1,No Controls,1,Clear,1,Daylight,2,"Divided, No Median Barrier",1,Dry,3,Free Flow,1,No Defects,O50,O10,41.8834534,-87.7845306,41.8834534,-87.7845612,1133696.75,1900596.25
34259,26 01254,2601254,X004163570,2026-03-12,18:40:00,2026-03-12 18:40:00,2026-03-13 09:47:22,N Euclid Ave/Lake St,,N EUCLID AVE,LAKE ST,0,1,0,0,Property Damage,No Injuries,Pedalcyclist,2,Pedalcyclist,2,1,0,4,"$501 to $1,500",1,0,0,0,0,0,0,18,Unable To Determine,99,Not Applicable,3,Traffic Signal,4,Functioning Properly,1,Clear,1,Daylight,2,"Divided, No Median Barrier",1,Dry,3,Free Flow,1,No Defects,O30,O8,41.8885803,-87.7927322,41.8885841,-87.7926941,1131450.13,1902449.88
34260,26 01256,2601256,X004163572,2026-03-12,19:02:00,2026-03-12 19:02:00,2026-03-13 09:47:22,304 N Oak Park Ave,304,N OAK PARK AVE,,0,0,0,1,Property Damage,No Injuries,Car,12,Sideswipe - Same Direction,4,4,0,5,"Over $1,500",1,0,0,0,0,0,0,18,Unable To Determine,18,Unable To Determine,1,No Controls,1,No Controls,1,Clear,3,Dusk,1,Not Divided,1,Dry,3,Free Flow,1,No Defects,O30,O8,41.8916931,-87.7945709,41.8918686,-87.7943726,1130943.88,1903580.13
34278,26 01264,2601264,X004166536,2026-03-13,08:41:00,2026-03-13 08:41:00,2026-03-16 10:54:51,100 S Austin Blvd,100,S AUSTIN BLVD,,0,0,0,1,Property Damage,No Injuries,Car,12,Sideswipe - Same Direction,2,2,0,5,"Over $1,500",1,0,0,0,0,0,0,02,Failing To Yield Right-Of-Way,15,Driving Skills/Knowledge/Experience,1,No Controls,1,No Controls,1,Clear,1,Daylight,2,"Divided, No Median Barrier",1,Dry,3,Free Flow,1,No Defects,O80,O13,41.8788834,-87.7746582,41.8788986,-87.7748108,1136394.75,1898948.63
34269,26 01265,2601265,X004166542,2026-03-13,09:30:00,2026-03-13 09:30:00,2026-03-16 10:31:37,South Blvd/S Euclid Ave,,SOUTH BLVD,S EUCLID AVE,1,1,0,0,Property Damage,No Injuries,Car,15,Angle,2,2,0,4,"$501 to $1,500",1,0,0,0,0,0,0,02,Failing To Yield Right-Of-Way,18,Unable To Determine,2,Stop Sign,4,Functioning Properly,7,Other,1,Daylight,1,Not Divided,1,Dry,3,Free Flow,1,No Defects,O60,O11,41.8868790,-87.7927933,41.8869095,-87.7927933,1131438.50,1901830.38
34270,26 01268,2601268,X004166549,2026-03-13,10:55:00,2026-03-13 10:55:00,2026-03-16 10:37:23,6800 Roosevelt Rd,6800,ROOSEVELT RD,,0,0,0,0,Property Damage,No Injuries,Car,10,Turning (At Least One Vehicle),2,2,0,5,"Over $1,500",1,0,0,0,0,0,0,02,Failing To Yield Right-Of-Way,28,Failing To Reduce Speed To Avoid Crash,3,Traffic Signal,4,Functioning Properly,8,Cloudy/Overcast,1,Daylight,1,Not Divided,1,Dry,3,Free Flow,1,No Defects,O90,O18,41.8651924,-87.7937546,41.8652534,-87.7939224,1131225.63,1893925.00
34283,26 01271,2601271,X004294076,2026-03-13,13:24:00,2026-03-13 13:24:00,2026-03-16 10:54:51,720 Ontario St,720,ONTARIO ST,,0,0,0,0,Property Damage,No Injuries,Car,7,Other Object,2,1,0,3,$500 or less,1,0,0,0,0,0,0,99,Not Applicable,99,Not Applicable,1,No Controls,1,No Controls,1,Clear,1,Daylight,2,"Divided, No Median Barrier",1,Dry,1,Slow,1,No Defects,O30,O8,41.8902397,-87.7938538,41.8904915,-87.7937546,1131141.25,1903052.00
34276,26 01275,2601275,X004166569,2026-03-13,16:47:00,2026-03-13 16:47:00,2026-03-16 10:54:50,1122 Lake St,1122,LAKE ST,,0,0,0,1,Property Damage,No Injuries,Car,12,Sideswipe - Same Direction,2,2,0,3,$500 or less,1,0,0,0,0,0,0,18,Unable To Determine,18,Unable To Determine,1,No Controls,1,No Controls,1,Clear,1,Daylight,2,"Divided, No Median Barrier",1,Dry,1,Slow,1,No Defects,O40,O9,41.8886375,-87.8036423,41.8887100,-87.8038483,1128479.88,1902452.38
34271,26 01279,2601279,X004166578,2026-03-13,22:37:00,2026-03-13 22:37:00,2026-03-16 10:37:23,12 S Austin Blvd,12,S AUSTIN BLVD,,0,0,0,0,Property Damage,No Injuries,Car,12,Sideswipe - Same Direction,2,2,0,5,"Over $1,500",0,1,0,0,0,0,0,04,Improper Overtaking/Passing,18,Unable To Determine,1,No Controls,1,No Controls,1,Clear,5,"Darkness, Lighted Road",2,"Divided, No Median Barrier",1,Dry,3,Free Flow,1,No Defects,O80,O13,41.8795586,-87.7746811,41.8794823,-87.7748261,1136387.63,1899194.63
34274,26 01286,2601286,X004166681,2026-03-14,13:43:00,2026-03-14 13:43:00,2026-03-16 10:43:08,Chicago Ave/N Harlem Ave,,CHICAGO AVE,N HARLEM AVE,1,1,0,0,Property Damage,No Injuries,Car,15,Angle,2,2,0,5,"Over $1,500",1,0,0,0,0,0,0,02,Failing To Yield Right-Of-Way,18,Unable To Determine,3,Traffic Signal,4,Functioning Properly,3,Snow,1,Daylight,14,Four-Way Intersection,2,Wet,3,Free Flow,1,No Defects,O40,O9,41.8942032,-87.8052445,41.8942337,-87.8052445,1128030.88,1904477.63
34272,26 01288,2601288,X004166673,2026-03-14,14:29:00,2026-03-14 14:29:00,2026-03-16 10:37:22,411 N Marion St,411,N MARION ST,,0,0,0,1,Property Damage,No Injuries,Car,9,Parked Motor Vehicle,2,2,0,4,"$501 to $1,500",1,0,0,0,0,0,0,30,Improper Backing,18,Unable To Determine,1,No Controls,1,No Controls,3,Snow,1,Daylight,1,Not Divided,9,Unknown,,,1,No Defects,O40,O9,41.8934517,-87.8028412,41.8935051,-87.8029633,1128687.63,1904208.13
34261,26 01290,2601290,X004164901,2026-03-14,15:28:00,2026-03-14 15:28:00,2026-03-14 16:54:50,S Grove Ave/Pleasant St,,S GROVE AVE,PLEASANT ST,1,1,0,0,Property Damage,No Injuries,Car,15,Angle,2,2,0,5,"Over $1,500",1,0,0,0,0,0,0,02,Failing To Yield Right-Of-Way,15,Driving Skills/Knowledge/Experience,2,Stop Sign,1,No Controls,3,Snow,1,Daylight,1,Not Divided,2,Wet,3,Free Flow,1,No Defects,O70,O12,41.8851624,-87.7957230,41.8851624,-87.7957535,1130644.50,1901199.75
34281,26 01291,2601291,X004166691,2026-03-14,15:38:00,2026-03-14 15:38:00,2026-03-16 10:54:52,Roosevelt Rd/S Humphrey Ave,,ROOSEVELT RD,S HUMPHREY AVE,0,0,0,1,Property Damage,No Injuries,Car,9,Parked Motor Vehicle,2,2,0,5,"Over $1,500",0,1,0,0,0,0,0,28,Failing To Reduce Speed To Avoid Crash,99,Not Applicable,1,No Controls,1,No Controls,8,Cloudy/Overcast,1,Daylight,4,Two-Way Continuous Left-Turn Lane,1,Dry,3,Free Flow,1,No Defects,O90,O16,41.8654785,-87.7753677,41.8654518,-87.7753677,1136234.63,1894061.75
34262,26 01293,2601293,X004164902,2026-03-14,17:41:00,2026-03-14 17:41:00,2026-03-15 02:26:15,S Oak Park Ave/Van Buren St,,S OAK PARK AVE,VAN BUREN ST,0,0,0,0,Property Damage,No Injuries,Car,12,Sideswipe - Same Direction,2,2,0,5,"Over $1,500",1,0,0,0,0,0,0,20,Improper Lane Usage,06,Improper Turning/No Signal,1,No Controls,1,No Controls,4,Fog/Smoke/Haze,3,Dusk,2,"Divided, No Median Barrier",2,Wet,1,Slow,1,No Defects,O60,O14,41.8742905,-87.7940292,41.8742905,-87.7940674,1131129.38,1897240.63
34282,26 01295,2601295,X004166704,2026-03-14,19:43:00,2026-03-14 19:43:00,2026-03-16 10:54:52,Roosevelt/Euclid,,ROOSEVELT,EUCLID,1,1,0,1,Property Damage,No Injuries,Car,10,Turning (At Least One Vehicle),2,2,0,4,"$501 to $1,500",1,0,0,0,0,0,0,02,Failing To Yield Right-Of-Way,06,Improper Turning/No Signal,2,Stop Sign,4,Functioning Properly,1,Clear,5,"Darkness, Lighted Road",14,Four-Way Intersection,1,Dry,3,Free Flow,1,No Defects,O90,O17,41.8652153,-87.7925339,41.8651848,-87.7925415,1131557.50,1893935.13
34279,26 01294,2601294,X004166564,2026-03-14,19:59:00,2026-03-14 19:59:00,2026-03-16 10:54:51,Washington Blvd/N Harlem Ave,,WASHINGTON BLVD,N HARLEM AVE,1,0,0,0,Property Damage,No Injuries,Car,12,Sideswipe - Same Direction,2,2,0,5,"Over $1,500",1,0,0,0,0,0,0,04,Improper Overtaking/Passing,15,Driving Skills/Knowledge/Experience,3,Traffic Signal,4,Functioning Properly,1,Clear,5,"Darkness, Lighted Road",2,"Divided, No Median Barrier",1,Dry,3,Free Flow,1,No Defects,F1,FPPD,41.8813782,-87.8047943,41.8814087,-87.8047943,1128181.38,1899805.25
34280,26 01298,2601298,X004166721,2026-03-15,01:48:00,2026-03-15 01:48:00,2026-03-16 10:54:52,S Harlem Ave/I-290,,S HARLEM AVE,I-290,1,1,0,0,Property Damage,No Injuries,Car,10,Turning (At Least One Vehicle),2,2,0,5,"Over $1,500",1,0,0,0,0,0,0,04,Improper Overtaking/Passing,15,Driving Skills/Knowledge/Experience,3,Traffic Signal,4,Functioning Properly,1,Clear,5,"Darkness, Lighted Road",4,Two-Way Continuous Left-Turn Lane,1,Dry,3,Free Flow,1,No Defects,O60,O15,41.8737946,-87.8044968,41.8736153,-87.8045197,1128281.50,1897042.00