record_id,report_number,crash_id,idot_crash_number,date,time,occurred_at,record_added_at,location,street_number,street_name,cross_street,at_intersection,intersection_related,private_property,hit_and_run,crash_severity,crash_injury_severity,crash_mode,crash_type_code,crash_type,total_units,num_motor_vehicles,dooring_pedalcyclist,damage_code,damage,no_injury_drive_away,injury_or_towed,fatalities,a_injuries,b_injuries,c_injuries,total_injured,cause1_code,cause1,cause2_code,cause2,traffic_control_code,traffic_control,device_condition_code,device_condition,weather_code,weather,lighting_code,lighting,trafficway_code,trafficway,road_surface_code,road_surface,flow_condition_code,flow_condition,road_defects_code,road_defects,beat_zone,post_district,latitude,longitude,latitude_geocoded,longitude_geocoded,state_plane_x,state_plane_y
34275,26 01302,2601302,X004166375,2026-03-15,12:54:00,2026-03-15 12:54:00,2026-03-16 10:48:57,North Ave/Euclid,,NORTH AVE,EUCLID,0,0,0,0,Injury,C Injury Crash,Car,11,Front To Rear,2,2,0,3,$500 or less,0,1,0,0,0,1,1,18,Unable To Determine,18,Unable To Determine,1,No Controls,1,No Controls,1,Clear,1,Daylight,2,"Divided, No Median Barrier",2,Wet,1,Slow,1,No Defects,O20,O2,41.9090080,-87.7938461,41.9090309,-87.7938461,1131100.50,1909891.25
34277,26 01306,2601306,X004166373,2026-03-15,20:45:00,2026-03-15 20:45:00,2026-03-16 10:54:50,Roosevelt Rd/Lyman Ave,,ROOSEVELT RD,LYMAN AVE,1,1,0,0,Property Damage,No Injuries,Car,18,Rear To Front,2,2,0,3,$500 or less,1,0,0,0,0,0,0,30,Improper Backing,15,Driving Skills/Knowledge/Experience,1,No Controls,1,No Controls,2,Rain,5,"Darkness, Lighted Road",15,T-Intersection,2,Wet,3,Free Flow,1,No Defects,O90,O16,41.8654594,-87.7765961,41.8654365,-87.7765961,1135899.75,1894052.88
34299,26 01362,2601362,X004172363,2026-03-15,20:56:00,2026-03-15 20:56:00,2026-03-20 07:52:53,N Harlem Ave/North Ave,,N HARLEM AVE,NORTH AVE,1,0,0,0,Property Damage,No Injuries,Car,11,Front To Rear,2,2,0,3,$500 or less,1,0,0,0,0,0,0,03,Following Too Closely,15,Driving Skills/Knowledge/Experience,3,Traffic Signal,4,Functioning Properly,2,Rain,5,"Darkness, Lighted Road",1,Not Divided,2,Wet,3,Free Flow,1,No Defects,O20,O3,41.9088783,-87.8057938,41.9088860,-87.8057556,1127849.25,1909824.75
34285,26 01317,2601317,X004167875,2026-03-16,16:51:00,2026-03-16 16:51:00,2026-03-17 09:54:09,N Ridgeland Ave/Lake St,,N RIDGELAND AVE,LAKE ST,0,0,0,1,Property Damage,No Injuries,Car,11,Front To Rear,2,2,0,5,"Over $1,500",1,0,0,0,0,0,0,03,Following Too Closely,28,Failing To Reduce Speed To Avoid Crash,3,Traffic Signal,4,Functioning Properly,8,Cloudy/Overcast,1,Daylight,2,"Divided, No Median Barrier",9,Unknown,3,Free Flow,1,No Defects,O30,O8,41.8883209,-87.7847366,41.8883209,-87.7846985,1133628.00,1902369.13
34284,26 01322,2601322,X004167880,2026-03-16,20:46:00,2026-03-16 20:46:00,2026-03-17 09:48:28,824 S Oak Park Ave,824,S OAK PARK AVE,,0,0,0,0,Property Damage,No Injuries,Car,10,Turning (At Least One Vehicle),2,2,0,5,"Over $1,500",1,0,0,0,0,0,0,06,Improper Turning/No Signal,99,Not Applicable,1,No Controls,1,No Controls,1,Clear,5,"Darkness, Lighted Road",1,Not Divided,1,Dry,3,Free Flow,1,No Defects,O60,O14,41.8734627,-87.7939987,41.8733025,-87.7938995,1131139.63,1896939.25
34286,26 01335,2601335,X004170358,2026-03-17,19:15:00,2026-03-17 19:15:00,2026-03-18 08:18:04,N Harlem Ave/Pleasant St,,N HARLEM AVE,PLEASANT ST,1,0,0,0,Property Damage,No Injuries,Car,7,Other Object,2,1,0,5,"Over $1,500",1,0,0,0,0,0,0,15,Driving Skills/Knowledge/Experience,99,Not Applicable,1,No Controls,1,No Controls,1,Clear,5,"Darkness, Lighted Road",1,Not Divided,1,Dry,3,Free Flow,1,No Defects,O90,O12,41.8853912,-87.8049774,41.8854065,-87.8049393,1128124.38,1901267.88
34291,26 01344,2601344,X004169998,2026-03-18,11:52:00,2026-03-18 11:52:00,2026-03-18 16:33:19,11 Madison St,11,MADISON ST,,0,0,0,0,Property Damage,No Injuries,Car,10,Turning (At Least One Vehicle),2,2,0,5,"Over $1,500",1,0,0,0,0,0,0,04,Improper Overtaking/Passing,20,Improper Lane Usage,13,Other,4,Functioning Properly,1,Clear,1,Daylight,2,"Divided, No Median Barrier",1,Dry,3,Free Flow,1,No Defects,O80,O13,41.8800507,-87.7751694,41.8799171,-87.7751694,1136252.38,1899372.38
34288,26 01345,2601345,X004169996,2026-03-18,11:57:00,2026-03-18 11:57:00,2026-03-18 13:16:09,S Home Ave/Madison St,,S HOME AVE,MADISON ST,0,0,0,0,Property Damage,No Injuries,Car,9,Parked Motor Vehicle,2,2,0,3,$500 or less,1,0,0,0,0,0,0,28,Failing To Reduce Speed To Avoid Crash,99,Not Applicable,1,No Controls,1,No Controls,1,Clear,1,Daylight,1,Not Divided,1,Dry,3,Free Flow,1,No Defects,O70,O12,41.8796806,-87.7998352,41.8796806,-87.7998657,1129537.13,1899194.63
34290,26 01346,2601346,X004169997,2026-03-18,11:58:00,2026-03-18 11:58:00,2026-03-18 16:15:45,334 S Austin Blvd,334,S AUSTIN BLVD,,0,0,0,1,Property Damage,No Injuries,Car,9,Parked Motor Vehicle,2,2,0,4,"$501 to $1,500",1,0,0,0,0,0,0,20,Improper Lane Usage,26,Disregarding Road Markings,1,No Controls,1,No Controls,9,Unknown,9,Unknown,2,"Divided, No Median Barrier",9,Unknown,3,Free Flow,99,Unknown,O80,O13,41.8752975,-87.7745361,41.8752899,-87.7748337,1136437.88,1897641.00
34436,26 01357,2601357,X004196528,2026-03-18,20:17:00,2026-03-18 20:17:00,2026-04-13 09:56:30,1035 Randolph St,1035,RANDOLPH ST,,0,0,0,0,Property Damage,No Injuries,Car,9,Parked Motor Vehicle,3,3,0,5,"Over $1,500",0,1,0,0,0,0,0,20,Improper Lane Usage,28,Failing To Reduce Speed To Avoid Crash,1,No Controls,1,No Controls,1,Clear,5,"Darkness, Lighted Road",1,Not Divided,1,Dry,3,Free Flow,1,No Defects,O70,O12,41.8833504,-87.8000031,41.8831558,-87.8019028,1129482.13,1900531.75
34293,26 01359,2601359,X004170316,2026-03-18,20:39:00,2026-03-18 20:39:00,2026-03-19 09:32:44,Wisconsin Ave/Washington Blvd,,WISCONSIN AVE,WASHINGTON BLVD,1,1,0,0,Property Damage,No Injuries,Car,12,Sideswipe - Same Direction,2,2,0,5,"Over $1,500",1,0,0,0,0,0,0,04,Improper Overtaking/Passing,06,Improper Turning/No Signal,3,Traffic Signal,4,Functioning Properly,1,Clear,5,"Darkness, Lighted Road",14,Four-Way Intersection,1,Dry,1,Slow,1,No Defects,O70,O12,41.8814430,-87.8023376,41.8814468,-87.8023682,1128851.50,1899832.88
34295,26 01360,2601360,X004170318,2026-03-18,21:02:00,2026-03-18 21:02:00,2026-03-19 09:26:38,6119 North Ave,6119,NORTH AVE,,0,0,0,0,Injury,C Injury Crash,Car,12,Sideswipe - Same Direction,2,2,0,4,"$501 to $1,500",0,1,0,0,0,1,1,28,Failing To Reduce Speed To Avoid Crash,99,Not Applicable,1,No Controls,1,No Controls,1,Clear,4,Darkness,1,Not Divided,9,Unknown,3,Free Flow,99,Unknown,O10,O1,41.9091835,-87.7795181,41.9089584,-87.7791672,1135000.50,1909980.25
34294,26 01363,2601363,X004170319,2026-03-18,22:27:00,2026-03-18 22:27:00,2026-03-19 09:26:38,N Harlem Ave/Lake St,,N HARLEM AVE,LAKE ST,1,0,0,1,Property Damage,No Injuries,Car,12,Sideswipe - Same Direction,2,2,0,3,$500 or less,1,0,0,0,0,0,0,03,Following Too Closely,15,Driving Skills/Knowledge/Experience,1,No Controls,1,No Controls,1,Clear,5,"Darkness, Lighted Road",1,Not Divided,1,Dry,3,Free Flow,1,No Defects,O40,O9,41.8885765,-87.8050919,41.8885841,-87.8050537,1128084.88,1902427.75
34322,26 01368,2601368,X004175572,2026-03-19,10:36:00,2026-03-19 10:36:00,2026-03-24 09:17:13,S Harlem Ave/South Blvd,,S HARLEM AVE,SOUTH BLVD,0,0,0,1,Property Damage,No Injuries,Car,12,Sideswipe - Same Direction,2,2,0,5,"Over $1,500",1,0,0,0,0,0,0,28,Failing To Reduce Speed To Avoid Crash,99,Not Applicable,3,Traffic Signal,4,Functioning Properly,1,Clear,1,Daylight,1,Not Divided,1,Dry,2,Stopped,1,No Defects,O70,O5,41.8866921,-87.8050156,41.8867111,-87.8049927,1128109.63,1901740.13
34303,26 01369,2601369,X004172366,2026-03-19,11:26:00,2026-03-19 11:26:00,2026-03-20 10:00:34,S Ridgeland Ave/Madison St,,S RIDGELAND AVE,MADISON ST,1,1,0,0,Property Damage,No Injuries,Car,15,Angle,2,2,0,5,"Over $1,500",1,0,0,0,0,0,0,02,Failing To Yield Right-Of-Way,28,Failing To Reduce Speed To Avoid Crash,3,Traffic Signal,4,Functioning Properly,1,Clear,1,Daylight,1,Not Divided,1,Dry,1,Slow,1,No Defects,O80,O13,41.8799324,-87.7844238,41.8799324,-87.7844620,1133732.63,1899313.88
34296,26 01373,2601373,X004171127,2026-03-19,12:55:00,2026-03-19 12:55:00,2026-03-19 16:35:13,1125 Ontario St,1125,ONTARIO ST,,0,0,0,1,Property Damage,No Injuries,Car,9,Parked Motor Vehicle,2,2,0,3,$500 or less,1,0,0,0,0,0,0,18,Unable To Determine,99,Not Applicable,1,No Controls,1,No Controls,9,Unknown,9,Unknown,7,Parking Lot,9,Unknown,,,1,No Defects,O40,O9,41.8905373,-87.8039322,41.8897705,-87.8039246,1128396.75,1903143.13
34300,26 01378,2601378,X004171243,2026-03-19,15:19:00,2026-03-19 15:19:00,2026-03-20 07:52:54,300 N Ridgeland Ave,300,N RIDGELAND AVE,,0,0,0,1,Property Damage,No Injuries,Car,9,Parked Motor Vehicle,2,2,0,4,"$501 to $1,500",1,0,0,0,0,0,0,28,Failing To Reduce Speed To Avoid Crash,99,Not Applicable,1,No Controls,1,No Controls,1,Clear,1,Daylight,1,Not Divided,1,Dry,1,Slow,1,No Defects,O30,O7,41.8917198,-87.7847595,41.8919411,-87.7845612,1133614.00,1903607.75
34297,26 01376,2601376,X004171241,2026-03-19,15:36:00,2026-03-19 15:36:00,2026-03-20 07:47:01,Division St/East N Oak Park Alley,,DIVISION ST,EAST N OAK PARK ALLEY,1,1,0,0,Property Damage,No Injuries,Car,11,Front To Rear,2,2,0,5,"Over $1,500",1,0,0,0,0,0,0,28,Failing To Reduce Speed To Avoid Crash,18,Unable To Determine,1,No Controls,1,No Controls,1,Clear,1,Daylight,2,"Divided, No Median Barrier",1,Dry,1,Slow,1,No Defects,O20,O5,41.9016762,-87.7948608,41.9017868,-87.7899933,1130840.88,1907218.25
34298,26 01380,2601380,X004171244,2026-03-19,18:29:00,2026-03-19 18:29:00,2026-03-20 07:52:53,Madison St/Clinton Ave,,MADISON ST,CLINTON AVE,1,1,0,0,Injury,B Injury Crash,Car,10,Turning (At Least One Vehicle),2,2,0,4,"$501 to $1,500",0,1,0,0,1,0,1,02,Failing To Yield Right-Of-Way,99,Not Applicable,2,Stop Sign,1,No Controls,1,Clear,3,Dusk,2,"Divided, No Median Barrier",1,Dry,3,Free Flow,1,No Defects,O70,O12,41.8797226,-87.7988281,41.8796921,-87.7988281,1129811.75,1899211.38
34321,26 01386,2601386,X004174482,2026-03-20,08:08:00,2026-03-20 08:08:00,2026-03-23 12:22:15,Augusta St/N Harvey Ave,,AUGUSTA ST,N HARVEY AVE,0,0,0,0,Property Damage,No Injuries,Car,15,Angle,2,2,0,4,"$501 to $1,500",1,0,0,0,0,0,0,02,Failing To Yield Right-Of-Way,28,Failing To Reduce Speed To Avoid Crash,1,No Controls,1,No Controls,1,Clear,1,Daylight,2,"Divided, No Median Barrier",1,Dry,1,Slow,1,No Defects,O10,O4,41.8982391,-87.7817459,41.8982658,-87.7817459,1134419.50,1905988.38
34308,26 01388,2601388,X004174457,2026-03-20,12:23:00,2026-03-20 12:23:00,2026-03-23 12:05:39,S Marion St/Pleasant St,,S MARION ST,PLEASANT ST,1,1,0,1,Property Damage,No Injuries,Car,12,Sideswipe - Same Direction,2,2,0,3,$500 or less,1,0,0,0,0,0,0,02,Failing To Yield Right-Of-Way,28,Failing To Reduce Speed To Avoid Crash,2,Stop Sign,4,Functioning Properly,1,Clear,1,Daylight,1,Not Divided,1,Dry,3,Free Flow,1,No Defects,O70,O12,41.8854599,-87.8025513,41.8857117,-87.8025207,1128784.88,1901295.88
34310,26 01392,2601392,X004174475,2026-03-20,16:17:00,2026-03-20 16:17:00,2026-03-23 12:22:10,N Ridgeland Ave/Division St,,N RIDGELAND AVE,DIVISION ST,1,1,0,0,Property Damage,No Injuries,Car,11,Front To Rear,2,2,0,3,$500 or less,1,0,0,0,0,0,0,03,Following Too Closely,28,Failing To Reduce Speed To Avoid Crash,3,Traffic Signal,4,Functioning Properly,1,Clear,1,Daylight,14,Four-Way Intersection,1,Dry,1,Slow,1,No Defects,O20,O2,41.9018860,-87.7849121,41.9018860,-87.7848740,1133548.63,1907311.13
34311,26 01393,2601393,X004174476,2026-03-20,17:17:00,2026-03-20 17:17:00,2026-03-23 12:22:10,N Austin Blvd/N Chicago Alley,,N AUSTIN BLVD,N CHICAGO ALLEY,1,1,0,0,Injury,B Injury Crash,Car,15,Angle,2,2,0,5,"Over $1,500",0,1,0,0,1,0,1,02,Failing To Yield Right-Of-Way,28,Failing To Reduce Speed To Avoid Crash,1,No Controls,1,No Controls,1,Clear,1,Daylight,15,T-Intersection,1,Dry,1,Slow,1,No Defects,,,41.8947105,-87.7751083,41.8947105,-87.7751389,1136235.63,1904714.63
34320,26 01400,2601400,X004174481,2026-03-21,10:27:00,2026-03-21 10:27:00,2026-03-23 12:22:14,Fillmore St/S Kenilworth Ave,,FILLMORE ST,S KENILWORTH AVE,0,0,0,0,Property Damage,No Injuries,Car,9,Parked Motor Vehicle,2,2,0,5,"Over $1,500",1,0,0,0,0,0,0,20,Improper Lane Usage,28,Failing To Reduce Speed To Avoid Crash,2,Stop Sign,4,Functioning Properly,1,Clear,1,Daylight,2,"Divided, No Median Barrier",1,Dry,3,Free Flow,1,No Defects,O90,O18,41.8669128,-87.7964249,41.8669395,-87.7964325,1130494.13,1894547.25
34453,26 01711,2601711,X004197046,2026-03-21,10:39:00,2026-03-21 10:39:00,2026-04-14 14:52:32,S Oak Park Ave/Madison St,,S OAK PARK AVE,MADISON ST,1,1,0,0,Injury,B Injury Crash,Pedestrian,1,Pedestrian,2,1,0,3,$500 or less,0,1,0,0,1,0,1,02,Failing To Yield Right-Of-Way,28,Failing To Reduce Speed To Avoid Crash,3,Traffic Signal,4,Functioning Properly,1,Clear,1,Daylight,15,T-Intersection,1,Dry,3,Free Flow,1,No Defects,O60,O11,41.8797722,-87.7942200,41.8797722,-87.7942581,1131065.38,1899237.25
34315,26 01407,2601407,X004174477,2026-03-21,18:08:00,2026-03-21 18:08:00,2026-03-23 12:22:12,N Lombard Ave/Chicago Ave,,N LOMBARD AVE,CHICAGO AVE,1,1,0,0,Property Damage,No Injuries,Car,10,Turning (At Least One Vehicle),2,2,0,5,"Over $1,500",0,1,0,0,0,0,0,02,Failing To Yield Right-Of-Way,28,Failing To Reduce Speed To Avoid Crash,2,Stop Sign,4,Functioning Properly,1,Clear,1,Daylight,2,"Divided, No Median Barrier",1,Dry,1,Slow,1,No Defects,O30,O7,41.8946419,-87.7800446,41.8946495,-87.7800064,1134891.50,1904680.63
34345,26 01491,2601491,X004178681,2026-03-22,10:44:00,2026-03-22 10:44:00,2026-03-26 16:42:16,255 S Marion St,255,S MARION ST,,0,0,0,1,Property Damage,No Injuries,Car,9,Parked Motor Vehicle,2,2,0,3,$500 or less,1,0,0,0,0,0,0,28,Failing To Reduce Speed To Avoid Crash,18,Unable To Determine,1,No Controls,1,No Controls,1,Clear,1,Daylight,1,Not Divided,1,Dry,3,Free Flow,1,No Defects,O70,O12,41.8836861,-87.8024216,41.8835068,-87.8026199,1128823.38,1900649.13
34316,26 01413,2601413,X004174478,2026-03-22,11:27:00,2026-03-22 11:27:00,2026-03-23 12:22:13,211 S Kenilworth,211,S KENILWORTH,,0,0,0,1,Property Damage,No Injuries,Car,7,Other Object,2,1,0,4,"$501 to $1,500",1,0,0,0,0,0,0,18,Unable To Determine,99,Not Applicable,17,Pedestrian Crossing Sign,4,Functioning Properly,1,Clear,1,Daylight,2,"Divided, No Median Barrier",1,Dry,3,Free Flow,1,No Defects,O70,O12,41.8847313,-87.7970428,41.8851280,-87.7972183,1130286.00,1901040.88
34304,26 01416,2601416,X004174392,2026-03-22,12:34:00,2026-03-22 12:34:00,2026-03-22 14:25:24,1053 Lake St,1053,LAKE ST,,0,0,0,0,Property Damage,No Injuries,Car,9,Parked Motor Vehicle,2,2,0,4,"$501 to $1,500",1,0,0,0,0,0,0,15,Driving Skills/Knowledge/Experience,99,Not Applicable,3,Traffic Signal,4,Functioning Properly,8,Cloudy/Overcast,1,Daylight,1,Not Divided,1,Dry,1,Slow,1,No Defects,O30,O7,41.8881722,-87.7787704,41.8885574,-87.8021698,1135252.50,1902325.38
34317,26 01415,2601415,X004174479,2026-03-22,12:39:00,2026-03-22 12:39:00,2026-03-23 12:22:13,852 Madison St,852,MADISON ST,,0,0,0,0,Property Damage,No Injuries,Car,15,Angle,2,2,0,5,"Over $1,500",1,0,0,0,0,0,0,02,Failing To Yield Right-Of-Way,28,Failing To Reduce Speed To Avoid Crash,1,No Controls,1,No Controls,8,Cloudy/Overcast,1,Daylight,1,Not Divided,1,Dry,3,Free Flow,1,No Defects,O70,O12,41.8797569,-87.7966614,41.8798332,-87.7966766,1130400.38,1899228.50
34305,26 01418,2601418,X004174473,2026-03-22,13:40:00,2026-03-22 13:40:00,2026-03-23 12:22:09,164 N Euclid Ave,164,N EUCLID AVE,,0,0,0,0,Property Damage,No Injuries,Car,12,Sideswipe - Same Direction,2,2,0,5,"Over $1,500",1,0,0,0,0,0,0,02,Failing To Yield Right-Of-Way,28,Failing To Reduce Speed To Avoid Crash,1,No Controls,1,No Controls,1,Clear,1,Daylight,1,Not Divided,1,Dry,1,Slow,1,No Defects,O30,O8,41.8895187,-87.7926865,41.8896713,-87.7924194,1131461.00,1902791.50
34318,26 01419,2601419,X004174480,2026-03-22,15:12:00,2026-03-22 15:12:00,2026-03-23 12:22:13,Ridgeland/Madison,,RIDGELAND,MADISON,0,0,0,0,Property Damage,No Injuries,Car,15,Angle,2,2,0,5,"Over $1,500",1,0,0,0,0,0,0,02,Failing To Yield Right-Of-Way,28,Failing To Reduce Speed To Avoid Crash,2,Stop Sign,4,Functioning Properly,8,Cloudy/Overcast,1,Daylight,1,Not Divided,1,Dry,1,Slow,1,No Defects,O80,O13,41.8799324,-87.7844238,41.8799324,-87.7844620,1133732.63,1899313.88
34306,26 01420,2601420,X004174474,2026-03-22,19:05:00,2026-03-22 19:05:00,2026-03-23 12:22:09,1010 Madison St,1010,MADISON ST,,0,0,0,0,Property Damage,No Injuries,Car,9,Parked Motor Vehicle,2,2,0,5,"Over $1,500",1,0,0,0,0,0,0,30,Improper Backing,15,Driving Skills/Knowledge/Experience,1,No Controls,1,No Controls,1,Clear,5,"Darkness, Lighted Road",1,Not Divided,2,Wet,3,Free Flow,1,No Defects,O70,O12,41.8796959,-87.8004227,41.8797722,-87.8004532,1129376.88,1899199.63
34327,26 01436,2601436,X004175527,2026-03-23,14:30:00,2026-03-23 14:30:00,2026-03-24 09:17:13,200 N Kenilworth,200,N KENILWORTH,,0,0,0,0,Property Damage,No Injuries,Car,15,Angle,2,2,0,4,"$501 to $1,500",1,0,0,0,0,0,0,02,Failing To Yield Right-Of-Way,18,Unable To Determine,2,Stop Sign,4,Functioning Properly,1,Clear,1,Daylight,2,"Divided, No Median Barrier",1,Dry,3,Free Flow,1,No Defects,O40,O9,41.8901787,-87.7975159,41.8902741,-87.7973328,1130144.00,1903024.00
34326,26 01440,2601440,X004175489,2026-03-23,18:02:00,2026-03-23 18:02:00,2026-03-24 09:17:12,S Ridgeland Ave/Van Buren St,,S RIDGELAND AVE,VAN BUREN ST,1,1,0,0,Injury,B Injury Crash,Pedalcyclist,2,Pedalcyclist,2,1,0,3,$500 or less,0,1,0,0,1,0,1,02,Failing To Yield Right-Of-Way,99,Not Applicable,2,Stop Sign,4,Functioning Properly,1,Clear,1,Daylight,1,Not Divided,1,Dry,,,1,No Defects,O80,O13,41.8744621,-87.7842407,41.8744621,-87.7842789,1133795.00,1897319.63
34328,26 01442,2601442,X004176513,2026-03-23,19:12:00,2026-03-23 19:12:00,2026-03-24 09:17:13,Division St/N Harlem Ave,,DIVISION ST,N HARLEM AVE,1,0,0,0,Property Damage,No Injuries,Car,11,Front To Rear,3,3,0,4,"$501 to $1,500",1,0,0,0,0,0,0,28,Failing To Reduce Speed To Avoid Crash,03,Following Too Closely,3,Traffic Signal,4,Functioning Properly,1,Clear,5,"Darkness, Lighted Road",2,"Divided, No Median Barrier",1,Dry,1,Slow,1,No Defects,O20,O3,41.9015122,-87.8055191,41.9015427,-87.8055191,1127939.38,1907140.50
34336,26 01452,2601452,X004176970,2026-03-24,10:54:00,2026-03-24 10:54:00,2026-03-25 11:07:51,N Ridgeland Ave/Thomas St,,N RIDGELAND AVE,THOMAS ST,1,1,0,0,Property Damage,No Injuries,Car,15,Angle,2,2,0,5,"Over $1,500",0,1,0,0,0,0,0,02,Failing To Yield Right-Of-Way,99,Not Applicable,2,Stop Sign,4,Functioning Properly,1,Clear,1,Daylight,14,Four-Way Intersection,1,Dry,3,Free Flow,1,No Defects,O20,O5,41.8998909,-87.7851028,41.8998947,-87.7850571,1133502.50,1906584.25
34330,26 01455,2601455,X004176515,2026-03-24,14:56:00,2026-03-24 14:56:00,2026-03-24 19:27:33,S Grove Ave/Madison St,,S GROVE AVE,MADISON ST,1,1,0,0,Injury,C Injury Crash,Car,10,Turning (At Least One Vehicle),2,2,0,5,"Over $1,500",0,1,0,0,0,1,1,02,Failing To Yield Right-Of-Way,28,Failing To Reduce Speed To Avoid Crash,2,Stop Sign,4,Functioning Properly,1,Clear,1,Daylight,8,Other,1,Dry,1,Slow,1,No Defects,O70,O12,41.8797531,-87.7955475,41.8797531,-87.7954559,1130704.13,1899228.75
34337,26 01458,2601458,X004176973,2026-03-24,15:41:00,2026-03-24 15:41:00,2026-03-25 11:07:52,S Ridgeland Ave/Washington Blvd,,S RIDGELAND AVE,WASHINGTON BLVD,1,1,0,0,Property Damage,No Injuries,Car,11,Front To Rear,3,3,0,5,"Over $1,500",1,0,0,0,0,0,0,03,Following Too Closely,15,Driving Skills/Knowledge/Experience,3,Traffic Signal,4,Functioning Properly,1,Clear,1,Daylight,1,Not Divided,1,Dry,1,Slow,1,No Defects,O50,O10,41.8817215,-87.7844772,41.8817253,-87.7845154,1133714.00,1899965.25
34334,26 01461,2601461,X004176977,2026-03-24,18:31:00,2026-03-24 18:31:00,2026-03-25 11:07:50,North Ave/Fair Oaks Ave,,NORTH AVE,FAIR OAKS AVE,0,0,0,0,Property Damage,No Injuries,Car,12,Sideswipe - Same Direction,2,2,0,5,"Over $1,500",1,0,0,0,0,0,0,50,"Oper. Veh. In Erratic,Reckless,Careless Manne",99,Not Applicable,1,No Controls,1,No Controls,1,Clear,1,Daylight,1,Not Divided,1,Dry,3,Free Flow,1,No Defects,O20,O2,41.9090691,-87.7887497,41.9090958,-87.7887497,1132488.63,1909922.88
34331,26 01468,2601468,X004177054,2026-03-25,05:31:00,2026-03-25 05:31:00,2026-03-25 06:59:32,1020 S Humphrey Ave,1020,S HUMPHREY AVE,,0,0,0,0,Property Damage,No Injuries,Car,7,Other Object,2,1,0,5,"Over $1,500",1,0,0,0,0,0,0,04,Improper Overtaking/Passing,28,Failing To Reduce Speed To Avoid Crash,1,No Controls,1,No Controls,1,Clear,4,Darkness,1,Not Divided,1,Dry,3,Free Flow,1,No Defects,O90,O16,41.8699570,-87.7755661,41.8699265,-87.7753296,1136169.88,1895693.25
34338,26 01469,2601469,X004177623,2026-03-25,07:19:00,2026-03-25 07:19:00,2026-03-25 17:10:48,Madison St/N Harlem Ave,,MADISON ST,N HARLEM AVE,0,1,0,0,Property Damage,No Injuries,Car,11,Front To Rear,2,2,0,3,$500 or less,1,0,0,0,0,0,0,03,Following Too Closely,28,Failing To Reduce Speed To Avoid Crash,3,Traffic Signal,4,Functioning Properly,1,Clear,1,Daylight,4,Two-Way Continuous Left-Turn Lane,1,Dry,3,Free Flow,1,No Defects,O60,O15,41.8796349,-87.8047333,41.8796654,-87.8047333,1128202.63,1899169.38
34341,26 01473,2601473,X004177954,2026-03-25,12:17:00,2026-03-25 12:17:00,2026-03-26 09:47:37,North Blvd/Forest Ave,,NORTH BLVD,FOREST AVE,0,1,0,0,Property Damage,No Injuries,Car,10,Turning (At Least One Vehicle),2,2,0,5,"Over $1,500",1,0,0,0,0,0,0,30,Improper Backing,15,Driving Skills/Knowledge/Experience,2,Stop Sign,4,Functioning Properly,1,Clear,1,Daylight,1,Not Divided,1,Dry,3,Free Flow,1,No Defects,O40,O9,41.8871422,-87.8006134,41.8872528,-87.8007050,1129307.00,1901912.50
34342,26 01484,2601484,X004177957,2026-03-25,19:52:00,2026-03-25 19:52:00,2026-03-26 09:47:38,S Harlem Ave/I290 Expy W,,S HARLEM AVE,I290 EXPY W,1,1,0,0,Property Damage,No Injuries,Car,10,Turning (At Least One Vehicle),2,2,0,5,"Over $1,500",1,0,0,0,0,0,0,06,Improper Turning/No Signal,99,Not Applicable,3,Traffic Signal,4,Functioning Properly,1,Clear,5,"Darkness, Lighted Road",1,Not Divided,1,Dry,3,Free Flow,1,No Defects,O60,O15,41.8737946,-87.8044968,41.8738136,-87.8045197,1128281.50,1897042.00
34343,26 01486,2601486,X004178678,2026-03-26,07:30:00,2026-03-26 07:30:00,2026-03-26 16:42:14,Berkshire St/N Taylor Ave,,BERKSHIRE ST,N TAYLOR AVE,1,1,0,0,Property Damage,No Injuries,Car,15,Angle,2,2,0,5,"Over $1,500",0,1,0,0,0,0,0,02,Failing To Yield Right-Of-Way,28,Failing To Reduce Speed To Avoid Crash,2,Stop Sign,4,Functioning Properly,1,Clear,1,Daylight,1,Not Divided,1,Dry,3,Free Flow,1,No Defects,O10,O1,41.9038582,-87.7778702,41.9038925,-87.7778702,1135461.75,1908043.75
34344,26 01489,2601489,X004178679,2026-03-26,11:30:00,2026-03-26 11:30:00,2026-03-26 16:42:15,1225 N Ridgeland Ave,1225,N RIDGELAND AVE,,0,0,0,0,Injury,B Injury Crash,Car,11,Front To Rear,4,4,0,5,"Over $1,500",0,1,0,0,3,0,3,28,Failing To Reduce Speed To Avoid Crash,15,Driving Skills/Knowledge/Experience,1,No Controls,1,No Controls,1,Clear,1,Daylight,1,Not Divided,1,Dry,1,Slow,1,No Defects,O20,O2,41.9081879,-87.7833786,41.9082108,-87.7836762,1133952.25,1909610.50