record_id,report_number,crash_id,idot_crash_number,date,time,occurred_at,record_added_at,location,street_number,street_name,cross_street,at_intersection,intersection_related,private_property,hit_and_run,crash_severity,crash_injury_severity,crash_mode,crash_type_code,crash_type,total_units,num_motor_vehicles,dooring_pedalcyclist,damage_code,damage,no_injury_drive_away,injury_or_towed,fatalities,a_injuries,b_injuries,c_injuries,total_injured,cause1_code,cause1,cause2_code,cause2,traffic_control_code,traffic_control,device_condition_code,device_condition,weather_code,weather,lighting_code,lighting,trafficway_code,trafficway,road_surface_code,road_surface,flow_condition_code,flow_condition,road_defects_code,road_defects,beat_zone,post_district,latitude,longitude,latitude_geocoded,longitude_geocoded,state_plane_x,state_plane_y
34346,26 01493,2601493,X004178682,2026-03-26,15:17:00,2026-03-26 15:17:00,2026-03-26 16:42:17,Chicago Ave/N Oak Park Ave,,CHICAGO AVE,N OAK PARK AVE,1,1,0,0,Property Damage,No Injuries,Car,12,Sideswipe - Same Direction,2,2,0,3,$500 or less,1,0,0,0,0,0,0,04,Improper Overtaking/Passing,15,Driving Skills/Knowledge/Experience,3,Traffic Signal,4,Functioning Properly,8,Cloudy/Overcast,1,Daylight,4,Two-Way Continuous Left-Turn Lane,2,Wet,2,Stopped,1,No Defects,O30,O8,41.8943825,-87.7946701,41.8944054,-87.7946777,1130909.25,1904560.00
34362,26 01494,2601494,X004181595,2026-03-26,16:19:00,2026-03-26 16:19:00,2026-03-30 11:32:49,1042 Chicago Ave,1042,CHICAGO AVE,,0,0,0,0,Injury,B Injury Crash,Car,11,Front To Rear,2,2,0,4,"$501 to $1,500",0,1,0,0,1,0,1,28,Failing To Reduce Speed To Avoid Crash,15,Driving Skills/Knowledge/Experience,3,Traffic Signal,4,Functioning Properly,8,Cloudy/Overcast,1,Daylight,15,T-Intersection,1,Dry,1,Slow,1,No Defects,O10,O4,41.8947144,-87.7767563,41.8943787,-87.8026962,1135785.50,1904712.25
34348,26 01495,2601495,X004178748,2026-03-26,18:03:00,2026-03-26 18:03:00,2026-03-27 07:18:17,S Lombard St/Garfield St,,S LOMBARD ST,GARFIELD ST,1,1,0,0,Property Damage,No Injuries,Car,15,Angle,2,2,0,5,"Over $1,500",1,0,0,0,0,0,0,23,Disregarding Stop Sign,18,Unable To Determine,2,Stop Sign,4,Functioning Properly,2,Rain,5,"Darkness, Lighted Road",1,Not Divided,2,Wet,3,Free Flow,1,No Defects,O90,O16,41.8707886,-87.7792053,41.8707886,-87.7792358,1135176.63,1895989.75
34353,26 01501,2601501,X004181600,2026-03-27,10:15:00,2026-03-27 10:15:00,2026-03-30 11:32:46,814 North Blvd,814,NORTH BLVD,,0,0,0,0,Property Damage,No Injuries,Car,9,Parked Motor Vehicle,2,2,0,3,$500 or less,1,0,0,0,0,0,0,15,Driving Skills/Knowledge/Experience,28,Failing To Reduce Speed To Avoid Crash,1,No Controls,1,No Controls,1,Clear,1,Daylight,10,One-Way,1,Dry,1,Slow,1,No Defects,O40,O9,41.8872910,-87.7951736,41.8873482,-87.7952194,1130789.13,1901975.25
34354,26 01502,2601502,X004181601,2026-03-27,12:06:00,2026-03-27 12:06:00,2026-03-30 11:32:46,N Harlem Ave/Pleasant St,,N HARLEM AVE,PLEASANT ST,0,0,0,0,Property Damage,No Injuries,Car,11,Front To Rear,2,2,0,5,"Over $1,500",1,0,0,0,0,0,0,28,Failing To Reduce Speed To Avoid Crash,99,Not Applicable,3,Traffic Signal,4,Functioning Properly,1,Clear,1,Daylight,2,"Divided, No Median Barrier",1,Dry,1,Slow,1,No Defects,F1,FPPD,41.8853912,-87.8049774,41.8854065,-87.8049393,1128124.38,1901267.88
34357,26 01517,2601517,X004181604,2026-03-28,09:34:00,2026-03-28 09:34:00,2026-03-30 11:32:47,Kenilworth/Lake St,,KENILWORTH,LAKE ST,0,0,0,0,Property Damage,No Injuries,Car,16,Rear To Side,2,2,0,5,"Over $1,500",1,0,0,0,0,0,0,30,Improper Backing,99,Not Applicable,3,Traffic Signal,4,Functioning Properly,1,Clear,1,Daylight,1,Not Divided,1,Dry,1,Slow,1,No Defects,O40,O9,41.8886948,-87.7971268,41.8886986,-87.7975082,1130254.25,1902484.38
34355,26 01518,2601518,X004181605,2026-03-28,09:56:00,2026-03-28 09:56:00,2026-03-30 11:32:46,S Austin Blvd/Wb I290,,S AUSTIN BLVD,WB I290,1,1,0,1,Property Damage,No Injuries,Car,10,Turning (At Least One Vehicle),2,2,0,5,"Over $1,500",1,0,0,0,0,0,0,25,Disregarding Traffic Signals,99,Not Applicable,3,Traffic Signal,4,Functioning Properly,1,Clear,5,"Darkness, Lighted Road",1,Not Divided,1,Dry,3,Free Flow,1,No Defects,O80,O13,41.8712502,-87.7743759,41.8710709,-87.7743301,1136490.13,1896166.00
34359,26 01541,2601541,X004181607,2026-03-29,12:57:00,2026-03-29 12:57:00,2026-03-30 11:32:48,Division St/N Taylor Ave,,DIVISION ST,N TAYLOR AVE,1,1,0,0,Injury,C Injury Crash,Car,11,Front To Rear,3,3,0,5,"Over $1,500",0,1,0,0,0,1,1,03,Following Too Closely,99,Not Applicable,1,No Controls,1,No Controls,9,Unknown,1,Daylight,1,Not Divided,1,Dry,3,Free Flow,1,No Defects,O10,O4,41.9019432,-87.7777939,41.9019737,-87.7778015,1135486.00,1907345.50
34358,26 01549,2601549,X004181609,2026-03-29,23:51:00,2026-03-29 23:51:00,2026-03-30 11:32:48,S Austin Blvd/Roosevelt Rd,,S AUSTIN BLVD,ROOSEVELT RD,1,1,0,0,Property Damage,No Injuries,Car,15,Angle,2,2,0,5,"Over $1,500",0,1,0,0,0,0,0,25,Disregarding Traffic Signals,99,Not Applicable,3,Traffic Signal,4,Functioning Properly,1,Clear,5,"Darkness, Lighted Road",2,"Divided, No Median Barrier",1,Dry,3,Free Flow,1,No Defects,O90,O16,41.8654671,-87.7741699,41.8654709,-87.7741394,1136559.00,1894060.13
34365,26 01560,2601560,X004182607,2026-03-30,18:25:00,2026-03-30 18:25:00,2026-03-31 10:19:26,1125 Ontario St,1125,ONTARIO ST,,0,0,0,0,Property Damage,No Injuries,Car,18,Rear To Front,2,2,0,4,"$501 to $1,500",1,0,0,0,0,0,0,30,Improper Backing,99,Not Applicable,1,No Controls,1,No Controls,1,Clear,2,Dawn,1,Not Divided,1,Dry,3,Free Flow,1,No Defects,O30,O8,41.8902855,-87.7875290,41.8897705,-87.8039246,1132862.50,1903080.75
34364,26 01561,2601561,X004183476,2026-03-30,19:02:00,2026-03-30 19:02:00,2026-03-31 10:19:26,S Ridgeland Ave/Madison St,,S RIDGELAND AVE,MADISON ST,0,0,0,0,Property Damage,No Injuries,Car,15,Angle,2,2,0,5,"Over $1,500",1,0,0,0,0,0,0,02,Failing To Yield Right-Of-Way,28,Failing To Reduce Speed To Avoid Crash,1,No Controls,1,No Controls,1,Clear,1,Daylight,2,"Divided, No Median Barrier",1,Dry,3,Free Flow,1,No Defects,O80,O13,41.8799324,-87.7844238,41.8799324,-87.7844620,1133732.63,1899313.88
34371,26 01570,2601570,X004183821,2026-03-31,07:47:00,2026-03-31 07:47:00,2026-04-01 10:06:08,North Ave/N Lombard Ave,,NORTH AVE,N LOMBARD AVE,1,1,0,0,Property Damage,No Injuries,Car,11,Front To Rear,2,2,0,5,"Over $1,500",1,0,0,0,0,0,0,28,Failing To Reduce Speed To Avoid Crash,15,Driving Skills/Knowledge/Experience,1,No Controls,1,No Controls,1,Clear,1,Daylight,15,T-Intersection,1,Dry,1,Slow,1,No Defects,O10,O1,41.9091682,-87.7808227,41.9091911,-87.7808227,1134644.50,1909972.13
34366,26 01571,2601571,X004182606,2026-03-31,07:50:00,2026-03-31 07:50:00,2026-03-31 10:19:27,N Harlem Ave/Pleasant St,,N HARLEM AVE,PLEASANT ST,0,0,0,0,Property Damage,No Injuries,Car,11,Front To Rear,2,2,0,5,"Over $1,500",1,0,0,0,0,0,0,28,Failing To Reduce Speed To Avoid Crash,18,Unable To Determine,1,No Controls,1,No Controls,1,Clear,1,Daylight,1,Not Divided,1,Dry,3,Free Flow,1,No Defects,O70,O13,41.8853912,-87.8049774,41.8854065,-87.8049393,1128124.38,1901267.88
34422,26 01573,2601573,X004193638,2026-03-31,10:18:00,2026-03-31 10:18:00,2026-04-10 08:00:05,720 Washington Blvd,720,WASHINGTON BLVD,,0,0,0,1,Property Damage,No Injuries,Car,9,Parked Motor Vehicle,2,2,0,5,"Over $1,500",0,1,0,0,0,0,0,28,Failing To Reduce Speed To Avoid Crash,18,Unable To Determine,1,No Controls,1,No Controls,1,Clear,1,Daylight,1,Not Divided,1,Dry,3,Free Flow,1,No Defects,O60,O11,41.8815918,-87.7939529,41.8816795,-87.7938461,1131133.38,1899901.63
34374,26 01578,2601578,X004183817,2026-03-31,11:56:00,2026-03-31 11:56:00,2026-04-01 10:11:57,N Humphrey Ave/Le Moyne Pkwy,,N HUMPHREY AVE,LE MOYNE PKWY,1,1,0,0,Property Damage,No Injuries,Car,15,Angle,2,2,0,5,"Over $1,500",1,0,0,0,0,0,0,02,Failing To Yield Right-Of-Way,15,Driving Skills/Knowledge/Experience,2,Stop Sign,4,Functioning Properly,1,Clear,1,Daylight,14,Four-Way Intersection,1,Dry,3,Free Flow,1,No Defects,O10,O1,41.9075203,-87.7768936,41.9075279,-87.7768555,1135718.63,1909379.88
34370,26 01579,2601579,X004183806,2026-03-31,12:40:00,2026-03-31 12:40:00,2026-04-01 10:06:08,S Harlem Ave/Harvard St,,S HARLEM AVE,HARVARD ST,1,1,0,0,Property Damage,No Injuries,Car,11,Front To Rear,3,3,0,5,"Over $1,500",0,1,0,0,0,0,0,03,Following Too Closely,28,Failing To Reduce Speed To Avoid Crash,1,No Controls,1,No Controls,2,Rain,2,Dawn,2,"Divided, No Median Barrier",2,Wet,1,Slow,1,No Defects,O90,O18,41.8686790,-87.8043060,41.8686943,-87.8043366,1128344.38,1895178.63
34373,26 01583,2601583,X004183800,2026-03-31,15:44:00,2026-03-31 15:44:00,2026-04-01 10:11:56,S Harvey Ave/South Blvd,,S HARVEY AVE,SOUTH BLVD,1,1,0,0,Property Damage,No Injuries,Car,10,Turning (At Least One Vehicle),2,2,0,4,"$501 to $1,500",1,0,0,0,0,0,0,02,Failing To Yield Right-Of-Way,18,Unable To Determine,2,Stop Sign,4,Functioning Properly,1,Clear,1,Daylight,14,Four-Way Intersection,1,Dry,3,Free Flow,1,No Defects,O50,O10,41.8870468,-87.7813492,41.8870430,-87.7813797,1134554.75,1901911.50
34372,26 01584,2601584,X004183788,2026-03-31,20:18:00,2026-03-31 20:18:00,2026-04-01 10:06:09,Madison St/Home Ave,,MADISON ST,HOME AVE,1,1,0,0,Property Damage,No Injuries,Car,11,Front To Rear,2,2,0,5,"Over $1,500",1,0,0,0,0,0,0,28,Failing To Reduce Speed To Avoid Crash,99,Not Applicable,3,Traffic Signal,4,Functioning Properly,1,Clear,5,"Darkness, Lighted Road",1,Not Divided,1,Dry,3,Free Flow,1,No Defects,O60,O15,41.8796501,-87.7998657,41.8796806,-87.7998657,1129528.50,1899183.75
34379,26 01591,2601591,X004185556,2026-04-01,14:00:00,2026-04-01 14:00:00,2026-04-02 09:29:22,N Austin Blvd/Lake St,,N AUSTIN BLVD,LAKE ST,0,0,0,1,Property Damage,No Injuries,Car,12,Sideswipe - Same Direction,2,2,0,5,"Over $1,500",1,0,0,0,0,0,0,20,Improper Lane Usage,99,Not Applicable,3,Traffic Signal,4,Functioning Properly,1,Clear,1,Daylight,1,Not Divided,1,Dry,1,Slow,1,No Defects,,,41.8880272,-87.7748947,41.8880234,-87.7749329,1136309.00,1902279.13
34375,26 01595,2601595,X004184467,2026-04-01,16:33:00,2026-04-01 16:33:00,2026-04-01 17:53:47,S Harlem Ave/Garfield St,,S HARLEM AVE,GARFIELD ST,0,0,0,1,Property Damage,No Injuries,Car,12,Sideswipe - Same Direction,2,2,0,3,$500 or less,1,0,0,0,0,0,0,28,Failing To Reduce Speed To Avoid Crash,99,Not Applicable,3,Traffic Signal,4,Functioning Properly,8,Cloudy/Overcast,1,Daylight,1,Not Divided,1,Dry,1,Slow,1,No Defects,O90,O18,41.8723068,-87.8044357,41.8723183,-87.8044663,1128300.88,1896500.75
34377,26 01599,2601599,X004184781,2026-04-01,23:43:00,2026-04-01 23:43:00,2026-04-02 09:29:21,Garfield St/S Oak Park Ave,,GARFIELD ST,S OAK PARK AVE,1,1,0,0,Property Damage,No Injuries,Car,10,Turning (At Least One Vehicle),2,2,0,4,"$501 to $1,500",1,0,0,0,0,0,0,02,Failing To Yield Right-Of-Way,28,Failing To Reduce Speed To Avoid Crash,3,Traffic Signal,1,No Controls,2,Rain,5,"Darkness, Lighted Road",1,Not Divided,2,Wet,3,Free Flow,1,No Defects,O90,O18,41.8719978,-87.7939911,41.8720245,-87.7939911,1131146.25,1896404.88
34383,26 01607,2601607,X004185645,2026-04-02,13:29:00,2026-04-02 13:29:00,2026-04-03 07:30:26,S Harlem Ave/Lexington St,,S HARLEM AVE,LEXINGTON ST,1,1,0,0,Property Damage,No Injuries,Car,10,Turning (At Least One Vehicle),2,2,0,4,"$501 to $1,500",1,0,0,0,0,0,0,02,Failing To Yield Right-Of-Way,99,Not Applicable,1,No Controls,1,No Controls,8,Cloudy/Overcast,1,Daylight,1,Not Divided,2,Wet,3,Free Flow,1,No Defects,O90,O18,41.8704796,-87.8043671,41.8704834,-87.8043976,1128323.00,1895834.00
34387,26 01611,2601611,X004188645,2026-04-02,15:49:00,2026-04-02 15:49:00,2026-04-06 08:52:55,7035 North Ave,7035,NORTH AVE,,0,0,0,0,Property Damage,No Injuries,Car,12,Sideswipe - Same Direction,2,2,0,3,$500 or less,1,0,0,0,0,0,0,18,Unable To Determine,18,Unable To Determine,1,No Controls,1,No Controls,2,Rain,1,Daylight,1,Not Divided,2,Wet,3,Free Flow,1,No Defects,O20,O3,41.9088860,-87.8028717,41.9087791,-87.8028412,1128643.13,1909831.13
34384,26 01612,2601612,X004186639,2026-04-02,16:29:00,2026-04-02 16:29:00,2026-04-03 07:36:20,S Ridgeland Ave/Harvard St,,S RIDGELAND AVE,HARVARD ST,0,0,0,0,Property Damage,No Injuries,Car,11,Front To Rear,2,2,0,4,"$501 to $1,500",1,0,0,0,0,0,0,28,Failing To Reduce Speed To Avoid Crash,99,Not Applicable,3,Traffic Signal,4,Functioning Properly,2,Rain,1,Daylight,2,"Divided, No Median Barrier",2,Wet,3,Free Flow,1,No Defects,O90,O16,41.8689842,-87.7840500,41.8689804,-87.7840881,1133859.50,1895323.25
34382,26 01614,2601614,X004185647,2026-04-02,17:19:00,2026-04-02 17:19:00,2026-04-03 07:30:26,N Marion St/Lake St,,N MARION ST,LAKE ST,1,0,0,1,Property Damage,No Injuries,Car,11,Front To Rear,2,2,0,3,$500 or less,1,0,0,0,0,0,0,28,Failing To Reduce Speed To Avoid Crash,15,Driving Skills/Knowledge/Experience,3,Traffic Signal,4,Functioning Properly,1,Clear,1,Daylight,1,Not Divided,1,Dry,2,Stopped,1,No Defects,O40,O9,41.8886414,-87.8025055,41.8886452,-87.8026276,1128789.13,1902455.00
34381,26 01616,2601616,X004185649,2026-04-02,21:31:00,2026-04-02 21:31:00,2026-04-03 07:30:25,Madison St/S East Ave,,MADISON ST,S EAST AVE,1,1,0,0,Injury,B Injury Crash,Pedestrian,1,Pedestrian,2,1,0,3,$500 or less,0,1,0,0,1,0,1,02,Failing To Yield Right-Of-Way,25,Disregarding Traffic Signals,3,Traffic Signal,4,Functioning Properly,2,Rain,5,"Darkness, Lighted Road",2,"Divided, No Median Barrier",2,Wet,3,Free Flow,1,No Defects,O60,O14,41.8798218,-87.7893600,41.8798523,-87.7893600,1132389.38,1899263.88
34388,26 01623,2601623,X004188655,2026-04-03,08:56:00,2026-04-03 08:56:00,2026-04-06 08:58:55,Lake St/N Harlem Ave,,LAKE ST,N HARLEM AVE,1,1,0,0,Injury,B Injury Crash,Car,13,Sideswipe - Opposite Direction,5,5,0,5,"Over $1,500",0,1,0,0,3,0,3,25,Disregarding Traffic Signals,28,Failing To Reduce Speed To Avoid Crash,3,Traffic Signal,4,Functioning Properly,1,Clear,1,Daylight,14,Four-Way Intersection,1,Dry,3,Free Flow,1,No Defects,O40,O9,41.8885536,-87.8050537,41.8885841,-87.8050537,1128096.13,1902419.63
34390,26 01631,2601631,X004188683,2026-04-03,10:29:00,2026-04-03 10:29:00,2026-04-06 08:58:56,N Austin Blvd/Madison St,,N AUSTIN BLVD,MADISON ST,0,0,0,0,Property Damage,No Injuries,Car,12,Sideswipe - Same Direction,2,2,0,3,$500 or less,1,0,0,0,0,0,0,28,Failing To Reduce Speed To Avoid Crash,99,Not Applicable,3,Traffic Signal,4,Functioning Properly,1,Clear,1,Daylight,1,Not Divided,1,Dry,1,Slow,1,No Defects,,,41.8800926,-87.7746201,41.8800888,-87.7746582,1136401.50,1899388.00
34389,26 01630,2601630,X004188667,2026-04-03,17:18:00,2026-04-03 17:18:00,2026-04-06 08:58:55,North Ave/Mcvicker,,NORTH AVE,MCVICKER,1,1,0,0,Property Damage,No Injuries,Car,10,Turning (At Least One Vehicle),2,2,0,5,"Over $1,500",1,0,0,0,0,0,0,02,Failing To Yield Right-Of-Way,99,Not Applicable,1,No Controls,1,No Controls,1,Clear,1,Daylight,2,"Divided, No Median Barrier",1,Dry,1,Slow,1,No Defects,O10,O1,41.9092216,-87.7764435,41.9090729,-87.7906723,1135837.38,1909999.38
34392,26 01628,2601628,X004188656,2026-04-03,17:53:00,2026-04-03 17:53:00,2026-04-06 08:58:57,Roosevelt Rd/East Ave,,ROOSEVELT RD,EAST AVE,1,1,0,0,Property Damage,No Injuries,Car,10,Turning (At Least One Vehicle),2,2,0,5,"Over $1,500",1,0,0,0,0,0,0,06,Improper Turning/No Signal,99,Not Applicable,3,Traffic Signal,4,Functioning Properly,1,Clear,5,"Darkness, Lighted Road",1,Not Divided,1,Dry,3,Free Flow,1,No Defects,O90,O17,41.8652763,-87.7888641,41.8652534,-87.7888641,1132558.38,1893964.75
34391,26 01639,2601639,X004188686,2026-04-04,11:28:00,2026-04-04 11:28:00,2026-04-06 08:58:56,464 N Austin Blvd,464,N AUSTIN BLVD,,0,0,0,0,Injury,C Injury Crash,Pedestrian,1,Pedestrian,2,1,0,5,"Over $1,500",0,1,0,0,0,1,1,63,Related To Bus Stop,18,Unable To Determine,1,No Controls,1,No Controls,2,Rain,2,Dawn,2,"Divided, No Median Barrier",2,Wet,3,Free Flow,1,No Defects,,,41.8897629,-87.7749558,41.8899078,-87.7751846,1136287.88,1902912.63
34393,26 01645,2601645,X004189301,2026-04-04,14:56:00,2026-04-04 14:56:00,2026-04-06 08:52:55,S Marion St/South Blvd,,S MARION ST,SOUTH BLVD,0,0,0,1,Property Damage,No Injuries,Car,9,Parked Motor Vehicle,2,2,0,5,"Over $1,500",1,0,0,0,0,0,0,20,Improper Lane Usage,18,Unable To Determine,1,No Controls,1,No Controls,1,Clear,1,Daylight,1,Not Divided,1,Dry,3,Free Flow,1,No Defects,O70,O12,41.8867378,-87.8024979,41.8867378,-87.8025360,1128796.25,1901762.25
34386,26 01644,2601644,X004187414,2026-04-04,15:17:00,2026-04-04 15:17:00,2026-04-04 21:12:48,218 Madison St,218,MADISON ST,,0,0,0,0,Injury,A Injury Crash,Car,6,Fixed Object,3,2,0,5,"Over $1,500",0,1,0,1,0,0,1,17,Physical Condition Of Driver,28,Failing To Reduce Speed To Avoid Crash,1,No Controls,1,No Controls,1,Clear,1,Daylight,1,Not Divided,1,Dry,3,Free Flow,1,No Defects,O80,O13,41.8800163,-87.7806778,41.8801689,-87.7805939,1134752.63,1899350.13
34394,26 01648,2601648,X004189302,2026-04-04,16:28:00,2026-04-04 16:28:00,2026-04-06 08:58:57,521 S Ridgeland Ave,521,S RIDGELAND AVE,,0,0,0,0,Injury,C Injury Crash,Car,10,Turning (At Least One Vehicle),2,2,0,5,"Over $1,500",0,1,0,0,0,1,1,06,Improper Turning/No Signal,18,Unable To Determine,1,No Controls,1,No Controls,1,Clear,1,Daylight,1,Not Divided,1,Dry,3,Free Flow,1,No Defects,O80,O13,41.8790474,-87.7844009,41.8790245,-87.7846298,1133741.88,1898990.88
34395,26 01660,2601660,X004189303,2026-04-05,13:03:00,2026-04-05 13:03:00,2026-04-06 08:58:58,420 S Kenilworth Ave,420,S KENILWORTH AVE,,0,0,0,1,Property Damage,No Injuries,Car,9,Parked Motor Vehicle,2,2,0,4,"$501 to $1,500",1,0,0,0,0,0,0,28,Failing To Reduce Speed To Avoid Crash,18,Unable To Determine,1,No Controls,1,No Controls,1,Clear,1,Daylight,1,Not Divided,1,Dry,3,Free Flow,1,No Defects,O70,O12,41.8815537,-87.7970123,41.8807068,-87.7967758,1130300.38,1899881.75
34400,26 01667,2601667,X004197056,2026-04-06,06:11:00,2026-04-06 06:11:00,2026-04-06 16:53:44,506 Wisconsin Ave,506,WISCONSIN AVE,,0,0,0,0,Property Damage,No Injuries,Car,18,Rear To Front,2,2,0,4,"$501 to $1,500",1,0,0,0,0,0,0,30,Improper Backing,18,Unable To Determine,1,No Controls,1,No Controls,1,Clear,1,Daylight,1,Not Divided,1,Dry,1,Slow,1,No Defects,O60,O15,41.8794861,-87.8023529,41.8793144,-87.8021469,1128851.00,1899119.63
34396,26 01670,2601670,X004189304,2026-04-06,07:20:00,2026-04-06 07:20:00,2026-04-06 10:31:42,Woodbine Ave/Greenfield St,,WOODBINE AVE,GREENFIELD ST,1,1,0,0,Property Damage,No Injuries,Car,15,Angle,2,2,0,4,"$501 to $1,500",1,0,0,0,0,0,0,02,Failing To Yield Right-Of-Way,18,Unable To Determine,2,Stop Sign,4,Functioning Properly,1,Clear,1,Daylight,2,"Divided, No Median Barrier",1,Dry,3,Free Flow,1,No Defects,O20,O3,41.9052887,-87.7995300,41.9052963,-87.7994919,1129561.50,1908527.00
34401,26 01672,2601672,X004189306,2026-04-06,09:44:00,2026-04-06 09:44:00,2026-04-06 16:59:42,S Maple Ave/Washington Blvd,,S MAPLE AVE,WASHINGTON BLVD,1,1,0,0,Injury,B Injury Crash,Car,15,Angle,2,2,0,5,"Over $1,500",0,1,0,0,1,0,1,02,Failing To Yield Right-Of-Way,28,Failing To Reduce Speed To Avoid Crash,2,Stop Sign,4,Functioning Properly,1,Clear,1,Daylight,1,Not Divided,1,Dry,3,Free Flow,1,No Defects,O70,O12,41.8814201,-87.8038940,41.8814201,-87.8039246,1128428.25,1899821.25
34402,26 01674,2601674,X004189307,2026-04-06,12:06:00,2026-04-06 12:06:00,2026-04-06 16:59:42,Madison St/Wesley Ave,,MADISON ST,WESLEY AVE,1,1,0,0,Property Damage,No Injuries,Car,10,Turning (At Least One Vehicle),2,2,0,5,"Over $1,500",1,0,0,0,0,0,0,28,Failing To Reduce Speed To Avoid Crash,15,Driving Skills/Knowledge/Experience,10,Other Regulatory Sign,4,Functioning Properly,1,Clear,1,Daylight,1,Not Divided,1,Dry,1,Slow,1,No Defects,O60,O14,41.8797798,-87.7918091,41.8798065,-87.7918091,1131722.38,1899244.13
34403,26 01685,2601685,X004189308,2026-04-06,19:37:00,2026-04-06 19:37:00,2026-04-06 22:50:33,328 N Maple Ave,328,N MAPLE AVE,,0,0,0,1,Property Damage,No Injuries,Car,7,Other Object,1,1,0,3,$500 or less,1,0,0,0,0,0,0,28,Failing To Reduce Speed To Avoid Crash,15,Driving Skills/Knowledge/Experience,1,No Controls,1,No Controls,1,Clear,1,Daylight,1,Not Divided,1,Dry,3,Free Flow,1,No Defects,O40,O9,41.8921814,-87.8038559,41.8929024,-87.8037720,1128413.00,1903743.88
34407,26 01693,2601693,X004189998,2026-04-07,11:30:00,2026-04-07 11:30:00,2026-04-07 16:40:10,711 N Harlem Ave,711,N HARLEM AVE,,0,0,0,0,Injury,C Injury Crash,Car,12,Sideswipe - Same Direction,3,3,0,5,"Over $1,500",0,1,0,0,0,2,2,04,Improper Overtaking/Passing,04,Improper Overtaking/Passing,1,No Controls,1,No Controls,1,Clear,1,Daylight,2,"Divided, No Median Barrier",1,Dry,1,Slow,1,No Defects,R82,RFPD,41.8933945,-87.8052521,41.8934708,-87.8050842,1128031.00,1904182.75
34406,26 01695,2601695,X004189995,2026-04-07,12:03:00,2026-04-07 12:03:00,2026-04-07 16:34:20,Madison St/Austin,,MADISON ST,AUSTIN,0,0,0,1,Property Damage,No Injuries,Car,12,Sideswipe - Same Direction,2,2,0,5,"Over $1,500",1,0,0,0,0,0,0,02,Failing To Yield Right-Of-Way,20,Improper Lane Usage,1,No Controls,1,No Controls,1,Clear,1,Daylight,2,"Divided, No Median Barrier",1,Dry,3,Free Flow,1,No Defects,O80,O13,41.8800621,-87.7746582,41.8800888,-87.7746582,1136391.38,1899377.50
34408,26 01709,2601709,X004191540,2026-04-08,09:42:00,2026-04-08 09:42:00,2026-04-08 12:24:40,Madison St/Home Ave,,MADISON ST,HOME AVE,0,0,0,0,Property Damage,No Injuries,Car,15,Angle,2,2,0,4,"$501 to $1,500",1,0,0,0,0,0,0,18,Unable To Determine,18,Unable To Determine,1,No Controls,1,No Controls,1,Clear,1,Daylight,1,Not Divided,1,Dry,3,Free Flow,1,No Defects,O60,O15,41.8796501,-87.7998657,41.8796806,-87.7998657,1129528.50,1899183.75
34415,26 01749,2601749,X004193635,2026-04-08,15:31:00,2026-04-08 15:31:00,2026-04-10 07:54:02,S Harlem Ave/I290,,S HARLEM AVE,I290,0,0,0,1,Property Damage,No Injuries,Car,11,Front To Rear,2,2,0,5,"Over $1,500",1,0,0,0,0,0,0,28,Failing To Reduce Speed To Avoid Crash,03,Following Too Closely,3,Traffic Signal,4,Functioning Properly,1,Clear,1,Daylight,4,Two-Way Continuous Left-Turn Lane,1,Dry,3,Free Flow,1,No Defects,O60,O15,41.8737946,-87.8044968,41.8736153,-87.8045197,1128281.50,1897042.00
34420,26 01722,2601722,X004193637,2026-04-08,16:12:00,2026-04-08 16:12:00,2026-04-10 08:00:03,1125 Ontario St,1125,ONTARIO ST,,0,0,0,1,Property Damage,No Injuries,Car,6,Fixed Object,2,1,0,5,"Over $1,500",1,0,0,0,0,0,0,50,"Oper. Veh. In Erratic,Reckless,Careless Manne",15,Driving Skills/Knowledge/Experience,13,Other,4,Functioning Properly,1,Clear,1,Daylight,7,Parking Lot,1,Dry,1,Slow,1,No Defects,O40,O9,41.8905373,-87.8039322,41.8897705,-87.8039246,1128396.75,1903143.13
34418,26 01724,2601724,X004193636,2026-04-08,16:35:00,2026-04-08 16:35:00,2026-04-10 07:54:04,Roosevelt Rd/Harlem Ave,,ROOSEVELT RD,HARLEM AVE,0,1,0,0,Property Damage,No Injuries,Car,12,Sideswipe - Same Direction,2,2,0,3,$500 or less,1,0,0,0,0,0,0,28,Failing To Reduce Speed To Avoid Crash,15,Driving Skills/Knowledge/Experience,3,Traffic Signal,4,Functioning Properly,1,Clear,1,Daylight,4,Two-Way Continuous Left-Turn Lane,1,Dry,2,Stopped,1,No Defects,O90,O18,41.8650131,-87.8041992,41.8649864,-87.8042068,1128380.25,1893842.88
34409,26 01723,2601723,X004191787,2026-04-08,16:54:00,2026-04-08 16:54:00,2026-04-09 09:28:53,Ridgeland Ave/Ontario St,,RIDGELAND AVE,ONTARIO ST,0,0,0,0,Property Damage,No Injuries,Car,11,Front To Rear,2,2,0,3,$500 or less,1,0,0,0,0,0,0,03,Following Too Closely,28,Failing To Reduce Speed To Avoid Crash,17,Pedestrian Crossing Sign,4,Functioning Properly,1,Clear,1,Daylight,2,"Divided, No Median Barrier",1,Dry,3,Free Flow,1,No Defects,O30,O8,41.8903580,-87.7847900,41.8903656,-87.7847519,1133608.00,1903111.25