record_id,report_number,crash_id,idot_crash_number,date,time,occurred_at,record_added_at,location,street_number,street_name,cross_street,at_intersection,intersection_related,private_property,hit_and_run,crash_severity,crash_injury_severity,crash_mode,crash_type_code,crash_type,total_units,num_motor_vehicles,dooring_pedalcyclist,damage_code,damage,no_injury_drive_away,injury_or_towed,fatalities,a_injuries,b_injuries,c_injuries,total_injured,cause1_code,cause1,cause2_code,cause2,traffic_control_code,traffic_control,device_condition_code,device_condition,weather_code,weather,lighting_code,lighting,trafficway_code,trafficway,road_surface_code,road_surface,flow_condition_code,flow_condition,road_defects_code,road_defects,beat_zone,post_district,latitude,longitude,latitude_geocoded,longitude_geocoded,state_plane_x,state_plane_y
34411,26 01727,2601727,X004191802,2026-04-08,19:59:00,2026-04-08 19:59:00,2026-04-09 09:35:00,North Ave/N Humphrey Ave,,NORTH AVE,N HUMPHREY AVE,0,0,0,0,Injury,C Injury Crash,Car,11,Front To Rear,2,2,0,4,"$501 to $1,500",0,1,0,0,0,1,1,28,Failing To Reduce Speed To Avoid Crash,99,Not Applicable,1,No Controls,1,No Controls,1,Clear,5,"Darkness, Lighted Road",1,Not Divided,1,Dry,1,Slow,1,No Defects,O10,O1,41.9092140,-87.7769089,41.9092483,-87.7769089,1135710.63,1909996.50
34419,26 01731,2601731,X004192698,2026-04-09,06:56:00,2026-04-09 06:56:00,2026-04-10 07:54:04,215 S Kenilworth Ave,215,S KENILWORTH AVE,,0,0,0,0,Property Damage,No Injuries,Car,9,Parked Motor Vehicle,2,2,0,5,"Over $1,500",1,0,0,0,0,0,0,02,Failing To Yield Right-Of-Way,15,Driving Skills/Knowledge/Experience,1,No Controls,1,No Controls,1,Clear,1,Daylight,1,Not Divided,1,Dry,3,Free Flow,1,No Defects,O70,O12,41.8852119,-87.7971344,41.8849373,-87.7972794,1130260.75,1901215.88
34412,26 01735,2601735,X004192699,2026-04-09,10:05:00,2026-04-09 10:05:00,2026-04-10 07:54:01,S Ridgeland Ave/Garfield St,,S RIDGELAND AVE,GARFIELD ST,1,1,0,0,Property Damage,No Injuries,Car,15,Angle,2,2,0,5,"Over $1,500",0,1,0,0,0,0,0,28,Failing To Reduce Speed To Avoid Crash,25,Disregarding Traffic Signals,3,Traffic Signal,4,Functioning Properly,1,Clear,1,Daylight,1,Not Divided,1,Dry,3,Free Flow,1,No Defects,O90,O17,41.8710289,-87.7841949,41.8710251,-87.7841568,1133815.50,1896068.88
34417,26 01743,2601743,X004192700,2026-04-09,12:04:00,2026-04-09 12:04:00,2026-04-10 07:54:03,Madison St/Gunderson Ave,,MADISON ST,GUNDERSON AVE,1,1,0,0,Property Damage,No Injuries,Car,12,Sideswipe - Same Direction,2,2,0,5,"Over $1,500",0,1,0,0,0,0,0,02,Failing To Yield Right-Of-Way,18,Unable To Determine,1,No Controls,1,No Controls,1,Clear,1,Daylight,1,Not Divided,1,Dry,3,Free Flow,1,No Defects,O60,O14,41.8798637,-87.7869263,41.8798904,-87.7869263,1133052.38,1899283.13
34413,26 01748,2601748,X004192780,2026-04-09,15:46:00,2026-04-09 15:46:00,2026-04-10 08:00:01,S Harvey Ave/Washington Blvd,,S HARVEY AVE,WASHINGTON BLVD,1,1,0,0,Property Damage,No Injuries,Car,11,Front To Rear,2,2,0,4,"$501 to $1,500",1,0,0,0,0,0,0,30,Improper Backing,15,Driving Skills/Knowledge/Experience,2,Stop Sign,4,Functioning Properly,1,Clear,1,Daylight,1,Not Divided,1,Dry,2,Stopped,1,No Defects,O50,O10,41.8817749,-87.7812119,41.8817711,-87.7812500,1134603.25,1899989.50
34421,26 01750,2601750,X004192782,2026-04-09,16:15:00,2026-04-09 16:15:00,2026-04-10 08:00:04,South Blvd/S Grove Ave,,SOUTH BLVD,S GROVE AVE,1,1,0,0,Property Damage,No Injuries,Pedalcyclist,2,Pedalcyclist,2,1,0,4,"$501 to $1,500",1,0,0,0,0,0,0,02,Failing To Yield Right-Of-Way,18,Unable To Determine,1,No Controls,1,No Controls,1,Clear,1,Daylight,15,T-Intersection,1,Dry,3,Free Flow,1,No Defects,O70,O12,41.8868523,-87.7958069,41.8868828,-87.7958069,1130617.88,1901815.00
34416,26 01754,2601754,X004192706,2026-04-09,18:07:00,2026-04-09 18:07:00,2026-04-10 07:54:03,N Harlem Ave/Westgate,,N HARLEM AVE,WESTGATE,1,1,0,0,Property Damage,No Injuries,Car,10,Turning (At Least One Vehicle),2,2,0,5,"Over $1,500",1,0,0,0,0,0,0,02,Failing To Yield Right-Of-Way,15,Driving Skills/Knowledge/Experience,10,Other Regulatory Sign,4,Functioning Properly,1,Clear,1,Daylight,15,T-Intersection,1,Dry,3,Free Flow,1,No Defects,O40,O9,41.8878517,-87.8050537,41.8878555,-87.8050232,1128096.13,1902163.25
34414,26 01756,2601756,X004192703,2026-04-09,20:33:00,2026-04-09 20:33:00,2026-04-10 07:54:02,Chicago Ave/N Austin Ave,,CHICAGO AVE,N AUSTIN AVE,1,1,0,0,Property Damage,No Injuries,Car,10,Turning (At Least One Vehicle),2,2,0,5,"Over $1,500",1,0,0,0,0,0,0,06,Improper Turning/No Signal,99,Not Applicable,3,Traffic Signal,4,Functioning Properly,1,Clear,4,Darkness,2,"Divided, No Median Barrier",1,Dry,3,Free Flow,1,No Defects,O30,O7,41.8946877,-87.7751465,41.8947105,-87.7751389,1136225.63,1904705.00
34424,26 01757,2601757,X004193639,2026-04-09,22:21:00,2026-04-09 22:21:00,2026-04-10 09:50:05,N Austin Blvd/Washington Blvd,,N AUSTIN BLVD,WASHINGTON BLVD,1,1,0,1,Property Damage,No Injuries,Car,11,Front To Rear,2,2,0,5,"Over $1,500",1,0,0,0,0,0,0,28,Failing To Reduce Speed To Avoid Crash,03,Following Too Closely,3,Traffic Signal,4,Functioning Properly,1,Clear,5,"Darkness, Lighted Road",1,Not Divided,1,Dry,1,Slow,1,No Defects,,,41.8821068,-87.7746887,41.8821106,-87.7747269,1136378.00,1900122.38
34444,26 01761,2601761,X004195617,2026-04-10,08:11:00,2026-04-10 08:11:00,2026-04-13 10:02:31,Madison St/Home Ave,,MADISON ST,HOME AVE,1,1,0,0,Injury,B Injury Crash,Car,10,Turning (At Least One Vehicle),2,2,0,5,"Over $1,500",0,1,0,0,1,0,1,02,Failing To Yield Right-Of-Way,18,Unable To Determine,3,Traffic Signal,4,Functioning Properly,10,Freezing Rain/Drizzle,1,Daylight,2,"Divided, No Median Barrier",2,Wet,1,Slow,1,No Defects,O60,O15,41.8796501,-87.7998657,41.8796806,-87.7998657,1129528.50,1899183.75
34442,26 01764,2601764,X004195620,2026-04-10,09:22:00,2026-04-10 09:22:00,2026-04-13 09:56:33,Jackson Blvd/S Harlem Ave,,JACKSON BLVD,S HARLEM AVE,0,0,0,0,Property Damage,No Injuries,Car,11,Front To Rear,2,2,0,3,$500 or less,1,0,0,0,0,0,0,03,Following Too Closely,28,Failing To Reduce Speed To Avoid Crash,3,Traffic Signal,4,Functioning Properly,2,Rain,1,Daylight,1,Not Divided,2,Wet,1,Slow,1,No Defects,O60,O15,41.8759575,-87.8045960,41.8759842,-87.8046036,1128248.63,1897829.75
34433,26 01772,2601772,X004195622,2026-04-10,17:09:00,2026-04-10 17:09:00,2026-04-13 09:33:09,Austin/Fillmore,,AUSTIN,FILLMORE,0,0,0,0,Injury,B Injury Crash,Car,11,Front To Rear,6,6,0,5,"Over $1,500",0,1,0,0,1,1,2,28,Failing To Reduce Speed To Avoid Crash,99,Not Applicable,3,Traffic Signal,4,Functioning Properly,1,Clear,1,Daylight,2,"Divided, No Median Barrier",1,Dry,1,Slow,1,No Defects,O90,O16,41.8690949,-87.7743073,41.8673019,-87.7742996,1136514.25,1895381.25
34431,26 01775,2601775,X004195623,2026-04-10,22:19:00,2026-04-10 22:19:00,2026-04-13 09:33:08,S Ridgeland Ave/Pleasant St,,S RIDGELAND AVE,PLEASANT ST,1,1,0,0,Property Damage,No Injuries,Car,10,Turning (At Least One Vehicle),2,2,0,5,"Over $1,500",0,1,0,0,0,0,0,06,Improper Turning/No Signal,28,Failing To Reduce Speed To Avoid Crash,2,Stop Sign,4,Functioning Properly,1,Clear,4,Darkness,14,Four-Way Intersection,1,Dry,3,Free Flow,1,No Defects,O50,O10,41.8852119,-87.7845764,41.8852081,-87.7846069,1133679.25,1901236.63
34437,26 01777,2601777,X004196529,2026-04-11,07:28:00,2026-04-11 07:28:00,2026-04-13 09:56:30,Madison St/S Oak Park Ave,,MADISON ST,S OAK PARK AVE,1,1,0,0,Property Damage,No Injuries,Pedalcyclist,2,Pedalcyclist,2,1,0,4,"$501 to $1,500",1,0,0,0,0,0,0,25,Disregarding Traffic Signals,99,Not Applicable,3,Traffic Signal,4,Functioning Properly,1,Clear,1,Daylight,2,"Divided, No Median Barrier",1,Dry,3,Free Flow,1,No Defects,O60,O14,41.8797417,-87.7942505,41.8797722,-87.7942581,1131056.50,1899226.38
34425,26 01778,2601778,X004194371,2026-04-11,09:30:00,2026-04-11 09:30:00,2026-04-11 10:36:28,North Ave/Belleforte Ave,,NORTH AVE,BELLEFORTE AVE,1,1,0,0,Property Damage,No Injuries,Car,10,Turning (At Least One Vehicle),2,2,0,5,"Over $1,500",1,0,0,0,0,0,0,02,Failing To Yield Right-Of-Way,28,Failing To Reduce Speed To Avoid Crash,2,Stop Sign,4,Functioning Properly,1,Clear,1,Daylight,1,Not Divided,1,Dry,3,Free Flow,1,No Defects,O20,O3,41.9088898,-87.8026810,41.9089127,-87.8026886,1128695.50,1909833.25
34432,26 01779,2601779,X004195626,2026-04-11,09:36:00,2026-04-11 09:36:00,2026-04-13 09:33:09,S Austin Blvd/Garfield St,,S AUSTIN BLVD,GARFIELD ST,1,1,0,0,Injury,B Injury Crash,Car,10,Turning (At Least One Vehicle),3,2,0,5,"Over $1,500",0,1,0,0,2,0,2,02,Failing To Yield Right-Of-Way,99,Not Applicable,2,Stop Sign,4,Functioning Properly,1,Clear,1,Daylight,1,Not Divided,1,Dry,3,Free Flow,1,No Defects,O90,O16,41.8704185,-87.7743530,41.8704224,-87.7743149,1136497.13,1895864.88
34443,26 01782,2601782,X004195627,2026-04-11,14:52:00,2026-04-11 14:52:00,2026-04-13 10:02:30,N Harlem Ave/Lake St,,N HARLEM AVE,LAKE ST,1,1,0,0,Property Damage,No Injuries,Car,12,Sideswipe - Same Direction,2,2,0,4,"$501 to $1,500",1,0,0,0,0,0,0,28,Failing To Reduce Speed To Avoid Crash,15,Driving Skills/Knowledge/Experience,3,Traffic Signal,4,Functioning Properly,1,Clear,1,Daylight,1,Not Divided,1,Dry,1,Slow,1,No Defects,O40,O9,41.8885765,-87.8050919,41.8885841,-87.8050537,1128084.88,1902427.75
34426,26 01783,2601783,X004194372,2026-04-11,15:05:00,2026-04-11 15:05:00,2026-04-11 17:32:54,S Ridgeland Ave/Van Buren St,,S RIDGELAND AVE,VAN BUREN ST,1,1,0,0,Property Damage,No Injuries,Pedalcyclist,2,Pedalcyclist,2,1,0,3,$500 or less,1,0,0,0,0,0,0,02,Failing To Yield Right-Of-Way,04,Improper Overtaking/Passing,2,Stop Sign,4,Functioning Properly,1,Clear,1,Daylight,2,"Divided, No Median Barrier",1,Dry,2,Stopped,1,No Defects,O80,O13,41.8744621,-87.7842407,41.8744621,-87.7842789,1133795.00,1897319.63
34439,26 01786,2601786,X004195631,2026-04-11,17:34:00,2026-04-11 17:34:00,2026-04-13 09:56:31,1019 S Ridgeland Ave,1019,S RIDGELAND AVE,,0,0,0,0,Property Damage,No Injuries,Car,9,Parked Motor Vehicle,2,2,0,5,"Over $1,500",0,1,0,0,0,0,0,28,Failing To Reduce Speed To Avoid Crash,99,Not Applicable,1,No Controls,1,No Controls,1,Clear,1,Daylight,1,Not Divided,1,Dry,3,Free Flow,1,No Defects,O90,O16,41.8701210,-87.7840881,41.8700790,-87.7843170,1133846.00,1895738.13
34440,26 01790,2601790,X004195633,2026-04-11,22:36:00,2026-04-11 22:36:00,2026-04-13 09:56:32,S Ridgeland Ave/Madison St,,S RIDGELAND AVE,MADISON ST,0,0,0,0,Property Damage,No Injuries,Car,15,Angle,2,2,0,5,"Over $1,500",1,0,0,0,0,0,0,02,Failing To Yield Right-Of-Way,28,Failing To Reduce Speed To Avoid Crash,1,No Controls,1,No Controls,1,Clear,5,"Darkness, Lighted Road",4,Two-Way Continuous Left-Turn Lane,1,Dry,3,Free Flow,1,No Defects,O80,O13,41.8799324,-87.7844238,41.8799324,-87.7844620,1133732.63,1899313.88
34435,26 01791,2601791,X004195634,2026-04-12,00:28:00,2026-04-12 00:28:00,2026-04-13 09:56:30,1037 Randolph St,1037,RANDOLPH ST,,0,0,0,1,Property Damage,No Injuries,Car,9,Parked Motor Vehicle,2,2,0,3,$500 or less,1,0,0,0,0,0,0,20,Improper Lane Usage,18,Unable To Determine,1,No Controls,1,No Controls,1,Clear,9,Unknown,1,Not Divided,1,Dry,3,Free Flow,1,No Defects,O70,O12,41.8833046,-87.8020020,41.8831482,-87.8020935,1128937.63,1900511.88
34441,26 01800,2601800,X004195636,2026-04-12,20:34:00,2026-04-12 20:34:00,2026-04-13 09:56:32,Augusta St/N Oak Park Ave,,AUGUSTA ST,N OAK PARK AVE,1,1,0,0,Property Damage,No Injuries,Car,15,Angle,2,2,0,5,"Over $1,500",0,1,0,0,0,0,0,25,Disregarding Traffic Signals,99,Not Applicable,3,Traffic Signal,4,Functioning Properly,2,Rain,5,"Darkness, Lighted Road",1,Not Divided,2,Wet,,,1,No Defects,O20,O5,41.8980408,-87.7947693,41.8980675,-87.7947769,1130873.75,1905894.25
34438,26 01802,2601802,X004195637,2026-04-12,21:50:00,2026-04-12 21:50:00,2026-04-13 09:56:31,Roosevelt/Euclid Ave,,ROOSEVELT,EUCLID AVE,1,1,0,0,Injury,B Injury Crash,Pedalcyclist,2,Pedalcyclist,2,1,0,3,$500 or less,0,1,0,0,1,0,1,28,Failing To Reduce Speed To Avoid Crash,02,Failing To Yield Right-Of-Way,2,Stop Sign,4,Functioning Properly,2,Rain,5,"Darkness, Lighted Road",14,Four-Way Intersection,2,Wet,3,Free Flow,1,No Defects,O90,O17,41.8652153,-87.7925339,41.8651848,-87.7925415,1131557.50,1893935.13
34448,26 01810,2601810,X004197130,2026-04-13,09:37:00,2026-04-13 09:37:00,2026-04-14 09:35:06,Chicago Ave/N Harvey Ave,,CHICAGO AVE,N HARVEY AVE,1,1,0,0,Property Damage,No Injuries,Car,11,Front To Rear,2,2,0,4,"$501 to $1,500",1,0,0,0,0,0,0,03,Following Too Closely,28,Failing To Reduce Speed To Avoid Crash,3,Traffic Signal,4,Functioning Properly,1,Clear,1,Daylight,14,Four-Way Intersection,1,Dry,2,Stopped,1,No Defects,O10,O4,41.8946457,-87.7816315,41.8946228,-87.7816315,1134459.13,1904679.63
34446,26 01812,2601812,X004197132,2026-04-13,14:17:00,2026-04-13 14:17:00,2026-04-14 09:35:05,N Austin Blvd/Division St,,N AUSTIN BLVD,DIVISION ST,1,1,0,0,Injury,C Injury Crash,Car,10,Turning (At Least One Vehicle),2,2,0,5,"Over $1,500",0,1,0,0,0,1,1,02,Failing To Yield Right-Of-Way,28,Failing To Reduce Speed To Avoid Crash,3,Traffic Signal,4,Functioning Properly,8,Cloudy/Overcast,1,Daylight,14,Four-Way Intersection,1,Dry,1,Slow,1,No Defects,O10,O4,41.9019966,-87.7753296,41.9020004,-87.7753677,1136156.75,1907368.88
34447,26 01814,2601814,X004197141,2026-04-13,15:35:00,2026-04-13 15:35:00,2026-04-14 09:35:06,Lake St/Linden Ave,,LAKE ST,LINDEN AVE,0,0,0,0,Injury,B Injury Crash,Pedalcyclist,2,Pedalcyclist,2,1,0,3,$500 or less,0,1,0,0,1,0,1,28,Failing To Reduce Speed To Avoid Crash,02,Failing To Yield Right-Of-Way,2,Stop Sign,4,Functioning Properly,1,Clear,1,Daylight,2,"Divided, No Median Barrier",1,Dry,3,Free Flow,1,No Defects,O30,O8,41.8885040,-87.7911606,41.8885384,-87.7911606,1131878.63,1902425.75
34445,26 01818,2601818,X004197142,2026-04-13,18:36:00,2026-04-13 18:36:00,2026-04-14 09:29:08,Cuyler/Fillmore,,CUYLER,FILLMORE,0,0,0,1,Property Damage,No Injuries,Car,9,Parked Motor Vehicle,2,2,0,3,$500 or less,1,0,0,0,0,0,0,18,Unable To Determine,99,Not Applicable,2,Stop Sign,4,Functioning Properly,1,Clear,1,Daylight,2,"Divided, No Median Barrier",1,Dry,3,Free Flow,1,No Defects,O90,O16,41.8671799,-87.7827606,41.8671722,-87.7827988,1134215.63,1894668.00
34451,26 01822,2601822,X004197661,2026-04-14,08:40:00,2026-04-14 08:40:00,2026-04-14 14:58:21,N Austin Blvd/Lake St,,N AUSTIN BLVD,LAKE ST,0,0,0,1,Property Damage,No Injuries,Car,11,Front To Rear,2,2,0,4,"$501 to $1,500",1,0,0,0,0,0,0,28,Failing To Reduce Speed To Avoid Crash,03,Following Too Closely,3,Traffic Signal,4,Functioning Properly,8,Cloudy/Overcast,1,Daylight,14,Four-Way Intersection,1,Dry,1,Slow,1,No Defects,O30,O7,41.8880272,-87.7748947,41.8880234,-87.7749329,1136309.00,1902279.13
34457,26 01834,2601834,X004197940,2026-04-14,17:39:00,2026-04-14 17:39:00,2026-04-15 09:15:28,North Blvd/N Marion,,NORTH BLVD,N MARION,0,0,0,0,Property Damage,No Injuries,Car,18,Rear To Front,2,2,0,5,"Over $1,500",1,0,0,0,0,0,0,02,Failing To Yield Right-Of-Way,15,Driving Skills/Knowledge/Experience,2,Stop Sign,4,Functioning Properly,1,Clear,1,Daylight,14,Four-Way Intersection,1,Dry,3,Free Flow,1,No Defects,O40,O9,41.8871651,-87.8023834,41.8871880,-87.8023987,1128825.38,1901917.75
34465,26 01874,2601874,X004199981,2026-04-14,19:39:00,2026-04-14 19:39:00,2026-04-17 07:37:30,Division St/N Elmwood Ave,,DIVISION ST,N ELMWOOD AVE,0,0,0,0,Property Damage,No Injuries,Car,11,Front To Rear,2,2,0,4,"$501 to $1,500",1,0,0,0,0,0,0,28,Failing To Reduce Speed To Avoid Crash,03,Following Too Closely,1,No Controls,1,No Controls,1,Clear,1,Daylight,1,Not Divided,1,Dry,,,1,No Defects,O20,O5,41.9018135,-87.7867508,41.9018402,-87.7867508,1133048.88,1907282.63
34456,26 01837,2601837,X004219838,2026-04-14,21:28:00,2026-04-14 21:28:00,2026-04-15 09:15:28,North Ave/Harlem Ave,,NORTH AVE,HARLEM AVE,1,0,0,0,Property Damage,No Injuries,Car,18,Rear To Front,2,2,0,5,"Over $1,500",1,0,0,0,0,0,0,28,Failing To Reduce Speed To Avoid Crash,03,Following Too Closely,3,Traffic Signal,4,Functioning Properly,1,Clear,5,"Darkness, Lighted Road",1,Not Divided,1,Dry,1,Slow,1,No Defects,O20,O6,41.9088554,-87.8057556,41.9088860,-87.8057556,1127858.75,1909816.50
34458,26 01840,2601840,X004197943,2026-04-15,00:03:00,2026-04-15 00:03:00,2026-04-15 09:15:28,1145 Lake St,1145,LAKE ST,,0,0,0,1,Property Damage,No Injuries,Car,9,Parked Motor Vehicle,2,2,0,4,"$501 to $1,500",1,0,0,0,0,0,0,28,Failing To Reduce Speed To Avoid Crash,18,Unable To Determine,1,No Controls,1,No Controls,1,Clear,5,"Darkness, Lighted Road",7,Parking Lot,1,Dry,1,Slow,1,No Defects,O30,O8,41.8886299,-87.7933655,41.8882866,-87.8044128,1131278.63,1902467.63
34466,26 01859,2601859,X004199984,2026-04-15,00:39:00,2026-04-15 00:39:00,2026-04-17 07:37:30,130 S Kenilworth,130,S KENILWORTH,,0,0,0,1,Property Damage,No Injuries,Car,9,Parked Motor Vehicle,2,2,0,5,"Over $1,500",0,1,0,0,0,0,0,18,Unable To Determine,99,Not Applicable,1,No Controls,1,No Controls,9,Unknown,1,Daylight,1,Not Divided,1,Dry,1,Slow,1,No Defects,O70,O12,41.8857193,-87.7971420,41.8857574,-87.7968521,1130255.13,1901399.13
34467,26 01854,2601854,X004199983,2026-04-15,09:00:00,2026-04-15 09:00:00,2026-04-17 07:37:30,Maple/Pleasant,,MAPLE,PLEASANT,0,0,0,1,Property Damage,No Injuries,Car,12,Sideswipe - Same Direction,2,2,0,5,"Over $1,500",1,0,0,0,0,0,0,20,Improper Lane Usage,99,Not Applicable,1,No Controls,1,No Controls,1,Clear,1,Daylight,1,Not Divided,1,Dry,3,Free Flow,1,No Defects,O70,O12,41.8854256,-87.8040314,41.8854256,-87.8040695,1128380.75,1901280.00
34459,26 01843,2601843,X004198743,2026-04-15,09:02:00,2026-04-15 09:02:00,2026-04-15 14:09:19,Erie St/Linden Ave,,ERIE ST,LINDEN AVE,1,1,0,0,Injury,B Injury Crash,Pedalcyclist,2,Pedalcyclist,2,1,0,4,"$501 to $1,500",0,1,0,0,1,0,1,23,Disregarding Stop Sign,11,Weather,2,Stop Sign,4,Functioning Properly,2,Rain,1,Daylight,15,T-Intersection,2,Wet,3,Free Flow,1,No Defects,O30,O8,41.8915825,-87.7912445,41.8916054,-87.7912445,1131849.50,1903546.25
34654,26 01848,2601848,X004231970,2026-04-15,13:43:00,2026-04-15 13:43:00,2026-05-15 07:33:07,S Austin Blvd/Jackson Blvd,,S AUSTIN BLVD,JACKSON BLVD,0,0,0,0,Property Damage,No Injuries,Car,11,Front To Rear,2,2,0,4,"$501 to $1,500",1,0,0,0,0,0,0,28,Failing To Reduce Speed To Avoid Crash,18,Unable To Determine,3,Traffic Signal,4,Functioning Properly,1,Clear,1,Daylight,2,"Divided, No Median Barrier",1,Dry,3,Free Flow,1,No Defects,O80,O13,41.8764229,-87.7745743,41.8764229,-87.7745361,1136424.63,1898051.75
34461,26 01851,2601851,X004199027,2026-04-15,14:23:00,2026-04-15 14:23:00,2026-04-16 09:30:28,816 N Austin Blvd,816,N AUSTIN BLVD,,0,0,0,0,Property Damage,No Injuries,Car,15,Angle,2,2,0,5,"Over $1,500",1,0,0,0,0,0,0,02,Failing To Yield Right-Of-Way,28,Failing To Reduce Speed To Avoid Crash,1,No Controls,1,No Controls,1,Clear,1,Daylight,1,Not Divided,2,Wet,3,Free Flow,1,No Defects,,,41.8953209,-87.7751236,41.8953247,-87.7753601,1136229.50,1904937.63
34462,26 01853,2601853,X004199017,2026-04-15,16:14:00,2026-04-15 16:14:00,2026-04-16 09:30:29,South Blvd/S Euclid Ave,,SOUTH BLVD,S EUCLID AVE,1,1,0,0,Property Damage,No Injuries,Car,11,Front To Rear,2,2,0,4,"$501 to $1,500",1,0,0,0,0,0,0,28,Failing To Reduce Speed To Avoid Crash,99,Not Applicable,2,Stop Sign,4,Functioning Properly,1,Clear,1,Daylight,2,"Divided, No Median Barrier",1,Dry,1,Slow,1,No Defects,O60,O11,41.8868790,-87.7927933,41.8869095,-87.7927933,1131438.50,1901830.38
34460,26 01855,2601855,X004198744,2026-04-15,17:01:00,2026-04-15 17:01:00,2026-04-15 20:06:47,Fillmore St/Clinton Ave,,FILLMORE ST,CLINTON AVE,1,1,0,0,Property Damage,No Injuries,Car,15,Angle,2,2,0,4,"$501 to $1,500",1,0,0,0,0,0,0,02,Failing To Yield Right-Of-Way,28,Failing To Reduce Speed To Avoid Crash,2,Stop Sign,4,Functioning Properly,8,Cloudy/Overcast,1,Daylight,1,Not Divided,1,Dry,3,Free Flow,1,No Defects,O90,O18,41.8668861,-87.7977371,41.8669205,-87.7977371,1130137.88,1894536.50
34464,26 01862,2601862,X004199955,2026-04-16,08:44:00,2026-04-16 08:44:00,2026-04-17 07:37:29,Garfield St/Wisconsin Ave,,GARFIELD ST,WISCONSIN AVE,0,0,0,1,Property Damage,No Injuries,Car,12,Sideswipe - Same Direction,2,2,0,3,$500 or less,1,0,0,0,0,0,0,04,Improper Overtaking/Passing,28,Failing To Reduce Speed To Avoid Crash,1,No Controls,1,No Controls,8,Cloudy/Overcast,1,Daylight,1,Not Divided,2,Wet,2,Stopped,1,No Defects,O90,O18,41.8722954,-87.8020477,41.8723183,-87.8020477,1128951.63,1896500.00
34468,26 01870,2601870,X004199957,2026-04-16,17:26:00,2026-04-16 17:26:00,2026-04-17 07:37:31,Garfield St/Maple Ave,,GARFIELD ST,MAPLE AVE,1,1,0,0,Property Damage,No Injuries,Car,10,Turning (At Least One Vehicle),2,2,0,4,"$501 to $1,500",1,0,0,0,0,0,0,02,Failing To Yield Right-Of-Way,28,Failing To Reduce Speed To Avoid Crash,2,Stop Sign,4,Functioning Properly,1,Clear,1,Daylight,15,T-Intersection,1,Dry,3,Free Flow,1,No Defects,O90,O18,41.8722687,-87.8036041,41.8722916,-87.8036041,1128527.75,1896487.38
34463,26 01876,2601876,X004199907,2026-04-16,21:10:00,2026-04-16 21:10:00,2026-04-17 00:59:04,508 N Oak Park Ave,508,N OAK PARK AVE,,0,0,0,0,Property Damage,No Injuries,Car,6,Fixed Object,2,1,0,5,"Over $1,500",0,1,0,0,0,0,0,28,Failing To Reduce Speed To Avoid Crash,15,Driving Skills/Knowledge/Experience,3,Traffic Signal,4,Functioning Properly,1,Clear,5,"Darkness, Lighted Road",1,Not Divided,1,Dry,3,Free Flow,1,No Defects,O20,O5,41.8946991,-87.7946472,41.8948364,-87.7943954,1130914.63,1904676.13
34478,26 01881,2601881,X004204034,2026-04-17,06:57:00,2026-04-17 06:57:00,2026-04-20 13:04:51,Ridgeland/South,,RIDGELAND,SOUTH,0,0,0,0,Property Damage,No Injuries,Car,12,Sideswipe - Same Direction,2,2,0,5,"Over $1,500",1,0,0,0,0,0,0,02,Failing To Yield Right-Of-Way,28,Failing To Reduce Speed To Avoid Crash,3,Traffic Signal,4,Functioning Properly,1,Clear,1,Daylight,2,"Divided, No Median Barrier",1,Dry,3,Free Flow,1,No Defects,O50,O10,41.8869591,-87.7846298,41.8869553,-87.7846603,1133661.75,1901873.50
34479,26 01885,2601885,X004204035,2026-04-17,08:33:00,2026-04-17 08:33:00,2026-04-20 13:04:52,S Austin Blvd/Harrison St,,S AUSTIN BLVD,HARRISON ST,0,0,0,0,Property Damage,No Injuries,Car,11,Front To Rear,2,2,0,5,"Over $1,500",0,1,0,0,0,0,0,28,Failing To Reduce Speed To Avoid Crash,03,Following Too Closely,3,Traffic Signal,4,Functioning Properly,1,Clear,1,Daylight,2,"Divided, No Median Barrier",1,Dry,3,Free Flow,1,No Defects,O80,O13,41.8727799,-87.7744522,41.8727799,-87.7744141,1136465.25,1896723.75
34533,26 01886,2601886,X004213197,2026-04-17,08:56:00,2026-04-17 08:56:00,2026-04-28 09:34:00,Washington Blvd/S East Ave,,WASHINGTON BLVD,S EAST AVE,1,1,0,0,Property Damage,No Injuries,Car,15,Angle,2,2,0,5,"Over $1,500",1,0,0,0,0,0,0,13,Road Construction/Maintenance,02,Failing To Yield Right-Of-Way,3,Traffic Signal,4,Functioning Properly,1,Clear,1,Daylight,2,"Divided, No Median Barrier",1,Dry,3,Free Flow,1,No Defects,O60,O11,41.8816071,-87.7894058,41.8816338,-87.7894134,1132371.63,1899914.88
34496,26 01895,2601895,X004207728,2026-04-17,16:55:00,2026-04-17 16:55:00,2026-04-23 08:55:29,Chicago Ave/Scoville Ave,,CHICAGO AVE,SCOVILLE AVE,1,1,0,0,Injury,B Injury Crash,Pedalcyclist,2,Pedalcyclist,2,1,0,5,"Over $1,500",0,1,0,0,1,0,1,24,Disregarding Other Traffic Signs,15,Driving Skills/Knowledge/Experience,16,Railroad Crossing Sign,4,Functioning Properly,1,Clear,1,Daylight,14,Four-Way Intersection,1,Dry,3,Free Flow,1,No Defects,O30,O8,41.8944893,-87.7881317,41.8945236,-87.7881317,1132689.25,1904611.25