record_id,report_number,crash_id,idot_crash_number,date,time,occurred_at,record_added_at,location,street_number,street_name,cross_street,at_intersection,intersection_related,private_property,hit_and_run,crash_severity,crash_injury_severity,crash_mode,crash_type_code,crash_type,total_units,num_motor_vehicles,dooring_pedalcyclist,damage_code,damage,no_injury_drive_away,injury_or_towed,fatalities,a_injuries,b_injuries,c_injuries,total_injured,cause1_code,cause1,cause2_code,cause2,traffic_control_code,traffic_control,device_condition_code,device_condition,weather_code,weather,lighting_code,lighting,trafficway_code,trafficway,road_surface_code,road_surface,flow_condition_code,flow_condition,road_defects_code,road_defects,beat_zone,post_district,latitude,longitude,latitude_geocoded,longitude_geocoded,state_plane_x,state_plane_y
34484,26 01897,2601897,X004203306,2026-04-17,17:07:00,2026-04-17 17:07:00,2026-04-20 12:52:59,421 S Harvey Ave,421,S HARVEY AVE,,0,0,0,1,Property Damage,No Injuries,Car,9,Parked Motor Vehicle,2,2,0,4,"$501 to $1,500",1,0,0,0,0,0,0,15,Driving Skills/Knowledge/Experience,99,Not Applicable,1,No Controls,1,No Controls,1,Clear,1,Daylight,2,"Divided, No Median Barrier",1,Dry,3,Free Flow,1,No Defects,O50,O10,41.8809090,-87.7811890,41.8810043,-87.7814102,1134612.50,1899674.63
34485,26 01901,2601901,X004204039,2026-04-17,21:05:00,2026-04-17 21:05:00,2026-04-20 13:04:54,1102 S Austin Blvd,1102,S AUSTIN BLVD,,0,0,0,0,Injury,A Injury Crash,Car,11,Front To Rear,4,4,0,5,"Over $1,500",0,1,0,1,2,0,3,28,Failing To Reduce Speed To Avoid Crash,03,Following Too Closely,1,No Controls,1,No Controls,2,Rain,5,"Darkness, Lighted Road",1,Not Divided,2,Wet,3,Free Flow,1,No Defects,O90,O16,41.8667030,-87.7742157,41.8666878,-87.7743378,1136543.38,1894510.88
34481,26 01903,2601903,X004204037,2026-04-17,22:57:00,2026-04-17 22:57:00,2026-04-20 13:04:53,6312 Roosevelt Rd,6312,ROOSEVELT RD,,0,1,0,1,Property Damage,No Injuries,Car,9,Parked Motor Vehicle,2,2,0,5,"Over $1,500",1,0,0,0,0,0,0,99,Not Applicable,99,Not Applicable,1,No Controls,4,Functioning Properly,2,Rain,5,"Darkness, Lighted Road",1,Not Divided,2,Wet,3,Free Flow,1,No Defects,O90,O16,41.8653870,-87.7821655,41.8654518,-87.7822952,1134381.38,1894016.88
34483,26 01904,2601904,X004204038,2026-04-17,23:01:00,2026-04-17 23:01:00,2026-04-20 13:04:53,410 Washington Blvd,410,WASHINGTON BLVD,,0,0,0,0,Property Damage,No Injuries,Car,9,Parked Motor Vehicle,3,3,0,4,"$501 to $1,500",1,0,0,0,0,0,0,28,Failing To Reduce Speed To Avoid Crash,99,Not Applicable,3,Traffic Signal,4,Functioning Properly,2,Rain,4,Darkness,2,"Divided, No Median Barrier",2,Wet,3,Free Flow,99,Unknown,O60,O11,41.8817406,-87.7850418,41.8818512,-87.7848587,1133560.63,1899970.25
34486,26 01909,2601909,X004204040,2026-04-18,12:07:00,2026-04-18 12:07:00,2026-04-20 13:04:54,111 S Grove Ave,111,S GROVE AVE,,0,0,0,1,Property Damage,No Injuries,Car,9,Parked Motor Vehicle,2,2,0,4,"$501 to $1,500",1,0,0,0,0,0,0,28,Failing To Reduce Speed To Avoid Crash,20,Improper Lane Usage,1,No Controls,1,No Controls,1,Clear,1,Daylight,1,Not Divided,1,Dry,3,Free Flow,1,No Defects,O70,O12,41.8864479,-87.7957611,41.8864136,-87.7960052,1130631.38,1901667.63
34470,26 01913,2601913,X004204029,2026-04-18,14:38:00,2026-04-18 14:38:00,2026-04-20 13:04:47,N Austin Blvd/Augusta Blvd,,N AUSTIN BLVD,AUGUSTA BLVD,0,0,0,0,Property Damage,No Injuries,Car,11,Front To Rear,2,2,0,5,"Over $1,500",1,0,0,0,0,0,0,28,Failing To Reduce Speed To Avoid Crash,18,Unable To Determine,1,No Controls,1,No Controls,1,Clear,1,Daylight,2,"Divided, No Median Barrier",1,Dry,2,Stopped,1,No Defects,O10,O4,41.8983650,-87.7752228,41.8983650,-87.7752533,1136195.75,1906045.00
34487,26 01915,2601915,X004204041,2026-04-18,15:11:00,2026-04-18 15:11:00,2026-04-20 13:04:55,7036 Roosevelt Rd,7036,ROOSEVELT RD,,0,0,0,0,Property Damage,No Injuries,Car,10,Turning (At Least One Vehicle),2,2,0,4,"$501 to $1,500",1,0,0,0,0,0,0,02,Failing To Yield Right-Of-Way,15,Driving Skills/Knowledge/Experience,1,No Controls,1,No Controls,1,Clear,1,Daylight,1,Not Divided,1,Dry,1,Slow,1,No Defects,O90,O18,41.8650703,-87.8006592,41.8651390,-87.8002625,1129344.00,1893869.13
34500,26 01918,2601918,X004207729,2026-04-18,16:46:00,2026-04-18 16:46:00,2026-04-23 12:40:24,Randolph St/Wisconsin Ave,,RANDOLPH ST,WISCONSIN AVE,1,1,0,0,Property Damage,No Injuries,Car,15,Angle,2,2,0,5,"Over $1,500",0,1,0,0,0,0,0,23,Disregarding Stop Sign,28,Failing To Reduce Speed To Avoid Crash,2,Stop Sign,4,Functioning Properly,1,Clear,1,Daylight,14,Four-Way Intersection,1,Dry,3,Free Flow,1,No Defects,O70,O12,41.8832359,-87.8024368,41.8832626,-87.8024368,1128820.13,1900485.88
34473,26 01919,2601919,X004204032,2026-04-18,17:19:00,2026-04-18 17:19:00,2026-04-20 13:04:48,260 Madison St,260,MADISON ST,,0,0,0,0,Property Damage,No Injuries,Car,11,Front To Rear,2,2,0,5,"Over $1,500",1,0,0,0,0,0,0,28,Failing To Reduce Speed To Avoid Crash,03,Following Too Closely,3,Traffic Signal,4,Functioning Properly,1,Clear,1,Daylight,14,Four-Way Intersection,1,Dry,2,Stopped,1,No Defects,O80,O13,41.8799973,-87.7820816,41.8801498,-87.7821198,1134370.50,1899340.88
34474,26 01921,2601921,X004204033,2026-04-18,20:09:00,2026-04-18 20:09:00,2026-04-20 13:04:49,625 N Harlem Ave,625,N HARLEM AVE,,0,0,0,0,Property Damage,No Injuries,Car,11,Front To Rear,2,2,0,5,"Over $1,500",1,0,0,0,0,0,0,40,Distraction - From Outside Vehicle,28,Failing To Reduce Speed To Avoid Crash,1,No Controls,1,No Controls,1,Clear,5,"Darkness, Lighted Road",1,Not Divided,1,Dry,1,Slow,1,No Defects,O40,O9,41.8923263,-87.8052139,41.8928757,-87.8050690,1128044.25,1903793.75
34471,26 01930,2601930,X004204030,2026-04-19,11:36:00,2026-04-19 11:36:00,2026-04-20 13:04:48,N Euclid Ave/Lake St,,N EUCLID AVE,LAKE ST,0,0,0,1,Property Damage,No Injuries,Car,9,Parked Motor Vehicle,2,2,0,4,"$501 to $1,500",1,0,0,0,0,0,0,18,Unable To Determine,99,Not Applicable,1,No Controls,1,No Controls,8,Cloudy/Overcast,1,Daylight,1,Not Divided,1,Dry,1,Slow,1,No Defects,O30,O8,41.8885803,-87.7927322,41.8885841,-87.7926941,1131450.13,1902449.88
34480,26 01937,2601937,X004204036,2026-04-19,20:27:00,2026-04-19 20:27:00,2026-04-20 13:04:52,1160 S Austin Blvd,1160,S AUSTIN BLVD,,0,0,0,0,Property Damage,No Injuries,Car,11,Front To Rear,2,2,0,4,"$501 to $1,500",1,0,0,0,0,0,0,14,"Vision Obscured (Signs, Tree Limbs, Buildings",99,Not Applicable,3,Traffic Signal,4,Functioning Properly,1,Clear,5,"Darkness, Lighted Road",1,Not Divided,1,Dry,1,Slow,1,No Defects,O90,O16,41.8657150,-87.7741852,41.8657150,-87.7742233,1136555.25,1894150.75
34488,26 01945,2601945,X004204245,2026-04-20,11:35:00,2026-04-20 11:35:00,2026-04-21 08:58:19,N Ridgeland Ave/Chicago Ave,,N RIDGELAND AVE,CHICAGO AVE,1,0,0,0,Property Damage,No Injuries,Car,11,Front To Rear,2,2,0,3,$500 or less,1,0,0,0,0,0,0,03,Following Too Closely,28,Failing To Reduce Speed To Avoid Crash,3,Traffic Signal,4,Functioning Properly,1,Clear,1,Daylight,1,Not Divided,1,Dry,3,Free Flow,1,No Defects,O30,O8,41.8945694,-87.7849121,41.8945770,-87.7848740,1133565.38,1904645.88
34509,26 01950,2601950,X004208329,2026-04-20,15:35:00,2026-04-20 15:35:00,2026-04-24 10:12:10,N Euclid Ave/Lake St,,N EUCLID AVE,LAKE ST,1,0,0,0,Property Damage,No Injuries,Car,9,Parked Motor Vehicle,2,2,0,4,"$501 to $1,500",1,0,0,0,0,0,0,15,Driving Skills/Knowledge/Experience,28,Failing To Reduce Speed To Avoid Crash,3,Traffic Signal,4,Functioning Properly,1,Clear,1,Daylight,1,Not Divided,1,Dry,1,Slow,1,No Defects,O30,O8,41.8885803,-87.7927322,41.8885841,-87.7926941,1131450.13,1902449.88
34576,26 01951,2601951,X004227224,2026-04-20,17:10:00,2026-04-20 17:10:00,2026-05-05 12:17:19,Adams St/Highland Ave,,ADAMS ST,HIGHLAND AVE,0,0,0,0,Property Damage,No Injuries,Car,9,Parked Motor Vehicle,2,2,0,5,"Over $1,500",1,0,0,0,0,0,0,02,Failing To Yield Right-Of-Way,99,Not Applicable,1,No Controls,1,No Controls,1,Clear,1,Daylight,2,"Divided, No Median Barrier",1,Dry,3,Free Flow,1,No Defects,O80,O13,41.8780899,-87.7819443,41.8781166,-87.7819443,1134412.88,1898645.50
34519,26 02064,2602064,X004211882,2026-04-20,18:31:00,2026-04-20 18:31:00,2026-04-27 09:41:49,S Cuyler Ave/Washington Blvd,,S CUYLER AVE,WASHINGTON BLVD,0,0,0,0,Property Damage,No Injuries,Car,13,Sideswipe - Opposite Direction,2,2,0,5,"Over $1,500",1,0,0,0,0,0,0,04,Improper Overtaking/Passing,28,Failing To Reduce Speed To Avoid Crash,1,No Controls,1,No Controls,1,Clear,1,Daylight,1,Not Divided,1,Dry,3,Free Flow,1,No Defects,O50,O10,41.8817482,-87.7828445,41.8817444,-87.7828751,1134159.63,1899977.88
34493,26 01963,2601963,X004205816,2026-04-21,15:33:00,2026-04-21 15:33:00,2026-04-22 10:23:41,S Oak Park Ave/Garfield St,,S OAK PARK AVE,GARFIELD ST,0,0,0,0,Property Damage,No Injuries,Car,11,Front To Rear,4,4,0,4,"$501 to $1,500",1,0,0,0,0,0,0,03,Following Too Closely,28,Failing To Reduce Speed To Avoid Crash,3,Traffic Signal,4,Functioning Properly,8,Cloudy/Overcast,1,Daylight,1,Not Divided,2,Wet,2,Stopped,1,No Defects,O90,O17,41.8720245,-87.7939529,41.8720245,-87.7939911,1131156.25,1896415.88
34492,26 01964,2601964,X004205826,2026-04-21,15:53:00,2026-04-21 15:53:00,2026-04-22 10:23:40,1012 Madison St,1012,MADISON ST,,0,0,0,0,Property Damage,No Injuries,Car,11,Front To Rear,2,2,0,5,"Over $1,500",1,0,0,0,0,0,0,28,Failing To Reduce Speed To Avoid Crash,99,Not Applicable,3,Traffic Signal,4,Functioning Properly,8,Cloudy/Overcast,1,Daylight,2,"Divided, No Median Barrier",2,Wet,2,Stopped,1,No Defects,O60,O15,41.8796387,-87.8005829,41.8797226,-87.8005218,1129332.50,1899178.13
34489,26 01967,2601967,X004205281,2026-04-21,18:50:00,2026-04-21 18:50:00,2026-04-22 05:44:37,Jackson Blvd/S Oak Park Ave,,JACKSON BLVD,S OAK PARK AVE,1,1,0,0,Property Damage,No Injuries,Car,15,Angle,2,2,0,5,"Over $1,500",0,1,0,0,0,0,0,25,Disregarding Traffic Signals,99,Not Applicable,3,Traffic Signal,4,Functioning Properly,1,Clear,1,Daylight,14,Four-Way Intersection,1,Dry,3,Free Flow,1,No Defects,O60,O14,41.8760872,-87.7941284,41.8761177,-87.7941284,1131099.00,1897894.88
34491,26 01973,2601973,X004206478,2026-04-22,08:07:00,2026-04-22 08:07:00,2026-04-22 09:37:12,Chicago Ave/N Humphrey Ave,,CHICAGO AVE,N HUMPHREY AVE,0,0,0,1,Property Damage,No Injuries,Car,9,Parked Motor Vehicle,2,2,0,5,"Over $1,500",1,0,0,0,0,0,0,28,Failing To Reduce Speed To Avoid Crash,18,Unable To Determine,1,No Controls,1,No Controls,7,Other,9,Unknown,2,"Divided, No Median Barrier",9,Unknown,3,Free Flow,99,Unknown,O10,O4,41.8947144,-87.7767563,41.8946838,-87.7767563,1135785.50,1904712.25
34504,26 01979,2601979,X004207923,2026-04-22,16:54:00,2026-04-22 16:54:00,2026-04-24 09:20:28,N Harlem Ave/Lake St,,N HARLEM AVE,LAKE ST,0,0,0,0,Property Damage,No Injuries,Car,11,Front To Rear,3,3,0,5,"Over $1,500",1,0,0,0,0,0,0,28,Failing To Reduce Speed To Avoid Crash,03,Following Too Closely,3,Traffic Signal,4,Functioning Properly,1,Clear,1,Daylight,14,Four-Way Intersection,1,Dry,1,Slow,1,No Defects,R83,RFPD,41.8885765,-87.8050919,41.8885841,-87.8050537,1128084.88,1902427.75
34497,26 01982,2601982,X004206983,2026-04-22,20:22:00,2026-04-22 20:22:00,2026-04-23 09:01:27,N Cuyler Ave/Lake St,,N CUYLER AVE,LAKE ST,1,1,0,0,Injury,B Injury Crash,Pedestrian,1,Pedestrian,2,1,0,5,"Over $1,500",0,1,0,0,1,0,1,02,Failing To Yield Right-Of-Way,28,Failing To Reduce Speed To Avoid Crash,2,Stop Sign,4,Functioning Properly,1,Clear,4,Darkness,1,Not Divided,1,Dry,3,Free Flow,1,No Defects,O30,O7,41.8882713,-87.7830963,41.8882751,-87.7830582,1134074.50,1902354.00
34498,26 01983,2601983,X004207925,2026-04-22,21:11:00,2026-04-22 21:11:00,2026-04-23 12:40:23,S Harlem Ave/Monroe St,,S HARLEM AVE,MONROE ST,1,0,0,1,Property Damage,No Injuries,Car,18,Rear To Front,2,2,0,5,"Over $1,500",1,0,0,0,0,0,0,03,Following Too Closely,99,Not Applicable,1,No Controls,1,No Controls,1,Clear,4,Darkness,2,"Divided, No Median Barrier",1,Dry,1,Slow,1,No Defects,O60,O15,41.8781509,-87.8046494,41.8781700,-87.8046799,1128229.00,1898629.25
34495,26 01985,2601985,X004206986,2026-04-22,22:31:00,2026-04-22 22:31:00,2026-04-23 08:55:29,North Ave/N Oak Park Ave,,NORTH AVE,N OAK PARK AVE,0,0,0,0,Property Damage,No Injuries,Car,18,Rear To Front,2,2,0,5,"Over $1,500",1,0,0,0,0,0,0,28,Failing To Reduce Speed To Avoid Crash,03,Following Too Closely,3,Traffic Signal,4,Functioning Properly,1,Clear,5,"Darkness, Lighted Road",1,Not Divided,1,Dry,1,Slow,1,No Defects,O20,O2,41.9089928,-87.7947922,41.9090233,-87.7950592,1130843.13,1909884.38
34499,26 01991,2601991,X004207032,2026-04-23,05:55:00,2026-04-23 05:55:00,2026-04-23 12:40:23,S Oak Park Ave/Randolph St,,S OAK PARK AVE,RANDOLPH ST,1,1,0,1,Property Damage,No Injuries,Car,9,Parked Motor Vehicle,2,2,0,3,$500 or less,1,0,0,0,0,0,0,28,Failing To Reduce Speed To Avoid Crash,18,Unable To Determine,2,Stop Sign,4,Functioning Properly,1,Clear,1,Daylight,14,Four-Way Intersection,1,Dry,3,Free Flow,1,No Defects,O60,O11,41.8832970,-87.7943268,41.8834534,-87.7943649,1131028.38,1900522.88
34494,26 01992,2601992,X004207969,2026-04-23,07:15:00,2026-04-23 07:15:00,2026-04-23 08:31:58,S Oak Park Ave/Jackson Blvd,,S OAK PARK AVE,JACKSON BLVD,1,1,0,0,Property Damage,No Injuries,Car,6,Fixed Object,2,1,0,4,"$501 to $1,500",1,0,0,0,0,0,0,30,Improper Backing,18,Unable To Determine,1,No Controls,1,No Controls,1,Clear,1,Daylight,1,Not Divided,1,Dry,3,Free Flow,1,No Defects,O60,O14,41.8761177,-87.7940979,41.8761177,-87.7941284,1131107.63,1897906.13
34505,26 01997,2601997,X004231821,2026-04-23,10:51:00,2026-04-23 10:51:00,2026-04-24 09:14:32,S Ridgeland Ave/Madison St,,S RIDGELAND AVE,MADISON ST,1,1,0,0,Injury,B Injury Crash,Pedalcyclist,2,Pedalcyclist,2,1,0,4,"$501 to $1,500",0,1,0,0,1,0,1,02,Failing To Yield Right-Of-Way,18,Unable To Determine,3,Traffic Signal,4,Functioning Properly,1,Clear,1,Daylight,14,Four-Way Intersection,1,Dry,3,Free Flow,1,No Defects,O80,O13,41.8799324,-87.7844238,41.8799324,-87.7844620,1133732.63,1899313.88
34503,26 02002,2602002,X004207935,2026-04-23,12:14:00,2026-04-23 12:14:00,2026-04-24 09:14:32,1125 Holley Ct,1125,HOLLEY CT,,0,0,0,0,Property Damage,No Injuries,Car,6,Fixed Object,2,1,0,5,"Over $1,500",1,0,0,0,0,0,0,30,Improper Backing,15,Driving Skills/Knowledge/Experience,1,No Controls,1,No Controls,1,Clear,1,Daylight,10,One-Way,1,Dry,1,Slow,1,No Defects,O40,O9,41.8897018,-87.8028183,41.8896713,-87.8028488,1128702.13,1902841.00
34507,26 02006,2602006,X004207940,2026-04-23,14:50:00,2026-04-23 14:50:00,2026-04-24 09:20:28,345 Madison St,345,MADISON ST,,0,0,0,0,Property Damage,No Injuries,Car,14,Front To Front,2,2,0,3,$500 or less,1,0,0,0,0,0,0,17,Physical Condition Of Driver,28,Failing To Reduce Speed To Avoid Crash,1,No Controls,1,No Controls,1,Clear,1,Daylight,1,Not Divided,1,Dry,3,Free Flow,1,No Defects,O80,O13,41.8799095,-87.7842789,41.8797722,-87.7835999,1133773.38,1899304.50
34506,26 02014,2602014,X004207943,2026-04-23,19:25:00,2026-04-23 19:25:00,2026-04-24 09:20:28,Washington Blvd/S Lombard Ave,,WASHINGTON BLVD,S LOMBARD AVE,1,0,0,0,Property Damage,No Injuries,Car,12,Sideswipe - Same Direction,2,2,0,5,"Over $1,500",1,0,0,0,0,0,0,41,Distraction - From Inside Vehicle,18,Unable To Determine,1,No Controls,1,No Controls,1,Clear,3,Dusk,1,Not Divided,1,Dry,,,1,No Defects,O50,O10,41.8819084,-87.7795944,41.8819237,-87.7796173,1135044.50,1900041.50
34805,26 02014,2602014,X004207943,2026-04-23,19:49:00,2026-04-23 19:49:00,2026-06-04 09:27:37,202 Washington Blvd,202,WASHINGTON BLVD,,0,0,0,0,Property Damage,No Injuries,Car,9,Parked Motor Vehicle,2,2,0,5,"Over $1,500",1,0,0,0,0,0,0,99,Not Applicable,99,Not Applicable,1,No Controls,1,No Controls,8,Cloudy/Overcast,1,Daylight,2,"Divided, No Median Barrier",1,Dry,3,Free Flow,1,No Defects,O50,O10,41.8818893,-87.7797241,41.8819847,-87.7798004,1135007.88,1900034.00
34508,26 02020,2602020,X004207945,2026-04-24,06:59:00,2026-04-24 06:59:00,2026-04-24 09:20:29,N Austin Blvd/Washington Blvd,,N AUSTIN BLVD,WASHINGTON BLVD,1,1,0,0,Property Damage,No Injuries,Car,15,Angle,2,2,0,4,"$501 to $1,500",1,0,0,0,0,0,0,25,Disregarding Traffic Signals,28,Failing To Reduce Speed To Avoid Crash,3,Traffic Signal,4,Functioning Properly,1,Clear,1,Daylight,1,Not Divided,1,Dry,3,Free Flow,1,No Defects,,,41.8821068,-87.7746887,41.8821106,-87.7747269,1136378.00,1900122.38
34511,26 02021,2602021,X004208805,2026-04-24,08:08:00,2026-04-24 08:08:00,2026-04-24 15:46:16,N Harvey Ave/Chicago,,N HARVEY AVE,CHICAGO,0,0,0,0,Property Damage,No Injuries,Car,9,Parked Motor Vehicle,2,2,0,5,"Over $1,500",1,0,0,0,0,0,0,28,Failing To Reduce Speed To Avoid Crash,18,Unable To Determine,1,No Controls,1,No Controls,1,Clear,1,Daylight,1,Not Divided,1,Dry,3,Free Flow,1,No Defects,O30,O7,41.8946152,-87.7816696,41.8946228,-87.7816315,1134448.75,1904668.38
34510,26 02022,2602022,X004208804,2026-04-24,08:14:00,2026-04-24 08:14:00,2026-04-24 15:46:16,Forest Ave/North Blvd,,FOREST AVE,NORTH BLVD,1,0,0,1,Property Damage,No Injuries,Car,9,Parked Motor Vehicle,2,2,0,3,$500 or less,1,0,0,0,0,0,0,04,Improper Overtaking/Passing,15,Driving Skills/Knowledge/Experience,1,No Controls,1,No Controls,1,Clear,1,Daylight,1,Not Divided,1,Dry,1,Slow,1,No Defects,O40,O9,41.8872299,-87.8007355,41.8872528,-87.8007050,1129274.25,1901944.63
34513,26 02034,2602034,X004211875,2026-04-24,17:52:00,2026-04-24 17:52:00,2026-04-27 09:35:54,136 N Marion St,136,N MARION ST,,0,0,0,0,Property Damage,No Injuries,Car,13,Sideswipe - Opposite Direction,2,2,0,4,"$501 to $1,500",1,0,0,0,0,0,0,28,Failing To Reduce Speed To Avoid Crash,99,Not Applicable,3,Traffic Signal,4,Functioning Properly,1,Clear,1,Daylight,1,Not Divided,1,Dry,3,Free Flow,1,No Defects,O40,O9,41.8885155,-87.8024216,41.8884468,-87.8023453,1128811.00,1902410.50
34515,26 02035,2602035,X004211878,2026-04-24,18:31:00,2026-04-24 18:31:00,2026-04-27 09:41:48,S Ridgeland Ave/Washington Blvd,,S RIDGELAND AVE,WASHINGTON BLVD,1,1,0,0,Property Damage,No Injuries,Car,10,Turning (At Least One Vehicle),2,2,0,3,$500 or less,1,0,0,0,0,0,0,06,Improper Turning/No Signal,99,Not Applicable,3,Traffic Signal,4,Functioning Properly,1,Clear,1,Daylight,1,Not Divided,1,Dry,3,Free Flow,1,No Defects,O50,O10,41.8817215,-87.7844772,41.8817253,-87.7845154,1133714.00,1899965.25
34520,26 02048,2602048,X004211884,2026-04-25,08:40:00,2026-04-25 08:40:00,2026-04-27 09:47:40,S Harlem Ave/I290 W,,S HARLEM AVE,I290 W,0,0,0,0,Property Damage,No Injuries,Car,10,Turning (At Least One Vehicle),2,2,0,4,"$501 to $1,500",1,0,0,0,0,0,0,06,Improper Turning/No Signal,28,Failing To Reduce Speed To Avoid Crash,3,Traffic Signal,4,Functioning Properly,8,Cloudy/Overcast,1,Daylight,3,Divided With Median Barrier,1,Dry,3,Free Flow,1,No Defects,O60,O15,41.8737946,-87.8044968,41.8738136,-87.8045197,1128281.50,1897042.00
34517,26 02049,2602049,X004211880,2026-04-25,09:40:00,2026-04-25 09:40:00,2026-04-27 09:41:48,Washington Blvd/S Grove Ave,,WASHINGTON BLVD,S GROVE AVE,1,1,0,0,Injury,B Injury Crash,Car,15,Angle,2,2,0,5,"Over $1,500",0,1,0,0,1,0,1,02,Failing To Yield Right-Of-Way,18,Unable To Determine,2,Stop Sign,4,Functioning Properly,1,Clear,1,Daylight,2,"Divided, No Median Barrier",1,Dry,3,Free Flow,1,No Defects,O70,O12,41.8815689,-87.7956467,41.8815994,-87.7956467,1130673.25,1899890.13
34514,26 02052,2602052,X004211877,2026-04-25,12:03:00,2026-04-25 12:03:00,2026-04-27 09:35:55,Woodbine Ave/Chicago Ave,,WOODBINE AVE,CHICAGO AVE,0,0,0,0,Property Damage,No Injuries,Car,9,Parked Motor Vehicle,2,2,0,5,"Over $1,500",1,0,0,0,0,0,0,04,Improper Overtaking/Passing,20,Improper Lane Usage,2,Stop Sign,4,Functioning Properly,1,Clear,1,Daylight,1,Not Divided,1,Dry,3,Free Flow,1,No Defects,O20,O6,41.8943291,-87.7991180,41.8943253,-87.7991486,1129699.75,1904533.88
34516,26 02057,2602057,X004211879,2026-04-25,13:46:00,2026-04-25 13:46:00,2026-04-27 09:41:48,S Grove Ave/South Blvd,,S GROVE AVE,SOUTH BLVD,0,0,0,1,Property Damage,No Injuries,Car,9,Parked Motor Vehicle,2,2,0,5,"Over $1,500",1,0,0,0,0,0,0,04,Improper Overtaking/Passing,15,Driving Skills/Knowledge/Experience,1,No Controls,1,No Controls,1,Clear,1,Daylight,1,Not Divided,1,Dry,3,Free Flow,1,No Defects,O70,O12,41.8868790,-87.7958450,41.8868828,-87.7958069,1130606.88,1901824.63
34512,26 02060,2602060,X004210587,2026-04-25,15:30:00,2026-04-25 15:30:00,2026-04-26 23:40:21,1039 South Blvd,1039,SOUTH BLVD,,0,0,0,0,Property Damage,No Injuries,Car,9,Parked Motor Vehicle,2,2,0,5,"Over $1,500",1,0,0,0,0,0,0,15,Driving Skills/Knowledge/Experience,28,Failing To Reduce Speed To Avoid Crash,1,No Controls,1,No Controls,1,Clear,1,Daylight,7,Parking Lot,1,Dry,1,Slow,1,No Defects,O70,O12,41.8867188,-87.8018494,41.8866768,-87.8019333,1128971.88,1901756.13
34522,26 02061,2602061,X004211886,2026-04-25,17:30:00,2026-04-25 17:30:00,2026-04-27 09:47:41,6011 North Ave,6011,NORTH AVE,,0,0,0,1,Property Damage,No Injuries,Car,12,Sideswipe - Same Direction,2,2,0,5,"Over $1,500",1,0,0,0,0,0,0,04,Improper Overtaking/Passing,28,Failing To Reduce Speed To Avoid Crash,3,Traffic Signal,4,Functioning Properly,1,Clear,1,Daylight,1,Not Divided,1,Dry,3,Free Flow,1,No Defects,O10,O1,41.9092216,-87.7764435,41.9091110,-87.7762375,1135837.38,1909999.38
34521,26 02068,2602068,X004211885,2026-04-26,06:49:00,2026-04-26 06:49:00,2026-04-27 09:47:40,N Austin Blvd/Division,,N AUSTIN BLVD,DIVISION,0,0,0,1,Property Damage,No Injuries,Car,9,Parked Motor Vehicle,2,2,0,5,"Over $1,500",0,1,0,0,0,0,0,28,Failing To Reduce Speed To Avoid Crash,18,Unable To Determine,1,No Controls,1,No Controls,1,Clear,1,Daylight,2,"Divided, No Median Barrier",1,Dry,3,Free Flow,1,No Defects,,,41.9019966,-87.7753296,41.9020004,-87.7753677,1136156.75,1907368.88
34518,26 02071,2602071,X004211881,2026-04-26,11:01:00,2026-04-26 11:01:00,2026-04-27 09:41:49,N Marion St/Chicago Ave,,N MARION ST,CHICAGO AVE,0,0,0,0,Property Damage,No Injuries,Car,9,Parked Motor Vehicle,2,2,0,5,"Over $1,500",1,0,0,0,0,0,0,30,Improper Backing,18,Unable To Determine,1,No Controls,1,No Controls,1,Clear,1,Daylight,1,Not Divided,1,Dry,3,Free Flow,1,No Defects,O40,O9,41.8942604,-87.8028641,41.8942528,-87.8032684,1128678.38,1904502.00
34542,26 02111,2602111,X004214226,2026-04-27,10:52:00,2026-04-27 10:52:00,2026-04-29 08:48:19,Madison St/S Maple Ave,,MADISON ST,S MAPLE AVE,0,0,0,0,Property Damage,No Injuries,Car,12,Sideswipe - Same Direction,2,2,0,5,"Over $1,500",1,0,0,0,0,0,0,28,Failing To Reduce Speed To Avoid Crash,18,Unable To Determine,1,No Controls,1,No Controls,1,Clear,1,Daylight,2,"Divided, No Median Barrier",2,Wet,3,Free Flow,1,No Defects,O60,O15,41.8795929,-87.8038635,41.8796196,-87.8038635,1128439.38,1899156.50
34534,26 02091,2602091,X004212654,2026-04-27,12:00:00,2026-04-27 12:00:00,2026-04-28 09:34:01,522 Home Ave,522,HOME AVE,,0,0,0,1,Property Damage,No Injuries,Car,9,Parked Motor Vehicle,2,2,0,3,$500 or less,1,0,0,0,0,0,0,18,Unable To Determine,18,Unable To Determine,1,No Controls,1,No Controls,1,Clear,5,"Darkness, Lighted Road",2,"Divided, No Median Barrier",1,Dry,1,Slow,1,No Defects,O60,O15,41.8788223,-87.7998733,41.8788452,-87.7997055,1129528.00,1898882.50