record_id,report_number,crash_id,idot_crash_number,date,time,occurred_at,record_added_at,location,street_number,street_name,cross_street,at_intersection,intersection_related,private_property,hit_and_run,crash_severity,crash_injury_severity,crash_mode,crash_type_code,crash_type,total_units,num_motor_vehicles,dooring_pedalcyclist,damage_code,damage,no_injury_drive_away,injury_or_towed,fatalities,a_injuries,b_injuries,c_injuries,total_injured,cause1_code,cause1,cause2_code,cause2,traffic_control_code,traffic_control,device_condition_code,device_condition,weather_code,weather,lighting_code,lighting,trafficway_code,trafficway,road_surface_code,road_surface,flow_condition_code,flow_condition,road_defects_code,road_defects,beat_zone,post_district,latitude,longitude,latitude_geocoded,longitude_geocoded,state_plane_x,state_plane_y
34617,26 02150,2602150,X004227800,2026-04-27,14:03:00,2026-04-27 14:03:00,2026-05-11 09:47:34,Division St/Columbian Ave,,DIVISION ST,COLUMBIAN AVE,1,1,0,0,Property Damage,No Injuries,Car,15,Angle,2,2,0,5,"Over $1,500",0,1,0,0,0,0,0,02,Failing To Yield Right-Of-Way,99,Not Applicable,2,Stop Sign,4,Functioning Properly,1,Clear,1,Daylight,8,Other,1,Dry,3,Free Flow,1,No Defects,O20,O5,41.9017372,-87.7912140,41.9017677,-87.7912216,1131833.75,1907247.38
34532,26 02088,2602088,X004212657,2026-04-27,14:12:00,2026-04-27 14:12:00,2026-04-28 09:34:00,S Euclid Ave/Randolph St,,S EUCLID AVE,RANDOLPH ST,1,1,0,0,Injury,B Injury Crash,Pedestrian,1,Pedestrian,2,1,0,5,"Over $1,500",0,1,0,0,1,0,1,02,Failing To Yield Right-Of-Way,28,Failing To Reduce Speed To Avoid Crash,2,Stop Sign,4,Functioning Properly,8,Cloudy/Overcast,1,Daylight,1,Not Divided,2,Wet,3,Free Flow,1,No Defects,O60,O11,41.8833122,-87.7926865,41.8833084,-87.7927170,1131475.50,1900530.63
34530,26 02092,2602092,X004212651,2026-04-27,14:28:00,2026-04-27 14:28:00,2026-04-28 09:33:59,Roosevelt Rd/Oak Park Ave,,ROOSEVELT RD,OAK PARK AVE,1,1,0,0,Property Damage,No Injuries,Car,10,Turning (At Least One Vehicle),2,2,0,5,"Over $1,500",1,0,0,0,0,0,0,02,Failing To Yield Right-Of-Way,15,Driving Skills/Knowledge/Experience,3,Traffic Signal,4,Functioning Properly,2,Rain,1,Daylight,14,Four-Way Intersection,2,Wet,3,Free Flow,1,No Defects,O90,O17,41.8651924,-87.7937469,41.8651657,-87.7937546,1131227.00,1893925.00
34531,26 02093,2602093,X004212646,2026-04-27,14:49:00,2026-04-27 14:49:00,2026-04-28 09:33:59,1006 S Austin Blvd,1006,S AUSTIN BLVD,,0,0,0,0,Property Damage,No Injuries,Car,11,Front To Rear,2,2,0,5,"Over $1,500",1,0,0,0,0,0,0,03,Following Too Closely,15,Driving Skills/Knowledge/Experience,3,Traffic Signal,4,Functioning Properly,8,Cloudy/Overcast,1,Daylight,1,Not Divided,1,Dry,1,Slow,1,No Defects,O80,O13,41.8800888,-87.7746963,41.8677483,-87.7745056,1136381.50,1899387.00
34527,26 02094,2602094,X004212645,2026-04-27,15:16:00,2026-04-27 15:16:00,2026-04-28 09:22:11,520 S Maple Ave,520,S MAPLE AVE,,0,0,0,0,Property Damage,No Injuries,Car,9,Parked Motor Vehicle,2,2,0,3,$500 or less,1,0,0,0,0,0,0,18,Unable To Determine,18,Unable To Determine,1,No Controls,1,No Controls,1,Clear,1,Daylight,2,"Divided, No Median Barrier",1,Dry,1,Slow,1,No Defects,O60,O15,41.8790283,-87.8038864,41.8782425,-87.8033371,1128435.25,1898950.63
34528,26 02102,2602102,X004212643,2026-04-27,20:08:00,2026-04-27 20:08:00,2026-04-28 09:22:11,S Oak Park Ave/Garfield St,,S OAK PARK AVE,GARFIELD ST,0,0,0,0,Property Damage,No Injuries,Car,11,Front To Rear,2,2,0,5,"Over $1,500",1,0,0,0,0,0,0,28,Failing To Reduce Speed To Avoid Crash,03,Following Too Closely,3,Traffic Signal,9,Unknown,1,Clear,3,Dusk,1,Not Divided,1,Dry,1,Slow,1,No Defects,O90,O17,41.8720245,-87.7939529,41.8720245,-87.7939911,1131156.25,1896415.88
34529,26 02104,2602104,X004212640,2026-04-28,07:45:00,2026-04-28 07:45:00,2026-04-28 09:28:07,Belleforte Ave/Augusta,,BELLEFORTE AVE,AUGUSTA,0,0,0,0,Property Damage,No Injuries,Car,9,Parked Motor Vehicle,2,2,0,3,$500 or less,1,0,0,0,0,0,0,18,Unable To Determine,18,Unable To Determine,1,No Controls,1,No Controls,1,Clear,1,Daylight,1,Not Divided,1,Dry,1,Slow,1,No Defects,O20,O6,41.8979302,-87.8020935,41.8979263,-87.8023453,1128881.25,1905840.00
34538,26 02105,2602105,X004214224,2026-04-28,08:32:00,2026-04-28 08:32:00,2026-04-29 08:48:18,S Ridgeland Ave/Washington Blvd,,S RIDGELAND AVE,WASHINGTON BLVD,1,1,0,0,Property Damage,No Injuries,Car,11,Front To Rear,2,2,0,4,"$501 to $1,500",1,0,0,0,0,0,0,03,Following Too Closely,28,Failing To Reduce Speed To Avoid Crash,3,Traffic Signal,4,Functioning Properly,1,Clear,1,Daylight,14,Four-Way Intersection,1,Dry,1,Slow,1,No Defects,O50,O10,41.8817215,-87.7844772,41.8817253,-87.7845154,1133714.00,1899965.25
34539,26 02109,2602109,X004214225,2026-04-28,09:54:00,2026-04-28 09:54:00,2026-04-29 08:48:19,1141 Superior St,1141,SUPERIOR ST,,0,0,0,1,Property Damage,No Injuries,Car,9,Parked Motor Vehicle,2,2,0,5,"Over $1,500",1,0,0,0,0,0,0,28,Failing To Reduce Speed To Avoid Crash,20,Improper Lane Usage,1,No Controls,1,No Controls,1,Clear,1,Daylight,10,One-Way,1,Dry,3,Free Flow,1,No Defects,O30,O8,41.8929672,-87.7907257,41.8929787,-87.8043213,1131987.88,1904052.63
34535,26 02108,2602108,X004212638,2026-04-28,10:01:00,2026-04-28 10:01:00,2026-04-28 11:00:42,320 Chicago Ave,320,CHICAGO AVE,,0,0,0,0,Property Damage,No Injuries,Car,9,Parked Motor Vehicle,2,2,0,4,"$501 to $1,500",1,0,0,0,0,0,0,30,Improper Backing,28,Failing To Reduce Speed To Avoid Crash,1,No Controls,1,No Controls,8,Cloudy/Overcast,1,Daylight,7,Parking Lot,1,Dry,1,Slow,1,No Defects,O10,O4,41.8946075,-87.7841721,41.8946953,-87.7842865,1133766.38,1904661.88
34619,26 02322,2602322,X004227801,2026-04-28,15:35:00,2026-04-28 15:35:00,2026-05-11 09:53:33,North Ave/Ridgeland,,NORTH AVE,RIDGELAND,0,0,0,0,Property Damage,No Injuries,Car,11,Front To Rear,2,2,0,3,$500 or less,1,0,0,0,0,0,0,28,Failing To Reduce Speed To Avoid Crash,99,Not Applicable,3,Traffic Signal,9,Unknown,9,Unknown,9,Unknown,2,"Divided, No Median Barrier",9,Unknown,3,Free Flow,99,Unknown,O10,O1,41.9091339,-87.7833710,41.9091644,-87.7833710,1133952.25,1909956.38
34537,26 02113,2602113,X004214223,2026-04-28,16:27:00,2026-04-28 16:27:00,2026-04-29 08:36:23,101 S Euclid Ave,101,S EUCLID AVE,,0,0,0,0,Property Damage,No Injuries,Car,15,Angle,2,2,0,3,$500 or less,1,0,0,0,0,0,0,02,Failing To Yield Right-Of-Way,28,Failing To Reduce Speed To Avoid Crash,1,No Controls,1,No Controls,1,Clear,1,Daylight,1,Not Divided,1,Dry,3,Free Flow,1,No Defects,O60,O11,41.8868599,-87.7927704,41.8867035,-87.7931442,1131443.13,1901822.13
34536,26 02117,2602117,X004213198,2026-04-29,00:27:00,2026-04-29 00:27:00,2026-04-29 03:46:56,1150 N Marion St,1150,N MARION ST,,0,0,0,0,Property Damage,No Injuries,Car,6,Fixed Object,2,1,0,4,"$501 to $1,500",0,1,0,0,0,0,0,28,Failing To Reduce Speed To Avoid Crash,99,Not Applicable,1,No Controls,1,No Controls,1,Clear,4,Darkness,12,Alley,1,Dry,3,Free Flow,1,No Defects,O20,O3,41.9067993,-87.8042068,41.9068527,-87.8040924,1128285.63,1909069.63
34544,26 02122,2602122,X004214227,2026-04-29,10:22:00,2026-04-29 10:22:00,2026-04-29 11:58:54,Erie/Maple Ave,,ERIE,MAPLE AVE,0,0,0,0,Property Damage,No Injuries,Car,9,Parked Motor Vehicle,2,2,0,3,$500 or less,1,0,0,0,0,0,0,99,Not Applicable,99,Not Applicable,1,No Controls,1,No Controls,1,Clear,1,Daylight,2,"Divided, No Median Barrier",1,Dry,1,Slow,1,No Defects,O40,O9,41.8918152,-87.8038788,41.8918419,-87.8038864,1128408.38,1903609.75
34548,26 02125,2602125,X004215478,2026-04-29,11:54:00,2026-04-29 11:54:00,2026-04-30 10:21:28,N Harlem Ave/Randolph St,,N HARLEM AVE,RANDOLPH ST,1,1,0,0,Property Damage,No Injuries,Car,11,Front To Rear,2,2,0,5,"Over $1,500",1,0,0,0,0,0,0,03,Following Too Closely,28,Failing To Reduce Speed To Avoid Crash,1,No Controls,1,No Controls,1,Clear,1,Daylight,2,"Divided, No Median Barrier",1,Dry,3,Free Flow,1,No Defects,F1,FPPD,41.8832092,-87.8048935,41.8832283,-87.8048630,1128150.63,1900472.25
34547,26 02128,2602128,X004214973,2026-04-29,13:55:00,2026-04-29 13:55:00,2026-04-30 10:15:39,S Harvey Ave/Washington Blvd,,S HARVEY AVE,WASHINGTON BLVD,1,1,0,1,Property Damage,No Injuries,Car,15,Angle,2,2,0,4,"$501 to $1,500",1,0,0,0,0,0,0,28,Failing To Reduce Speed To Avoid Crash,18,Unable To Determine,2,Stop Sign,4,Functioning Properly,9,Unknown,1,Daylight,1,Not Divided,9,Unknown,,,1,No Defects,O50,O10,41.8817749,-87.7812119,41.8817711,-87.7812500,1134603.25,1899989.50
34545,26 02134,2602134,X004214229,2026-04-30,00:21:00,2026-04-30 00:21:00,2026-04-30 05:20:33,N Harlem Ave/North Ave,,N HARLEM AVE,NORTH AVE,0,0,0,0,Property Damage,No Injuries,Car,11,Front To Rear,2,2,0,3,$500 or less,1,0,0,0,0,0,0,03,Following Too Closely,99,Not Applicable,3,Traffic Signal,4,Functioning Properly,1,Clear,5,"Darkness, Lighted Road",1,Not Divided,1,Dry,2,Stopped,1,No Defects,O20,O3,41.9088783,-87.8057938,41.9088860,-87.8057556,1127849.25,1909824.75
34563,26 02208,2602208,X004218911,2026-04-30,08:00:00,2026-04-30 08:00:00,2026-05-04 09:32:04,Lake St/Linden Ave,,LAKE ST,LINDEN AVE,1,0,0,0,Property Damage,No Injuries,Car,12,Sideswipe - Same Direction,2,2,0,5,"Over $1,500",1,0,0,0,0,0,0,15,Driving Skills/Knowledge/Experience,99,Not Applicable,1,No Controls,4,Functioning Properly,1,Clear,1,Daylight,1,Not Divided,1,Dry,3,Free Flow,1,No Defects,O30,O8,41.8885040,-87.7911606,41.8885384,-87.7911606,1131878.63,1902425.75
34573,26 02148,2602148,X004220199,2026-04-30,14:16:00,2026-04-30 14:16:00,2026-05-05 09:38:55,642 Harrison St,642,HARRISON ST,,0,0,0,0,Property Damage,No Injuries,Car,9,Parked Motor Vehicle,2,2,0,3,$500 or less,1,0,0,0,0,0,0,18,Unable To Determine,18,Unable To Determine,1,No Controls,1,No Controls,8,Cloudy/Overcast,1,Daylight,2,"Divided, No Median Barrier",1,Dry,3,Free Flow,1,No Defects,O60,O14,41.8725739,-87.7911072,41.8726349,-87.7910690,1131930.75,1896620.88
34572,26 02149,2602149,X004220198,2026-04-30,15:19:00,2026-04-30 15:19:00,2026-05-05 09:32:54,Roosevelt Rd/Kenilworth Ave,,ROOSEVELT RD,KENILWORTH AVE,0,0,0,0,Property Damage,No Injuries,Car,15,Angle,2,2,0,5,"Over $1,500",0,1,0,0,0,0,0,20,Improper Lane Usage,17,Physical Condition Of Driver,2,Stop Sign,4,Functioning Properly,8,Cloudy/Overcast,1,Daylight,4,Two-Way Continuous Left-Turn Lane,1,Dry,1,Slow,1,No Defects,O90,O18,41.8651428,-87.7963638,41.8651199,-87.7963715,1130514.50,1893903.50
34577,26 02161,2602161,X004221301,2026-04-30,15:32:00,2026-04-30 15:32:00,2026-05-06 08:53:07,S East Ave/Washington Blvd,,S EAST AVE,WASHINGTON BLVD,1,1,0,1,Property Damage,No Injuries,Car,18,Rear To Front,2,2,0,3,$500 or less,1,0,0,0,0,0,0,30,Improper Backing,99,Not Applicable,3,Traffic Signal,4,Functioning Properly,1,Clear,1,Daylight,1,Not Divided,1,Dry,1,Slow,1,No Defects,O60,O11,41.8816414,-87.7893753,41.8816338,-87.7894134,1132380.13,1899926.50
34549,26 02160,2602160,X004215479,2026-04-30,16:06:00,2026-04-30 16:06:00,2026-04-30 23:26:32,417 N Harlem Ave,417,N HARLEM AVE,,0,0,0,1,Property Damage,No Injuries,Car,11,Front To Rear,2,2,0,3,$500 or less,1,0,0,0,0,0,0,28,Failing To Reduce Speed To Avoid Crash,99,Not Applicable,3,Traffic Signal,4,Functioning Properly,1,Clear,1,Daylight,1,Not Divided,1,Dry,1,Slow,1,No Defects,R83,RFPD,41.8877716,-87.8050537,41.8875923,-87.8048477,1128097.00,1902134.88
34570,26 02151,2602151,X004220194,2026-04-30,16:31:00,2026-04-30 16:31:00,2026-05-05 09:38:55,1 Washington Blvd,1,WASHINGTON BLVD,,0,0,0,0,Injury,B Injury Crash,Car,13,Sideswipe - Opposite Direction,3,3,0,5,"Over $1,500",0,1,0,0,1,0,1,28,Failing To Reduce Speed To Avoid Crash,17,Physical Condition Of Driver,3,Traffic Signal,4,Functioning Properly,2,Rain,1,Daylight,1,Not Divided,2,Wet,1,Slow,1,No Defects,O50,O10,41.8820839,-87.7747269,41.8820534,-87.7748032,1136368.00,1900113.38
34604,26 02153,2602153,X004226714,2026-04-30,17:49:00,2026-04-30 17:49:00,2026-05-11 09:41:22,Wesley Ave/Washington Blvd,,WESLEY AVE,WASHINGTON BLVD,1,1,0,0,Injury,B Injury Crash,Car,15,Angle,2,2,0,5,"Over $1,500",0,1,0,0,1,1,2,02,Failing To Yield Right-Of-Way,99,Not Applicable,2,Stop Sign,4,Functioning Properly,1,Clear,1,Daylight,1,Not Divided,2,Wet,3,Free Flow,1,No Defects,O60,O11,41.8816109,-87.7910080,41.8816071,-87.7910461,1131935.38,1899913.25
34553,26 02156,2602156,X004215656,2026-04-30,18:40:00,2026-04-30 18:40:00,2026-05-01 09:42:25,11 Madison St,11,MADISON ST,,0,0,0,0,Injury,B Injury Crash,Car,10,Turning (At Least One Vehicle),2,2,0,5,"Over $1,500",0,1,0,0,1,0,1,02,Failing To Yield Right-Of-Way,99,Not Applicable,1,No Controls,1,No Controls,2,Rain,1,Daylight,2,"Divided, No Median Barrier",2,Wet,3,Free Flow,99,Unknown,O80,O13,41.8800507,-87.7751694,41.8799171,-87.7751694,1136252.38,1899372.38
34554,26 02168,2602168,X004216593,2026-05-01,10:45:00,2026-05-01 10:45:00,2026-05-01 14:52:54,N Marion St/Ontario St,,N MARION ST,ONTARIO ST,1,1,0,0,Property Damage,No Injuries,Car,15,Angle,2,2,0,5,"Over $1,500",1,0,0,0,0,0,0,02,Failing To Yield Right-Of-Way,28,Failing To Reduce Speed To Avoid Crash,2,Stop Sign,4,Functioning Properly,1,Clear,1,Daylight,1,Not Divided,1,Dry,3,Free Flow,1,No Defects,O40,O9,41.8905830,-87.8027496,41.8905907,-87.8027115,1128719.13,1903162.38
34562,26 02169,2602169,X004218869,2026-05-01,12:50:00,2026-05-01 12:50:00,2026-05-04 09:32:03,Home Ave/Adams St,,HOME AVE,ADAMS ST,0,0,0,0,Property Damage,No Injuries,Car,9,Parked Motor Vehicle,2,2,0,5,"Over $1,500",0,1,0,0,0,0,0,28,Failing To Reduce Speed To Avoid Crash,41,Distraction - From Inside Vehicle,1,No Controls,1,No Controls,8,Cloudy/Overcast,1,Daylight,1,Not Divided,1,Dry,3,Free Flow,1,No Defects,O60,O15,41.8768425,-87.7997284,41.8768387,-87.7997665,1129571.13,1898160.00
34564,26 02172,2602172,X004218875,2026-05-01,14:36:00,2026-05-01 14:36:00,2026-05-04 09:32:04,Harlem Ave/Paulina,,HARLEM AVE,PAULINA,0,0,0,0,Property Damage,No Injuries,Car,11,Front To Rear,2,2,0,5,"Over $1,500",1,0,0,0,0,0,0,28,Failing To Reduce Speed To Avoid Crash,99,Not Applicable,1,No Controls,1,No Controls,8,Cloudy/Overcast,1,Daylight,1,Not Divided,1,Dry,3,Free Flow,1,No Defects,R82,RFPD,41.8953209,-87.8053284,41.8953247,-87.8052902,1128006.38,1904884.00
34559,26 02178,2602178,X004218878,2026-05-01,20:34:00,2026-05-01 20:34:00,2026-05-04 09:26:07,6346 Roosevelt Rd,6346,ROOSEVELT RD,,0,0,0,1,Property Damage,No Injuries,Car,9,Parked Motor Vehicle,2,2,0,5,"Over $1,500",1,0,0,0,0,0,0,28,Failing To Reduce Speed To Avoid Crash,18,Unable To Determine,1,No Controls,1,No Controls,1,Clear,1,Daylight,7,Parking Lot,1,Dry,3,Free Flow,1,No Defects,O90,O16,41.8653679,-87.7836380,41.8655891,-87.7836456,1133981.75,1894006.88
34560,26 02187,2602187,X004218883,2026-05-02,11:02:00,2026-05-02 11:02:00,2026-05-04 09:26:07,1159 S East Ave,1159,S EAST AVE,,0,0,0,0,Property Damage,No Injuries,Car,9,Parked Motor Vehicle,2,2,0,5,"Over $1,500",1,0,0,0,0,0,0,20,Improper Lane Usage,18,Unable To Determine,1,No Controls,1,No Controls,1,Clear,1,Daylight,1,Not Divided,1,Dry,3,Free Flow,1,No Defects,O90,O17,41.8666840,-87.7888794,41.8666763,-87.7890701,1132549.25,1894477.75
34558,26 02188,2602188,X004218885,2026-05-02,11:19:00,2026-05-02 11:19:00,2026-05-04 09:26:06,Roosevelt Rd/Euclid Ave,,ROOSEVELT RD,EUCLID AVE,0,0,0,0,Property Damage,No Injuries,Car,11,Front To Rear,2,2,0,5,"Over $1,500",1,0,0,0,0,0,0,03,Following Too Closely,28,Failing To Reduce Speed To Avoid Crash,1,No Controls,1,No Controls,1,Clear,1,Daylight,2,"Divided, No Median Barrier",1,Dry,1,Slow,1,No Defects,O90,O17,41.8652153,-87.7925339,41.8651848,-87.7925415,1131557.50,1893935.13
34555,26 02190,2602190,X004217289,2026-05-02,15:32:00,2026-05-02 15:32:00,2026-05-02 17:38:05,Cuyler Ave/Lake St,,CUYLER AVE,LAKE ST,0,0,0,0,Property Damage,No Injuries,Car,6,Fixed Object,2,1,0,5,"Over $1,500",1,0,0,0,0,0,0,28,Failing To Reduce Speed To Avoid Crash,18,Unable To Determine,1,No Controls,1,No Controls,7,Other,9,Unknown,7,Parking Lot,9,Unknown,3,Free Flow,1,No Defects,O30,O7,41.8882713,-87.7830963,41.8882751,-87.7830582,1134074.50,1902354.00
34561,26 02192,2602192,X004218890,2026-05-02,18:33:00,2026-05-02 18:33:00,2026-05-04 09:26:07,Randolph St/Home Ave,,RANDOLPH ST,HOME AVE,0,0,0,0,Property Damage,No Injuries,Car,9,Parked Motor Vehicle,2,2,0,5,"Over $1,500",1,0,0,0,0,0,0,20,Improper Lane Usage,28,Failing To Reduce Speed To Avoid Crash,1,No Controls,1,No Controls,1,Clear,1,Daylight,1,Not Divided,1,Dry,3,Free Flow,1,No Defects,O70,O12,41.8832932,-87.8000031,41.8833275,-87.8000031,1129483.88,1900511.75
34556,26 02205,2602205,X004218293,2026-05-03,12:23:00,2026-05-03 12:23:00,2026-05-03 13:01:36,405 Wesley Ave,405,WESLEY AVE,,0,0,0,1,Property Damage,No Injuries,Car,9,Parked Motor Vehicle,2,2,0,5,"Over $1,500",1,0,0,0,0,0,0,28,Failing To Reduce Speed To Avoid Crash,18,Unable To Determine,1,No Controls,1,No Controls,1,Clear,1,Daylight,1,Not Divided,1,Dry,3,Free Flow,1,No Defects,O60,O11,41.8814163,-87.7910080,41.8810844,-87.7913208,1131937.38,1899842.13
34565,26 02210,2602210,X004218916,2026-05-03,23:07:00,2026-05-03 23:07:00,2026-05-04 09:32:04,North Ave/N East Ave,,NORTH AVE,N EAST AVE,1,1,0,0,Property Damage,No Injuries,Car,10,Turning (At Least One Vehicle),2,2,0,5,"Over $1,500",1,0,0,0,0,0,0,02,Failing To Yield Right-Of-Way,28,Failing To Reduce Speed To Avoid Crash,1,No Controls,1,No Controls,1,Clear,4,Darkness,1,Not Divided,1,Dry,3,Free Flow,1,No Defects,O20,O2,41.9090500,-87.7902145,41.9090767,-87.7902145,1132089.50,1909913.75
34566,26 02214,2602214,X004218920,2026-05-04,08:23:00,2026-05-04 08:23:00,2026-05-04 10:19:12,N Kenilworth Ave/Lake St,,N KENILWORTH AVE,LAKE ST,0,0,0,0,Property Damage,No Injuries,Car,9,Parked Motor Vehicle,2,2,0,5,"Over $1,500",1,0,0,0,0,0,0,02,Failing To Yield Right-Of-Way,99,Not Applicable,3,Traffic Signal,4,Functioning Properly,1,Clear,1,Daylight,1,Not Divided,1,Dry,3,Free Flow,1,No Defects,O40,O9,41.8886948,-87.7971268,41.8886986,-87.7975082,1130254.25,1902484.38
34574,26 02216,2602216,X004220172,2026-05-04,09:25:00,2026-05-04 09:25:00,2026-05-05 09:38:56,11 N Harlem Ave,11,N HARLEM AVE,,0,0,0,0,Property Damage,No Injuries,Car,11,Front To Rear,3,3,0,4,"$501 to $1,500",0,1,0,0,0,0,0,18,Unable To Determine,99,Not Applicable,3,Traffic Signal,4,Functioning Properly,1,Clear,1,Daylight,3,Divided With Median Barrier,1,Dry,2,Stopped,1,No Defects,O70,O12,41.8800278,-87.8047256,41.8799248,-87.8043976,1128203.75,1899313.50
34600,26 02307,2602307,X004227798,2026-05-04,10:59:00,2026-05-04 10:59:00,2026-05-11 09:35:14,Ridgeland/Division,,RIDGELAND,DIVISION,0,1,0,0,Injury,B Injury Crash,Car,11,Front To Rear,2,2,0,5,"Over $1,500",0,1,0,0,1,0,1,28,Failing To Reduce Speed To Avoid Crash,99,Not Applicable,3,Traffic Signal,9,Unknown,9,Unknown,1,Daylight,1,Not Divided,9,Unknown,2,Stopped,99,Unknown,O20,O2,41.9018860,-87.7849121,41.9018860,-87.7848740,1133548.63,1907311.13
34567,26 02225,2602225,X004219698,2026-05-04,14:11:00,2026-05-04 14:11:00,2026-05-04 17:20:07,N Austin Blvd/Lake St,,N AUSTIN BLVD,LAKE ST,0,0,0,0,Property Damage,No Injuries,Car,6,Fixed Object,1,1,0,4,"$501 to $1,500",1,0,0,0,0,0,0,18,Unable To Determine,18,Unable To Determine,1,No Controls,1,No Controls,1,Clear,1,Daylight,2,"Divided, No Median Barrier",1,Dry,1,Slow,1,No Defects,,,41.8880272,-87.7748947,41.8880234,-87.7749329,1136309.00,1902279.13
34571,26 02226,2602226,X004220143,2026-05-04,15:04:00,2026-05-04 15:04:00,2026-05-05 09:32:53,1030 N Oak Park Ave,1030,N OAK PARK AVE,,0,0,0,0,Property Damage,No Injuries,Car,12,Sideswipe - Same Direction,2,2,0,3,$500 or less,1,0,0,0,0,0,0,18,Unable To Determine,18,Unable To Determine,1,No Controls,1,No Controls,1,Clear,1,Daylight,2,"Divided, No Median Barrier",1,Dry,3,Free Flow,1,No Defects,O20,O2,41.9046173,-87.7949066,41.9047279,-87.7947006,1130822.50,1908289.63
34569,26 02228,2602228,X004220133,2026-05-04,15:37:00,2026-05-04 15:37:00,2026-05-05 09:21:06,218 S Kenilworth Ave,218,S KENILWORTH AVE,,0,0,0,0,Property Damage,No Injuries,Pedalcyclist,2,Pedalcyclist,2,1,0,4,"$501 to $1,500",1,0,0,0,0,0,0,02,Failing To Yield Right-Of-Way,14,"Vision Obscured (Signs, Tree Limbs, Buildings",1,No Controls,1,No Controls,1,Clear,1,Daylight,1,Not Divided,1,Dry,3,Free Flow,1,No Defects,O70,O12,41.8844757,-87.7971115,41.8844070,-87.7968292,1130268.75,1900946.75
34579,26 02240,2602240,X004221294,2026-05-05,12:21:00,2026-05-05 12:21:00,2026-05-06 08:53:08,28 N Austin Blvd,28,N AUSTIN BLVD,,0,0,0,0,Property Damage,No Injuries,Car,11,Front To Rear,2,2,0,3,$500 or less,1,0,0,0,0,0,0,03,Following Too Closely,99,Not Applicable,3,Traffic Signal,4,Functioning Properly,8,Cloudy/Overcast,1,Daylight,3,Divided With Median Barrier,1,Dry,1,Slow,1,No Defects,,,41.8809891,-87.7746582,41.8810005,-87.7747726,1136390.25,1899715.38
34615,26 02244,2602244,X004227799,2026-05-05,13:24:00,2026-05-05 13:24:00,2026-05-11 09:47:33,1116 Randolph St,1116,RANDOLPH ST,,0,0,0,0,Property Damage,No Injuries,Car,9,Parked Motor Vehicle,2,2,0,3,$500 or less,1,0,0,0,0,0,0,18,Unable To Determine,99,Not Applicable,1,No Controls,1,No Controls,2,Rain,3,Dusk,3,Divided With Median Barrier,2,Wet,3,Free Flow,1,No Defects,O70,O12,41.8832703,-87.8034668,41.8833542,-87.8033218,1128539.75,1900496.38
34580,26 02248,2602248,X004221288,2026-05-05,14:49:00,2026-05-05 14:49:00,2026-05-06 08:53:08,N Ridgeland Ave/Lake St,,N RIDGELAND AVE,LAKE ST,0,0,0,0,Property Damage,No Injuries,Car,11,Front To Rear,2,2,0,3,$500 or less,1,0,0,0,0,0,0,03,Following Too Closely,99,Not Applicable,1,No Controls,1,No Controls,1,Clear,1,Daylight,1,Not Divided,1,Dry,1,Slow,1,No Defects,O30,O8,41.8883209,-87.7847366,41.8883209,-87.7846985,1133628.00,1902369.13
34578,26 02250,2602250,X004221286,2026-05-05,15:53:00,2026-05-05 15:53:00,2026-05-06 08:53:07,Washington Blvd/Wesley Ave,,WASHINGTON BLVD,WESLEY AVE,1,1,0,0,Property Damage,No Injuries,Car,15,Angle,2,2,0,5,"Over $1,500",0,1,0,0,0,0,0,02,Failing To Yield Right-Of-Way,15,Driving Skills/Knowledge/Experience,2,Stop Sign,1,No Controls,1,Clear,1,Daylight,1,Not Divided,1,Dry,1,Slow,1,No Defects,O60,O11,41.8815804,-87.7910461,41.8816071,-87.7910461,1131926.50,1899901.88
34586,26 02281,2602281,X004223528,2026-05-06,09:35:00,2026-05-06 09:35:00,2026-05-07 13:16:52,North Blvd/N Oak Park Ave,,NORTH BLVD,N OAK PARK AVE,0,0,0,1,Property Damage,No Injuries,Car,9,Parked Motor Vehicle,2,2,0,3,$500 or less,1,0,0,0,0,0,0,28,Failing To Reduce Speed To Avoid Crash,18,Unable To Determine,1,No Controls,1,No Controls,8,Cloudy/Overcast,1,Daylight,7,Parking Lot,9,Unknown,3,Free Flow,1,No Defects,O30,O8,41.8872833,-87.7944717,41.8873138,-87.7944794,1130980.38,1901974.00
34584,26 02265,2602265,X004223526,2026-05-06,12:35:00,2026-05-06 12:35:00,2026-05-07 09:26:05,Wesley Ave/Madison St,,WESLEY AVE,MADISON ST,0,0,0,1,Property Damage,No Injuries,Car,10,Turning (At Least One Vehicle),2,2,0,4,"$501 to $1,500",1,0,0,0,0,0,0,18,Unable To Determine,18,Unable To Determine,1,No Controls,1,No Controls,8,Cloudy/Overcast,1,Daylight,1,Not Divided,1,Dry,3,Free Flow,1,No Defects,O60,O11,41.8798218,-87.7909622,41.8798065,-87.7918091,1131953.00,1899261.75
34583,26 02268,2602268,X004223525,2026-05-06,18:40:00,2026-05-06 18:40:00,2026-05-07 09:26:04,Thomas St/N Ridgeland Ave,,THOMAS ST,N RIDGELAND AVE,1,1,0,0,Injury,B Injury Crash,Car,15,Angle,2,2,0,5,"Over $1,500",0,1,0,0,1,1,2,23,Disregarding Stop Sign,28,Failing To Reduce Speed To Avoid Crash,2,Stop Sign,4,Functioning Properly,1,Clear,1,Daylight,1,Not Divided,1,Dry,1,Slow,1,No Defects,O10,O4,41.8998642,-87.7850571,41.8998947,-87.7850571,1133513.63,1906575.38