record_id,report_number,crash_id,idot_crash_number,date,time,occurred_at,record_added_at,location,street_number,street_name,cross_street,at_intersection,intersection_related,private_property,hit_and_run,crash_severity,crash_injury_severity,crash_mode,crash_type_code,crash_type,total_units,num_motor_vehicles,dooring_pedalcyclist,damage_code,damage,no_injury_drive_away,injury_or_towed,fatalities,a_injuries,b_injuries,c_injuries,total_injured,cause1_code,cause1,cause2_code,cause2,traffic_control_code,traffic_control,device_condition_code,device_condition,weather_code,weather,lighting_code,lighting,trafficway_code,trafficway,road_surface_code,road_surface,flow_condition_code,flow_condition,road_defects_code,road_defects,beat_zone,post_district,latitude,longitude,latitude_geocoded,longitude_geocoded,state_plane_x,state_plane_y
34585,26 02270,2602270,X004223527,2026-05-06,19:46:00,2026-05-06 19:46:00,2026-05-07 09:32:12,400 S Oak Park,400,S OAK PARK,,0,0,0,0,Property Damage,No Injuries,Car,11,Front To Rear,2,2,0,5,"Over $1,500",1,0,0,0,0,0,0,28,Failing To Reduce Speed To Avoid Crash,03,Following Too Closely,1,No Controls,1,No Controls,1,Clear,1,Daylight,1,Not Divided,1,Dry,3,Free Flow,1,No Defects,O70,O12,41.8816223,-87.7943497,41.8815956,-87.7942352,1131025.75,1899911.50
34587,26 02283,2602283,X004223628,2026-05-07,10:03:00,2026-05-07 10:03:00,2026-05-08 07:46:08,Lake St/N Ridgeland Ave,,LAKE ST,N RIDGELAND AVE,0,0,0,0,Property Damage,No Injuries,Car,9,Parked Motor Vehicle,2,2,0,5,"Over $1,500",0,1,0,0,0,0,0,28,Failing To Reduce Speed To Avoid Crash,15,Driving Skills/Knowledge/Experience,3,Traffic Signal,4,Functioning Properly,1,Clear,1,Daylight,2,"Divided, No Median Barrier",1,Dry,3,Free Flow,1,No Defects,O30,O7,41.8882980,-87.7846985,41.8883209,-87.7846985,1133638.38,1902360.50
34594,26 02289,2602289,X004227141,2026-05-07,15:06:00,2026-05-07 15:06:00,2026-05-11 09:35:12,Washington Blvd/S Kenilworth Ave,,WASHINGTON BLVD,S KENILWORTH AVE,1,1,0,0,Property Damage,No Injuries,Car,10,Turning (At Least One Vehicle),2,2,0,5,"Over $1,500",0,1,0,0,0,0,0,06,Improper Turning/No Signal,28,Failing To Reduce Speed To Avoid Crash,2,Stop Sign,4,Functioning Properly,1,Clear,1,Daylight,14,Four-Way Intersection,1,Dry,3,Free Flow,1,No Defects,O70,O12,41.8815270,-87.7969742,41.8815537,-87.7969742,1130311.88,1899872.13
34590,26 02295,2602295,X004223630,2026-05-07,17:17:00,2026-05-07 17:17:00,2026-05-08 07:46:09,814 Randolph St,814,RANDOLPH ST,,0,0,0,0,Property Damage,No Injuries,Car,9,Parked Motor Vehicle,2,2,0,5,"Over $1,500",1,0,0,0,0,0,0,18,Unable To Determine,99,Not Applicable,1,No Controls,1,No Controls,1,Clear,1,Daylight,1,Not Divided,1,Dry,3,Free Flow,1,No Defects,O70,O12,41.8832703,-87.8033905,41.8834953,-87.7949600,1128561.75,1900496.75
34589,26 02294,2602294,X004223629,2026-05-07,18:22:00,2026-05-07 18:22:00,2026-05-08 07:52:08,846 N Elmwood Ave,846,N ELMWOOD AVE,,0,0,0,0,Property Damage,No Injuries,Car,9,Parked Motor Vehicle,2,2,0,5,"Over $1,500",1,0,0,0,0,0,0,99,Not Applicable,99,Not Applicable,2,Stop Sign,4,Functioning Properly,1,Clear,1,Daylight,1,Not Divided,1,Dry,3,Free Flow,1,No Defects,O20,O5,41.9015045,-87.7867050,41.9015503,-87.7864609,1133061.38,1907169.63
34588,26 02296,2602296,X004223634,2026-05-07,19:34:00,2026-05-07 19:34:00,2026-05-08 07:46:09,N Harlem Ave/Lake St,,N HARLEM AVE,LAKE ST,1,1,0,0,Property Damage,No Injuries,Car,11,Front To Rear,2,2,0,3,$500 or less,1,0,0,0,0,0,0,28,Failing To Reduce Speed To Avoid Crash,18,Unable To Determine,3,Traffic Signal,4,Functioning Properly,1,Clear,1,Daylight,1,Not Divided,1,Dry,3,Free Flow,1,No Defects,R83,RFPD,41.8885765,-87.8050919,41.8885841,-87.8050537,1128084.88,1902427.75
34618,26 02303,2602303,X004227144,2026-05-08,07:34:00,2026-05-08 07:34:00,2026-05-11 09:53:33,S Ridgeland Ave/Washington Blvd,,S RIDGELAND AVE,WASHINGTON BLVD,0,0,0,0,Property Damage,No Injuries,Car,12,Sideswipe - Same Direction,2,2,0,4,"$501 to $1,500",1,0,0,0,0,0,0,20,Improper Lane Usage,18,Unable To Determine,3,Traffic Signal,4,Functioning Properly,1,Clear,1,Daylight,2,"Divided, No Median Barrier",1,Dry,1,Slow,1,No Defects,O50,O10,41.8817215,-87.7844772,41.8817253,-87.7845154,1133714.00,1899965.25
34616,26 02308,2602308,X004227146,2026-05-08,11:45:00,2026-05-08 11:45:00,2026-05-11 09:47:34,North Ave/Linden Ave,,NORTH AVE,LINDEN AVE,0,0,0,0,Injury,B Injury Crash,Car,11,Front To Rear,2,2,0,5,"Over $1,500",0,1,0,0,1,0,1,03,Following Too Closely,28,Failing To Reduce Speed To Avoid Crash,2,Stop Sign,4,Functioning Properly,1,Clear,1,Daylight,2,"Divided, No Median Barrier",1,Dry,3,Free Flow,1,No Defects,O20,O2,41.9090195,-87.7926331,41.9090500,-87.7926331,1131431.38,1909898.75
34607,26 02330,2602330,X004227151,2026-05-08,12:11:00,2026-05-08 12:11:00,2026-05-11 09:41:23,S Ridgeland Ave/Adams St,,S RIDGELAND AVE,ADAMS ST,0,0,0,0,Property Damage,No Injuries,Car,11,Front To Rear,2,2,0,4,"$501 to $1,500",1,0,0,0,0,0,0,28,Failing To Reduce Speed To Avoid Crash,99,Not Applicable,1,No Controls,1,No Controls,1,Clear,1,Daylight,2,"Divided, No Median Barrier",1,Dry,1,Slow,1,No Defects,O80,O13,41.8780823,-87.7843704,41.8780785,-87.7844009,1133752.38,1898639.50
34614,26 02314,2602314,X004227147,2026-05-08,17:11:00,2026-05-08 17:11:00,2026-05-11 09:47:33,Lake St/N Lombard Ave,,LAKE ST,N LOMBARD AVE,1,1,0,0,Injury,C Injury Crash,Car,15,Angle,3,3,0,5,"Over $1,500",0,1,0,0,0,2,2,02,Failing To Yield Right-Of-Way,99,Not Applicable,2,Stop Sign,4,Functioning Properly,1,Clear,1,Daylight,2,"Divided, No Median Barrier",1,Dry,3,Free Flow,1,No Defects,O30,O7,41.8881493,-87.7798080,41.8881798,-87.7798080,1134970.38,1902315.25
34797,26 02860,2602860,X004252728,2026-05-09,00:00:00,2026-05-09 00:00:00,2026-06-02 09:21:25,643 N Elmwood Ave,643,N ELMWOOD AVE,,0,0,0,1,Property Damage,No Injuries,Car,6,Fixed Object,1,1,0,5,"Over $1,500",1,0,0,0,0,0,0,18,Unable To Determine,99,Not Applicable,1,No Controls,1,No Controls,9,Unknown,9,Unknown,12,Alley,9,Unknown,,,99,Unknown,O30,O8,41.8886986,-87.7863770,41.8979340,-87.7868652,1133180.50,1902504.00
34602,26 02328,2602328,X004227150,2026-05-09,11:26:00,2026-05-09 11:26:00,2026-05-11 09:35:11,S Harlem Ave/Lexington St,,S HARLEM AVE,LEXINGTON ST,1,1,0,0,Injury,B Injury Crash,Car,10,Turning (At Least One Vehicle),2,2,0,5,"Over $1,500",0,1,0,0,3,0,3,02,Failing To Yield Right-Of-Way,06,Improper Turning/No Signal,1,No Controls,1,No Controls,1,Clear,1,Daylight,3,Divided With Median Barrier,1,Dry,3,Free Flow,1,No Defects,O90,O18,41.8704796,-87.8043671,41.8704834,-87.8043976,1128323.00,1895834.00
34603,26 02331,2602331,X004227157,2026-05-09,12:55:00,2026-05-09 12:55:00,2026-05-11 09:41:21,Madison St/S Maple Ave,,MADISON ST,S MAPLE AVE,1,1,0,0,Injury,B Injury Crash,Car,15,Angle,2,2,0,5,"Over $1,500",0,1,0,0,1,1,2,02,Failing To Yield Right-Of-Way,28,Failing To Reduce Speed To Avoid Crash,2,Stop Sign,4,Functioning Properly,8,Cloudy/Overcast,1,Daylight,1,Not Divided,1,Dry,2,Stopped,1,No Defects,O60,O15,41.8795929,-87.8038635,41.8796196,-87.8038635,1128439.38,1899156.50
34609,26 02335,2602335,X004227161,2026-05-09,16:02:00,2026-05-09 16:02:00,2026-05-11 09:47:31,S East Ave/Lexington St,,S EAST AVE,LEXINGTON ST,0,0,0,0,Property Damage,No Injuries,Car,12,Sideswipe - Same Direction,2,2,0,3,$500 or less,1,0,0,0,0,0,0,04,Improper Overtaking/Passing,99,Not Applicable,17,Pedestrian Crossing Sign,4,Functioning Properly,1,Clear,1,Daylight,1,Not Divided,1,Dry,3,Free Flow,1,No Defects,O90,O17,41.8707275,-87.7890167,41.8707275,-87.7890472,1132503.25,1895950.25
34605,26 02341,2602341,X004227186,2026-05-09,17:44:00,2026-05-09 17:44:00,2026-05-11 09:35:15,224 S Austin,224,S AUSTIN,,0,0,0,1,Injury,B Injury Crash,Car,11,Front To Rear,3,3,0,5,"Over $1,500",0,1,0,0,1,1,2,28,Failing To Reduce Speed To Avoid Crash,99,Not Applicable,3,Traffic Signal,4,Functioning Properly,1,Clear,1,Daylight,2,"Divided, No Median Barrier",9,Unknown,3,Free Flow,99,Unknown,O80,O13,41.8762207,-87.7745590,41.8768730,-87.7748108,1136427.25,1897978.38
34611,26 02338,2602338,X004227167,2026-05-09,18:06:00,2026-05-09 18:06:00,2026-05-11 09:47:32,Madison St/S Ridgeland Ave,,MADISON ST,S RIDGELAND AVE,0,0,0,0,Property Damage,No Injuries,Car,11,Front To Rear,2,2,0,4,"$501 to $1,500",1,0,0,0,0,0,0,28,Failing To Reduce Speed To Avoid Crash,41,Distraction - From Inside Vehicle,3,Traffic Signal,4,Functioning Properly,1,Clear,1,Daylight,1,Not Divided,1,Dry,,,1,No Defects,O80,O13,41.8799019,-87.7844620,41.8799324,-87.7844620,1133723.63,1899302.88
34610,26 02337,2602337,X004227164,2026-05-09,18:21:00,2026-05-09 18:21:00,2026-05-11 09:47:31,Madison St/Clinton Ave,,MADISON ST,CLINTON AVE,1,0,0,0,Property Damage,No Injuries,Car,11,Front To Rear,2,2,0,3,$500 or less,1,0,0,0,0,0,0,28,Failing To Reduce Speed To Avoid Crash,99,Not Applicable,1,No Controls,1,No Controls,1,Clear,1,Daylight,2,"Divided, No Median Barrier",1,Dry,3,Free Flow,1,No Defects,O70,O12,41.8797226,-87.7988281,41.8796921,-87.7988281,1129811.75,1899211.38
34608,26 02349,2602349,X004227190,2026-05-10,09:58:00,2026-05-10 09:58:00,2026-05-11 09:47:30,727 N Harlem Ave,727,N HARLEM AVE,,0,0,0,0,Property Damage,No Injuries,Car,15,Angle,2,2,0,5,"Over $1,500",0,1,0,0,0,0,0,02,Failing To Yield Right-Of-Way,99,Not Applicable,1,No Controls,1,No Controls,1,Clear,1,Daylight,2,"Divided, No Median Barrier",1,Dry,2,Stopped,1,No Defects,O40,O9,41.8939629,-87.8052673,41.8938293,-87.8048782,1128024.00,1904389.63
34613,26 02353,2602353,X004227195,2026-05-10,14:00:00,2026-05-10 14:00:00,2026-05-11 09:41:21,417 N Harlem Ave,417,N HARLEM AVE,,0,0,0,0,Property Damage,No Injuries,Car,9,Parked Motor Vehicle,2,2,0,4,"$501 to $1,500",1,0,0,0,0,0,0,02,Failing To Yield Right-Of-Way,18,Unable To Determine,1,No Controls,1,No Controls,1,Clear,1,Daylight,7,Parking Lot,1,Dry,1,Slow,1,No Defects,R83,RFPD,41.8877716,-87.8050537,41.8875923,-87.8048477,1128097.00,1902134.88
34612,26 02352,2602352,X004227193,2026-05-10,14:24:00,2026-05-10 14:24:00,2026-05-11 09:47:32,Randolph/Kenilworth,,RANDOLPH,KENILWORTH,0,0,0,1,Property Damage,No Injuries,Car,9,Parked Motor Vehicle,2,2,0,4,"$501 to $1,500",1,0,0,0,0,0,0,18,Unable To Determine,99,Not Applicable,1,No Controls,1,No Controls,9,Unknown,9,Unknown,1,Not Divided,9,Unknown,3,Free Flow,1,No Defects,O70,O12,41.8833618,-87.7970276,41.8833885,-87.7970352,1130292.13,1900541.38
34597,26 02356,2602356,X004227797,2026-05-10,14:57:00,2026-05-10 14:57:00,2026-05-11 09:35:13,Austin/Washington,,AUSTIN,WASHINGTON,0,0,0,1,Property Damage,No Injuries,Car,12,Sideswipe - Same Direction,2,2,0,5,"Over $1,500",1,0,0,0,0,0,0,20,Improper Lane Usage,06,Improper Turning/No Signal,3,Traffic Signal,4,Functioning Properly,1,Clear,1,Daylight,1,Not Divided,1,Dry,2,Stopped,1,No Defects,O80,O13,41.8821068,-87.7746887,41.8821106,-87.7747269,1136378.00,1900122.38
34595,26 02355,2602355,X004227796,2026-05-10,15:27:00,2026-05-10 15:27:00,2026-05-11 09:35:13,Madison St/S Ridgeland Ave,,MADISON ST,S RIDGELAND AVE,0,0,0,1,Property Damage,No Injuries,Car,11,Front To Rear,2,2,0,5,"Over $1,500",1,0,0,0,0,0,0,28,Failing To Reduce Speed To Avoid Crash,18,Unable To Determine,1,No Controls,1,No Controls,1,Clear,1,Daylight,2,"Divided, No Median Barrier",1,Dry,1,Slow,1,No Defects,O80,O13,41.8799019,-87.7844620,41.8799324,-87.7844620,1133723.63,1899302.88
34620,26 02364,2602364,X004227802,2026-05-11,00:24:00,2026-05-11 00:24:00,2026-05-11 14:36:40,Harrison St/Austin Blvd,,HARRISON ST,AUSTIN BLVD,1,1,0,0,Property Damage,No Injuries,Car,10,Turning (At Least One Vehicle),2,2,0,5,"Over $1,500",0,1,0,0,0,0,0,99,Not Applicable,99,Not Applicable,3,Traffic Signal,4,Functioning Properly,1,Clear,5,"Darkness, Lighted Road",1,Not Divided,1,Dry,3,Free Flow,1,No Defects,O80,O13,41.8727493,-87.7744141,41.8727799,-87.7744141,1136475.38,1896713.50
34624,26 02365,2602365,X004228336,2026-05-11,07:03:00,2026-05-11 07:03:00,2026-05-12 09:03:11,804 Harrison St,804,HARRISON ST,,0,0,0,0,Property Damage,No Injuries,Car,18,Rear To Front,2,2,0,4,"$501 to $1,500",1,0,0,0,0,0,0,30,Improper Backing,28,Failing To Reduce Speed To Avoid Crash,1,No Controls,1,No Controls,1,Clear,1,Daylight,1,Not Divided,1,Dry,3,Free Flow,1,No Defects,O60,O15,41.8728714,-87.7942276,41.8729324,-87.7943268,1131079.00,1896722.25
34627,26 02369,2602369,X004228347,2026-05-11,09:34:00,2026-05-11 09:34:00,2026-05-12 09:09:17,Linden Ave/Chicago Ave,,LINDEN AVE,CHICAGO AVE,1,1,0,0,Injury,B Injury Crash,Car,15,Angle,2,2,0,5,"Over $1,500",0,1,0,0,2,0,2,23,Disregarding Stop Sign,02,Failing To Yield Right-Of-Way,2,Stop Sign,4,Functioning Properly,1,Clear,1,Daylight,2,"Divided, No Median Barrier",1,Dry,3,Free Flow,1,No Defects,O30,O8,41.8944588,-87.7913666,41.8944702,-87.7913284,1131809.38,1904594.88
34626,26 02368,2602368,X004228339,2026-05-11,09:37:00,2026-05-11 09:37:00,2026-05-12 09:09:16,S Lombard Ave/Washington,,S LOMBARD AVE,WASHINGTON,1,1,0,1,Property Damage,No Injuries,Car,12,Sideswipe - Same Direction,2,2,0,5,"Over $1,500",1,0,0,0,0,0,0,50,"Oper. Veh. In Erratic,Reckless,Careless Manne",28,Failing To Reduce Speed To Avoid Crash,3,Traffic Signal,4,Functioning Properly,1,Clear,1,Daylight,1,Not Divided,1,Dry,2,Stopped,1,No Defects,O50,O10,41.8819313,-87.7795868,41.8819237,-87.7796173,1135046.75,1900049.63
34631,26 02371,2602371,X004228350,2026-05-11,12:48:00,2026-05-11 12:48:00,2026-05-12 09:09:19,North Ave/Columbian Ave,,NORTH AVE,COLUMBIAN AVE,0,0,0,0,Injury,B Injury Crash,Car,10,Turning (At Least One Vehicle),2,2,0,5,"Over $1,500",0,1,0,0,1,0,1,02,Failing To Yield Right-Of-Way,28,Failing To Reduce Speed To Avoid Crash,1,No Controls,1,No Controls,1,Clear,1,Daylight,2,"Divided, No Median Barrier",1,Dry,1,Slow,1,No Defects,O20,O2,41.9090385,-87.7914276,41.9090652,-87.7914276,1131759.75,1909906.25
34628,26 02376,2602376,X004228459,2026-05-11,13:27:00,2026-05-11 13:27:00,2026-05-12 09:09:17,11 Madison St,11,MADISON ST,,0,0,0,0,Property Damage,No Injuries,Car,9,Parked Motor Vehicle,2,2,0,4,"$501 to $1,500",1,0,0,0,0,0,0,30,Improper Backing,18,Unable To Determine,1,No Controls,1,No Controls,1,Clear,1,Daylight,1,Not Divided,1,Dry,3,Free Flow,1,No Defects,O80,O13,41.8800507,-87.7751694,41.8799171,-87.7751694,1136252.38,1899372.38
34629,26 02374,2602374,X004228354,2026-05-11,13:30:00,2026-05-11 13:30:00,2026-05-12 09:09:18,524 S Ridgeland Ave,524,S RIDGELAND AVE,,0,0,0,0,Property Damage,No Injuries,Car,9,Parked Motor Vehicle,2,2,0,4,"$501 to $1,500",1,0,0,0,0,0,0,20,Improper Lane Usage,18,Unable To Determine,1,No Controls,1,No Controls,1,Clear,1,Daylight,1,Not Divided,1,Dry,3,Free Flow,1,No Defects,O60,O14,41.8789444,-87.7844696,41.8788910,-87.7842712,1133723.00,1898952.00
34630,26 02378,2602378,X004228460,2026-05-11,15:43:00,2026-05-11 15:43:00,2026-05-12 09:09:18,Augusta St/N Oak Park Ave,,AUGUSTA ST,N OAK PARK AVE,0,0,0,0,Property Damage,No Injuries,Car,11,Front To Rear,2,2,0,5,"Over $1,500",1,0,0,0,0,0,0,03,Following Too Closely,28,Failing To Reduce Speed To Avoid Crash,3,Traffic Signal,4,Functioning Properly,1,Clear,1,Daylight,2,"Divided, No Median Barrier",1,Dry,3,Free Flow,1,No Defects,O20,O5,41.8980408,-87.7947693,41.8980675,-87.7947769,1130873.75,1905894.25
34625,26 02383,2602383,X004228463,2026-05-11,17:39:00,2026-05-11 17:39:00,2026-05-12 08:57:10,Washington Blvd/Euclid Ave,,WASHINGTON BLVD,EUCLID AVE,1,1,0,0,Injury,B Injury Crash,Car,18,Rear To Front,2,2,0,5,"Over $1,500",0,1,0,0,4,0,4,28,Failing To Reduce Speed To Avoid Crash,99,Not Applicable,1,No Controls,1,No Controls,1,Clear,1,Daylight,1,Not Divided,1,Dry,3,Free Flow,1,No Defects,O60,O11,41.8815498,-87.7926712,41.8815804,-87.7926712,1131483.25,1899888.88
34632,26 02387,2602387,X004228481,2026-05-11,22:40:00,2026-05-11 22:40:00,2026-05-12 09:09:19,North Ave/N Ridgeland Ave,,NORTH AVE,N RIDGELAND AVE,0,1,0,0,Property Damage,No Injuries,Car,11,Front To Rear,2,2,0,4,"$501 to $1,500",1,0,0,0,0,0,0,28,Failing To Reduce Speed To Avoid Crash,03,Following Too Closely,3,Traffic Signal,4,Functioning Properly,1,Clear,5,"Darkness, Lighted Road",1,Not Divided,1,Dry,,,1,No Defects,O10,O1,41.9091339,-87.7833710,41.9091644,-87.7833710,1133952.25,1909956.38
34637,26 02391,2602391,X004229341,2026-05-12,07:14:00,2026-05-12 07:14:00,2026-05-13 09:53:35,728 S East Ave,728,S EAST AVE,,0,0,0,1,Property Damage,No Injuries,Car,9,Parked Motor Vehicle,2,2,0,4,"$501 to $1,500",1,0,0,0,0,0,0,28,Failing To Reduce Speed To Avoid Crash,18,Unable To Determine,1,No Controls,1,No Controls,9,Unknown,9,Unknown,1,Not Divided,1,Dry,3,Free Flow,1,No Defects,O60,O14,41.8756828,-87.7892609,41.8751106,-87.7890320,1132425.88,1897755.38
34636,26 02389,2602389,X004229320,2026-05-12,08:00:00,2026-05-12 08:00:00,2026-05-13 09:53:34,1201 N Harlem Ave,1201,N HARLEM AVE,,0,0,0,0,Property Damage,No Injuries,Car,9,Parked Motor Vehicle,2,2,0,5,"Over $1,500",1,0,0,0,0,0,0,03,Following Too Closely,28,Failing To Reduce Speed To Avoid Crash,1,No Controls,1,No Controls,1,Clear,1,Daylight,7,Parking Lot,1,Dry,3,Free Flow,1,No Defects,R81,RFPD,41.9015389,-87.8055573,41.9018059,-87.8050842,1127930.38,1907150.13
34638,26 02397,2602397,X004229342,2026-05-12,13:16:00,2026-05-12 13:16:00,2026-05-13 09:53:35,1012 North Blvd,1012,NORTH BLVD,,0,0,0,1,Property Damage,No Injuries,Car,11,Front To Rear,2,2,0,4,"$501 to $1,500",1,0,0,0,0,0,0,03,Following Too Closely,15,Driving Skills/Knowledge/Experience,1,No Controls,1,No Controls,1,Clear,1,Daylight,10,One-Way,1,Dry,1,Slow,1,No Defects,O40,O9,41.8872719,-87.8009186,41.8875313,-87.8014755,1129225.38,1901959.88
34633,26 02402,2602402,X004229043,2026-05-12,15:30:00,2026-05-12 15:30:00,2026-05-12 17:05:44,537 S Lombard Ave,537,S LOMBARD AVE,,0,0,0,0,Property Damage,No Injuries,Car,9,Parked Motor Vehicle,2,2,0,5,"Over $1,500",1,0,0,0,0,0,0,28,Failing To Reduce Speed To Avoid Crash,99,Not Applicable,1,No Controls,1,No Controls,8,Cloudy/Overcast,1,Daylight,1,Not Divided,1,Dry,2,Stopped,1,No Defects,O80,O13,41.8786087,-87.7794800,41.8785553,-87.7797241,1135083.88,1898839.00
34639,26 02407,2602407,X004229343,2026-05-12,17:12:00,2026-05-12 17:12:00,2026-05-13 09:53:36,S Ridgeland Ave/Adams St,,S RIDGELAND AVE,ADAMS ST,1,1,0,1,Property Damage,No Injuries,Car,11,Front To Rear,2,2,0,5,"Over $1,500",1,0,0,0,0,0,0,28,Failing To Reduce Speed To Avoid Crash,99,Not Applicable,1,No Controls,1,No Controls,2,Rain,1,Daylight,1,Not Divided,2,Wet,2,Stopped,1,No Defects,O80,O13,41.8780823,-87.7843704,41.8780785,-87.7844009,1133752.38,1898639.50
34665,26 02408,2602408,X004235037,2026-05-12,17:55:00,2026-05-12 17:55:00,2026-05-18 10:06:56,Chicago Ave/Fair Oaks,,CHICAGO AVE,FAIR OAKS,0,0,0,1,Property Damage,No Injuries,Car,11,Front To Rear,2,2,0,5,"Over $1,500",1,0,0,0,0,0,0,02,Failing To Yield Right-Of-Way,15,Driving Skills/Knowledge/Experience,16,Railroad Crossing Sign,4,Functioning Properly,1,Clear,1,Daylight,14,Four-Way Intersection,1,Dry,2,Stopped,1,No Defects,O30,O8,41.8944893,-87.7881317,41.8945236,-87.7881317,1132689.25,1904611.25
34635,26 02413,2602413,X004229347,2026-05-12,19:11:00,2026-05-12 19:11:00,2026-05-13 09:53:34,834 Lake St,834,LAKE ST,,0,0,0,0,Property Damage,No Injuries,Car,12,Sideswipe - Same Direction,2,2,0,5,"Over $1,500",1,0,0,0,0,0,0,02,Failing To Yield Right-Of-Way,28,Failing To Reduce Speed To Avoid Crash,1,No Controls,1,No Controls,1,Clear,1,Daylight,1,Not Divided,1,Dry,1,Slow,1,No Defects,O40,O9,41.8886948,-87.7954254,41.8889351,-87.7961197,1130716.00,1902486.75
34649,26 02419,2602419,X004231388,2026-05-13,09:36:00,2026-05-13 09:36:00,2026-05-14 09:59:33,51 Chicago Ave,51,CHICAGO AVE,,0,0,0,1,Property Damage,No Injuries,Car,9,Parked Motor Vehicle,2,2,0,4,"$501 to $1,500",1,0,0,0,0,0,0,28,Failing To Reduce Speed To Avoid Crash,99,Not Applicable,1,No Controls,1,No Controls,9,Unknown,9,Unknown,1,Not Divided,9,Unknown,3,Free Flow,99,Unknown,O30,O7,41.8946533,-87.7775726,41.8945122,-87.7777252,1135563.25,1904689.13
34642,26 02421,2602421,X004230753,2026-05-13,11:39:00,2026-05-13 11:39:00,2026-05-14 09:47:25,1012 S Austin Blvd,1012,S AUSTIN BLVD,FILLMORE ST,0,0,0,1,Property Damage,No Injuries,Car,12,Sideswipe - Same Direction,2,2,0,3,$500 or less,1,0,0,0,0,0,0,04,Improper Overtaking/Passing,28,Failing To Reduce Speed To Avoid Crash,1,No Controls,1,No Controls,1,Clear,1,Daylight,1,Not Divided,1,Dry,2,Stopped,1,No Defects,O90,O16,41.8690949,-87.7743073,41.8674240,-87.7743912,1136514.25,1895381.25
34650,26 02427,2602427,X004231389,2026-05-13,14:52:00,2026-05-13 14:52:00,2026-05-14 09:59:33,6901 North Ave,6901,NORTH AVE,,0,0,0,0,Property Damage,No Injuries,Car,11,Front To Rear,2,2,0,3,$500 or less,1,0,0,0,0,0,0,18,Unable To Determine,18,Unable To Determine,1,No Controls,1,No Controls,1,Clear,1,Daylight,3,Divided With Median Barrier,1,Dry,3,Free Flow,1,No Defects,O20,O3,41.9089508,-87.7982483,41.9088325,-87.7983856,1129901.00,1909863.75
34645,26 02429,2602429,X004230729,2026-05-13,15:55:00,2026-05-13 15:55:00,2026-05-14 09:53:26,N Austin Blvd/Thomas St,,N AUSTIN BLVD,THOMAS ST,1,0,0,0,Property Damage,No Injuries,Car,12,Sideswipe - Same Direction,2,2,0,3,$500 or less,1,0,0,0,0,0,0,18,Unable To Determine,99,Not Applicable,1,No Controls,1,No Controls,1,Clear,1,Daylight,1,Not Divided,1,Dry,3,Free Flow,1,No Defects,,,41.9001732,-87.7752686,41.9001732,-87.7753067,1136177.00,1906704.38
34646,26 02431,2602431,X004230724,2026-05-13,17:04:00,2026-05-13 17:04:00,2026-05-14 09:53:26,Lake St/N East Ave,,LAKE ST,N EAST AVE,0,0,0,0,Property Damage,No Injuries,Car,12,Sideswipe - Same Direction,2,2,0,5,"Over $1,500",1,0,0,0,0,0,0,28,Failing To Reduce Speed To Avoid Crash,02,Failing To Yield Right-Of-Way,3,Traffic Signal,4,Functioning Properly,1,Clear,1,Daylight,2,"Divided, No Median Barrier",1,Dry,3,Free Flow,1,No Defects,O30,O8,41.8884582,-87.7895889,41.8884849,-87.7895889,1132306.13,1902410.38
34647,26 02432,2602432,X004230735,2026-05-13,17:17:00,2026-05-13 17:17:00,2026-05-14 09:59:33,Forest Ave/Ontario St,,FOREST AVE,ONTARIO ST,1,0,0,0,Property Damage,No Injuries,Car,10,Turning (At Least One Vehicle),2,2,0,4,"$501 to $1,500",1,0,0,0,0,0,0,02,Failing To Yield Right-Of-Way,18,Unable To Determine,2,Stop Sign,4,Functioning Properly,1,Clear,1,Daylight,2,"Divided, No Median Barrier",1,Dry,3,Free Flow,1,No Defects,O40,O9,41.8901329,-87.8001938,41.8901405,-87.8002319,1129415.50,1903003.75
34648,26 02433,2602433,X004230747,2026-05-13,18:39:00,2026-05-13 18:39:00,2026-05-14 09:53:27,900 S East Ave,900,S EAST AVE,,0,0,0,0,Property Damage,No Injuries,Car,6,Fixed Object,2,1,0,5,"Over $1,500",0,1,0,0,0,0,0,28,Failing To Reduce Speed To Avoid Crash,99,Not Applicable,1,No Controls,1,No Controls,1,Clear,1,Daylight,1,Not Divided,1,Dry,3,Free Flow,1,No Defects,O90,O17,41.8716126,-87.7891235,41.8714562,-87.7886810,1132472.88,1896272.63
34644,26 02436,2602436,X004230750,2026-05-13,20:37:00,2026-05-13 20:37:00,2026-05-14 09:59:32,North Ave/N Ridgeland Ave,,NORTH AVE,N RIDGELAND AVE,1,1,0,0,Injury,B Injury Crash,Car,10,Turning (At Least One Vehicle),5,2,0,5,"Over $1,500",0,1,0,0,1,0,1,02,Failing To Yield Right-Of-Way,99,Not Applicable,3,Traffic Signal,4,Functioning Properly,1,Clear,1,Daylight,2,"Divided, No Median Barrier",9,Unknown,3,Free Flow,99,Unknown,O10,O1,41.9091339,-87.7833710,41.9091644,-87.7833710,1133952.25,1909956.38