record_id,report_number,crash_id,idot_crash_number,date,time,occurred_at,record_added_at,location,street_number,street_name,cross_street,at_intersection,intersection_related,private_property,hit_and_run,crash_severity,crash_injury_severity,crash_mode,crash_type_code,crash_type,total_units,num_motor_vehicles,dooring_pedalcyclist,damage_code,damage,no_injury_drive_away,injury_or_towed,fatalities,a_injuries,b_injuries,c_injuries,total_injured,cause1_code,cause1,cause2_code,cause2,traffic_control_code,traffic_control,device_condition_code,device_condition,weather_code,weather,lighting_code,lighting,trafficway_code,trafficway,road_surface_code,road_surface,flow_condition_code,flow_condition,road_defects_code,road_defects,beat_zone,post_district,latitude,longitude,latitude_geocoded,longitude_geocoded,state_plane_x,state_plane_y
34643,26 02438,2602438,X004230752,2026-05-14,07:40:00,2026-05-14 07:40:00,2026-05-14 09:53:26,N Euclid Ave/Chicago Ave,,N EUCLID AVE,CHICAGO AVE,1,1,0,0,Property Damage,No Injuries,Car,15,Angle,2,2,0,5,"Over $1,500",0,1,0,0,0,0,0,02,Failing To Yield Right-Of-Way,99,Not Applicable,2,Stop Sign,4,Functioning Properly,1,Clear,1,Daylight,14,Four-Way Intersection,1,Dry,3,Free Flow,1,No Defects,O30,O8,41.8944321,-87.7928925,41.8944435,-87.7928543,1131393.13,1904582.88
34653,26 02445,2602445,X004231447,2026-05-14,14:55:00,2026-05-14 14:55:00,2026-05-15 07:27:09,Lake St/N Marion St,,LAKE ST,N MARION ST,0,0,0,0,Property Damage,No Injuries,Car,9,Parked Motor Vehicle,2,2,0,3,$500 or less,1,0,0,0,0,0,0,30,Improper Backing,99,Not Applicable,1,No Controls,1,No Controls,1,Clear,1,Daylight,1,Not Divided,1,Dry,2,Stopped,1,No Defects,O40,O9,41.8886185,-87.8026276,41.8886452,-87.8026276,1128756.38,1902446.75
34656,26 02446,2602446,X004231449,2026-05-14,15:19:00,2026-05-14 15:19:00,2026-05-15 07:33:08,405 Wesley Ave,405,WESLEY AVE,,0,0,0,0,Property Damage,No Injuries,Car,9,Parked Motor Vehicle,2,2,0,3,$500 or less,1,0,0,0,0,0,0,18,Unable To Determine,18,Unable To Determine,1,No Controls,1,No Controls,1,Clear,1,Daylight,1,Not Divided,1,Dry,3,Free Flow,1,No Defects,O60,O11,41.8816071,-87.7910843,41.8810844,-87.7913208,1131915.38,1899911.63
34655,26 02448,2602448,X004231453,2026-05-14,16:34:00,2026-05-14 16:34:00,2026-05-15 07:33:07,931 Chicago Ave,931,CHICAGO AVE,,0,0,0,0,Property Damage,No Injuries,Car,11,Front To Rear,2,2,0,5,"Over $1,500",1,0,0,0,0,0,0,28,Failing To Reduce Speed To Avoid Crash,99,Not Applicable,17,Pedestrian Crossing Sign,4,Functioning Properly,1,Clear,1,Daylight,1,Not Divided,1,Dry,3,Free Flow,1,No Defects,O40,O9,41.8943024,-87.7991486,41.8941536,-87.7993317,1129690.00,1904523.38
34652,26 02449,2602449,X004231456,2026-05-14,17:13:00,2026-05-14 17:13:00,2026-05-15 07:27:09,Chicago Ave/Belleforte Ave,,CHICAGO AVE,BELLEFORTE AVE,1,1,0,1,Property Damage,No Injuries,Car,11,Front To Rear,2,2,0,5,"Over $1,500",1,0,0,0,0,0,0,18,Unable To Determine,18,Unable To Determine,1,No Controls,1,No Controls,1,Clear,1,Daylight,1,Not Divided,1,Dry,,,1,No Defects,O40,O9,41.8942490,-87.8019180,41.8942795,-87.8019180,1128936.00,1904500.63
34690,26 02450,2602450,X004236309,2026-05-14,18:49:00,2026-05-14 18:49:00,2026-05-19 09:12:20,N Ridgeland Ave/Le Moyne Pkwy,,N RIDGELAND AVE,LE MOYNE PKWY,1,1,0,1,Property Damage,No Injuries,Car,15,Angle,3,2,0,5,"Over $1,500",0,1,0,0,0,0,0,02,Failing To Yield Right-Of-Way,28,Failing To Reduce Speed To Avoid Crash,2,Stop Sign,4,Functioning Properly,1,Clear,1,Daylight,1,Not Divided,1,Dry,3,Free Flow,1,No Defects,O20,O2,41.9073372,-87.7833481,41.9073372,-87.7833099,1133961.88,1909300.50
34651,26 02455,2602455,X004231390,2026-05-14,23:02:00,2026-05-14 23:02:00,2026-05-15 05:40:34,720 North Blvd,720,NORTH BLVD,,0,0,0,0,Property Damage,No Injuries,Car,7,Other Object,1,1,0,5,"Over $1,500",1,0,0,0,0,0,0,30,Improper Backing,15,Driving Skills/Knowledge/Experience,1,No Controls,1,No Controls,1,Clear,4,Darkness,7,Parking Lot,1,Dry,3,Free Flow,1,No Defects,O30,O8,41.8873520,-87.7937622,41.8874664,-87.7937241,1131172.13,1902000.50
34662,26 02456,2602456,X004235245,2026-05-15,06:28:00,2026-05-15 06:28:00,2026-05-18 10:06:55,1228 N Austin Blvd,1228,N AUSTIN BLVD,,0,0,0,0,Property Damage,No Injuries,Car,11,Front To Rear,2,2,0,5,"Over $1,500",1,0,0,0,0,0,0,03,Following Too Closely,28,Failing To Reduce Speed To Avoid Crash,1,No Controls,1,No Controls,1,Clear,1,Daylight,2,"Divided, No Median Barrier",1,Dry,3,Free Flow,1,No Defects,O10,O1,41.9029732,-87.7753601,41.9029846,-87.7758713,1136146.00,1907724.38
34668,26 02467,2602467,X004235255,2026-05-15,16:21:00,2026-05-15 16:21:00,2026-05-18 10:06:57,N Austin Blvd/Erie Ct,,N AUSTIN BLVD,ERIE CT,0,0,0,1,Property Damage,No Injuries,Car,15,Angle,2,2,0,5,"Over $1,500",1,0,0,0,0,0,0,02,Failing To Yield Right-Of-Way,18,Unable To Determine,1,No Controls,1,No Controls,1,Clear,1,Daylight,2,"Divided, No Median Barrier",1,Dry,3,Free Flow,1,No Defects,O30,O7,41.8919029,-87.7750168,41.8919029,-87.7750549,1136265.25,1903691.13
34669,26 02466,2602466,X004235249,2026-05-15,16:23:00,2026-05-15 16:23:00,2026-05-18 10:06:58,Superior St/N Euclid Ave,,SUPERIOR ST,N EUCLID AVE,0,0,0,1,Property Damage,No Injuries,Car,9,Parked Motor Vehicle,2,2,0,5,"Over $1,500",1,0,0,0,0,0,0,28,Failing To Reduce Speed To Avoid Crash,18,Unable To Determine,1,No Controls,1,No Controls,9,Unknown,9,Unknown,1,Not Divided,9,Unknown,3,Free Flow,99,Unknown,O30,O8,41.8929329,-87.7928162,41.8929672,-87.7928162,1131418.25,1904036.50
34661,26 02469,2602469,X004235879,2026-05-15,19:43:00,2026-05-15 19:43:00,2026-05-18 10:06:54,Harlem/I290,,HARLEM,I290,1,1,0,0,Property Damage,No Injuries,Car,10,Turning (At Least One Vehicle),2,2,0,5,"Over $1,500",1,0,0,0,0,0,0,02,Failing To Yield Right-Of-Way,06,Improper Turning/No Signal,3,Traffic Signal,4,Functioning Properly,1,Clear,1,Daylight,2,"Divided, No Median Barrier",1,Dry,3,Free Flow,1,No Defects,O60,O15,41.8737946,-87.8044968,41.8736153,-87.8045197,1128281.50,1897042.00
34671,26 02475,2602475,X004235882,2026-05-16,08:30:00,2026-05-16 08:30:00,2026-05-18 10:06:59,Chicago Ave/N Maple Ave,,CHICAGO AVE,N MAPLE AVE,1,1,0,0,Property Damage,No Injuries,Car,11,Front To Rear,2,2,0,5,"Over $1,500",1,0,0,0,0,0,0,03,Following Too Closely,28,Failing To Reduce Speed To Avoid Crash,17,Pedestrian Crossing Sign,4,Functioning Properly,1,Clear,1,Daylight,2,"Divided, No Median Barrier",1,Dry,3,Free Flow,1,No Defects,O40,O9,41.8942146,-87.8039551,41.8942452,-87.8039551,1128382.25,1904483.00
34670,26 02477,2602477,X004235260,2026-05-16,11:59:00,2026-05-16 11:59:00,2026-05-18 10:06:58,N Ridgeland Ave/Lake St,,N RIDGELAND AVE,LAKE ST,0,0,0,0,Injury,B Injury Crash,Car,11,Front To Rear,3,3,0,5,"Over $1,500",0,1,0,0,1,0,1,28,Failing To Reduce Speed To Avoid Crash,03,Following Too Closely,3,Traffic Signal,4,Functioning Properly,1,Clear,1,Daylight,2,"Divided, No Median Barrier",1,Dry,3,Free Flow,1,No Defects,O30,O8,41.8883209,-87.7847366,41.8883209,-87.7846985,1133628.00,1902369.13
34674,26 02480,2602480,X004234718,2026-05-16,14:07:00,2026-05-16 14:07:00,2026-05-18 09:54:52,1100 Ontario St,1100,ONTARIO ST,,0,0,0,1,Property Damage,No Injuries,Car,9,Parked Motor Vehicle,2,2,0,5,"Over $1,500",1,0,0,0,0,0,0,20,Improper Lane Usage,28,Failing To Reduce Speed To Avoid Crash,1,No Controls,1,No Controls,1,Clear,1,Daylight,1,Not Divided,1,Dry,3,Free Flow,1,No Defects,O40,O9,41.8906136,-87.8027115,41.8906975,-87.8029404,1128728.63,1903174.00
34676,26 02481,2602481,X004235263,2026-05-16,15:24:00,2026-05-16 15:24:00,2026-05-18 10:07:00,455 Washington Blvd,455,WASHINGTON BLVD,,0,0,0,1,Property Damage,No Injuries,Car,11,Front To Rear,3,3,0,5,"Over $1,500",1,0,0,0,0,0,0,28,Failing To Reduce Speed To Avoid Crash,02,Failing To Yield Right-Of-Way,1,No Controls,1,No Controls,1,Clear,1,Daylight,14,Four-Way Intersection,1,Dry,3,Free Flow,1,No Defects,O60,O11,41.8816490,-87.7870941,41.8815270,-87.7871399,1133002.25,1899933.50
34677,26 02483,2602483,X004235886,2026-05-16,16:08:00,2026-05-16 16:08:00,2026-05-18 10:07:01,Madison/S Scoville Ave,,MADISON,S SCOVILLE AVE,1,1,0,0,Injury,C Injury Crash,Pedalcyclist,2,Pedalcyclist,2,1,0,4,"$501 to $1,500",0,1,0,0,0,1,1,24,Disregarding Other Traffic Signs,99,Not Applicable,17,Pedestrian Crossing Sign,4,Functioning Properly,1,Clear,1,Daylight,1,Not Divided,1,Dry,1,Slow,1,No Defects,O60,O14,41.8798523,-87.7877274,41.8798714,-87.7881393,1132834.25,1899277.13
34678,26 02484,2602484,X004235887,2026-05-16,18:24:00,2026-05-16 18:24:00,2026-05-18 10:07:02,1022 Lake St,1022,LAKE ST,,0,0,0,0,Property Damage,No Injuries,Car,12,Sideswipe - Same Direction,2,2,0,5,"Over $1,500",1,0,0,0,0,0,0,02,Failing To Yield Right-Of-Way,28,Failing To Reduce Speed To Avoid Crash,1,No Controls,1,No Controls,1,Clear,1,Daylight,1,Not Divided,1,Dry,3,Free Flow,1,No Defects,O40,O9,41.8886909,-87.8014297,41.8887558,-87.8014145,1129081.38,1902475.63
34675,26 02486,2602486,X004235885,2026-05-16,21:18:00,2026-05-16 21:18:00,2026-05-18 10:07:00,301 Home Ave,301,HOME AVE,,0,0,0,0,Property Damage,No Injuries,Car,9,Parked Motor Vehicle,2,2,0,5,"Over $1,500",0,1,0,0,0,0,0,28,Failing To Reduce Speed To Avoid Crash,18,Unable To Determine,1,No Controls,1,No Controls,1,Clear,4,Darkness,1,Not Divided,1,Dry,3,Free Flow,1,No Defects,O70,O12,41.8832817,-87.7999649,41.8831367,-87.8002625,1129493.00,1900507.25
34672,26 02491,2602491,X004235884,2026-05-17,01:58:00,2026-05-17 01:58:00,2026-05-18 10:06:59,S Harlem Ave/I290 Expy W,,S HARLEM AVE,I290 EXPY W,0,1,0,0,Property Damage,No Injuries,Car,12,Sideswipe - Same Direction,2,2,0,5,"Over $1,500",1,0,0,0,0,0,0,04,Improper Overtaking/Passing,15,Driving Skills/Knowledge/Experience,3,Traffic Signal,4,Functioning Properly,1,Clear,5,"Darkness, Lighted Road",3,Divided With Median Barrier,1,Dry,3,Free Flow,1,No Defects,O60,O15,41.8737946,-87.8044968,41.8738136,-87.8045197,1128281.50,1897042.00
34679,26 02493,2602493,X004235888,2026-05-17,09:32:00,2026-05-17 09:32:00,2026-05-18 10:07:02,Washington Blvd/S Maple Ave,,WASHINGTON BLVD,S MAPLE AVE,0,0,0,1,Property Damage,No Injuries,Car,9,Parked Motor Vehicle,2,2,0,5,"Over $1,500",1,0,0,0,0,0,0,28,Failing To Reduce Speed To Avoid Crash,15,Driving Skills/Knowledge/Experience,2,Stop Sign,4,Functioning Properly,1,Clear,9,Unknown,14,Four-Way Intersection,1,Dry,3,Free Flow,1,No Defects,O70,O12,41.8813858,-87.8039246,41.8814201,-87.8039246,1128419.88,1899809.88
34681,26 02495,2602495,X004235890,2026-05-17,12:08:00,2026-05-17 12:08:00,2026-05-18 10:07:03,S Euclid Ave/South Blvd,,S EUCLID AVE,SOUTH BLVD,1,1,0,0,Property Damage,No Injuries,Car,15,Angle,2,2,0,5,"Over $1,500",0,1,0,0,0,0,0,02,Failing To Yield Right-Of-Way,15,Driving Skills/Knowledge/Experience,2,Stop Sign,4,Functioning Properly,1,Clear,1,Daylight,14,Four-Way Intersection,1,Dry,1,Slow,1,No Defects,O60,O11,41.8869019,-87.7927551,41.8869095,-87.7927933,1131447.13,1901838.88
34682,26 02497,2602497,X004235891,2026-05-17,12:21:00,2026-05-17 12:21:00,2026-05-18 10:07:04,Home Ave/Randolph St,,HOME AVE,RANDOLPH ST,1,1,0,0,Property Damage,No Injuries,Car,15,Angle,2,2,0,5,"Over $1,500",0,1,0,0,0,0,0,02,Failing To Yield Right-Of-Way,28,Failing To Reduce Speed To Avoid Crash,2,Stop Sign,4,Functioning Properly,1,Clear,1,Daylight,1,Not Divided,1,Dry,1,Slow,1,No Defects,O70,O12,41.8833237,-87.7999649,41.8833275,-87.8000031,1129492.50,1900522.50
34680,26 02496,2602496,X004235889,2026-05-17,12:24:00,2026-05-17 12:24:00,2026-05-18 10:07:03,S Harlem Ave/Jackson Blvd,,S HARLEM AVE,JACKSON BLVD,0,0,0,0,Property Damage,No Injuries,Car,10,Turning (At Least One Vehicle),2,2,0,4,"$501 to $1,500",1,0,0,0,0,0,0,02,Failing To Yield Right-Of-Way,18,Unable To Determine,3,Traffic Signal,4,Functioning Properly,1,Clear,5,"Darkness, Lighted Road",1,Not Divided,1,Dry,3,Free Flow,1,No Defects,O60,O15,41.8759766,-87.8045654,41.8759842,-87.8046036,1128256.50,1897837.00
34660,26 02498,2602498,X004234717,2026-05-17,13:32:00,2026-05-17 13:32:00,2026-05-17 15:50:35,N Austin Blvd/Erie Ct,,N AUSTIN BLVD,ERIE CT,1,1,0,0,Property Damage,No Injuries,Car,12,Sideswipe - Same Direction,2,2,0,4,"$501 to $1,500",1,0,0,0,0,0,0,20,Improper Lane Usage,99,Not Applicable,1,No Controls,4,Functioning Properly,1,Clear,1,Daylight,1,Not Divided,1,Dry,3,Free Flow,1,No Defects,O30,O7,41.8919029,-87.7750168,41.8919029,-87.7750549,1136265.25,1903691.13
34687,26 02527,2602527,X004236396,2026-05-17,17:52:00,2026-05-17 17:52:00,2026-05-19 09:12:19,7128 Roosevelt Rd,7128,ROOSEVELT RD,,0,0,0,0,Property Damage,No Injuries,Pedestrian,1,Pedestrian,2,1,0,3,$500 or less,1,0,0,0,0,0,0,04,Improper Overtaking/Passing,28,Failing To Reduce Speed To Avoid Crash,1,No Controls,1,No Controls,1,Clear,1,Daylight,1,Not Divided,1,Dry,2,Stopped,1,No Defects,O90,O18,41.8650284,-87.8033371,41.8650856,-87.8032150,1128615.13,1893849.88
34683,26 02502,2602502,X004235892,2026-05-17,18:15:00,2026-05-17 18:15:00,2026-05-18 10:07:05,625 N Harlem Ave,625,N HARLEM AVE,,0,0,0,1,Property Damage,No Injuries,Car,9,Parked Motor Vehicle,2,2,0,4,"$501 to $1,500",1,0,0,0,0,0,0,28,Failing To Reduce Speed To Avoid Crash,99,Not Applicable,1,No Controls,1,No Controls,1,Clear,1,Daylight,1,Not Divided,1,Dry,1,Slow,1,No Defects,R82,RFPD,41.8923263,-87.8052139,41.8928757,-87.8050690,1128044.25,1903793.75
34692,26 02506,2602506,X004237251,2026-05-17,23:49:00,2026-05-17 23:49:00,2026-05-19 14:39:56,626 N Austin Blvd,626,N AUSTIN BLVD,,0,0,0,1,Injury,B Injury Crash,Car,9,Parked Motor Vehicle,2,2,0,5,"Over $1,500",0,1,0,0,1,0,1,18,Unable To Determine,15,Driving Skills/Knowledge/Experience,3,Traffic Signal,4,Functioning Properly,1,Clear,5,"Darkness, Lighted Road",2,"Divided, No Median Barrier",1,Dry,3,Free Flow,1,No Defects,O30,O7,41.8928337,-87.7750473,41.8928223,-87.7752762,1136256.25,1904030.88
34691,26 02520,2602520,X004236360,2026-05-18,10:58:00,2026-05-18 10:58:00,2026-05-19 09:12:21,106 S Kenilworth Ave,106,S KENILWORTH AVE,,0,0,0,1,Property Damage,No Injuries,Car,9,Parked Motor Vehicle,2,2,0,4,"$501 to $1,500",1,0,0,0,0,0,0,28,Failing To Reduce Speed To Avoid Crash,99,Not Applicable,1,No Controls,1,No Controls,9,Unknown,1,Daylight,1,Not Divided,9,Unknown,3,Free Flow,1,No Defects,O70,O12,41.8866310,-87.7971725,41.8865395,-87.7968979,1130245.88,1901731.88
34689,26 02523,2602523,X004236365,2026-05-18,15:56:00,2026-05-18 15:56:00,2026-05-19 09:12:20,7025 North Ave,7025,NORTH AVE,,0,0,0,0,Injury,C Injury Crash,Pedalcyclist,2,Pedalcyclist,2,1,1,3,$500 or less,0,1,0,0,0,1,1,28,Failing To Reduce Speed To Avoid Crash,19,Had Been Drinking (Use When No Arrest),1,No Controls,1,No Controls,1,Clear,1,Daylight,1,Not Divided,1,Dry,3,Free Flow,1,No Defects,O20,O3,41.9089050,-87.8018875,41.9087715,-87.8024902,1128912.13,1909840.00
34696,26 02524,2602524,X004237856,2026-05-18,16:46:00,2026-05-18 16:46:00,2026-05-20 09:26:39,Home Ave/Roosevelt Rd,,HOME AVE,ROOSEVELT RD,1,1,0,0,Injury,C Injury Crash,Car,11,Front To Rear,3,2,0,5,"Over $1,500",0,1,0,0,0,1,1,03,Following Too Closely,28,Failing To Reduce Speed To Avoid Crash,2,Stop Sign,4,Functioning Properly,8,Cloudy/Overcast,1,Daylight,4,Two-Way Continuous Left-Turn Lane,1,Dry,2,Stopped,1,No Defects,O90,O18,41.8650742,-87.7989502,41.8650742,-87.7989807,1129811.75,1893873.75
34688,26 02525,2602525,X004236391,2026-05-18,17:08:00,2026-05-18 17:08:00,2026-05-19 09:12:19,1000 S Austin Blvd,1000,S AUSTIN BLVD,,1,0,0,0,Property Damage,No Injuries,Car,15,Angle,2,2,0,4,"$501 to $1,500",1,0,0,0,0,0,0,02,Failing To Yield Right-Of-Way,15,Driving Skills/Knowledge/Experience,1,No Controls,1,No Controls,1,Clear,1,Daylight,1,Not Divided,1,Dry,1,Slow,1,No Defects,O90,O16,41.8678589,-87.7742691,41.8678284,-87.7745056,1136527.88,1894931.13
34693,26 02542,2602542,X004237252,2026-05-19,13:41:00,2026-05-19 13:41:00,2026-05-19 15:03:27,S Euclid Ave/Randolph St,,S EUCLID AVE,RANDOLPH ST,1,1,0,0,Property Damage,No Injuries,Car,15,Angle,2,2,0,5,"Over $1,500",1,0,0,0,0,0,0,02,Failing To Yield Right-Of-Way,99,Not Applicable,2,Stop Sign,4,Functioning Properly,1,Clear,1,Daylight,14,Four-Way Intersection,1,Dry,3,Free Flow,1,No Defects,O60,O11,41.8833122,-87.7926865,41.8833084,-87.7927170,1131475.50,1900530.63
34698,26 02544,2602544,X004237857,2026-05-19,14:41:00,2026-05-19 14:41:00,2026-05-20 09:32:42,S Austin Blvd/I290 Expy W,,S AUSTIN BLVD,I290 EXPY W,1,1,0,0,Property Damage,No Injuries,Car,10,Turning (At Least One Vehicle),2,2,0,4,"$501 to $1,500",1,0,0,0,0,0,0,06,Improper Turning/No Signal,28,Failing To Reduce Speed To Avoid Crash,3,Traffic Signal,4,Functioning Properly,8,Cloudy/Overcast,1,Daylight,1,Not Divided,1,Dry,3,Free Flow,1,No Defects,O80,O13,41.8712502,-87.7743759,41.8712502,-87.7743378,1136490.13,1896166.00
34694,26 02546,2602546,X004237253,2026-05-19,15:24:00,2026-05-19 15:24:00,2026-05-19 17:06:53,Garfield St/Home Ave,,GARFIELD ST,HOME AVE,0,0,0,0,Property Damage,No Injuries,Car,9,Parked Motor Vehicle,2,2,0,4,"$501 to $1,500",1,0,0,0,0,0,0,28,Failing To Reduce Speed To Avoid Crash,99,Not Applicable,1,No Controls,1,No Controls,8,Cloudy/Overcast,1,Daylight,1,Not Divided,1,Dry,3,Free Flow,1,No Defects,O90,O18,41.8724022,-87.7991257,41.8723755,-87.7992401,1129746.75,1896543.25
34697,26 02554,2602554,X004238412,2026-05-19,19:40:00,2026-05-19 19:40:00,2026-05-20 09:20:39,Garfield St/S Oak Park Ave,,GARFIELD ST,S OAK PARK AVE,1,1,0,0,Property Damage,No Injuries,Car,15,Angle,2,2,0,5,"Over $1,500",0,1,0,0,0,0,0,25,Disregarding Traffic Signals,28,Failing To Reduce Speed To Avoid Crash,3,Traffic Signal,4,Functioning Properly,1,Clear,1,Daylight,1,Not Divided,9,Unknown,3,Free Flow,99,Unknown,O90,O18,41.8719978,-87.7939911,41.8720245,-87.7939911,1131146.25,1896404.88
34699,26 02555,2602555,X004238413,2026-05-19,20:04:00,2026-05-19 20:04:00,2026-05-20 09:32:42,Pleasant St/S East Ave,,PLEASANT ST,S EAST AVE,1,1,0,0,Property Damage,No Injuries,Car,15,Angle,2,2,0,5,"Over $1,500",1,0,0,0,0,0,0,02,Failing To Yield Right-Of-Way,28,Failing To Reduce Speed To Avoid Crash,2,Stop Sign,4,Functioning Properly,1,Clear,1,Daylight,2,"Divided, No Median Barrier",1,Dry,3,Free Flow,1,No Defects,O60,O11,41.8850975,-87.7895050,41.8851280,-87.7895126,1132336.88,1901186.25
34700,26 02558,2602558,X004238414,2026-05-20,02:05:00,2026-05-20 02:05:00,2026-05-20 09:32:42,Chicago Ave/N Euclid Ave,,CHICAGO AVE,N EUCLID AVE,1,1,0,0,Property Damage,No Injuries,Car,15,Angle,2,2,0,5,"Over $1,500",1,0,0,0,0,0,0,02,Failing To Yield Right-Of-Way,28,Failing To Reduce Speed To Avoid Crash,2,Stop Sign,4,Functioning Properly,1,Clear,4,Darkness,2,"Divided, No Median Barrier",1,Dry,3,Free Flow,1,No Defects,O30,O8,41.8944130,-87.7928543,41.8944435,-87.7928543,1131404.75,1904574.38
34710,26 02577,2602577,X004271019,2026-05-21,03:41:00,2026-05-21 03:41:00,2026-05-22 10:21:49,447 Washington Blvd,447,WASHINGTON BLVD,,0,0,0,0,Property Damage,No Injuries,Car,15,Angle,2,2,0,5,"Over $1,500",0,1,0,0,0,0,0,28,Failing To Reduce Speed To Avoid Crash,20,Improper Lane Usage,1,No Controls,1,No Controls,1,Clear,5,"Darkness, Lighted Road",1,Not Divided,1,Dry,3,Free Flow,1,No Defects,O60,O11,41.8817101,-87.7866363,41.8815193,-87.7867889,1133125.50,1899957.00
34706,26 02578,2602578,X004239602,2026-05-21,07:40:00,2026-05-21 07:40:00,2026-05-21 15:34:10,N Oak Park Ave/Le Moyne Pkwy,,N OAK PARK AVE,LE MOYNE PKWY,1,1,0,0,Property Damage,No Injuries,Car,15,Angle,2,2,0,5,"Over $1,500",1,0,0,0,0,0,0,02,Failing To Yield Right-Of-Way,18,Unable To Determine,2,Stop Sign,4,Functioning Properly,1,Clear,1,Daylight,2,"Divided, No Median Barrier",1,Dry,3,Free Flow,1,No Defects,O20,O3,41.9071846,-87.7950439,41.9071846,-87.7950058,1130778.38,1909225.63
34711,26 02585,2602585,X004240793,2026-05-21,14:39:00,2026-05-21 14:39:00,2026-05-22 10:21:49,Randolph St/S Euclid Ave,,RANDOLPH ST,S EUCLID AVE,0,0,0,0,Property Damage,No Injuries,Car,18,Rear To Front,2,2,0,5,"Over $1,500",1,0,0,0,0,0,0,30,Improper Backing,28,Failing To Reduce Speed To Avoid Crash,1,No Controls,1,No Controls,1,Clear,1,Daylight,1,Not Divided,1,Dry,1,Slow,1,No Defects,O60,O11,41.8832817,-87.7927170,41.8833084,-87.7927170,1131466.38,1900519.25
34707,26 02594,2602594,X004239603,2026-05-21,16:32:00,2026-05-21 16:32:00,2026-05-21 23:31:26,S Ridgeland Ave/Roosevelt Rd,,S RIDGELAND AVE,ROOSEVELT RD,1,1,0,1,Property Damage,No Injuries,Car,15,Angle,2,2,0,5,"Over $1,500",1,0,0,0,0,0,0,18,Unable To Determine,99,Not Applicable,3,Traffic Signal,4,Functioning Properly,1,Clear,1,Daylight,1,Not Divided,1,Dry,3,Free Flow,1,No Defects,O90,O16,41.8653374,-87.7839279,41.8653374,-87.7839661,1133901.50,1893995.88
34712,26 02591,2602591,X004240794,2026-05-21,17:38:00,2026-05-21 17:38:00,2026-05-22 10:21:50,1405 N Austin Blvd,1405,N AUSTIN BLVD,,0,1,0,0,Property Damage,No Injuries,Car,12,Sideswipe - Same Direction,2,2,0,5,"Over $1,500",1,0,0,0,0,0,0,04,Improper Overtaking/Passing,99,Not Applicable,1,No Controls,1,No Controls,1,Clear,1,Daylight,1,Not Divided,1,Dry,3,Free Flow,1,No Defects,,,41.9046860,-87.7754211,41.8946724,-87.7751389,1136126.75,1908349.13
34713,26 02598,2602598,X004240796,2026-05-21,21:09:00,2026-05-21 21:09:00,2026-05-22 10:21:50,Lake/Marion,,LAKE,MARION,0,0,0,0,Property Damage,No Injuries,Car,11,Front To Rear,2,2,0,4,"$501 to $1,500",1,0,0,0,0,0,0,03,Following Too Closely,15,Driving Skills/Knowledge/Experience,3,Traffic Signal,4,Functioning Properly,1,Clear,5,"Darkness, Lighted Road",2,"Divided, No Median Barrier",1,Dry,3,Free Flow,1,No Defects,O40,O9,41.8886185,-87.8026276,41.8886452,-87.8026276,1128756.38,1902446.75
34714,26 02603,2602603,X004240797,2026-05-22,09:01:00,2026-05-22 09:01:00,2026-05-22 14:41:47,North Ave/Bellforte,,NORTH AVE,BELLFORTE,0,0,0,0,Property Damage,No Injuries,Car,9,Parked Motor Vehicle,2,2,0,3,$500 or less,1,0,0,0,0,0,0,20,Improper Lane Usage,99,Not Applicable,1,No Controls,1,No Controls,1,Clear,1,Daylight,1,Not Divided,1,Dry,3,Free Flow,1,No Defects,O20,O3,41.9088898,-87.8026810,41.9089127,-87.8026886,1128695.50,1909833.25
34721,26 02608,2602608,X004245134,2026-05-22,11:27:00,2026-05-22 11:27:00,2026-05-26 13:00:13,510 S Harvey,510,S HARVEY,,0,0,0,0,Property Damage,No Injuries,Car,7,Other Object,2,1,0,5,"Over $1,500",1,0,0,0,0,0,0,14,"Vision Obscured (Signs, Tree Limbs, Buildings",99,Not Applicable,1,No Controls,1,No Controls,1,Clear,1,Daylight,12,Alley,1,Dry,3,Free Flow,1,No Defects,O80,O13,41.8794632,-87.7807465,41.8794403,-87.7806168,1134735.63,1899148.63
34715,26 02609,2602609,X004240798,2026-05-22,12:43:00,2026-05-22 12:43:00,2026-05-22 16:33:33,1128 Lake St,,1128 LAKE ST,MAPLE,0,0,0,1,Property Damage,No Injuries,Car,9,Parked Motor Vehicle,2,2,0,4,"$501 to $1,500",1,0,0,0,0,0,0,28,Failing To Reduce Speed To Avoid Crash,04,Improper Overtaking/Passing,1,No Controls,1,No Controls,1,Clear,1,Daylight,10,One-Way,1,Dry,3,Free Flow,1,No Defects,O40,O9,41.8885727,-87.8040466,41.8887100,-87.8040466,1128369.50,1902427.75
34735,26 02613,2602613,X004245145,2026-05-22,15:05:00,2026-05-22 15:05:00,2026-05-26 13:12:57,S Harlem Ave/Monroe St,,S HARLEM AVE,MONROE ST,0,1,0,0,Property Damage,No Injuries,Car,11,Front To Rear,2,2,0,5,"Over $1,500",1,0,0,0,0,0,0,03,Following Too Closely,28,Failing To Reduce Speed To Avoid Crash,1,No Controls,1,No Controls,1,Clear,1,Daylight,1,Not Divided,1,Dry,2,Stopped,1,No Defects,O60,O15,41.8781509,-87.8046494,41.8781700,-87.8046799,1128229.00,1898629.25