record_id,report_number,crash_id,idot_crash_number,date,time,occurred_at,record_added_at,location,street_number,street_name,cross_street,at_intersection,intersection_related,private_property,hit_and_run,crash_severity,crash_injury_severity,crash_mode,crash_type_code,crash_type,total_units,num_motor_vehicles,dooring_pedalcyclist,damage_code,damage,no_injury_drive_away,injury_or_towed,fatalities,a_injuries,b_injuries,c_injuries,total_injured,cause1_code,cause1,cause2_code,cause2,traffic_control_code,traffic_control,device_condition_code,device_condition,weather_code,weather,lighting_code,lighting,trafficway_code,trafficway,road_surface_code,road_surface,flow_condition_code,flow_condition,road_defects_code,road_defects,beat_zone,post_district,latitude,longitude,latitude_geocoded,longitude_geocoded,state_plane_x,state_plane_y
34722,26 02620,2602620,X004245135,2026-05-22,20:10:00,2026-05-22 20:10:00,2026-05-26 13:12:52,Chicago Ave/N Harlem Ave,,CHICAGO AVE,N HARLEM AVE,1,1,0,0,Property Damage,No Injuries,Car,10,Turning (At Least One Vehicle),2,2,0,5,"Over $1,500",0,1,0,0,0,0,0,25,Disregarding Traffic Signals,99,Not Applicable,3,Traffic Signal,4,Functioning Properly,1,Clear,5,"Darkness, Lighted Road",1,Not Divided,1,Dry,,,1,No Defects,O40,O9,41.8942032,-87.8052445,41.8942337,-87.8052445,1128030.88,1904477.63
34716,26 02621,2602621,X004245129,2026-05-22,20:22:00,2026-05-22 20:22:00,2026-05-26 13:12:49,N Harlem Ave/Chicago Ave,,N HARLEM AVE,CHICAGO AVE,1,0,0,0,Property Damage,No Injuries,Car,12,Sideswipe - Same Direction,2,2,0,3,$500 or less,1,0,0,0,0,0,0,20,Improper Lane Usage,99,Not Applicable,3,Traffic Signal,4,Functioning Properly,1,Clear,3,Dusk,1,Not Divided,1,Dry,1,Slow,1,No Defects,O40,O9,41.8942261,-87.8052826,41.8942337,-87.8052445,1128020.38,1904486.00
34734,26 02622,2602622,X004245144,2026-05-22,21:20:00,2026-05-22 21:20:00,2026-05-26 13:12:57,Roosevelt Rd/Highland Ave,,ROOSEVELT RD,HIGHLAND AVE,0,0,0,0,Property Damage,No Injuries,Car,10,Turning (At Least One Vehicle),2,2,0,5,"Over $1,500",1,0,0,0,0,0,0,02,Failing To Yield Right-Of-Way,28,Failing To Reduce Speed To Avoid Crash,1,No Controls,1,No Controls,1,Clear,5,"Darkness, Lighted Road",1,Not Divided,1,Dry,3,Free Flow,1,No Defects,O90,O16,41.8653984,-87.7815018,41.8653717,-87.7815094,1134562.00,1894021.25
34803,26 02624,2602624,X004253805,2026-05-23,03:07:00,2026-05-23 03:07:00,2026-06-03 09:25:38,1175 S Kenilworth Ave,1175,S KENILWORTH AVE,,0,0,0,1,Property Damage,No Injuries,Car,9,Parked Motor Vehicle,2,2,0,3,$500 or less,1,0,0,0,0,0,0,30,Improper Backing,99,Not Applicable,1,No Controls,1,No Controls,2,Rain,4,Darkness,1,Not Divided,2,Wet,3,Free Flow,1,No Defects,O90,O18,41.8660126,-87.7963638,41.8659935,-87.7965851,1130513.63,1894219.00
34726,26 02630,2602630,X004245137,2026-05-23,09:02:00,2026-05-23 09:02:00,2026-05-26 13:12:53,Highland Ave/Adams St,,HIGHLAND AVE,ADAMS ST,1,1,0,0,Property Damage,No Injuries,Car,15,Angle,2,2,0,5,"Over $1,500",1,0,0,0,0,0,0,02,Failing To Yield Right-Of-Way,15,Driving Skills/Knowledge/Experience,2,Stop Sign,4,Functioning Properly,8,Cloudy/Overcast,1,Daylight,15,T-Intersection,1,Dry,1,Slow,1,No Defects,O80,O13,41.8781204,-87.7819138,41.8781166,-87.7819443,1134421.63,1898657.25
34727,26 02631,2602631,X004245138,2026-05-23,09:04:00,2026-05-23 09:04:00,2026-05-26 13:12:54,Roosevelt Rd/Lombard Ave,,ROOSEVELT RD,LOMBARD AVE,0,0,0,0,Property Damage,No Injuries,Car,12,Sideswipe - Same Direction,2,2,0,4,"$501 to $1,500",1,0,0,0,0,0,0,02,Failing To Yield Right-Of-Way,28,Failing To Reduce Speed To Avoid Crash,1,No Controls,1,No Controls,8,Cloudy/Overcast,1,Daylight,4,Two-Way Continuous Left-Turn Lane,1,Dry,3,Free Flow,1,No Defects,O90,O16,41.8654251,-87.7790527,41.8653984,-87.7790527,1135230.13,1894036.25
34733,26 02633,2602633,X004245143,2026-05-23,11:45:00,2026-05-23 11:45:00,2026-05-26 13:12:56,Madison St/Harlem Ave,,MADISON ST,HARLEM AVE,0,0,0,0,Injury,B Injury Crash,Car,11,Front To Rear,3,3,0,5,"Over $1,500",0,1,0,0,1,0,1,28,Failing To Reduce Speed To Avoid Crash,99,Not Applicable,3,Traffic Signal,4,Functioning Properly,1,Clear,1,Daylight,1,Not Divided,1,Dry,3,Free Flow,1,No Defects,O60,O15,41.8796349,-87.8047333,41.8796654,-87.8047333,1128202.63,1899169.38
34728,26 02634,2602634,X004245139,2026-05-23,11:58:00,2026-05-23 11:58:00,2026-05-26 13:12:54,720 North Blvd,720,NORTH BLVD,,0,0,0,1,Property Damage,No Injuries,Car,9,Parked Motor Vehicle,2,2,0,3,$500 or less,1,0,0,0,0,0,0,15,Driving Skills/Knowledge/Experience,18,Unable To Determine,1,No Controls,1,No Controls,1,Clear,1,Daylight,11,Ramp,1,Dry,3,Free Flow,1,No Defects,O30,O8,41.8873520,-87.7937622,41.8874664,-87.7937241,1131172.13,1902000.50
34731,26 02637,2602637,X004245142,2026-05-23,14:08:00,2026-05-23 14:08:00,2026-05-26 13:12:55,Madison St/Austin Blvd,,MADISON ST,AUSTIN BLVD,0,0,0,0,Property Damage,No Injuries,Car,12,Sideswipe - Same Direction,2,2,0,5,"Over $1,500",1,0,0,0,0,0,0,20,Improper Lane Usage,02,Failing To Yield Right-Of-Way,1,No Controls,1,No Controls,1,Clear,1,Daylight,2,"Divided, No Median Barrier",1,Dry,3,Free Flow,1,No Defects,O80,O13,41.8800621,-87.7746582,41.8800888,-87.7746582,1136391.38,1899377.50
34921,26 02638,2602638,X004277641,2026-05-23,15:23:00,2026-05-23 15:23:00,2026-06-22 11:21:03,Erie St/N Marion St,,ERIE ST,N MARION ST,0,0,0,0,Property Damage,No Injuries,Pedalcyclist,2,Pedalcyclist,2,1,1,3,$500 or less,1,0,0,0,0,0,0,99,Not Applicable,18,Unable To Determine,1,No Controls,1,No Controls,1,Clear,1,Daylight,2,"Divided, No Median Barrier",1,Dry,1,Slow,1,No Defects,O40,O9,41.8918381,-87.8027496,41.8918686,-87.8027573,1128715.13,1903620.50
34730,26 02643,2602643,X004245141,2026-05-23,19:48:00,2026-05-23 19:48:00,2026-05-26 13:12:55,S Harlem Ave/Harvard,,S HARLEM AVE,HARVARD,1,1,0,1,Injury,A Injury Crash,Pedalcyclist,2,Pedalcyclist,2,1,0,4,"$501 to $1,500",0,1,0,1,0,0,1,20,Improper Lane Usage,19,Had Been Drinking (Use When No Arrest),1,No Controls,1,No Controls,1,Clear,1,Daylight,2,"Divided, No Median Barrier",1,Dry,3,Free Flow,1,No Defects,O90,O18,41.8686790,-87.8043060,41.8686943,-87.8043366,1128344.38,1895178.63
34753,26 02664,2602664,X004246977,2026-05-24,22:19:00,2026-05-24 22:19:00,2026-05-28 13:28:16,1024 North Blvd,1024,NORTH BLVD,,0,0,0,0,Property Damage,No Injuries,Car,9,Parked Motor Vehicle,2,2,0,3,$500 or less,1,0,0,0,0,0,0,30,Improper Backing,15,Driving Skills/Knowledge/Experience,1,No Controls,1,No Controls,1,Clear,5,"Darkness, Lighted Road",7,Parking Lot,1,Dry,3,Free Flow,1,No Defects,O40,O9,41.8872719,-87.8011551,41.8875122,-87.8018570,1129160.13,1901958.13
34719,26 02671,2602671,X004245132,2026-05-25,11:25:00,2026-05-25 11:25:00,2026-05-26 13:12:51,1041 S Gunderson,1041,S GUNDERSON,,0,0,0,0,Property Damage,No Injuries,Car,11,Front To Rear,2,2,0,3,$500 or less,1,0,0,0,0,0,0,02,Failing To Yield Right-Of-Way,99,Not Applicable,1,No Controls,1,No Controls,1,Clear,1,Daylight,1,Not Divided,1,Dry,3,Free Flow,1,No Defects,O90,O17,41.8692970,-87.7865143,41.8692322,-87.7866898,1133187.88,1895433.50
34718,26 02673,2602673,X004245131,2026-05-25,14:20:00,2026-05-25 14:20:00,2026-05-26 13:12:50,1124 N Austin Blvd,1124,N AUSTIN BLVD,,0,0,0,0,Property Damage,No Injuries,Car,12,Sideswipe - Same Direction,2,2,0,5,"Over $1,500",1,0,0,0,0,0,0,02,Failing To Yield Right-Of-Way,28,Failing To Reduce Speed To Avoid Crash,1,No Controls,1,No Controls,1,Clear,1,Daylight,1,Not Divided,1,Dry,3,Free Flow,1,No Defects,O10,O4,41.9010124,-87.7752991,41.9010658,-87.7754974,1136167.75,1907010.38
34723,26 02674,2602674,X004245136,2026-05-25,14:24:00,2026-05-25 14:24:00,2026-05-26 13:12:52,Austin Blvd/Superior St,,AUSTIN BLVD,SUPERIOR ST,0,0,0,0,Injury,B Injury Crash,Car,10,Turning (At Least One Vehicle),2,2,0,5,"Over $1,500",0,1,0,0,1,0,1,02,Failing To Yield Right-Of-Way,28,Failing To Reduce Speed To Avoid Crash,2,Stop Sign,4,Functioning Properly,1,Clear,1,Daylight,2,"Divided, No Median Barrier",1,Dry,3,Free Flow,99,Unknown,,,41.8919029,-87.7750168,41.8931732,-87.7750931,1136265.25,1903691.13
34717,26 02680,2602680,X004245130,2026-05-25,20:09:00,2026-05-25 20:09:00,2026-05-26 13:12:50,Harrison St/S Kenilworth Ave,,HARRISON ST,S KENILWORTH AVE,1,1,0,1,Property Damage,No Injuries,Car,12,Sideswipe - Same Direction,2,2,0,5,"Over $1,500",1,0,0,0,0,0,0,04,Improper Overtaking/Passing,99,Not Applicable,1,No Controls,1,No Controls,1,Clear,1,Daylight,1,Not Divided,1,Dry,3,Free Flow,1,No Defects,O60,O15,41.8732147,-87.7971802,41.8732376,-87.7971725,1130275.63,1896842.50
34738,26 02685,2602685,X004246251,2026-05-26,09:55:00,2026-05-26 09:55:00,2026-05-27 09:20:16,422 Berkshire,422,BERKSHIRE,,0,0,0,0,Injury,C Injury Crash,Car,9,Parked Motor Vehicle,2,2,0,5,"Over $1,500",0,1,0,0,0,1,1,30,Improper Backing,28,Failing To Reduce Speed To Avoid Crash,1,No Controls,1,No Controls,1,Clear,1,Daylight,1,Not Divided,1,Dry,3,Free Flow,1,No Defects,O20,O3,41.9034348,-87.7992249,41.9039650,-87.7852249,1129649.25,1907852.50
34741,26 02696,2602696,X004246254,2026-05-26,15:21:00,2026-05-26 15:21:00,2026-05-27 09:20:18,S Ridgeland Ave/Washington Blvd,,S RIDGELAND AVE,WASHINGTON BLVD,0,0,0,0,Property Damage,No Injuries,Car,12,Sideswipe - Same Direction,2,2,0,5,"Over $1,500",1,0,0,0,0,0,0,04,Improper Overtaking/Passing,99,Not Applicable,1,No Controls,4,Functioning Properly,1,Clear,1,Daylight,1,Not Divided,1,Dry,1,Slow,1,No Defects,O50,O10,41.8817215,-87.7844772,41.8817253,-87.7845154,1133714.00,1899965.25
34739,26 02700,2602700,X004246252,2026-05-26,18:54:00,2026-05-26 18:54:00,2026-05-27 09:20:17,Madison St/Clinton Ave,,MADISON ST,CLINTON AVE,1,1,0,0,Property Damage,No Injuries,Car,12,Sideswipe - Same Direction,2,2,0,5,"Over $1,500",1,0,0,0,0,0,0,20,Improper Lane Usage,28,Failing To Reduce Speed To Avoid Crash,1,No Controls,1,No Controls,1,Clear,1,Daylight,1,Not Divided,1,Dry,3,Free Flow,1,No Defects,O70,O12,41.8797226,-87.7988281,41.8796921,-87.7988281,1129811.75,1899211.38
34740,26 02703,2602703,X004246253,2026-05-26,21:09:00,2026-05-26 21:09:00,2026-05-27 09:20:17,N Ridgeland Ave/North Ave,,N RIDGELAND AVE,NORTH AVE,1,1,0,0,Injury,C Injury Crash,Car,10,Turning (At Least One Vehicle),2,2,0,4,"$501 to $1,500",0,1,0,0,0,1,1,02,Failing To Yield Right-Of-Way,28,Failing To Reduce Speed To Avoid Crash,3,Traffic Signal,4,Functioning Properly,1,Clear,5,"Darkness, Lighted Road",1,Not Divided,1,Dry,3,Free Flow,1,No Defects,O20,O2,41.9091606,-87.7834091,41.9091644,-87.7833710,1133941.38,1909965.38
34754,26 02725,2602725,X004247097,2026-05-27,07:22:00,2026-05-27 07:22:00,2026-05-28 13:28:16,Washington Blvd/S Lombard Ave,,WASHINGTON BLVD,S LOMBARD AVE,0,0,0,1,Property Damage,No Injuries,Car,9,Parked Motor Vehicle,3,3,0,5,"Over $1,500",0,1,0,0,0,0,0,28,Failing To Reduce Speed To Avoid Crash,99,Not Applicable,1,No Controls,1,No Controls,1,Clear,1,Daylight,1,Not Divided,1,Dry,3,Free Flow,1,No Defects,O50,O10,41.8819084,-87.7795944,41.8819237,-87.7796173,1135044.50,1900041.50
34774,26 02706,2602706,X004252194,2026-05-27,09:26:00,2026-05-27 09:26:00,2026-06-01 10:33:16,508 S East Ave,508,S EAST AVE,,0,0,0,0,Property Damage,No Injuries,Car,9,Parked Motor Vehicle,4,4,0,5,"Over $1,500",0,1,0,0,0,0,0,20,Improper Lane Usage,41,Distraction - From Inside Vehicle,1,No Controls,1,No Controls,1,Clear,1,Daylight,1,Not Divided,1,Dry,3,Free Flow,1,No Defects,O60,O14,41.8794670,-87.7893906,41.8794556,-87.7892227,1132382.63,1899134.00
34742,26 02716,2602716,X004247092,2026-05-27,14:03:00,2026-05-27 14:03:00,2026-05-28 08:09:11,Madison St/Home Ave,,MADISON ST,HOME AVE,0,0,0,0,Property Damage,No Injuries,Car,11,Front To Rear,2,2,0,4,"$501 to $1,500",1,0,0,0,0,0,0,17,Physical Condition Of Driver,99,Not Applicable,3,Traffic Signal,4,Functioning Properly,1,Clear,1,Daylight,2,"Divided, No Median Barrier",1,Dry,3,Free Flow,1,No Defects,O60,O15,41.8796501,-87.7998657,41.8796806,-87.7998657,1129528.50,1899183.75
34749,26 02719,2602719,X004247095,2026-05-27,14:14:00,2026-05-27 14:14:00,2026-05-28 09:37:59,S Cuyler Ave/Fillmore St,,S CUYLER AVE,FILLMORE ST,0,0,0,0,Property Damage,No Injuries,Car,9,Parked Motor Vehicle,2,2,0,3,$500 or less,1,0,0,0,0,0,0,28,Failing To Reduce Speed To Avoid Crash,99,Not Applicable,1,No Controls,1,No Controls,1,Clear,1,Daylight,1,Not Divided,1,Dry,3,Free Flow,1,No Defects,O90,O16,41.8671799,-87.7827606,41.8671722,-87.7827988,1134215.63,1894668.00
34748,26 02720,2602720,X004247096,2026-05-27,14:15:00,2026-05-27 14:15:00,2026-05-28 09:37:59,1122 Madison St,1122,MADISON ST,,0,0,0,0,Property Damage,No Injuries,Car,11,Front To Rear,2,2,0,3,$500 or less,1,0,0,0,0,0,0,18,Unable To Determine,18,Unable To Determine,1,No Controls,1,No Controls,1,Clear,1,Daylight,2,"Divided, No Median Barrier",1,Dry,1,Slow,1,No Defects,O70,O12,41.8796425,-87.8034973,41.8797455,-87.8032989,1128540.25,1899174.00
34745,26 02728,2602728,X004247099,2026-05-27,17:29:00,2026-05-27 17:29:00,2026-05-28 09:31:54,Madison St/S Oak Park Ave,,MADISON ST,S OAK PARK AVE,0,0,0,1,Property Damage,No Injuries,Car,12,Sideswipe - Same Direction,2,2,0,3,$500 or less,1,0,0,0,0,0,0,04,Improper Overtaking/Passing,28,Failing To Reduce Speed To Avoid Crash,1,No Controls,1,No Controls,1,Clear,1,Daylight,2,"Divided, No Median Barrier",1,Dry,1,Slow,1,No Defects,O60,O14,41.8797417,-87.7942505,41.8797722,-87.7942581,1131056.50,1899226.38
34751,26 02727,2602727,X004247086,2026-05-27,18:36:00,2026-05-27 18:36:00,2026-05-28 09:31:55,1100 N Oak Park Ave,1100,N OAK PARK AVE,,0,0,0,0,Property Damage,No Injuries,Car,7,Other Object,1,1,0,5,"Over $1,500",0,1,0,0,0,0,0,18,Unable To Determine,99,Not Applicable,1,No Controls,1,No Controls,1,Clear,1,Daylight,1,Not Divided,1,Dry,3,Free Flow,7,"Rut, Holes",O20,O2,41.9055595,-87.7949295,41.9057007,-87.7944946,1130813.75,1908633.50
34746,26 02729,2602729,X004247101,2026-05-27,18:53:00,2026-05-27 18:53:00,2026-05-28 09:31:55,147 Harrison St,147,HARRISON ST,,0,0,0,1,Injury,C Injury Crash,Car,10,Turning (At Least One Vehicle),2,2,0,4,"$501 to $1,500",0,1,0,0,0,1,1,02,Failing To Yield Right-Of-Way,28,Failing To Reduce Speed To Avoid Crash,1,No Controls,1,No Controls,1,Clear,1,Daylight,2,"Divided, No Median Barrier",1,Dry,1,Slow,1,No Defects,O80,O13,41.8726921,-87.7789917,41.8726158,-87.7789764,1135228.13,1896684.00
34750,26 02733,2602733,X004247114,2026-05-27,20:47:00,2026-05-27 20:47:00,2026-05-28 09:38:00,700 South Blvd,700,SOUTH BLVD,,0,0,0,0,Property Damage,No Injuries,Car,9,Parked Motor Vehicle,2,2,0,5,"Over $1,500",1,0,0,0,0,0,0,41,Distraction - From Inside Vehicle,28,Failing To Reduce Speed To Avoid Crash,1,No Controls,1,No Controls,1,Clear,5,"Darkness, Lighted Road",2,"Divided, No Median Barrier",1,Dry,3,Free Flow,1,No Defects,O60,O11,41.8869362,-87.7927933,41.8869667,-87.7928696,1131437.13,1901850.38
34747,26 02731,2602731,X004247112,2026-05-27,23:22:00,2026-05-27 23:22:00,2026-05-28 09:25:58,124 N Marion St,124,N MARION ST,,0,0,0,0,Property Damage,No Injuries,Car,16,Rear To Side,2,2,0,3,$500 or less,1,0,0,0,0,0,0,30,Improper Backing,15,Driving Skills/Knowledge/Experience,1,No Controls,1,No Controls,1,Clear,2,Dawn,7,Parking Lot,1,Dry,3,Free Flow,1,No Defects,O40,O9,41.8880272,-87.8024750,41.8881226,-87.8023376,1128798.38,1902231.00
34760,26 02747,2602747,X004247789,2026-05-28,14:11:00,2026-05-28 14:11:00,2026-05-29 09:27:40,Garfield St/S Lombard Ave,,GARFIELD ST,S LOMBARD AVE,1,1,0,1,Property Damage,No Injuries,Car,15,Angle,2,2,0,4,"$501 to $1,500",1,0,0,0,0,0,0,02,Failing To Yield Right-Of-Way,18,Unable To Determine,2,Stop Sign,4,Functioning Properly,1,Clear,1,Daylight,1,Not Divided,1,Dry,3,Free Flow,1,No Defects,O90,O16,41.8707581,-87.7792358,41.8707886,-87.7792358,1135166.13,1895978.38
34761,26 02749,2602749,X004247790,2026-05-28,14:51:00,2026-05-28 14:51:00,2026-05-29 09:27:40,717 Randolph St,717,RANDOLPH ST,,0,0,0,0,Property Damage,No Injuries,Car,9,Parked Motor Vehicle,2,2,0,4,"$501 to $1,500",1,0,0,0,0,0,0,30,Improper Backing,99,Not Applicable,1,No Controls,1,No Controls,1,Clear,1,Daylight,1,Not Divided,6,Other,3,Free Flow,10,Other,O60,O11,41.8832817,-87.7936020,41.8832016,-87.7936020,1131226.13,1900517.75
34787,26 02756,2602756,X004252214,2026-05-28,19:00:00,2026-05-28 19:00:00,2026-06-01 23:03:04,1196 S Kenilworth Ave,1196,S KENILWORTH AVE,,0,0,0,1,Property Damage,No Injuries,Car,12,Sideswipe - Same Direction,2,2,0,5,"Over $1,500",1,0,0,0,0,0,0,28,Failing To Reduce Speed To Avoid Crash,04,Improper Overtaking/Passing,1,No Controls,1,No Controls,1,Clear,1,Daylight,1,Not Divided,1,Dry,3,Free Flow,1,No Defects,O90,O18,41.8652306,-87.7964096,41.8652191,-87.7960587,1130502.88,1893934.00
34759,26 02764,2602764,X004247832,2026-05-29,00:36:00,2026-05-29 00:36:00,2026-05-29 09:27:40,S Humphrey Ave/Madison St,,S HUMPHREY AVE,MADISON ST,1,1,0,0,Injury,B Injury Crash,Car,10,Turning (At Least One Vehicle),2,2,0,5,"Over $1,500",0,1,0,0,1,0,1,02,Failing To Yield Right-Of-Way,28,Failing To Reduce Speed To Avoid Crash,2,Stop Sign,4,Functioning Properly,1,Clear,5,"Darkness, Lighted Road",14,Four-Way Intersection,1,Dry,3,Free Flow,1,No Defects,O80,O13,41.8800659,-87.7762527,41.8800697,-87.7758865,1135957.25,1899375.88
34785,26 02773,2602773,X004252212,2026-05-29,09:09:00,2026-05-29 09:09:00,2026-06-01 10:33:20,225 Linden Ave,225,LINDEN AVE,,0,0,0,0,Property Damage,No Injuries,Car,7,Other Object,2,1,0,4,"$501 to $1,500",1,0,0,0,0,0,0,30,Improper Backing,28,Failing To Reduce Speed To Avoid Crash,1,No Controls,1,No Controls,2,Rain,1,Daylight,12,Alley,2,Wet,3,Free Flow,1,No Defects,O30,O8,41.8911591,-87.7912750,41.8912392,-87.7914963,1131842.75,1903392.38
34767,26 02780,2602780,X004252187,2026-05-29,15:49:00,2026-05-29 15:49:00,2026-06-01 09:55:22,Pleasant St/S Humphrey Ave,,PLEASANT ST,S HUMPHREY AVE,1,1,0,0,Property Damage,No Injuries,Car,15,Angle,2,2,0,5,"Over $1,500",1,0,0,0,0,0,0,02,Failing To Yield Right-Of-Way,04,Improper Overtaking/Passing,2,Stop Sign,4,Functioning Properly,1,Clear,1,Daylight,1,Not Divided,1,Dry,3,Free Flow,1,No Defects,O50,O10,41.8853226,-87.7764587,41.8853531,-87.7764664,1135889.13,1901290.25
34786,26 02781,2602781,X004252213,2026-05-29,16:01:00,2026-05-29 16:01:00,2026-06-01 10:07:15,S Lombard Ave/Jackson Blvd,,S LOMBARD AVE,JACKSON BLVD,1,1,0,0,Property Damage,No Injuries,Car,15,Angle,2,2,0,5,"Over $1,500",1,0,0,0,0,0,0,02,Failing To Yield Right-Of-Way,28,Failing To Reduce Speed To Avoid Crash,2,Stop Sign,4,Functioning Properly,1,Clear,1,Daylight,14,Four-Way Intersection,1,Dry,3,Free Flow,1,No Defects,O80,O13,41.8764000,-87.7794037,41.8763237,-87.7794342,1135109.50,1898034.38
34766,26 02787,2602787,X004252186,2026-05-29,16:21:00,2026-05-29 16:21:00,2026-06-01 10:01:16,104 N Kenilworth Ave,104,N KENILWORTH AVE,,0,0,0,0,Property Damage,No Injuries,Car,9,Parked Motor Vehicle,2,2,0,4,"$501 to $1,500",1,0,0,0,0,0,0,99,Not Applicable,99,Not Applicable,1,No Controls,1,No Controls,1,Clear,1,Daylight,1,Not Divided,1,Dry,3,Free Flow,1,No Defects,O40,O9,41.8876267,-87.7971725,41.8874779,-87.7969360,1130244.63,1902095.13
34773,26 02782,2602782,X004252193,2026-05-29,16:30:00,2026-05-29 16:30:00,2026-06-01 10:07:14,Chicago Ave/N East Ave,,CHICAGO AVE,N EAST AVE,1,1,0,0,Property Damage,No Injuries,Car,15,Angle,2,2,0,5,"Over $1,500",1,0,0,0,0,0,0,02,Failing To Yield Right-Of-Way,28,Failing To Reduce Speed To Avoid Crash,2,Stop Sign,4,Functioning Properly,1,Clear,1,Daylight,1,Not Divided,1,Dry,3,Free Flow,1,No Defects,O30,O8,41.8944626,-87.7897720,41.8944855,-87.7897720,1132242.63,1904598.50
34765,26 02783,2602783,X004252185,2026-05-29,16:58:00,2026-05-29 16:58:00,2026-06-01 09:55:23,Marion St/South Blvd,,MARION ST,SOUTH BLVD,1,1,0,0,Property Damage,No Injuries,Car,10,Turning (At Least One Vehicle),2,2,0,5,"Over $1,500",1,0,0,0,0,0,0,28,Failing To Reduce Speed To Avoid Crash,99,Not Applicable,2,Stop Sign,4,Functioning Properly,1,Clear,1,Daylight,14,Four-Way Intersection,1,Dry,3,Free Flow,1,No Defects,O70,O12,41.8867378,-87.8024979,41.8867378,-87.8025360,1128796.25,1901762.25
34771,26 02786,2602786,X004252191,2026-05-29,17:14:00,2026-05-29 17:14:00,2026-06-01 10:07:13,722 Madison St,722,MADISON ST,,0,0,0,0,Property Damage,No Injuries,Car,11,Front To Rear,2,2,0,5,"Over $1,500",1,0,0,0,0,0,0,28,Failing To Reduce Speed To Avoid Crash,99,Not Applicable,1,No Controls,1,No Controls,1,Clear,1,Daylight,1,Not Divided,1,Dry,3,Free Flow,1,No Defects,O60,O15,41.8796234,-87.8013229,41.8798332,-87.7935181,1129132.88,1899171.75
34779,26 02789,2602789,X004252206,2026-05-29,19:28:00,2026-05-29 19:28:00,2026-06-01 10:33:18,1113 Lake St,1113,LAKE ST,,0,0,0,0,Property Damage,No Injuries,Car,9,Parked Motor Vehicle,2,2,0,4,"$501 to $1,500",1,0,0,0,0,0,0,28,Failing To Reduce Speed To Avoid Crash,99,Not Applicable,1,No Controls,1,No Controls,1,Clear,1,Daylight,1,Not Divided,1,Dry,1,Slow,1,No Defects,O40,O9,41.8886108,-87.8031311,41.8885193,-87.8031769,1128618.63,1902443.00
34772,26 02790,2602790,X004252192,2026-05-29,20:03:00,2026-05-29 20:03:00,2026-06-01 10:07:13,1232 N Oak Park Ave,1232,N OAK PARK AVE,,0,0,0,0,Property Damage,No Injuries,Car,12,Sideswipe - Same Direction,2,2,0,5,"Over $1,500",1,0,0,0,0,0,0,04,Improper Overtaking/Passing,99,Not Applicable,1,No Controls,1,No Controls,1,Clear,5,"Darkness, Lighted Road",1,Not Divided,1,Dry,3,Free Flow,1,No Defects,O20,O2,41.9082794,-87.7949982,41.9084473,-87.7948456,1130788.13,1909624.38
34768,26 02791,2602791,X004252188,2026-05-29,23:22:00,2026-05-29 23:22:00,2026-06-01 10:01:17,S Ridgeland Ave/Harvard St,,S RIDGELAND AVE,HARVARD ST,1,1,0,0,Property Damage,No Injuries,Car,13,Sideswipe - Opposite Direction,2,2,0,5,"Over $1,500",0,1,0,0,0,0,0,05,Driving On Wrong Side/Wrong Way,99,Not Applicable,3,Traffic Signal,4,Functioning Properly,1,Clear,5,"Darkness, Lighted Road",1,Not Divided,1,Dry,3,Free Flow,1,No Defects,O90,O16,41.8689842,-87.7840500,41.8689804,-87.7840881,1133859.50,1895323.25
34763,26 02794,2602794,X004250818,2026-05-30,02:44:00,2026-05-30 02:44:00,2026-06-01 07:19:03,6751 W North Ave,6751,W NORTH AVE,,0,0,0,0,Property Damage,No Injuries,Car,14,Front To Front,2,2,0,5,"Over $1,500",1,0,0,0,0,0,0,28,Failing To Reduce Speed To Avoid Crash,20,Improper Lane Usage,1,No Controls,1,No Controls,1,Clear,4,Darkness,1,Not Divided,1,Dry,3,Free Flow,1,No Defects,O20,O2,41.9089928,-87.7947922,41.9089661,-87.7947159,1130843.13,1909884.38
34769,26 02797,2602797,X004252189,2026-05-30,09:28:00,2026-05-30 09:28:00,2026-06-01 09:55:23,Oak Park/Garfield,,OAK PARK,GARFIELD,0,0,0,0,Property Damage,No Injuries,Car,7,Other Object,2,1,1,3,$500 or less,1,0,0,0,0,0,0,18,Unable To Determine,18,Unable To Determine,1,No Controls,1,No Controls,1,Clear,1,Daylight,2,"Divided, No Median Barrier",1,Dry,3,Free Flow,1,No Defects,O90,O17,41.8720245,-87.7939529,41.8720245,-87.7939911,1131156.25,1896415.88
34795,26 02853,2602853,X004252718,2026-05-30,10:19:00,2026-05-30 10:19:00,2026-06-02 09:21:24,Jackson Blvd/S Ridgeland Ave,,JACKSON BLVD,S RIDGELAND AVE,1,1,0,0,Property Damage,No Injuries,Pedalcyclist,2,Pedalcyclist,2,1,0,5,"Over $1,500",1,0,0,0,0,0,0,02,Failing To Yield Right-Of-Way,18,Unable To Determine,3,Traffic Signal,4,Functioning Properly,9,Unknown,1,Daylight,14,Four-Way Intersection,9,Unknown,3,Free Flow,1,No Defects,O80,O13,41.8762550,-87.7843399,41.8762817,-87.7843475,1133765.00,1897972.88