record_id,report_number,crash_id,idot_crash_number,date,time,occurred_at,record_added_at,location,street_number,street_name,cross_street,at_intersection,intersection_related,private_property,hit_and_run,crash_severity,crash_injury_severity,crash_mode,crash_type_code,crash_type,total_units,num_motor_vehicles,dooring_pedalcyclist,damage_code,damage,no_injury_drive_away,injury_or_towed,fatalities,a_injuries,b_injuries,c_injuries,total_injured,cause1_code,cause1,cause2_code,cause2,traffic_control_code,traffic_control,device_condition_code,device_condition,weather_code,weather,lighting_code,lighting,trafficway_code,trafficway,road_surface_code,road_surface,flow_condition_code,flow_condition,road_defects_code,road_defects,beat_zone,post_district,latitude,longitude,latitude_geocoded,longitude_geocoded,state_plane_x,state_plane_y
34782,26 02803,2602803,X004252209,2026-05-30,12:22:00,2026-05-30 12:22:00,2026-06-01 10:07:13,Roosevelt Rd/S Harvey Ave,,ROOSEVELT RD,S HARVEY AVE,1,1,0,0,Property Damage,No Injuries,Car,10,Turning (At Least One Vehicle),2,2,0,5,"Over $1,500",0,1,0,0,0,0,0,02,Failing To Yield Right-Of-Way,15,Driving Skills/Knowledge/Experience,2,Stop Sign,4,Functioning Properly,1,Clear,1,Daylight,14,Four-Way Intersection,1,Dry,3,Free Flow,1,No Defects,O90,O16,41.8654137,-87.7802734,41.8653908,-87.7802734,1134897.00,1894029.13
34816,26 02807,2602807,X004256213,2026-05-30,12:46:00,2026-05-30 12:46:00,2026-06-05 07:25:38,N Kenilworth Ave/Lake St,,N KENILWORTH AVE,LAKE ST,1,0,0,0,Property Damage,No Injuries,Car,9,Parked Motor Vehicle,2,2,0,4,"$501 to $1,500",1,0,0,0,0,0,0,02,Failing To Yield Right-Of-Way,99,Not Applicable,1,No Controls,1,No Controls,1,Clear,1,Daylight,1,Not Divided,1,Dry,1,Slow,1,No Defects,O40,O9,41.8886948,-87.7971268,41.8886986,-87.7975082,1130254.25,1902484.38
34781,26 02808,2602808,X004252208,2026-05-30,13:13:00,2026-05-30 13:13:00,2026-06-01 10:33:19,819 Clarence Ave,819,CLARENCE AVE,,0,0,0,1,Property Damage,No Injuries,Car,9,Parked Motor Vehicle,2,2,0,4,"$501 to $1,500",1,0,0,0,0,0,0,20,Improper Lane Usage,18,Unable To Determine,1,No Controls,1,No Controls,1,Clear,1,Daylight,10,One-Way,1,Dry,3,Free Flow,1,No Defects,O60,O14,41.8736153,-87.7903366,41.8735962,-87.7905426,1132136.88,1897000.00
34770,26 02813,2602813,X004252190,2026-05-30,16:51:00,2026-05-30 16:51:00,2026-06-01 10:01:17,Roosevelt Rd/Taylor Ave,,ROOSEVELT RD,TAYLOR AVE,0,0,0,0,Property Damage,No Injuries,Car,12,Sideswipe - Same Direction,2,2,0,5,"Over $1,500",1,0,0,0,0,0,0,02,Failing To Yield Right-Of-Way,18,Unable To Determine,1,No Controls,1,No Controls,1,Clear,1,Daylight,1,Not Divided,1,Dry,3,Free Flow,1,No Defects,O90,O16,41.8654442,-87.7778168,41.8654175,-87.7778244,1135565.00,1894044.38
34762,26 02814,2602814,X004249751,2026-05-30,18:34:00,2026-05-30 18:34:00,2026-05-30 22:18:22,1112 Madison St,1112,MADISON ST,,0,0,0,1,Property Damage,No Injuries,Car,9,Parked Motor Vehicle,2,2,0,3,$500 or less,1,0,0,0,0,0,0,28,Failing To Reduce Speed To Avoid Crash,99,Not Applicable,1,No Controls,1,No Controls,1,Clear,1,Daylight,1,Not Divided,1,Dry,1,Slow,1,No Defects,O70,O12,41.8796501,-87.8029633,41.8797188,-87.8029404,1128685.75,1899178.75
34784,26 02818,2602818,X004252211,2026-05-30,20:02:00,2026-05-30 20:02:00,2026-06-01 10:33:19,525 Harlem Ave,525,HARLEM AVE,,0,0,0,0,Property Damage,No Injuries,Car,12,Sideswipe - Same Direction,2,2,0,5,"Over $1,500",1,0,0,0,0,0,0,28,Failing To Reduce Speed To Avoid Crash,99,Not Applicable,1,No Controls,1,No Controls,1,Clear,1,Daylight,1,Not Divided,1,Dry,1,Slow,1,No Defects,R82,RFPD,41.8915062,-87.8051834,41.8916054,-87.8048553,1128053.88,1903494.88
34776,26 02824,2602824,X004252203,2026-05-30,23:25:00,2026-05-30 23:25:00,2026-06-01 10:33:17,6525 North Ave,6525,NORTH AVE,,0,0,0,0,Property Damage,No Injuries,Car,12,Sideswipe - Same Direction,2,2,0,5,"Over $1,500",0,1,0,0,0,0,0,28,Failing To Reduce Speed To Avoid Crash,99,Not Applicable,1,No Controls,1,No Controls,1,Clear,5,"Darkness, Lighted Road",1,Not Divided,1,Dry,3,Free Flow,1,No Defects,O20,O2,41.9090767,-87.7882614,41.9089508,-87.7883682,1132621.63,1909926.00
34778,26 02825,2602825,X004252205,2026-05-31,02:56:00,2026-05-31 02:56:00,2026-06-01 10:33:18,1118 Lake St,1118,LAKE ST,,0,0,0,1,Injury,B Injury Crash,Pedestrian,1,Pedestrian,2,1,0,3,$500 or less,0,1,0,0,1,0,1,02,Failing To Yield Right-Of-Way,25,Disregarding Traffic Signals,1,No Controls,1,No Controls,1,Clear,5,"Darkness, Lighted Road",1,Not Divided,1,Dry,3,Free Flow,1,No Defects,O40,O9,41.8886490,-87.8034592,41.8887253,-87.8035889,1128529.75,1902456.25
34777,26 02834,2602834,X004252204,2026-05-31,14:37:00,2026-05-31 14:37:00,2026-06-01 10:33:17,951 Chicago Ave,951,CHICAGO AVE,,0,0,0,1,Property Damage,No Injuries,Car,9,Parked Motor Vehicle,2,2,0,5,"Over $1,500",1,0,0,0,0,0,0,28,Failing To Reduce Speed To Avoid Crash,99,Not Applicable,1,No Controls,1,No Controls,1,Clear,1,Daylight,1,Not Divided,1,Dry,1,Slow,1,No Defects,O40,O9,41.8942833,-87.8001404,41.8941994,-87.7997589,1129420.13,1904515.13
34780,26 02831,2602831,X004252207,2026-05-31,15:37:00,2026-05-31 15:37:00,2026-06-01 10:33:19,104 N Marion St,104,N MARION ST,,0,0,0,1,Property Damage,No Injuries,Car,9,Parked Motor Vehicle,2,2,0,5,"Over $1,500",1,0,0,0,0,0,0,06,Improper Turning/No Signal,99,Not Applicable,1,No Controls,1,No Controls,1,Clear,1,Daylight,1,Not Divided,1,Dry,3,Free Flow,1,No Defects,O40,O9,41.8873444,-87.8023758,41.8875923,-87.8023148,1128827.75,1901982.63
34792,26 02840,2602840,X004252752,2026-06-01,05:54:00,2026-06-01 05:54:00,2026-06-02 09:21:23,1527 N Harlem Ave,1527,N HARLEM AVE,,0,0,0,0,Property Damage,No Injuries,Car,11,Front To Rear,3,3,0,5,"Over $1,500",1,0,0,0,0,0,0,28,Failing To Reduce Speed To Avoid Crash,18,Unable To Determine,3,Traffic Signal,4,Functioning Properly,1,Clear,1,Daylight,1,Not Divided,1,Dry,1,Slow,1,No Defects,R81,RFPD,41.9080505,-87.8057785,41.9080963,-87.8056641,1127855.63,1909522.75
34790,26 02852,2602852,X004252717,2026-06-01,08:26:00,2026-06-01 08:26:00,2026-06-02 09:09:14,300 S Euclid Ave,300,S EUCLID AVE,,0,0,0,0,Injury,B Injury Crash,Car,9,Parked Motor Vehicle,2,2,0,5,"Over $1,500",0,1,0,0,1,0,1,18,Unable To Determine,18,Unable To Determine,1,No Controls,1,No Controls,9,Unknown,4,Darkness,2,"Divided, No Median Barrier",1,Dry,3,Free Flow,1,No Defects,O60,O11,41.8833084,-87.7927551,41.8830948,-87.7924194,1131455.50,1900529.13
34793,26 02845,2602845,X004252699,2026-06-01,08:33:00,2026-06-01 08:33:00,2026-06-02 09:21:23,S Austin Blvd/I-290 Ramp,,S AUSTIN BLVD,I-290 RAMP,0,0,0,0,Property Damage,No Injuries,Car,10,Turning (At Least One Vehicle),2,2,0,4,"$501 to $1,500",1,0,0,0,0,0,0,28,Failing To Reduce Speed To Avoid Crash,20,Improper Lane Usage,3,Traffic Signal,4,Functioning Properly,8,Cloudy/Overcast,1,Daylight,1,Not Divided,1,Dry,3,Free Flow,1,No Defects,O80,O13,41.8712502,-87.7743759,41.8710709,-87.7743301,1136490.13,1896166.00
34794,26 02846,2602846,X004252701,2026-06-01,09:38:00,2026-06-01 09:38:00,2026-06-02 09:21:24,38 N Austin Blvd,38,N AUSTIN BLVD,,0,0,0,0,Injury,B Injury Crash,Car,11,Front To Rear,2,2,0,5,"Over $1,500",0,1,0,0,1,0,1,28,Failing To Reduce Speed To Avoid Crash,18,Unable To Determine,1,No Controls,1,No Controls,8,Cloudy/Overcast,1,Daylight,3,Divided With Median Barrier,1,Dry,1,Slow,1,No Defects,,,41.8812790,-87.7746658,41.8815270,-87.7749939,1136387.00,1899820.88
34789,26 02850,2602850,X004252716,2026-06-01,10:15:00,2026-06-01 10:15:00,2026-06-02 09:03:09,811 Madison,811,MADISON,,0,1,0,0,Property Damage,No Injuries,Car,11,Front To Rear,2,2,0,5,"Over $1,500",1,0,0,0,0,0,0,03,Following Too Closely,18,Unable To Determine,3,Traffic Signal,4,Functioning Properly,1,Clear,1,Daylight,1,Not Divided,1,Dry,2,Stopped,1,No Defects,O60,O15,41.8797340,-87.7949524,41.8796463,-87.7948380,1130866.00,1899222.25
34791,26 02857,2602857,X004252719,2026-06-01,15:12:00,2026-06-01 15:12:00,2026-06-02 09:15:18,N Harlem Ave/South Blvd,,N HARLEM AVE,SOUTH BLVD,0,0,0,0,Property Damage,No Injuries,Car,12,Sideswipe - Same Direction,2,2,0,4,"$501 to $1,500",1,0,0,0,0,0,0,20,Improper Lane Usage,99,Not Applicable,3,Traffic Signal,4,Functioning Properly,1,Clear,1,Daylight,2,"Divided, No Median Barrier",1,Dry,3,Free Flow,1,No Defects,F1,FPPD,41.8866921,-87.8050156,41.8867111,-87.8049927,1128109.63,1901740.13
34796,26 02862,2602862,X004252741,2026-06-01,17:03:00,2026-06-01 17:03:00,2026-06-02 09:15:19,312 Washington Blvd,312,WASHINGTON BLVD,,0,0,0,0,Property Damage,No Injuries,Car,11,Front To Rear,2,2,0,4,"$501 to $1,500",1,0,0,0,0,0,0,28,Failing To Reduce Speed To Avoid Crash,18,Unable To Determine,3,Traffic Signal,4,Functioning Properly,1,Clear,1,Daylight,3,Divided With Median Barrier,1,Dry,2,Stopped,1,No Defects,O50,O10,41.8817635,-87.7834396,41.8818512,-87.7835617,1133997.13,1899982.25
34798,26 02866,2602866,X004252744,2026-06-01,17:52:00,2026-06-01 17:52:00,2026-06-02 09:21:25,40 Harrison St,40,HARRISON ST,,0,0,0,1,Property Damage,No Injuries,Car,9,Parked Motor Vehicle,2,2,0,5,"Over $1,500",1,0,0,0,0,0,0,18,Unable To Determine,15,Driving Skills/Knowledge/Experience,1,No Controls,1,No Controls,9,Unknown,9,Unknown,2,"Divided, No Median Barrier",1,Dry,3,Free Flow,99,Unknown,O80,O13,41.8727379,-87.7761993,41.8728523,-87.7765198,1135989.88,1896705.00
34807,26 02878,2602878,X004256024,2026-06-02,12:07:00,2026-06-02 12:07:00,2026-06-04 09:21:32,715 N Harvey Ave,715,N HARVEY AVE,,0,0,0,0,Property Damage,No Injuries,Car,9,Parked Motor Vehicle,2,2,0,4,"$501 to $1,500",1,0,0,0,0,0,0,28,Failing To Reduce Speed To Avoid Crash,30,Improper Backing,1,No Controls,1,No Controls,1,Clear,1,Daylight,10,One-Way,1,Dry,2,Stopped,1,No Defects,O10,O4,41.8987923,-87.7818070,41.8988876,-87.7819824,1134401.88,1906190.63
34804,26 02883,2602883,X004253806,2026-06-02,14:18:00,2026-06-02 14:18:00,2026-06-03 09:19:31,N Ridgeland Ave/Division St,,N RIDGELAND AVE,DIVISION ST,0,0,0,0,Property Damage,No Injuries,Car,15,Angle,2,2,0,5,"Over $1,500",1,0,0,0,0,0,0,02,Failing To Yield Right-Of-Way,28,Failing To Reduce Speed To Avoid Crash,3,Traffic Signal,4,Functioning Properly,1,Clear,1,Daylight,2,"Divided, No Median Barrier",1,Dry,3,Free Flow,1,No Defects,O20,O2,41.9018860,-87.7849121,41.9018860,-87.7848740,1133548.63,1907311.13
34801,26 02882,2602882,X004253803,2026-06-02,14:43:00,2026-06-02 14:43:00,2026-06-03 09:25:37,115 N Harlem Ave,115,N HARLEM AVE,,0,0,0,0,Property Damage,No Injuries,Car,13,Sideswipe - Opposite Direction,2,2,0,4,"$501 to $1,500",1,0,0,0,0,0,0,05,Driving On Wrong Side/Wrong Way,18,Unable To Determine,3,Traffic Signal,4,Functioning Properly,1,Clear,1,Daylight,3,Divided With Median Barrier,1,Dry,3,Free Flow,1,No Defects,O70,O12,41.8816605,-87.8047943,41.8817101,-87.8046799,1128181.75,1899908.63
34802,26 02889,2602889,X004253804,2026-06-02,18:41:00,2026-06-02 18:41:00,2026-06-03 09:25:37,S Lombard Ave/Harrison St,,S LOMBARD AVE,HARRISON ST,1,1,0,0,Property Damage,No Injuries,Car,10,Turning (At Least One Vehicle),2,2,0,5,"Over $1,500",1,0,0,0,0,0,0,02,Failing To Yield Right-Of-Way,15,Driving Skills/Knowledge/Experience,2,Stop Sign,4,Functioning Properly,1,Clear,1,Daylight,14,Four-Way Intersection,1,Dry,3,Free Flow,1,No Defects,O80,O13,41.8727150,-87.7792740,41.8727150,-87.7793121,1135153.13,1896691.25
34806,26 02898,2602898,X004256022,2026-06-03,12:50:00,2026-06-03 12:50:00,2026-06-04 09:27:37,455 N Harlem Ave,455,N HARLEM AVE,,0,0,0,0,Property Damage,No Injuries,Car,12,Sideswipe - Same Direction,2,2,0,5,"Over $1,500",1,0,0,0,0,0,0,02,Failing To Yield Right-Of-Way,15,Driving Skills/Knowledge/Experience,3,Traffic Signal,4,Functioning Properly,1,Clear,1,Daylight,14,Four-Way Intersection,1,Dry,3,Free Flow,1,No Defects,R82,RFPD,41.8889046,-87.8051071,41.8891335,-87.8049240,1128079.75,1902547.63
34835,26 02963,2602963,X004259743,2026-06-03,14:34:00,2026-06-03 14:34:00,2026-06-08 12:41:52,S Harlem Ave/Eb I-290 Entrance Ramp,,S HARLEM AVE,EB I-290 ENTRANCE RAMP,0,1,0,0,Property Damage,No Injuries,Car,11,Front To Rear,2,2,0,5,"Over $1,500",1,0,0,0,0,0,0,18,Unable To Determine,18,Unable To Determine,3,Traffic Signal,4,Functioning Properly,1,Clear,1,Daylight,3,Divided With Median Barrier,9,Unknown,2,Stopped,1,No Defects,O60,O15,41.8737946,-87.8044968,41.8736153,-87.8045197,1128281.50,1897042.00
34857,26 02982,2602982,X004264691,2026-06-03,15:07:00,2026-06-03 15:07:00,2026-06-11 08:48:25,1410 N Austin Blvd,1410,N AUSTIN BLVD,,0,0,0,0,Property Damage,No Injuries,Car,9,Parked Motor Vehicle,2,2,0,5,"Over $1,500",1,0,0,0,0,0,0,20,Improper Lane Usage,99,Not Applicable,1,No Controls,1,No Controls,1,Clear,1,Daylight,1,Not Divided,1,Dry,3,Free Flow,1,No Defects,O10,O1,41.9062538,-87.7754669,41.9062843,-87.7757340,1136109.50,1908920.13
34808,26 02902,2602902,X004256025,2026-06-03,16:10:00,2026-06-03 16:10:00,2026-06-04 09:27:38,1125 Ontario St,1125,ONTARIO ST,,0,0,0,1,Property Damage,No Injuries,Car,9,Parked Motor Vehicle,2,2,0,4,"$501 to $1,500",1,0,0,0,0,0,0,15,Driving Skills/Knowledge/Experience,99,Not Applicable,2,Stop Sign,4,Functioning Properly,1,Clear,1,Daylight,8,Other,1,Dry,3,Free Flow,1,No Defects,O40,O9,41.8905373,-87.8039322,41.8897705,-87.8039246,1128396.75,1903143.13
34810,26 02905,2602905,X004256027,2026-06-03,17:16:00,2026-06-03 17:16:00,2026-06-04 09:21:33,Lake St/N Euclid Ave,,LAKE ST,N EUCLID AVE,0,0,0,1,Property Damage,No Injuries,Car,12,Sideswipe - Same Direction,2,2,0,5,"Over $1,500",1,0,0,0,0,0,0,02,Failing To Yield Right-Of-Way,15,Driving Skills/Knowledge/Experience,3,Traffic Signal,4,Functioning Properly,1,Clear,1,Daylight,14,Four-Way Intersection,1,Dry,3,Free Flow,1,No Defects,O30,O8,41.8885574,-87.7926941,41.8885841,-87.7926941,1131461.00,1902441.13
34809,26 02909,2602909,X004256026,2026-06-03,21:31:00,2026-06-03 21:31:00,2026-06-04 09:21:32,517 Highland Ave,517,HIGHLAND AVE,,0,0,0,1,Property Damage,No Injuries,Car,9,Parked Motor Vehicle,2,2,0,4,"$501 to $1,500",1,0,0,0,0,0,0,15,Driving Skills/Knowledge/Experience,99,Not Applicable,1,No Controls,1,No Controls,1,Clear,1,Daylight,2,"Divided, No Median Barrier",1,Dry,3,Free Flow,1,No Defects,O80,O13,41.8792458,-87.7819519,41.8791962,-87.7821426,1134408.25,1899067.75
34814,26 02912,2602912,X004256092,2026-06-04,07:57:00,2026-06-04 07:57:00,2026-06-05 07:25:38,S Harlem Ave/Jackson Blvd,,S HARLEM AVE,JACKSON BLVD,0,0,0,0,Injury,B Injury Crash,Car,15,Angle,2,2,0,5,"Over $1,500",0,1,0,0,1,0,1,02,Failing To Yield Right-Of-Way,28,Failing To Reduce Speed To Avoid Crash,1,No Controls,1,No Controls,1,Clear,1,Daylight,1,Not Divided,1,Dry,1,Slow,1,No Defects,O60,O15,41.8759766,-87.8045654,41.8759842,-87.8046036,1128256.50,1897837.00
34836,26 02913,2602913,X004259744,2026-06-04,08:55:00,2026-06-04 08:55:00,2026-06-08 12:41:52,Madison St/Wisconsin Ave,,MADISON ST,WISCONSIN AVE,0,0,0,0,Property Damage,No Injuries,Car,11,Front To Rear,2,2,0,4,"$501 to $1,500",1,0,0,0,0,0,0,28,Failing To Reduce Speed To Avoid Crash,99,Not Applicable,3,Traffic Signal,4,Functioning Properly,1,Clear,1,Daylight,1,Not Divided,1,Dry,3,Free Flow,1,No Defects,O60,O15,41.8796082,-87.8023148,41.8796387,-87.8023148,1128861.88,1899164.00
34817,26 02914,2602914,X004256209,2026-06-04,09:09:00,2026-06-04 09:09:00,2026-06-05 07:25:39,S Austin Blvd/Garfield St,,S AUSTIN BLVD,GARFIELD ST,1,1,0,0,Property Damage,No Injuries,Car,11,Front To Rear,2,2,0,3,$500 or less,1,0,0,0,0,0,0,20,Improper Lane Usage,99,Not Applicable,1,No Controls,1,No Controls,1,Clear,1,Daylight,1,Not Divided,1,Dry,3,Free Flow,1,No Defects,O90,O16,41.8704185,-87.7743530,41.8704224,-87.7743149,1136497.13,1895864.88
34826,26 02920,2602920,X004259737,2026-06-04,12:42:00,2026-06-04 12:42:00,2026-06-08 12:41:48,147 N Euclid Ave,147,N EUCLID AVE,,0,0,0,1,Property Damage,No Injuries,Car,12,Sideswipe - Same Direction,2,2,0,4,"$501 to $1,500",1,0,0,0,0,0,0,04,Improper Overtaking/Passing,28,Failing To Reduce Speed To Avoid Crash,1,No Controls,1,No Controls,1,Clear,1,Daylight,1,Not Divided,1,Dry,3,Free Flow,1,No Defects,O30,O8,41.8888550,-87.7927399,41.8890610,-87.7928543,1131447.50,1902550.13
34815,26 02918,2602918,X004256112,2026-06-04,13:45:00,2026-06-04 13:45:00,2026-06-05 07:25:38,727 N Harlem Ave,727,N HARLEM AVE,,0,0,0,1,Property Damage,No Injuries,Car,12,Sideswipe - Same Direction,2,2,0,5,"Over $1,500",1,0,0,0,0,0,0,18,Unable To Determine,99,Not Applicable,3,Traffic Signal,4,Functioning Properly,1,Clear,1,Daylight,1,Not Divided,1,Dry,3,Free Flow,1,No Defects,R82,RFPD,41.8939629,-87.8052673,41.8938293,-87.8048782,1128024.00,1904389.63
34811,26 02921,2602921,X004256114,2026-06-04,15:20:00,2026-06-04 15:20:00,2026-06-05 07:25:36,Madison St/Lyman Ave,,MADISON ST,LYMAN AVE,1,1,0,0,Property Damage,No Injuries,Car,11,Front To Rear,2,2,0,3,$500 or less,1,0,0,0,0,0,0,28,Failing To Reduce Speed To Avoid Crash,18,Unable To Determine,1,No Controls,1,No Controls,1,Clear,1,Daylight,1,Not Divided,1,Dry,3,Free Flow,1,No Defects,O80,O13,41.8800163,-87.7771072,41.8800430,-87.7771149,1135725.00,1899356.63
34813,26 02926,2602926,X004256125,2026-06-04,15:23:00,2026-06-04 15:23:00,2026-06-05 07:25:37,246 Chicago Ave,246,CHICAGO AVE,,0,0,0,1,Property Damage,No Injuries,Car,9,Parked Motor Vehicle,2,2,0,5,"Over $1,500",1,0,0,0,0,0,0,28,Failing To Reduce Speed To Avoid Crash,18,Unable To Determine,1,No Controls,1,No Controls,1,Clear,1,Daylight,1,Not Divided,1,Dry,3,Free Flow,1,No Defects,O10,O4,41.8946381,-87.7822494,41.8947220,-87.7823181,1134290.38,1904675.38
34837,26 02922,2602922,X004262014,2026-06-04,15:25:00,2026-06-04 15:25:00,2026-06-09 07:52:28,Lexinigton St/S Euclid Ave,,LEXINIGTON ST,S EUCLID AVE,1,1,0,0,Injury,C Injury Crash,Car,15,Angle,2,2,0,5,"Over $1,500",0,1,0,0,0,2,2,23,Disregarding Stop Sign,99,Not Applicable,2,Stop Sign,4,Functioning Properly,1,Clear,1,Daylight,15,T-Intersection,1,Dry,3,Free Flow,1,No Defects,O90,O17,41.8706322,-87.7927246,41.8706627,-87.7927322,1131493.25,1895909.63
34812,26 02927,2602927,X004256127,2026-06-04,18:56:00,2026-06-04 18:56:00,2026-06-05 07:25:37,100 S Euclid Ave,100,S EUCLID AVE,,0,1,0,0,Property Damage,No Injuries,Car,10,Turning (At Least One Vehicle),2,2,0,5,"Over $1,500",1,0,0,0,0,0,0,02,Failing To Yield Right-Of-Way,99,Not Applicable,1,No Controls,1,No Controls,1,Clear,1,Daylight,1,Not Divided,1,Dry,3,Free Flow,1,No Defects,O60,O11,41.8869133,-87.7928314,41.8868408,-87.7927399,1131427.38,1901842.75
34828,26 02941,2602941,X004259738,2026-06-05,12:52:00,2026-06-05 12:52:00,2026-06-08 12:41:49,1036 N Austin Blvd,1036,N AUSTIN BLVD,,0,0,0,1,Injury,B Injury Crash,Car,9,Parked Motor Vehicle,3,3,0,5,"Over $1,500",0,1,0,0,1,0,1,18,Unable To Determine,18,Unable To Determine,1,No Controls,1,No Controls,1,Clear,1,Daylight,1,Not Divided,1,Dry,2,Stopped,1,No Defects,O10,O4,41.8996086,-87.7752609,41.8996620,-87.7754440,1136182.38,1906498.50
34832,26 02939,2602939,X004259741,2026-06-05,15:06:00,2026-06-05 15:06:00,2026-06-08 12:41:51,610 S Ridgeland Ave,610,S RIDGELAND AVE,,0,0,0,0,Property Damage,No Injuries,Car,9,Parked Motor Vehicle,2,2,0,3,$500 or less,1,0,0,0,0,0,0,30,Improper Backing,99,Not Applicable,1,No Controls,1,No Controls,2,Rain,1,Daylight,2,"Divided, No Median Barrier",2,Wet,3,Free Flow,1,No Defects,O60,O14,41.8777313,-87.7844315,41.8775749,-87.7841263,1133736.38,1898510.88
34833,26 02948,2602948,X004259742,2026-06-05,17:45:00,2026-06-05 17:45:00,2026-06-08 12:41:51,125 S Maple Ave,125,S MAPLE AVE,,0,0,0,0,Property Damage,No Injuries,Car,9,Parked Motor Vehicle,2,2,0,4,"$501 to $1,500",1,0,0,0,0,0,0,20,Improper Lane Usage,10,Equipment - Vehicle Condition,1,No Controls,1,No Controls,1,Clear,1,Daylight,1,Not Divided,1,Dry,3,Free Flow,1,No Defects,O70,O12,41.8856850,-87.8040390,41.8857651,-87.8042755,1128377.25,1901375.63
34830,26 02952,2602952,X004259740,2026-06-06,02:55:00,2026-06-06 02:55:00,2026-06-08 12:41:50,S Austin Blvd/I290 Exp Way,,S AUSTIN BLVD,I290 EXP WAY,1,1,0,1,Property Damage,No Injuries,Car,10,Turning (At Least One Vehicle),2,2,0,5,"Over $1,500",1,0,0,0,0,0,0,28,Failing To Reduce Speed To Avoid Crash,15,Driving Skills/Knowledge/Experience,3,Traffic Signal,4,Functioning Properly,1,Clear,5,"Darkness, Lighted Road",8,Other,2,Wet,3,Free Flow,1,No Defects,O80,O13,41.8712502,-87.7743759,41.8712502,-87.7743378,1136490.13,1896166.00
34820,26 02956,2602956,X004259731,2026-06-06,07:00:00,2026-06-06 07:00:00,2026-06-08 12:29:46,Thomas St/N Lombard Ave,,THOMAS ST,N LOMBARD AVE,0,0,0,1,Property Damage,No Injuries,Car,9,Parked Motor Vehicle,2,2,0,5,"Over $1,500",0,1,0,0,0,0,0,28,Failing To Reduce Speed To Avoid Crash,18,Unable To Determine,2,Stop Sign,4,Functioning Properly,8,Cloudy/Overcast,1,Daylight,1,Not Divided,2,Wet,3,Free Flow,1,No Defects,O10,O4,41.9000854,-87.7801743,41.9001121,-87.7801743,1134842.88,1906663.00
34822,26 02962,2602962,X004259733,2026-06-06,12:36:00,2026-06-06 12:36:00,2026-06-08 12:41:46,North Ave/N Grove Ave,,NORTH AVE,N GROVE AVE,1,1,0,0,Injury,A Injury Crash,Car,10,Turning (At Least One Vehicle),2,2,0,5,"Over $1,500",0,1,0,1,1,0,2,04,Improper Overtaking/Passing,02,Failing To Yield Right-Of-Way,1,No Controls,1,No Controls,1,Clear,1,Daylight,2,"Divided, No Median Barrier",1,Dry,2,Stopped,1,No Defects,O20,O3,41.9089737,-87.7965546,41.9090042,-87.7965546,1130363.63,1909874.38
34821,26 02965,2602965,X004259732,2026-06-06,15:04:00,2026-06-06 15:04:00,2026-06-08 12:41:46,S Harlem Ave/Madison St,,S HARLEM AVE,MADISON ST,0,0,0,0,Property Damage,No Injuries,Car,11,Front To Rear,2,2,0,5,"Over $1,500",1,0,0,0,0,0,0,28,Failing To Reduce Speed To Avoid Crash,18,Unable To Determine,1,No Controls,1,No Controls,1,Clear,1,Daylight,2,"Divided, No Median Barrier",1,Dry,1,Slow,1,No Defects,O70,O12,41.8796692,-87.8047028,41.8796654,-87.8047333,1128211.75,1899182.38
34819,26 02966,2602966,X004258191,2026-06-06,15:24:00,2026-06-06 15:24:00,2026-06-06 16:38:16,Linden Ave/Augusta St,,LINDEN AVE,AUGUSTA ST,0,0,0,0,Property Damage,No Injuries,Car,10,Turning (At Least One Vehicle),2,2,0,5,"Over $1,500",1,0,0,0,0,0,0,41,Distraction - From Inside Vehicle,02,Failing To Yield Right-Of-Way,2,Stop Sign,4,Functioning Properly,1,Clear,1,Daylight,2,"Divided, No Median Barrier",1,Dry,3,Free Flow,1,No Defects,O20,O5,41.8981209,-87.7914581,41.8981056,-87.7923279,1131775.00,1905928.00
34823,26 02969,2602969,X004259734,2026-06-06,20:34:00,2026-06-06 20:34:00,2026-06-08 12:41:47,N Austin Blvd/Randolph St,,N AUSTIN BLVD,RANDOLPH ST,1,0,0,1,Property Damage,No Injuries,Car,10,Turning (At Least One Vehicle),2,2,0,5,"Over $1,500",1,0,0,0,0,0,0,02,Failing To Yield Right-Of-Way,15,Driving Skills/Knowledge/Experience,1,No Controls,1,No Controls,1,Clear,5,"Darkness, Lighted Road",2,"Divided, No Median Barrier",1,Dry,3,Free Flow,1,No Defects,O50,O10,41.8821068,-87.7746887,41.8946724,-87.7751389,1136378.00,1900122.38
34824,26 02976,2602976,X004259735,2026-06-07,09:34:00,2026-06-07 09:34:00,2026-06-08 12:41:47,S Oak Park Ave/Lexington St,,S OAK PARK AVE,LEXINGTON ST,1,1,0,0,Injury,B Injury Crash,Car,15,Angle,2,2,0,5,"Over $1,500",0,1,0,0,1,0,1,02,Failing To Yield Right-Of-Way,18,Unable To Determine,2,Stop Sign,4,Functioning Properly,1,Clear,1,Daylight,14,Four-Way Intersection,1,Dry,3,Free Flow,1,No Defects,O90,O17,41.8706436,-87.7939072,41.8706360,-87.7939453,1131171.25,1895911.75
34843,26 02989,2602989,X004262019,2026-06-07,17:53:00,2026-06-07 17:53:00,2026-06-09 07:52:31,Madison St/S Grove Ave,,MADISON ST,S GROVE AVE,1,1,0,1,Injury,B Injury Crash,Car,11,Front To Rear,2,2,0,5,"Over $1,500",0,1,0,0,1,0,1,02,Failing To Yield Right-Of-Way,28,Failing To Reduce Speed To Avoid Crash,1,No Controls,1,No Controls,1,Clear,1,Daylight,2,"Divided, No Median Barrier",1,Dry,2,Stopped,1,No Defects,O60,O15,41.8797226,-87.7955780,41.8797531,-87.7954559,1130695.00,1899217.25