record_id,report_number,crash_id,idot_crash_number,date,time,occurred_at,record_added_at,location,street_number,street_name,cross_street,at_intersection,intersection_related,private_property,hit_and_run,crash_severity,crash_injury_severity,crash_mode,crash_type_code,crash_type,total_units,num_motor_vehicles,dooring_pedalcyclist,damage_code,damage,no_injury_drive_away,injury_or_towed,fatalities,a_injuries,b_injuries,c_injuries,total_injured,cause1_code,cause1,cause2_code,cause2,traffic_control_code,traffic_control,device_condition_code,device_condition,weather_code,weather,lighting_code,lighting,trafficway_code,trafficway,road_surface_code,road_surface,flow_condition_code,flow_condition,road_defects_code,road_defects,beat_zone,post_district,latitude,longitude,latitude_geocoded,longitude_geocoded,state_plane_x,state_plane_y
34839,26 02990,2602990,X004260736,2026-06-08,07:40:00,2026-06-08 07:40:00,2026-06-09 07:52:30,520 S Maple Ave,520,S MAPLE AVE,,0,0,0,0,Property Damage,No Injuries,Car,13,Sideswipe - Opposite Direction,2,2,0,5,"Over $1,500",1,0,0,0,0,0,0,14,"Vision Obscured (Signs, Tree Limbs, Buildings",02,Failing To Yield Right-Of-Way,1,No Controls,1,No Controls,1,Clear,1,Daylight,1,Not Divided,1,Dry,3,Free Flow,1,No Defects,O60,O15,41.8790283,-87.8038864,41.8782425,-87.8033371,1128435.25,1898950.63
34841,26 02994,2602994,X004260751,2026-06-08,12:03:00,2026-06-08 12:03:00,2026-06-09 07:52:30,800 S Harlem Ave,800,S HARLEM AVE,,0,0,0,0,Property Damage,No Injuries,Car,12,Sideswipe - Same Direction,2,2,0,3,$500 or less,1,0,0,0,0,0,0,20,Improper Lane Usage,99,Not Applicable,1,No Controls,1,No Controls,1,Clear,1,Daylight,1,Not Divided,1,Dry,3,Free Flow,1,No Defects,O90,O18,41.8723221,-87.8044357,41.8756027,-87.8045349,1128300.50,1896505.88
34842,26 02995,2602995,X004260753,2026-06-08,12:49:00,2026-06-08 12:49:00,2026-06-09 07:52:31,N Harlem Ave/Westgate St,,N HARLEM AVE,WESTGATE ST,0,0,0,0,Property Damage,No Injuries,Car,11,Front To Rear,2,2,0,3,$500 or less,1,0,0,0,0,0,0,03,Following Too Closely,28,Failing To Reduce Speed To Avoid Crash,3,Traffic Signal,4,Functioning Properly,8,Cloudy/Overcast,1,Daylight,2,"Divided, No Median Barrier",1,Dry,3,Free Flow,1,No Defects,R83,RFPD,41.8878517,-87.8050537,41.8878555,-87.8050232,1128096.13,1902163.25
34844,26 02996,2602996,X004260756,2026-06-08,14:01:00,2026-06-08 14:01:00,2026-06-09 07:52:32,Forest Ave/North Blvd,,FOREST AVE,NORTH BLVD,0,0,0,0,Property Damage,No Injuries,Car,15,Angle,2,2,0,5,"Over $1,500",0,1,0,0,0,0,0,02,Failing To Yield Right-Of-Way,28,Failing To Reduce Speed To Avoid Crash,1,No Controls,1,No Controls,8,Cloudy/Overcast,1,Daylight,2,"Divided, No Median Barrier",1,Dry,3,Free Flow,1,No Defects,O40,O9,41.8872299,-87.8007355,41.8872528,-87.8007050,1129274.25,1901944.63
34838,26 03002,2603002,X004260762,2026-06-08,16:47:00,2026-06-08 16:47:00,2026-06-09 07:52:29,1107 Washington Blvd,1107,WASHINGTON BLVD,,0,0,0,0,Property Damage,No Injuries,Car,15,Angle,2,2,0,5,"Over $1,500",1,0,0,0,0,0,0,02,Failing To Yield Right-Of-Way,18,Unable To Determine,1,No Controls,1,No Controls,8,Cloudy/Overcast,1,Daylight,1,Not Divided,2,Wet,3,Free Flow,1,No Defects,O70,O12,41.8814087,-87.8026886,41.8813362,-87.8027954,1128755.75,1899819.50
34845,26 03004,2603004,X004260763,2026-06-08,18:42:00,2026-06-08 18:42:00,2026-06-09 07:52:32,Garfield/Wesley,,GARFIELD,WESLEY,0,0,0,0,Property Damage,No Injuries,Car,9,Parked Motor Vehicle,2,2,0,3,$500 or less,1,0,0,0,0,0,0,15,Driving Skills/Knowledge/Experience,99,Not Applicable,1,No Controls,1,No Controls,1,Clear,1,Daylight,2,"Divided, No Median Barrier",9,Unknown,3,Free Flow,1,No Defects,O90,O17,41.8717957,-87.7915421,41.8718262,-87.7915421,1131812.25,1896335.00
34851,26 03021,2603021,X004262406,2026-06-09,17:22:00,2026-06-09 17:22:00,2026-06-10 08:58:34,N East Ave/Chicago Ave,,N EAST AVE,CHICAGO AVE,1,1,0,0,Property Damage,No Injuries,Car,10,Turning (At Least One Vehicle),2,2,0,4,"$501 to $1,500",1,0,0,0,0,0,0,02,Failing To Yield Right-Of-Way,18,Unable To Determine,2,Stop Sign,4,Functioning Properly,1,Clear,1,Daylight,1,Not Divided,1,Dry,3,Free Flow,1,No Defects,O30,O8,41.8944893,-87.7898178,41.8944855,-87.7897720,1132231.75,1904607.13
34852,26 03028,2603028,X004262426,2026-06-09,22:53:00,2026-06-09 22:53:00,2026-06-10 09:04:33,435 Madison St,435,MADISON ST,,0,0,0,0,Property Damage,No Injuries,Car,9,Parked Motor Vehicle,2,2,0,5,"Over $1,500",0,1,0,0,0,0,0,28,Failing To Reduce Speed To Avoid Crash,15,Driving Skills/Knowledge/Experience,1,No Controls,1,No Controls,1,Clear,5,"Darkness, Lighted Road",2,"Divided, No Median Barrier",1,Dry,3,Free Flow,1,No Defects,O60,O14,41.8798752,-87.7862854,41.8797378,-87.7863770,1133226.50,1899288.00
34858,26 03030,2603030,X004264692,2026-06-10,09:00:00,2026-06-10 09:00:00,2026-06-11 08:48:25,N Lombard Ave/Lake St,,N LOMBARD AVE,LAKE ST,1,1,0,0,Property Damage,No Injuries,Car,15,Angle,2,2,0,4,"$501 to $1,500",0,1,0,0,0,0,0,02,Failing To Yield Right-Of-Way,18,Unable To Determine,2,Stop Sign,4,Functioning Properly,1,Clear,1,Daylight,2,"Divided, No Median Barrier",1,Dry,1,Slow,1,No Defects,O30,O7,41.8881760,-87.7798462,41.8881798,-87.7798080,1134959.88,1902324.25
34853,26 03033,2603033,X004262765,2026-06-10,09:08:00,2026-06-10 09:08:00,2026-06-10 14:32:02,S Kenilworth Ave/Monroe St,,S KENILWORTH AVE,MONROE ST,0,0,0,0,Injury,B Injury Crash,Pedalcyclist,2,Pedalcyclist,2,1,1,3,$500 or less,0,1,0,0,1,0,1,02,Failing To Yield Right-Of-Way,28,Failing To Reduce Speed To Avoid Crash,4,Yield Sign,4,Functioning Properly,1,Clear,1,Daylight,1,Not Divided,1,Dry,3,Free Flow,1,No Defects,O60,O15,41.8782997,-87.7973023,41.8782959,-87.7973404,1130229.00,1898695.50
34993,26 03523,2603523,X004288939,2026-06-10,16:20:00,2026-06-10 16:20:00,2026-07-02 09:20:10,Roosevelt Rd/East Ave,,ROOSEVELT RD,EAST AVE,0,0,0,0,Property Damage,No Injuries,Car,11,Front To Rear,2,2,0,5,"Over $1,500",1,0,0,0,0,0,0,28,Failing To Reduce Speed To Avoid Crash,28,Failing To Reduce Speed To Avoid Crash,3,Traffic Signal,4,Functioning Properly,2,Rain,9,Unknown,1,Not Divided,2,Wet,2,Stopped,1,No Defects,O90,O17,41.8652763,-87.7888641,41.8652534,-87.7888641,1132558.38,1893964.75
34860,26 03043,2603043,X004264693,2026-06-10,17:42:00,2026-06-10 17:42:00,2026-06-11 08:48:25,Greenfield St/N Harlem Ave,,GREENFIELD ST,N HARLEM AVE,1,1,0,0,Injury,B Injury Crash,Car,10,Turning (At Least One Vehicle),2,2,0,5,"Over $1,500",0,1,0,0,2,0,2,02,Failing To Yield Right-Of-Way,99,Not Applicable,1,No Controls,1,No Controls,1,Clear,1,Daylight,1,Not Divided,1,Dry,3,Free Flow,1,No Defects,R81,RFPD,41.9051895,-87.8056488,41.9052162,-87.8056488,1127896.50,1908480.00
34856,26 03046,2603046,X004263385,2026-06-10,23:20:00,2026-06-10 23:20:00,2026-06-11 04:57:34,Washington Blvd/S Maple,,WASHINGTON BLVD,S MAPLE,0,0,0,0,Property Damage,No Injuries,Car,15,Angle,2,2,0,3,$500 or less,1,0,0,0,0,0,0,02,Failing To Yield Right-Of-Way,99,Not Applicable,1,No Controls,1,No Controls,2,Rain,1,Daylight,1,Not Divided,2,Wet,1,Slow,1,No Defects,O70,O12,41.8813858,-87.8039246,41.8814201,-87.8039246,1128419.88,1899809.88
34992,26 03517,2603517,X004288931,2026-06-11,13:13:00,2026-06-11 13:13:00,2026-07-02 09:26:25,415 S Maple Ave,415,S MAPLE AVE,,0,0,0,1,Property Damage,No Injuries,Car,9,Parked Motor Vehicle,2,2,0,3,$500 or less,1,0,0,0,0,0,0,28,Failing To Reduce Speed To Avoid Crash,18,Unable To Determine,1,No Controls,1,No Controls,1,Clear,5,"Darkness, Lighted Road",1,Not Divided,1,Dry,3,Free Flow,1,No Defects,O70,O12,41.8808212,-87.8038712,41.8807526,-87.8040848,1128435.25,1899603.13
34862,26 03065,2603065,X004264809,2026-06-11,15:02:00,2026-06-11 15:02:00,2026-06-12 07:44:42,Washington Blvd/S Grove Ave,,WASHINGTON BLVD,S GROVE AVE,1,1,0,0,Injury,B Injury Crash,Car,15,Angle,2,2,0,5,"Over $1,500",0,1,0,0,1,0,1,02,Failing To Yield Right-Of-Way,28,Failing To Reduce Speed To Avoid Crash,2,Stop Sign,4,Functioning Properly,1,Clear,1,Daylight,1,Not Divided,1,Dry,3,Free Flow,1,No Defects,O70,O12,41.8815689,-87.7956467,41.8815994,-87.7956467,1130673.25,1899890.13
34893,26 03066,2603066,X004270875,2026-06-11,16:21:00,2026-06-11 16:21:00,2026-06-17 09:36:34,433 S Oak Park Ave,433,S OAK PARK AVE,,0,0,0,0,Injury,B Injury Crash,Pedalcyclist,2,Pedalcyclist,2,1,0,4,"$501 to $1,500",0,1,0,0,1,0,1,28,Failing To Reduce Speed To Avoid Crash,02,Failing To Yield Right-Of-Way,3,Traffic Signal,4,Functioning Properly,1,Clear,1,Daylight,4,Two-Way Continuous Left-Turn Lane,1,Dry,1,Slow,1,No Defects,O60,O11,41.8803291,-87.7942352,41.8803406,-87.7943497,1131059.38,1899440.25
34878,26 03084,2603084,X004268593,2026-06-12,10:47:00,2026-06-12 10:47:00,2026-06-15 14:10:45,Roosevelt Rd/East Ave,,ROOSEVELT RD,EAST AVE,1,1,0,0,Property Damage,No Injuries,Pedalcyclist,2,Pedalcyclist,2,1,0,4,"$501 to $1,500",1,0,0,0,0,0,0,02,Failing To Yield Right-Of-Way,99,Not Applicable,3,Traffic Signal,4,Functioning Properly,1,Clear,1,Daylight,15,T-Intersection,1,Dry,1,Slow,1,No Defects,O90,O17,41.8652763,-87.7888641,41.8652534,-87.7888641,1132558.38,1893964.75
34871,26 03086,2603086,X004268589,2026-06-12,13:48:00,2026-06-12 13:48:00,2026-06-15 14:10:42,Randolph St/Home Ave,,RANDOLPH ST,HOME AVE,1,1,0,0,Property Damage,No Injuries,Pedestrian,1,Pedestrian,2,1,0,5,"Over $1,500",1,0,0,0,0,0,0,02,Failing To Yield Right-Of-Way,28,Failing To Reduce Speed To Avoid Crash,2,Stop Sign,4,Functioning Properly,1,Clear,1,Daylight,14,Four-Way Intersection,1,Dry,1,Slow,1,No Defects,O70,O12,41.8832932,-87.8000031,41.8833275,-87.8000031,1129483.88,1900511.75
34873,26 03087,2603087,X004268579,2026-06-12,14:45:00,2026-06-12 14:45:00,2026-06-15 14:10:43,Lake St/N Lombard Ave,,LAKE ST,N LOMBARD AVE,1,1,0,1,Property Damage,No Injuries,Car,15,Angle,2,2,0,5,"Over $1,500",1,0,0,0,0,0,0,28,Failing To Reduce Speed To Avoid Crash,28,Failing To Reduce Speed To Avoid Crash,2,Stop Sign,4,Functioning Properly,1,Clear,1,Daylight,1,Not Divided,1,Dry,3,Free Flow,1,No Defects,O30,O7,41.8881493,-87.7798080,41.8881798,-87.7798080,1134970.38,1902315.25
34876,26 03088,2603088,X004268577,2026-06-12,15:18:00,2026-06-12 15:18:00,2026-06-15 14:10:44,1040 Chicago Ave,1040,CHICAGO AVE,,0,0,0,0,Property Damage,No Injuries,Car,12,Sideswipe - Same Direction,2,2,0,5,"Over $1,500",0,1,0,0,0,0,0,02,Failing To Yield Right-Of-Way,15,Driving Skills/Knowledge/Experience,3,Traffic Signal,4,Functioning Properly,1,Clear,1,Daylight,15,T-Intersection,1,Dry,1,Slow,1,No Defects,O20,O6,41.8943024,-87.8021011,41.8943977,-87.8024445,1128887.38,1904519.38
34872,26 03090,2603090,X004268556,2026-06-12,15:31:00,2026-06-12 15:31:00,2026-06-15 14:10:42,943 S Euclid Ave,943,S EUCLID AVE,,0,0,0,0,Property Damage,No Injuries,Car,12,Sideswipe - Same Direction,3,3,0,4,"$501 to $1,500",1,0,0,0,0,0,0,02,Failing To Yield Right-Of-Way,28,Failing To Reduce Speed To Avoid Crash,1,No Controls,1,No Controls,1,Clear,1,Daylight,1,Not Divided,1,Dry,3,Free Flow,1,No Defects,O90,O17,41.8709488,-87.7927017,41.8709335,-87.7929077,1131498.63,1896025.75
34875,26 03089,2603089,X004268575,2026-06-12,15:41:00,2026-06-12 15:41:00,2026-06-15 14:10:44,S Harlem Ave/Jackson Blvd,,S HARLEM AVE,JACKSON BLVD,1,1,0,0,Property Damage,No Injuries,Car,11,Front To Rear,2,2,0,3,$500 or less,1,0,0,0,0,0,0,28,Failing To Reduce Speed To Avoid Crash,99,Not Applicable,3,Traffic Signal,4,Functioning Properly,1,Clear,1,Daylight,15,T-Intersection,1,Dry,1,Slow,1,No Defects,O60,O15,41.8759766,-87.8045654,41.8759842,-87.8046036,1128256.50,1897837.00
34879,26 03094,2603094,X004268594,2026-06-12,17:50:00,2026-06-12 17:50:00,2026-06-15 14:10:46,7025 North Ave,7025,NORTH AVE,,0,0,0,0,Property Damage,No Injuries,Car,11,Front To Rear,2,2,0,5,"Over $1,500",1,0,0,0,0,0,0,03,Following Too Closely,15,Driving Skills/Knowledge/Experience,1,No Controls,1,No Controls,1,Clear,1,Daylight,7,Parking Lot,1,Dry,1,Slow,1,No Defects,O20,O3,41.9089050,-87.8018875,41.9087715,-87.8024902,1128912.13,1909840.00
34880,26 03095,2603095,X004268510,2026-06-12,18:43:00,2026-06-12 18:43:00,2026-06-15 14:10:46,Washington Blvd/S Euclid Ave,,WASHINGTON BLVD,S EUCLID AVE,1,1,0,0,Injury,B Injury Crash,Car,11,Front To Rear,3,3,0,5,"Over $1,500",0,1,0,0,1,0,1,28,Failing To Reduce Speed To Avoid Crash,15,Driving Skills/Knowledge/Experience,17,Pedestrian Crossing Sign,4,Functioning Properly,1,Clear,1,Daylight,1,Not Divided,1,Dry,2,Stopped,1,No Defects,O60,O11,41.8815498,-87.7926712,41.8815804,-87.7926712,1131483.25,1899888.88
34883,26 03106,2603106,X004268550,2026-06-13,09:54:00,2026-06-13 09:54:00,2026-06-15 14:10:47,Lake St/N East Ave,,LAKE ST,N EAST AVE,0,0,0,0,Property Damage,No Injuries,Car,15,Angle,2,2,0,5,"Over $1,500",0,1,0,0,0,0,0,02,Failing To Yield Right-Of-Way,28,Failing To Reduce Speed To Avoid Crash,3,Traffic Signal,4,Functioning Properly,1,Clear,1,Daylight,2,"Divided, No Median Barrier",1,Dry,3,Free Flow,1,No Defects,O30,O8,41.8884582,-87.7895889,41.8884849,-87.7895889,1132306.13,1902410.38
34877,26 03109,2603109,X004268548,2026-06-13,12:54:00,2026-06-13 12:54:00,2026-06-15 14:10:45,North Ave/Linden,,NORTH AVE,LINDEN,0,1,0,0,Property Damage,No Injuries,Car,11,Front To Rear,4,4,0,5,"Over $1,500",1,0,0,0,0,0,0,28,Failing To Reduce Speed To Avoid Crash,03,Following Too Closely,1,No Controls,1,No Controls,1,Clear,1,Daylight,2,"Divided, No Median Barrier",1,Dry,3,Free Flow,1,No Defects,O20,O2,41.9090195,-87.7926331,41.9090500,-87.7926331,1131431.38,1909898.75
34884,26 03116,2603116,X004268603,2026-06-13,21:35:00,2026-06-13 21:35:00,2026-06-15 14:10:48,S Harlem Ave/I290,,S HARLEM AVE,I290,1,1,0,0,Property Damage,No Injuries,Car,10,Turning (At Least One Vehicle),2,2,0,5,"Over $1,500",1,0,0,0,0,0,0,06,Improper Turning/No Signal,99,Not Applicable,3,Traffic Signal,4,Functioning Properly,1,Clear,4,Darkness,1,Not Divided,1,Dry,3,Free Flow,1,No Defects,O60,O15,41.8737946,-87.8044968,41.8736153,-87.8045197,1128281.50,1897042.00
34864,26 03117,2603117,X004268604,2026-06-14,02:26:00,2026-06-14 02:26:00,2026-06-15 14:10:39,309 South Blvd,309,SOUTH BLVD,,0,0,0,1,Property Damage,No Injuries,Car,14,Front To Front,2,2,0,5,"Over $1,500",0,1,0,0,0,0,0,20,Improper Lane Usage,28,Failing To Reduce Speed To Avoid Crash,1,No Controls,1,No Controls,1,Clear,4,Darkness,2,"Divided, No Median Barrier",1,Dry,3,Free Flow,1,No Defects,O50,O10,41.8869324,-87.7831650,41.8868561,-87.7835846,1134060.25,1901866.00
34865,26 03125,2603125,X004268606,2026-06-14,16:06:00,2026-06-14 16:06:00,2026-06-15 14:10:40,South Blvd/N Harlem Ave,,SOUTH BLVD,N HARLEM AVE,0,0,0,1,Property Damage,No Injuries,Car,11,Front To Rear,3,3,0,5,"Over $1,500",1,0,0,0,0,0,0,28,Failing To Reduce Speed To Avoid Crash,18,Unable To Determine,3,Traffic Signal,4,Functioning Properly,1,Clear,1,Daylight,1,Not Divided,1,Dry,2,Stopped,1,No Defects,O70,O12,41.8866806,-87.8049850,41.8867111,-87.8049927,1128118.25,1901736.75
34869,26 03131,2603131,X004268460,2026-06-14,19:07:00,2026-06-14 19:07:00,2026-06-15 13:58:11,Roosevelt Rd/Euclid Ave,,ROOSEVELT RD,EUCLID AVE,1,0,0,0,Property Damage,No Injuries,Car,10,Turning (At Least One Vehicle),2,2,0,5,"Over $1,500",0,1,0,0,0,0,0,02,Failing To Yield Right-Of-Way,99,Not Applicable,2,Stop Sign,1,No Controls,1,Clear,1,Daylight,14,Four-Way Intersection,1,Dry,3,Free Flow,1,No Defects,O90,O17,41.8652153,-87.7925339,41.8651848,-87.7925415,1131557.50,1893935.13
34867,26 03132,2603132,X004268607,2026-06-14,19:39:00,2026-06-14 19:39:00,2026-06-15 14:10:41,Adams St/S Oak Park Ave,,ADAMS ST,S OAK PARK AVE,1,1,0,0,Property Damage,No Injuries,Car,15,Angle,2,2,0,5,"Over $1,500",1,0,0,0,0,0,0,02,Failing To Yield Right-Of-Way,15,Driving Skills/Knowledge/Experience,2,Stop Sign,4,Functioning Properly,1,Clear,1,Daylight,2,"Divided, No Median Barrier",1,Dry,3,Free Flow,1,No Defects,O60,O14,41.8779106,-87.7941895,41.8779373,-87.7941971,1131077.38,1898559.50
34870,26 03134,2603134,X004268608,2026-06-14,21:24:00,2026-06-14 21:24:00,2026-06-15 14:10:42,1178 S Taylor,1178,S TAYLOR,,0,0,0,0,Injury,B Injury Crash,Car,6,Fixed Object,1,1,0,5,"Over $1,500",0,1,0,0,1,0,1,28,Failing To Reduce Speed To Avoid Crash,26,Disregarding Road Markings,1,No Controls,1,No Controls,1,Clear,4,Darkness,1,Not Divided,1,Dry,3,Free Flow,1,No Defects,O90,O16,41.8662033,-87.7778854,41.8661537,-87.7776566,1135545.25,1894321.38
34887,26 03143,2603143,X004270505,2026-06-15,11:25:00,2026-06-15 11:25:00,2026-06-16 09:03:38,Division St/N Ridgeland Ave,,DIVISION ST,N RIDGELAND AVE,1,0,0,0,Property Damage,No Injuries,Car,11,Front To Rear,2,2,0,3,$500 or less,1,0,0,0,0,0,0,10,Equipment - Vehicle Condition,99,Not Applicable,3,Traffic Signal,4,Functioning Properly,1,Clear,1,Daylight,3,Divided With Median Barrier,1,Dry,2,Stopped,1,No Defects,O10,O4,41.9018593,-87.7841949,41.9018860,-87.7848740,1133744.00,1907303.25
34885,26 03148,2603148,X004269192,2026-06-15,12:41:00,2026-06-15 12:41:00,2026-06-15 17:19:17,1186 S Grove Ave,1186,S GROVE AVE,,0,0,0,1,Property Damage,No Injuries,Car,6,Fixed Object,2,1,0,5,"Over $1,500",1,0,0,0,0,0,0,24,Disregarding Other Traffic Signs,18,Unable To Determine,11,Other Warning Sign,4,Functioning Properly,1,Clear,1,Daylight,1,Not Divided,2,Wet,3,Free Flow,1,No Defects,O90,O18,41.8657188,-87.7951126,41.8656769,-87.7949219,1130854.63,1894115.38
34886,26 03151,2603151,X004269346,2026-06-15,13:17:00,2026-06-15 13:17:00,2026-06-16 09:09:38,Superior/Humphrey,,SUPERIOR,HUMPHREY,1,1,0,0,Injury,B Injury Crash,Car,15,Angle,3,3,0,5,"Over $1,500",0,1,0,0,1,0,1,23,Disregarding Stop Sign,02,Failing To Yield Right-Of-Way,2,Stop Sign,4,Functioning Properly,1,Clear,1,Daylight,1,Not Divided,1,Dry,3,Free Flow,1,No Defects,O30,O7,41.8931885,-87.7767105,41.8932190,-87.7767105,1135802.50,1904156.38
34888,26 03152,2603152,X004270506,2026-06-15,13:40:00,2026-06-15 13:40:00,2026-06-16 09:15:38,776 W Chicago Ave,776,W CHICAGO AVE,,0,0,0,0,Injury,B Injury Crash,Car,11,Front To Rear,3,3,0,5,"Over $1,500",0,1,0,0,2,0,2,28,Failing To Reduce Speed To Avoid Crash,41,Distraction - From Inside Vehicle,3,Traffic Signal,4,Functioning Properly,1,Clear,1,Daylight,2,"Divided, No Median Barrier",1,Dry,2,Stopped,1,No Defects,O20,O5,41.8944397,-87.7944641,41.8944664,-87.7944336,1130966.25,1904581.75
34889,26 03166,2603166,X004270507,2026-06-16,05:20:00,2026-06-16 05:20:00,2026-06-16 09:15:39,S Harlem Ave/I290 Expy W,,S HARLEM AVE,I290 EXPY W,1,1,0,0,Property Damage,No Injuries,Car,10,Turning (At Least One Vehicle),2,2,0,4,"$501 to $1,500",0,1,0,0,0,0,0,20,Improper Lane Usage,99,Not Applicable,3,Traffic Signal,4,Functioning Properly,1,Clear,1,Daylight,15,T-Intersection,1,Dry,3,Free Flow,1,No Defects,O60,O15,41.8737946,-87.8044968,41.8738136,-87.8045197,1128281.50,1897042.00
34892,26 03180,2603180,X004271007,2026-06-16,17:40:00,2026-06-16 17:40:00,2026-06-17 09:36:33,462 N Austin Blvd,462,N AUSTIN BLVD,,0,0,0,0,Property Damage,No Injuries,Car,11,Front To Rear,2,2,0,4,"$501 to $1,500",1,0,0,0,0,0,0,18,Unable To Determine,15,Driving Skills/Knowledge/Experience,3,Traffic Signal,4,Functioning Properly,1,Clear,1,Daylight,1,Not Divided,1,Dry,1,Slow,1,No Defects,,,41.8896370,-87.7749558,41.8896980,-87.7752075,1136289.13,1902865.13
34894,26 03186,2603186,X004271008,2026-06-16,22:23:00,2026-06-16 22:23:00,2026-06-17 09:36:34,S Austin Blvd/I290 Expy W,,S AUSTIN BLVD,I290 EXPY W,1,1,0,0,Property Damage,No Injuries,Car,10,Turning (At Least One Vehicle),2,2,0,5,"Over $1,500",0,1,0,0,0,0,0,20,Improper Lane Usage,28,Failing To Reduce Speed To Avoid Crash,3,Traffic Signal,4,Functioning Properly,1,Clear,5,"Darkness, Lighted Road",1,Not Divided,1,Dry,3,Free Flow,1,No Defects,O80,O13,41.8712502,-87.7743759,41.8712502,-87.7743378,1136490.13,1896166.00
34896,26 03190,2603190,X004273182,2026-06-17,08:20:00,2026-06-17 08:20:00,2026-06-18 09:35:29,Superior St/N Ridgeland Ave,,SUPERIOR ST,N RIDGELAND AVE,0,0,0,0,Injury,C Injury Crash,Pedalcyclist,2,Pedalcyclist,2,1,0,4,"$501 to $1,500",0,1,0,0,0,1,1,02,Failing To Yield Right-Of-Way,15,Driving Skills/Knowledge/Experience,2,Stop Sign,4,Functioning Properly,8,Cloudy/Overcast,1,Daylight,14,Four-Way Intersection,1,Dry,1,Slow,1,No Defects,O30,O7,41.8930702,-87.7848282,41.8931007,-87.7848358,1133592.00,1904099.00
34898,26 03194,2603194,X004273184,2026-06-17,11:19:00,2026-06-17 11:19:00,2026-06-18 09:35:29,137 N Scoville Ave,137,N SCOVILLE AVE,,0,0,0,0,Property Damage,No Injuries,Car,9,Parked Motor Vehicle,2,2,0,4,"$501 to $1,500",1,0,0,0,0,0,0,28,Failing To Reduce Speed To Avoid Crash,03,Following Too Closely,1,No Controls,1,No Controls,2,Rain,1,Daylight,7,Parking Lot,2,Wet,3,Free Flow,1,No Defects,O30,O8,41.8891182,-87.7880173,41.8888817,-87.7881393,1132732.50,1902654.63
34899,26 03199,2603199,X004273186,2026-06-17,13:41:00,2026-06-17 13:41:00,2026-06-18 09:41:35,S Lombard Ave/Harrison St,,S LOMBARD AVE,HARRISON ST,0,0,0,0,Property Damage,No Injuries,Car,15,Angle,2,2,0,3,$500 or less,1,0,0,0,0,0,0,02,Failing To Yield Right-Of-Way,28,Failing To Reduce Speed To Avoid Crash,1,No Controls,1,No Controls,2,Rain,1,Daylight,1,Not Divided,2,Wet,3,Free Flow,1,No Defects,O80,O13,41.8727150,-87.7792740,41.8727150,-87.7793121,1135153.13,1896691.25
34897,26 03202,2603202,X004273183,2026-06-17,14:23:00,2026-06-17 14:23:00,2026-06-18 09:41:35,S Austin Blvd/Garfield St,,S AUSTIN BLVD,GARFIELD ST,1,1,0,0,Property Damage,No Injuries,Car,10,Turning (At Least One Vehicle),2,2,0,5,"Over $1,500",1,0,0,0,0,0,0,20,Improper Lane Usage,02,Failing To Yield Right-Of-Way,1,No Controls,1,No Controls,2,Rain,1,Daylight,2,"Divided, No Median Barrier",2,Wet,3,Free Flow,1,No Defects,O90,O16,41.8704185,-87.7743530,41.8704224,-87.7743149,1136497.13,1895864.88
34923,26 03203,2603203,X004277643,2026-06-17,15:10:00,2026-06-17 15:10:00,2026-06-22 11:28:32,259 Lake St,259,LAKE ST,,0,0,0,1,Property Damage,No Injuries,Car,9,Parked Motor Vehicle,2,2,0,5,"Over $1,500",0,1,0,0,0,0,0,28,Failing To Reduce Speed To Avoid Crash,15,Driving Skills/Knowledge/Experience,1,No Controls,1,No Controls,8,Cloudy/Overcast,1,Daylight,7,Parking Lot,2,Wet,3,Free Flow,1,No Defects,O30,O7,41.8882256,-87.7822952,41.8881416,-87.7822647,1134293.50,1902338.00
34900,26 03209,2603209,X004273187,2026-06-17,22:56:00,2026-06-17 22:56:00,2026-06-18 09:41:36,11 N Harlem Ave,11,N HARLEM AVE,,0,0,0,1,Property Damage,No Injuries,Car,12,Sideswipe - Same Direction,2,2,0,5,"Over $1,500",1,0,0,0,0,0,0,18,Unable To Determine,99,Not Applicable,3,Traffic Signal,4,Functioning Properly,1,Clear,5,"Darkness, Lighted Road",1,Not Divided,1,Dry,3,Free Flow,1,No Defects,O70,O12,41.8800278,-87.8047256,41.8799248,-87.8043976,1128203.75,1899313.50
34918,26 03246,2603246,X004277638,2026-06-18,12:39:00,2026-06-18 12:39:00,2026-06-22 11:13:07,Garfield St/Lyman,,GARFIELD ST,LYMAN,0,0,0,0,Property Damage,No Injuries,Car,9,Parked Motor Vehicle,2,2,0,5,"Over $1,500",1,0,0,0,0,0,0,20,Improper Lane Usage,99,Not Applicable,1,No Controls,1,No Controls,9,Unknown,1,Daylight,1,Not Divided,9,Unknown,3,Free Flow,1,No Defects,O90,O16,41.8705521,-87.7767716,41.8705826,-87.7767639,1135839.50,1895908.25