record_id,report_number,crash_id,idot_crash_number,date,time,occurred_at,record_added_at,location,street_number,street_name,cross_street,at_intersection,intersection_related,private_property,hit_and_run,crash_severity,crash_injury_severity,crash_mode,crash_type_code,crash_type,total_units,num_motor_vehicles,dooring_pedalcyclist,damage_code,damage,no_injury_drive_away,injury_or_towed,fatalities,a_injuries,b_injuries,c_injuries,total_injured,cause1_code,cause1,cause2_code,cause2,traffic_control_code,traffic_control,device_condition_code,device_condition,weather_code,weather,lighting_code,lighting,trafficway_code,trafficway,road_surface_code,road_surface,flow_condition_code,flow_condition,road_defects_code,road_defects,beat_zone,post_district,latitude,longitude,latitude_geocoded,longitude_geocoded,state_plane_x,state_plane_y
34906,26 03225,2603225,X004277625,2026-06-18,14:08:00,2026-06-18 14:08:00,2026-06-22 10:58:10,668 Madison St,668,MADISON ST,,0,0,0,0,Property Damage,No Injuries,Car,11,Front To Rear,3,3,0,5,"Over $1,500",1,0,0,0,0,0,0,28,Failing To Reduce Speed To Avoid Crash,03,Following Too Closely,1,No Controls,1,No Controls,1,Clear,1,Daylight,1,Not Divided,1,Dry,2,Stopped,1,No Defects,O60,O14,41.8797607,-87.7927017,41.8801041,-87.7924042,1131479.00,1899236.00
34910,26 03229,2603229,X004277629,2026-06-18,15:11:00,2026-06-18 15:11:00,2026-06-22 11:05:43,464 N Austin Blvd,464,N AUSTIN BLVD,,0,0,0,0,Injury,C Injury Crash,Car,11,Front To Rear,2,2,0,5,"Over $1,500",0,1,0,0,0,1,1,28,Failing To Reduce Speed To Avoid Crash,03,Following Too Closely,3,Traffic Signal,4,Functioning Properly,1,Clear,1,Daylight,1,Not Divided,1,Dry,1,Slow,1,No Defects,O30,O7,41.8897629,-87.7749558,41.8899078,-87.7751846,1136287.88,1902912.63
34911,26 03226,2603226,X004277631,2026-06-18,15:26:00,2026-06-18 15:26:00,2026-06-22 11:05:43,S Oak Park Ave/Madison St,,S OAK PARK AVE,MADISON ST,0,0,0,0,Property Damage,No Injuries,Car,12,Sideswipe - Same Direction,2,2,0,3,$500 or less,1,0,0,0,0,0,0,28,Failing To Reduce Speed To Avoid Crash,28,Failing To Reduce Speed To Avoid Crash,3,Traffic Signal,4,Functioning Properly,1,Clear,1,Daylight,1,Not Divided,1,Dry,2,Stopped,1,No Defects,O60,O11,41.8797722,-87.7942200,41.8797722,-87.7942581,1131065.38,1899237.25
34913,26 03230,2603230,X004276634,2026-06-18,16:34:00,2026-06-18 16:34:00,2026-06-22 11:13:07,Chicago Ave/N Austin Blvd,,CHICAGO AVE,N AUSTIN BLVD,0,1,0,0,Property Damage,No Injuries,Car,12,Sideswipe - Same Direction,2,2,0,4,"$501 to $1,500",1,0,0,0,0,0,0,18,Unable To Determine,18,Unable To Determine,1,No Controls,1,No Controls,1,Clear,1,Daylight,2,"Divided, No Median Barrier",1,Dry,3,Free Flow,1,No Defects,O10,O4,41.8946877,-87.7751389,41.8947105,-87.7751389,1136227.25,1904705.00
34908,26 03237,2603237,X004277627,2026-06-19,07:06:00,2026-06-19 07:06:00,2026-06-22 10:58:13,Clinton Ave/South Blvd,,CLINTON AVE,SOUTH BLVD,1,1,0,1,Property Damage,No Injuries,Car,15,Angle,2,2,0,5,"Over $1,500",0,1,0,0,0,0,0,23,Disregarding Stop Sign,28,Failing To Reduce Speed To Avoid Crash,2,Stop Sign,4,Functioning Properly,1,Clear,1,Daylight,14,Four-Way Intersection,1,Dry,3,Free Flow,1,No Defects,O70,O12,41.8868408,-87.7985992,41.8868370,-87.7986374,1129856.38,1901805.75
34907,26 03238,2603238,X004277626,2026-06-19,08:21:00,2026-06-19 08:21:00,2026-06-22 10:50:37,S Austin Blvd/Eb I290,,S AUSTIN BLVD,EB I290,0,1,0,0,Property Damage,No Injuries,Car,11,Front To Rear,2,2,0,5,"Over $1,500",1,0,0,0,0,0,0,28,Failing To Reduce Speed To Avoid Crash,99,Not Applicable,3,Traffic Signal,9,Unknown,1,Clear,1,Daylight,1,Not Divided,1,Dry,2,Stopped,1,No Defects,O90,O16,41.8709297,-87.7743607,41.8710709,-87.7743301,1136494.13,1896049.75
34915,26 03240,2603240,X004277635,2026-06-19,09:28:00,2026-06-19 09:28:00,2026-06-22 11:21:00,Wenonah Ave/Madison St,,WENONAH AVE,MADISON ST,0,0,0,0,Property Damage,No Injuries,Car,10,Turning (At Least One Vehicle),2,2,0,4,"$501 to $1,500",1,0,0,0,0,0,0,30,Improper Backing,99,Not Applicable,1,No Controls,1,No Controls,1,Clear,1,Daylight,1,Not Divided,1,Dry,3,Free Flow,1,No Defects,O60,O15,41.8796539,-87.8011246,41.8796539,-87.8010864,1129185.50,1899183.38
34916,26 03243,2603243,X004277636,2026-06-19,11:18:00,2026-06-19 11:18:00,2026-06-22 11:21:00,Harlem Ave/Lemoyne St,,HARLEM AVE,LEMOYNE ST,0,0,0,0,Injury,B Injury Crash,Car,11,Front To Rear,2,2,0,4,"$501 to $1,500",0,1,0,0,1,0,1,02,Failing To Yield Right-Of-Way,28,Failing To Reduce Speed To Avoid Crash,1,No Controls,1,No Controls,1,Clear,1,Daylight,2,"Divided, No Median Barrier",1,Dry,1,Slow,1,No Defects,O20,O3,41.9070358,-87.8057632,41.9070435,-87.8057251,1127861.38,1909153.88
34909,26 03245,2603245,X004277628,2026-06-19,12:30:00,2026-06-19 12:30:00,2026-06-22 10:50:38,335 S Euclid Ave,335,S EUCLID AVE,,0,0,0,1,Property Damage,No Injuries,Car,9,Parked Motor Vehicle,2,2,0,3,$500 or less,1,0,0,0,0,0,0,18,Unable To Determine,18,Unable To Determine,1,No Controls,1,No Controls,1,Clear,1,Daylight,2,"Divided, No Median Barrier",1,Dry,1,Slow,1,No Defects,O60,O11,41.8818741,-87.7926483,41.8818130,-87.7927551,1131489.38,1900006.50
34912,26 03249,2603249,X004277633,2026-06-19,15:46:00,2026-06-19 15:46:00,2026-06-22 10:58:11,N Ridgeland Ave/Lake St,,N RIDGELAND AVE,LAKE ST,1,1,0,0,Property Damage,No Injuries,Car,10,Turning (At Least One Vehicle),2,2,0,4,"$501 to $1,500",1,0,0,0,0,0,0,02,Failing To Yield Right-Of-Way,32,"Evasive Action Due To Animal, Object, Non-Mot",3,Traffic Signal,4,Functioning Properly,1,Clear,1,Daylight,14,Four-Way Intersection,1,Dry,3,Free Flow,1,No Defects,O30,O8,41.8883209,-87.7847366,41.8883209,-87.7846985,1133628.00,1902369.13
34917,26 03261,2603261,X004277637,2026-06-19,23:22:00,2026-06-19 23:22:00,2026-06-22 11:21:01,S Austin Blvd/Garfield St,,S AUSTIN BLVD,GARFIELD ST,0,0,0,0,Property Damage,No Injuries,Car,11,Front To Rear,3,3,0,5,"Over $1,500",1,0,0,0,0,0,0,03,Following Too Closely,28,Failing To Reduce Speed To Avoid Crash,3,Traffic Signal,4,Functioning Properly,1,Clear,5,"Darkness, Lighted Road",1,Not Divided,1,Dry,1,Slow,1,No Defects,O90,O16,41.8704185,-87.7743530,41.8704224,-87.7743149,1136497.13,1895864.88
34919,26 03271,2603271,X004277639,2026-06-20,14:29:00,2026-06-20 14:29:00,2026-06-22 11:21:02,N Austin Blvd/Division St,,N AUSTIN BLVD,DIVISION ST,0,0,0,1,Property Damage,No Injuries,Car,11,Front To Rear,2,2,0,5,"Over $1,500",1,0,0,0,0,0,0,28,Failing To Reduce Speed To Avoid Crash,99,Not Applicable,1,No Controls,1,No Controls,1,Clear,1,Daylight,1,Not Divided,1,Dry,3,Free Flow,1,No Defects,O10,O4,41.9019966,-87.7753296,41.9020004,-87.7753677,1136156.75,1907368.88
34924,26 03282,2603282,X004277644,2026-06-21,02:16:00,2026-06-21 02:16:00,2026-06-22 11:28:32,I290 Expy E/S Harlem Ave,,I290 EXPY E,S HARLEM AVE,0,1,0,1,Property Damage,No Injuries,Car,10,Turning (At Least One Vehicle),2,2,0,5,"Over $1,500",1,0,0,0,0,0,0,04,Improper Overtaking/Passing,28,Failing To Reduce Speed To Avoid Crash,3,Traffic Signal,4,Functioning Properly,1,Clear,5,"Darkness, Lighted Road",3,Divided With Median Barrier,1,Dry,3,Free Flow,1,No Defects,O60,O18,41.8734665,-87.8045197,41.8734894,-87.8045120,1128275.63,1896922.00
34922,26 03286,2603286,X004277642,2026-06-21,09:01:00,2026-06-21 09:01:00,2026-06-22 11:28:32,1147 Madison St,1147,MADISON ST,,0,0,0,1,Property Damage,No Injuries,Car,11,Front To Rear,2,2,0,3,$500 or less,1,0,0,0,0,0,0,18,Unable To Determine,18,Unable To Determine,3,Traffic Signal,4,Functioning Properly,8,Cloudy/Overcast,1,Daylight,3,Divided With Median Barrier,1,Dry,2,Stopped,1,No Defects,O60,O15,41.8796082,-87.8042068,41.8795013,-87.8045807,1128346.50,1899160.63
34933,26 03306,2603306,X004279106,2026-06-21,09:59:00,2026-06-21 09:59:00,2026-06-23 11:35:45,1020 S Humphrey Ave,1020,S HUMPHREY AVE,,0,0,0,0,Property Damage,No Injuries,Car,7,Other Object,2,1,0,4,"$501 to $1,500",1,0,0,0,0,0,0,28,Failing To Reduce Speed To Avoid Crash,15,Driving Skills/Knowledge/Experience,13,Other,4,Functioning Properly,1,Clear,1,Daylight,1,Not Divided,1,Dry,3,Free Flow,1,No Defects,O90,O16,41.8699570,-87.7755661,41.8699265,-87.7753296,1136169.88,1895693.25
34901,26 03290,2603290,X004276071,2026-06-21,10:30:00,2026-06-21 10:30:00,2026-06-21 12:03:06,661 South Blvd,661,SOUTH BLVD,,0,0,0,0,Property Damage,No Injuries,Car,9,Parked Motor Vehicle,2,2,0,5,"Over $1,500",1,0,0,0,0,0,0,30,Improper Backing,28,Failing To Reduce Speed To Avoid Crash,1,No Controls,1,No Controls,1,Clear,1,Daylight,7,Parking Lot,1,Dry,3,Free Flow,1,No Defects,O60,O11,41.8868790,-87.7925415,41.8867454,-87.7924118,1131505.00,1901830.50
34905,26 03293,2603293,X004277624,2026-06-21,12:39:00,2026-06-21 12:39:00,2026-06-22 10:13:16,401 Madison St,401,MADISON ST,,0,0,0,0,Property Damage,No Injuries,Car,10,Turning (At Least One Vehicle),2,2,0,5,"Over $1,500",1,0,0,0,0,0,0,06,Improper Turning/No Signal,20,Improper Lane Usage,1,No Controls,1,No Controls,2,Rain,1,Daylight,1,Not Divided,2,Wet,3,Free Flow,1,No Defects,O60,O14,41.8799057,-87.7845306,41.8795738,-87.7848740,1133704.00,1899302.25
34920,26 03295,2603295,X004277640,2026-06-21,13:53:00,2026-06-21 13:53:00,2026-06-22 11:21:02,Thomas St/N Ridgeland Ave,,THOMAS ST,N RIDGELAND AVE,1,1,0,0,Property Damage,No Injuries,Car,15,Angle,2,2,0,4,"$501 to $1,500",1,0,0,0,0,0,0,23,Disregarding Stop Sign,15,Driving Skills/Knowledge/Experience,2,Stop Sign,4,Functioning Properly,2,Rain,1,Daylight,15,T-Intersection,2,Wet,1,Slow,1,No Defects,O10,O4,41.8998642,-87.7850571,41.8998947,-87.7850571,1133513.63,1906575.38
34944,26 03297,2603297,X004281584,2026-06-21,14:53:00,2026-06-21 14:53:00,2026-06-25 09:20:00,Roosevelt Rd/Oak Park Ave,,ROOSEVELT RD,OAK PARK AVE,1,1,0,0,Property Damage,No Injuries,Car,11,Front To Rear,2,2,0,4,"$501 to $1,500",1,0,0,0,0,0,0,28,Failing To Reduce Speed To Avoid Crash,03,Following Too Closely,3,Traffic Signal,4,Functioning Properly,1,Clear,1,Daylight,15,T-Intersection,1,Dry,1,Slow,1,No Defects,O90,O17,41.8651924,-87.7937469,41.8651657,-87.7937546,1131227.00,1893925.00
34932,26 03312,2603312,X004279105,2026-06-22,11:23:00,2026-06-22 11:23:00,2026-06-23 10:18:41,S Oak Park Ave/Lexington St,,S OAK PARK AVE,LEXINGTON ST,1,1,0,0,Property Damage,No Injuries,Car,15,Angle,2,2,0,5,"Over $1,500",1,0,0,0,0,0,0,02,Failing To Yield Right-Of-Way,41,Distraction - From Inside Vehicle,2,Stop Sign,4,Functioning Properly,1,Clear,1,Daylight,14,Four-Way Intersection,1,Dry,3,Free Flow,1,No Defects,O90,O17,41.8706436,-87.7939072,41.8706360,-87.7939453,1131171.25,1895911.75
34928,26 03313,2603313,X004279101,2026-06-22,12:37:00,2026-06-22 12:37:00,2026-06-23 10:12:40,7050 Roosevelt Rd,7050,ROOSEVELT RD,,0,0,0,0,Property Damage,No Injuries,Car,12,Sideswipe - Same Direction,2,2,0,5,"Over $1,500",1,0,0,0,0,0,0,28,Failing To Reduce Speed To Avoid Crash,28,Failing To Reduce Speed To Avoid Crash,1,No Controls,1,No Controls,1,Clear,1,Daylight,2,"Divided, No Median Barrier",1,Dry,3,Free Flow,1,No Defects,O90,O18,41.8650589,-87.8013229,41.8651848,-87.8012924,1129165.88,1893863.50
34929,26 03316,2603316,X004279102,2026-06-22,15:10:00,2026-06-22 15:10:00,2026-06-23 10:12:40,1122 Madison St,1122,MADISON ST,,0,0,0,0,Property Damage,No Injuries,Car,12,Sideswipe - Same Direction,2,2,0,5,"Over $1,500",1,0,0,0,0,0,0,02,Failing To Yield Right-Of-Way,28,Failing To Reduce Speed To Avoid Crash,1,No Controls,1,No Controls,1,Clear,1,Daylight,1,Not Divided,1,Dry,3,Free Flow,1,No Defects,O70,O12,41.8796425,-87.8034973,41.8797455,-87.8032989,1128540.25,1899174.00
34931,26 03322,2603322,X004279104,2026-06-22,16:57:00,2026-06-22 16:57:00,2026-06-23 10:12:41,Roosevelt Rd/East Ave,,ROOSEVELT RD,EAST AVE,0,0,0,1,Property Damage,No Injuries,Car,12,Sideswipe - Same Direction,2,2,0,5,"Over $1,500",1,0,0,0,0,0,0,28,Failing To Reduce Speed To Avoid Crash,28,Failing To Reduce Speed To Avoid Crash,3,Traffic Signal,4,Functioning Properly,1,Clear,1,Daylight,1,Not Divided,1,Dry,3,Free Flow,1,No Defects,O90,O17,41.8652763,-87.7888641,41.8652534,-87.7888641,1132558.38,1893964.75
34930,26 03326,2603326,X004279103,2026-06-22,18:34:00,2026-06-22 18:34:00,2026-06-23 10:06:36,675 Lake St,675,LAKE ST,,0,0,0,1,Property Damage,No Injuries,Car,9,Parked Motor Vehicle,2,2,0,5,"Over $1,500",1,0,0,0,0,0,0,15,Driving Skills/Knowledge/Experience,99,Not Applicable,1,No Controls,1,No Controls,1,Clear,1,Daylight,1,Not Divided,1,Dry,3,Free Flow,1,No Defects,O30,O8,41.8885346,-87.7920608,41.8884049,-87.7919311,1131633.75,1902434.75
34939,26 03330,2603330,X004280265,2026-06-23,09:38:00,2026-06-23 09:38:00,2026-06-24 09:14:06,255 S Marion St,255,S MARION ST,,0,0,0,0,Property Damage,No Injuries,Car,12,Sideswipe - Same Direction,2,2,0,5,"Over $1,500",1,0,0,0,0,0,0,02,Failing To Yield Right-Of-Way,28,Failing To Reduce Speed To Avoid Crash,1,No Controls,1,No Controls,1,Clear,1,Daylight,1,Not Divided,1,Dry,3,Free Flow,1,No Defects,O70,O12,41.8836861,-87.8024216,41.8835068,-87.8026199,1128823.38,1900649.13
34937,26 03333,2603333,X004280262,2026-06-23,13:15:00,2026-06-23 13:15:00,2026-06-24 09:14:05,Randolph St/S Humphrey Ave,,RANDOLPH ST,S HUMPHREY AVE,0,0,0,0,Property Damage,No Injuries,Car,9,Parked Motor Vehicle,2,2,0,5,"Over $1,500",0,1,0,0,0,0,0,28,Failing To Reduce Speed To Avoid Crash,15,Driving Skills/Knowledge/Experience,2,Stop Sign,4,Functioning Properly,1,Clear,1,Daylight,1,Not Divided,1,Dry,3,Free Flow,1,No Defects,O50,O10,41.8839989,-87.7764130,41.8840294,-87.7764130,1135904.50,1900809.25
34934,26 03338,2603338,X004280259,2026-06-23,15:39:00,2026-06-23 15:39:00,2026-06-24 09:07:59,726 S Oak Park Ave,726,S OAK PARK AVE,,0,0,0,0,Injury,C Injury Crash,Car,11,Front To Rear,2,2,0,5,"Over $1,500",0,1,0,0,0,1,1,28,Failing To Reduce Speed To Avoid Crash,03,Following Too Closely,3,Traffic Signal,4,Functioning Properly,1,Clear,1,Daylight,1,Not Divided,1,Dry,1,Slow,1,No Defects,O60,O15,41.8755569,-87.7941513,41.8750916,-87.7939224,1131094.13,1897702.75
34962,26 03342,2603342,X004285852,2026-06-23,17:14:00,2026-06-23 17:14:00,2026-06-29 11:24:52,1140 Garfield St,1140,GARFIELD ST,,0,0,0,0,Property Damage,No Injuries,Car,10,Turning (At Least One Vehicle),2,2,0,5,"Over $1,500",1,0,0,0,0,0,0,02,Failing To Yield Right-Of-Way,06,Improper Turning/No Signal,2,Stop Sign,4,Functioning Properly,1,Clear,1,Daylight,15,T-Intersection,1,Dry,3,Free Flow,1,No Defects,O90,O18,41.8723144,-87.8041077,41.8726807,-87.8039703,1128389.00,1896503.88
34936,26 03343,2603343,X004280261,2026-06-23,18:11:00,2026-06-23 18:11:00,2026-06-24 09:14:05,1124 N Humphrey Ave,1124,N HUMPHREY AVE,,0,0,0,0,Property Damage,No Injuries,Car,9,Parked Motor Vehicle,2,2,0,4,"$501 to $1,500",1,0,0,0,0,0,0,28,Failing To Reduce Speed To Avoid Crash,99,Not Applicable,1,No Controls,1,No Controls,1,Clear,1,Daylight,1,Not Divided,1,Dry,1,Slow,1,No Defects,O10,O1,41.9068222,-87.7767944,41.9068337,-87.7766113,1135746.88,1909124.13
34938,26 03345,2603345,X004280263,2026-06-23,18:52:00,2026-06-23 18:52:00,2026-06-24 09:14:06,N Oak Park Ave/Division St,,N OAK PARK AVE,DIVISION ST,1,1,0,0,Property Damage,No Injuries,Car,15,Angle,2,2,0,5,"Over $1,500",0,1,0,0,0,0,0,24,Disregarding Other Traffic Signs,28,Failing To Reduce Speed To Avoid Crash,3,Traffic Signal,4,Functioning Properly,1,Clear,1,Daylight,2,"Divided, No Median Barrier",1,Dry,3,Free Flow,1,No Defects,O20,O6,41.9017029,-87.7949066,41.9017067,-87.7948685,1130829.63,1907227.50
34945,26 03348,2603348,X004281585,2026-06-23,20:37:00,2026-06-23 20:37:00,2026-06-25 09:20:00,Austin Blvd/Chicago Ave,,AUSTIN BLVD,CHICAGO AVE,0,0,0,1,Property Damage,No Injuries,Car,12,Sideswipe - Same Direction,2,2,0,5,"Over $1,500",1,0,0,0,0,0,0,02,Failing To Yield Right-Of-Way,28,Failing To Reduce Speed To Avoid Crash,3,Traffic Signal,4,Functioning Properly,1,Clear,1,Daylight,2,"Divided, No Median Barrier",1,Dry,3,Free Flow,1,No Defects,,,41.8947105,-87.7751083,41.8947105,-87.7751389,1136235.63,1904714.63
34935,26 03350,2603350,X004280260,2026-06-23,21:04:00,2026-06-23 21:04:00,2026-06-24 09:07:59,S Harlem Ave/Monroe St,,S HARLEM AVE,MONROE ST,0,0,0,1,Property Damage,No Injuries,Car,10,Turning (At Least One Vehicle),2,2,0,4,"$501 to $1,500",1,0,0,0,0,0,0,02,Failing To Yield Right-Of-Way,15,Driving Skills/Knowledge/Experience,4,Yield Sign,4,Functioning Properly,1,Clear,9,Unknown,2,"Divided, No Median Barrier",1,Dry,3,Free Flow,1,No Defects,O60,O15,41.8781509,-87.8046494,41.8781700,-87.8046799,1128229.00,1898629.25
34946,26 03356,2603356,X004281586,2026-06-24,08:43:00,2026-06-24 08:43:00,2026-06-25 09:20:01,Madison St/S Oak Park Ave,,MADISON ST,S OAK PARK AVE,1,1,0,0,Property Damage,No Injuries,Car,10,Turning (At Least One Vehicle),2,2,0,4,"$501 to $1,500",1,0,0,0,0,0,0,02,Failing To Yield Right-Of-Way,28,Failing To Reduce Speed To Avoid Crash,2,Stop Sign,4,Functioning Properly,8,Cloudy/Overcast,1,Daylight,4,Two-Way Continuous Left-Turn Lane,1,Dry,1,Slow,1,No Defects,O60,O14,41.8797417,-87.7942505,41.8797722,-87.7942581,1131056.50,1899226.38
34943,26 03359,2603359,X004281583,2026-06-24,12:15:00,2026-06-24 12:15:00,2026-06-25 09:20:00,1111 Ontario St,1111,ONTARIO ST,,0,0,0,0,Property Damage,No Injuries,Car,10,Turning (At Least One Vehicle),2,2,0,5,"Over $1,500",1,0,0,0,0,0,0,28,Failing To Reduce Speed To Avoid Crash,22,Disregarding Yield Sign,2,Stop Sign,4,Functioning Properly,2,Rain,1,Daylight,2,"Divided, No Median Barrier",2,Wet,1,Slow,1,No Defects,O40,O9,41.8905449,-87.8032455,41.8903275,-87.8034897,1128583.13,1903148.00
34950,26 03362,2603362,X004281758,2026-06-24,12:25:00,2026-06-24 12:25:00,2026-06-26 08:04:05,S Austin Blvd/Garfield St,,S AUSTIN BLVD,GARFIELD ST,0,0,0,1,Property Damage,No Injuries,Car,15,Angle,2,2,0,5,"Over $1,500",1,0,0,0,0,0,0,28,Failing To Reduce Speed To Avoid Crash,15,Driving Skills/Knowledge/Experience,3,Traffic Signal,4,Functioning Properly,8,Cloudy/Overcast,1,Daylight,1,Not Divided,1,Dry,3,Free Flow,1,No Defects,O90,O16,41.8704185,-87.7743530,41.8704224,-87.7743149,1136497.13,1895864.88
34951,26 03361,2603361,X004281757,2026-06-24,13:37:00,2026-06-24 13:37:00,2026-06-26 08:04:05,414 Madison St,414,MADISON ST,,0,0,0,0,Injury,B Injury Crash,Pedalcyclist,2,Pedalcyclist,2,1,0,3,$500 or less,0,1,0,0,1,0,1,02,Failing To Yield Right-Of-Way,99,Not Applicable,1,No Controls,1,No Controls,2,Rain,1,Daylight,2,"Divided, No Median Barrier",2,Wet,3,Free Flow,1,No Defects,O60,O11,41.8799438,-87.7852631,41.8803139,-87.7852478,1133504.75,1899315.75
34948,26 03375,2603375,X004281588,2026-06-25,06:47:00,2026-06-25 06:47:00,2026-06-25 16:34:07,1100 S Elmwood Ave,1100,S ELMWOOD AVE,,0,0,0,1,Property Damage,No Injuries,Car,6,Fixed Object,2,1,0,5,"Over $1,500",1,0,0,0,0,0,0,28,Failing To Reduce Speed To Avoid Crash,15,Driving Skills/Knowledge/Experience,2,Stop Sign,4,Functioning Properly,2,Rain,9,Unknown,15,T-Intersection,9,Unknown,3,Free Flow,1,No Defects,O90,O17,41.8689613,-87.7853546,41.8688354,-87.7851257,1133505.75,1895313.00
34949,26 03377,2603377,X004281589,2026-06-25,10:19:00,2026-06-25 10:19:00,2026-06-25 16:34:07,1103 Washington Blvd,1103,WASHINGTON BLVD,,0,0,0,0,Property Damage,No Injuries,Car,6,Fixed Object,2,1,0,5,"Over $1,500",0,1,0,0,0,0,0,28,Failing To Reduce Speed To Avoid Crash,17,Physical Condition Of Driver,3,Traffic Signal,4,Functioning Properly,1,Clear,1,Daylight,2,"Divided, No Median Barrier",1,Dry,1,Slow,1,No Defects,O70,O12,41.8814125,-87.8025131,41.8813362,-87.8025894,1128804.88,1899821.00
34947,26 03379,2603379,X004281587,2026-06-25,11:17:00,2026-06-25 11:17:00,2026-06-25 16:28:02,1181 S Oak Park Ave,1181,S OAK PARK AVE,,0,0,0,0,Property Damage,No Injuries,Car,9,Parked Motor Vehicle,2,2,0,5,"Over $1,500",1,0,0,0,0,0,0,15,Driving Skills/Knowledge/Experience,28,Failing To Reduce Speed To Avoid Crash,3,Traffic Signal,4,Functioning Properly,1,Clear,1,Daylight,1,Not Divided,1,Dry,1,Slow,1,No Defects,O90,O17,41.8659172,-87.7937393,41.8658295,-87.7939682,1131228.38,1894189.38
34973,26 03380,2603380,X004286273,2026-06-25,14:31:00,2026-06-25 14:31:00,2026-06-30 08:11:54,N Marion St/Schneider Ave,,N MARION ST,SCHNEIDER AVE,0,0,0,0,Property Damage,No Injuries,Car,15,Angle,2,2,0,5,"Over $1,500",0,1,0,0,0,0,0,02,Failing To Yield Right-Of-Way,28,Failing To Reduce Speed To Avoid Crash,4,Yield Sign,4,Functioning Properly,1,Clear,1,Daylight,2,"Divided, No Median Barrier",1,Dry,3,Free Flow,1,No Defects,O20,O6,41.8963089,-87.8033600,41.8963127,-87.8033218,1128538.50,1905248.50
34953,26 03388,2603388,X004281773,2026-06-25,16:11:00,2026-06-25 16:11:00,2026-06-26 08:04:06,N Maple Ave/Erie,,N MAPLE AVE,ERIE,0,0,0,1,Property Damage,No Injuries,Car,9,Parked Motor Vehicle,2,2,0,4,"$501 to $1,500",1,0,0,0,0,0,0,28,Failing To Reduce Speed To Avoid Crash,18,Unable To Determine,1,No Controls,1,No Controls,1,Clear,1,Daylight,1,Not Divided,1,Dry,3,Free Flow,1,No Defects,O40,O9,41.8918457,-87.8038483,41.8918419,-87.8038864,1128416.75,1903620.13
34961,26 03397,2603397,X004285851,2026-06-26,08:25:00,2026-06-26 08:25:00,2026-06-29 11:24:51,S Ridgeland Ave/Pleasant St,,S RIDGELAND AVE,PLEASANT ST,1,1,0,0,Property Damage,No Injuries,Car,15,Angle,2,2,0,5,"Over $1,500",1,0,0,0,0,0,0,02,Failing To Yield Right-Of-Way,28,Failing To Reduce Speed To Avoid Crash,2,Stop Sign,4,Functioning Properly,1,Clear,1,Daylight,1,Not Divided,1,Dry,3,Free Flow,1,No Defects,O50,O10,41.8852119,-87.7845764,41.8852081,-87.7846069,1133679.25,1901236.63
34958,26 03399,2603399,X004286279,2026-06-26,09:25:00,2026-06-26 09:25:00,2026-06-29 11:18:41,Division St/N Marion St,,DIVISION ST,N MARION ST,1,1,0,0,Property Damage,No Injuries,Car,18,Rear To Front,2,2,0,4,"$501 to $1,500",1,0,0,0,0,0,0,03,Following Too Closely,28,Failing To Reduce Speed To Avoid Crash,1,No Controls,1,No Controls,1,Clear,1,Daylight,1,Not Divided,1,Dry,3,Free Flow,1,No Defects,O20,O6,41.9015198,-87.8039856,41.9015503,-87.8039932,1128357.13,1907146.88
35149,26 03403,2603403,X004316801,2026-06-26,12:58:00,2026-06-26 12:58:00,2026-07-27 09:59:54,728 S East Ave,728,S EAST AVE,,0,0,0,0,Property Damage,No Injuries,Car,9,Parked Motor Vehicle,2,2,0,5,"Over $1,500",1,0,0,0,0,0,0,28,Failing To Reduce Speed To Avoid Crash,28,Failing To Reduce Speed To Avoid Crash,1,No Controls,1,No Controls,8,Cloudy/Overcast,1,Daylight,1,Not Divided,1,Dry,3,Free Flow,1,No Defects,O60,O14,41.8756828,-87.7892609,41.8751106,-87.7890320,1132425.88,1897755.38
34960,26 03408,2603408,X004285850,2026-06-26,17:09:00,2026-06-26 17:09:00,2026-06-29 11:18:41,Austin Blvd/Lake St,,AUSTIN BLVD,LAKE ST,0,0,0,0,Property Damage,No Injuries,Car,15,Angle,2,2,0,3,$500 or less,1,0,0,0,0,0,0,02,Failing To Yield Right-Of-Way,28,Failing To Reduce Speed To Avoid Crash,3,Traffic Signal,4,Functioning Properly,8,Cloudy/Overcast,1,Daylight,2,"Divided, No Median Barrier",1,Dry,3,Free Flow,1,No Defects,,,41.8880272,-87.7748947,41.8880234,-87.7749329,1136309.00,1902279.13
34964,26 03411,2603411,X004285854,2026-06-26,20:43:00,2026-06-26 20:43:00,2026-06-29 11:24:53,S Austin Blvd/I290 Expy,,S AUSTIN BLVD,I290 EXPY,1,1,0,1,Property Damage,No Injuries,Car,15,Angle,2,2,0,4,"$501 to $1,500",1,0,0,0,0,0,0,25,Disregarding Traffic Signals,17,Physical Condition Of Driver,3,Traffic Signal,4,Functioning Properly,1,Clear,5,"Darkness, Lighted Road",2,"Divided, No Median Barrier",1,Dry,3,Free Flow,1,No Defects,O80,O13,41.8712502,-87.7743759,41.8712502,-87.7743378,1136490.13,1896166.00