record_id,report_number,crash_id,idot_crash_number,date,time,occurred_at,record_added_at,location,street_number,street_name,cross_street,at_intersection,intersection_related,private_property,hit_and_run,crash_severity,crash_injury_severity,crash_mode,crash_type_code,crash_type,total_units,num_motor_vehicles,dooring_pedalcyclist,damage_code,damage,no_injury_drive_away,injury_or_towed,fatalities,a_injuries,b_injuries,c_injuries,total_injured,cause1_code,cause1,cause2_code,cause2,traffic_control_code,traffic_control,device_condition_code,device_condition,weather_code,weather,lighting_code,lighting,trafficway_code,trafficway,road_surface_code,road_surface,flow_condition_code,flow_condition,road_defects_code,road_defects,beat_zone,post_district,latitude,longitude,latitude_geocoded,longitude_geocoded,state_plane_x,state_plane_y
34956,26 03418,2603418,X004285847,2026-06-27,08:52:00,2026-06-27 08:52:00,2026-06-29 10:54:37,S Oak Park Ave/Washington Blvd,,S OAK PARK AVE,WASHINGTON BLVD,1,1,0,0,Injury,C Injury Crash,Car,11,Front To Rear,2,2,0,5,"Over $1,500",0,1,0,0,0,1,1,28,Failing To Reduce Speed To Avoid Crash,18,Unable To Determine,3,Traffic Signal,4,Functioning Properly,1,Clear,1,Daylight,1,Not Divided,1,Dry,3,Free Flow,1,No Defects,O60,O11,41.8815651,-87.7942734,41.8815613,-87.7943115,1131046.38,1899891.13
34965,26 03436,2603436,X004285855,2026-06-28,06:36:00,2026-06-28 06:36:00,2026-06-29 11:24:53,Roosevelt Rd/S Elmwood Ave,,ROOSEVELT RD,S ELMWOOD AVE,0,0,0,1,Property Damage,No Injuries,Car,11,Front To Rear,2,2,0,4,"$501 to $1,500",1,0,0,0,0,0,0,03,Following Too Closely,28,Failing To Reduce Speed To Avoid Crash,17,Pedestrian Crossing Sign,4,Functioning Properly,1,Clear,1,Daylight,1,Not Divided,1,Dry,2,Stopped,1,No Defects,O90,O17,41.8653412,-87.7851868,41.8653183,-87.7851868,1133559.25,1893994.63
34963,26 03433,2603433,X004285853,2026-06-28,10:21:00,2026-06-28 10:21:00,2026-06-29 11:24:52,S Maple Ave/Madison St,,S MAPLE AVE,MADISON ST,1,0,0,1,Property Damage,No Injuries,Car,15,Angle,2,2,0,4,"$501 to $1,500",1,0,0,0,0,0,0,02,Failing To Yield Right-Of-Way,23,Disregarding Stop Sign,2,Stop Sign,4,Functioning Properly,1,Clear,1,Daylight,14,Four-Way Intersection,1,Dry,3,Free Flow,1,No Defects,O70,O12,41.8796234,-87.8038330,41.8796196,-87.8038635,1128448.88,1899167.25
34966,26 03437,2603437,X004285856,2026-06-28,12:16:00,2026-06-28 12:16:00,2026-06-29 11:24:53,Washington Blvd/Chestnut Ln,,WASHINGTON BLVD,CHESTNUT LN,1,1,0,0,Property Damage,No Injuries,Car,10,Turning (At Least One Vehicle),3,3,0,5,"Over $1,500",0,1,0,0,0,0,0,02,Failing To Yield Right-Of-Way,15,Driving Skills/Knowledge/Experience,3,Traffic Signal,4,Functioning Properly,1,Clear,1,Daylight,14,Four-Way Intersection,1,Dry,1,Slow,1,No Defects,O70,O12,41.8814430,-87.8007507,41.8814735,-87.8007431,1129284.88,1899835.63
34957,26 03444,2603444,X004285848,2026-06-28,15:33:00,2026-06-28 15:33:00,2026-06-29 10:54:38,Ridgeland Ave/Madison St,,RIDGELAND AVE,MADISON ST,0,0,0,0,Property Damage,No Injuries,Car,11,Front To Rear,2,2,0,4,"$501 to $1,500",1,0,0,0,0,0,0,28,Failing To Reduce Speed To Avoid Crash,03,Following Too Closely,3,Traffic Signal,4,Functioning Properly,1,Clear,1,Daylight,2,"Divided, No Median Barrier",1,Dry,2,Stopped,1,No Defects,O80,O13,41.8799324,-87.7844238,41.8799324,-87.7844620,1133732.63,1899313.88
34959,26 03446,2603446,X004285849,2026-06-28,17:18:00,2026-06-28 17:18:00,2026-06-29 11:12:33,405 Home Ave,405,HOME AVE,,0,0,0,0,Property Damage,No Injuries,Car,9,Parked Motor Vehicle,2,2,0,5,"Over $1,500",1,0,0,0,0,0,0,02,Failing To Yield Right-Of-Way,99,Not Applicable,1,No Controls,1,No Controls,1,Clear,1,Daylight,1,Not Divided,1,Dry,3,Free Flow,1,No Defects,O70,O12,41.8813057,-87.7998962,41.8811112,-87.8001022,1129516.63,1899786.88
34972,26 03455,2603455,X004286313,2026-06-29,07:35:00,2026-06-29 07:35:00,2026-06-30 08:11:53,Augusta St/N Harlem Ave,,AUGUSTA ST,N HARLEM AVE,0,0,0,0,Property Damage,No Injuries,Car,15,Angle,2,2,0,5,"Over $1,500",0,1,0,0,0,0,0,02,Failing To Yield Right-Of-Way,28,Failing To Reduce Speed To Avoid Crash,3,Traffic Signal,4,Functioning Properly,1,Clear,1,Daylight,2,"Divided, No Median Barrier",1,Dry,3,Free Flow,1,No Defects,R82,RFPD,41.8978691,-87.8053894,41.8978996,-87.8053818,1127983.50,1905813.38
34976,26 03456,2603456,X004286304,2026-06-29,08:04:00,2026-06-29 08:04:00,2026-06-30 08:11:55,Forest Ave/Lake St,,FOREST AVE,LAKE ST,0,0,0,0,Injury,C Injury Crash,Car,12,Sideswipe - Same Direction,2,2,1,5,"Over $1,500",0,1,0,0,0,1,1,04,Improper Overtaking/Passing,15,Driving Skills/Knowledge/Experience,3,Traffic Signal,4,Functioning Properly,1,Clear,1,Daylight,1,Not Divided,1,Dry,1,Slow,1,No Defects,O40,O9,41.8886566,-87.8008347,41.8886642,-87.8007965,1129244.88,1902464.50
34969,26 03457,2603457,X004286315,2026-06-29,08:18:00,2026-06-29 08:18:00,2026-06-30 08:11:52,S Scoville St/Fillmore Ave,,S SCOVILLE ST,FILLMORE AVE,0,0,0,1,Property Damage,No Injuries,Car,9,Parked Motor Vehicle,2,2,0,5,"Over $1,500",1,0,0,0,0,0,0,18,Unable To Determine,99,Not Applicable,1,No Controls,1,No Controls,9,Unknown,5,"Darkness, Lighted Road",1,Not Divided,9,Unknown,,,1,No Defects,O90,O17,41.8670921,-87.7876739,41.8670921,-87.7877045,1132878.88,1894628.88
34974,26 03460,2603460,X004286325,2026-06-29,09:04:00,2026-06-29 09:04:00,2026-06-30 08:11:54,1018 S Oak Park Ave,1018,S OAK PARK AVE,,0,0,0,1,Property Damage,No Injuries,Car,9,Parked Motor Vehicle,2,2,0,4,"$501 to $1,500",1,0,0,0,0,0,0,18,Unable To Determine,99,Not Applicable,1,No Controls,1,No Controls,9,Unknown,9,Unknown,1,Not Divided,9,Unknown,,,1,No Defects,O90,O18,41.8699837,-87.7939606,41.8699875,-87.7937241,1131159.88,1895671.63
34970,26 03463,2603463,X004286327,2026-06-29,10:42:00,2026-06-29 10:42:00,2026-06-30 08:11:52,S Ridgeland Ave/Pleasant St,,S RIDGELAND AVE,PLEASANT ST,1,0,0,0,Property Damage,No Injuries,Pedalcyclist,2,Pedalcyclist,2,1,1,3,$500 or less,1,0,0,0,0,0,0,02,Failing To Yield Right-Of-Way,15,Driving Skills/Knowledge/Experience,10,Other Regulatory Sign,4,Functioning Properly,1,Clear,1,Daylight,1,Not Divided,1,Dry,1,Slow,1,No Defects,O50,O10,41.8852119,-87.7845764,41.8852081,-87.7846069,1133679.25,1901236.63
34975,26 03470,2603470,X004286328,2026-06-29,14:22:00,2026-06-29 14:22:00,2026-06-30 08:11:55,Harvey Ave/Iowa,,HARVEY AVE,IOWA,1,1,0,0,Property Damage,No Injuries,Car,15,Angle,2,2,0,5,"Over $1,500",0,1,0,0,0,0,0,18,Unable To Determine,18,Unable To Determine,2,Stop Sign,4,Functioning Properly,1,Clear,1,Daylight,2,"Divided, No Median Barrier",2,Wet,1,Slow,1,No Defects,O10,O4,41.8964386,-87.7817307,41.8964386,-87.7816925,1134428.50,1905332.75
34989,26 03473,2603473,X004288943,2026-06-29,14:36:00,2026-06-29 14:36:00,2026-07-02 09:26:24,10 Chicago Ave,10,CHICAGO AVE,,0,0,0,0,Property Damage,No Injuries,Car,11,Front To Rear,2,2,0,5,"Over $1,500",1,0,0,0,0,0,0,28,Failing To Reduce Speed To Avoid Crash,03,Following Too Closely,1,No Controls,1,No Controls,1,Clear,1,Daylight,2,"Divided, No Median Barrier",1,Dry,1,Slow,1,No Defects,O10,O4,41.8947334,-87.7755814,41.8948212,-87.7756424,1136105.00,1904722.38
34981,26 03478,2603478,X004287583,2026-06-29,16:41:00,2026-06-29 16:41:00,2026-07-01 09:18:16,709 Lake St,709,LAKE ST,,0,0,0,0,Property Damage,No Injuries,Car,9,Parked Motor Vehicle,2,2,0,3,$500 or less,1,0,0,0,0,0,0,28,Failing To Reduce Speed To Avoid Crash,99,Not Applicable,1,No Controls,1,No Controls,1,Clear,1,Daylight,3,Divided With Median Barrier,1,Dry,1,Slow,1,No Defects,O30,O7,41.8880997,-87.7781982,41.8884849,-87.7932205,1135408.63,1902300.00
34968,26 03479,2603479,X004285858,2026-06-29,18:44:00,2026-06-29 18:44:00,2026-06-30 00:00:50,N Harlem Ave/Pleasant St,,N HARLEM AVE,PLEASANT ST,0,0,0,0,Property Damage,No Injuries,Car,6,Fixed Object,2,1,0,3,$500 or less,1,0,0,0,0,0,0,28,Failing To Reduce Speed To Avoid Crash,99,Not Applicable,11,Other Warning Sign,4,Functioning Properly,1,Clear,1,Daylight,2,"Divided, No Median Barrier",1,Dry,1,Slow,1,No Defects,O70,O12,41.8853912,-87.8049774,41.8854065,-87.8049393,1128124.38,1901267.88
34984,26 03483,2603483,X004287593,2026-06-29,22:13:00,2026-06-29 22:13:00,2026-07-01 09:18:18,430 N Humprhey Ave,430,N HUMPRHEY AVE,,0,0,0,0,Property Damage,No Injuries,Car,6,Fixed Object,1,1,0,3,$500 or less,0,1,0,0,0,0,0,28,Failing To Reduce Speed To Avoid Crash,15,Driving Skills/Knowledge/Experience,1,No Controls,1,No Controls,1,Clear,4,Darkness,1,Not Divided,1,Dry,3,Free Flow,1,No Defects,O30,O7,41.8943901,-87.7767105,41.8943443,-87.7765350,1135798.50,1904594.00
34982,26 03489,2603489,X004287599,2026-06-30,10:38:00,2026-06-30 10:38:00,2026-07-01 09:18:16,737 Garfield St,737,GARFIELD ST,,0,0,0,1,Property Damage,No Injuries,Car,9,Parked Motor Vehicle,2,2,0,5,"Over $1,500",1,0,0,0,0,0,0,50,"Oper. Veh. In Erratic,Reckless,Careless Manne",99,Not Applicable,1,No Controls,1,No Controls,1,Clear,1,Daylight,1,Not Divided,1,Dry,3,Free Flow,1,No Defects,O90,O17,41.8719444,-87.7933502,41.8718872,-87.7933884,1131319.63,1896386.63
34979,26 03499,2603499,X004287309,2026-06-30,14:59:00,2026-06-30 14:59:00,2026-06-30 15:55:22,S Oak Park Ave/Lexington St,,S OAK PARK AVE,LEXINGTON ST,1,1,0,0,Property Damage,No Injuries,Car,15,Angle,2,2,0,5,"Over $1,500",1,0,0,0,0,0,0,02,Failing To Yield Right-Of-Way,99,Not Applicable,2,Stop Sign,4,Functioning Properly,1,Clear,1,Daylight,14,Four-Way Intersection,1,Dry,3,Free Flow,1,No Defects,O90,O17,41.8706436,-87.7939072,41.8706360,-87.7939453,1131171.25,1895911.75
34998,26 03502,2603502,X004293736,2026-06-30,15:38:00,2026-06-30 15:38:00,2026-07-06 17:19:49,Forest Ave/Ontario St,,FOREST AVE,ONTARIO ST,1,1,0,0,Property Damage,No Injuries,Car,10,Turning (At Least One Vehicle),2,2,0,5,"Over $1,500",0,1,0,0,0,0,0,02,Failing To Yield Right-Of-Way,14,"Vision Obscured (Signs, Tree Limbs, Buildings",2,Stop Sign,4,Functioning Properly,1,Clear,1,Daylight,15,T-Intersection,1,Dry,1,Slow,1,No Defects,O40,O9,41.8901329,-87.8001938,41.8901405,-87.8002319,1129415.50,1903003.75
34986,26 03504,2603504,X004287613,2026-06-30,20:10:00,2026-06-30 20:10:00,2026-07-01 09:18:19,Madison/East Ave,,MADISON,EAST AVE,1,1,0,0,Property Damage,No Injuries,Car,15,Angle,2,2,0,5,"Over $1,500",1,0,0,0,0,0,0,02,Failing To Yield Right-Of-Way,15,Driving Skills/Knowledge/Experience,3,Traffic Signal,4,Functioning Properly,1,Clear,1,Daylight,1,Not Divided,1,Dry,3,Free Flow,1,No Defects,O60,O14,41.8798218,-87.7893600,41.8798523,-87.7893600,1132389.38,1899263.88
34985,26 03509,2603509,X004287623,2026-07-01,07:05:00,2026-07-01 07:05:00,2026-07-01 09:18:19,Chicago Ave/Harvey,,CHICAGO AVE,HARVEY,1,1,0,0,Property Damage,No Injuries,Car,11,Front To Rear,2,2,0,3,$500 or less,1,0,0,0,0,0,0,03,Following Too Closely,28,Failing To Reduce Speed To Avoid Crash,3,Traffic Signal,4,Functioning Properly,1,Clear,1,Daylight,1,Not Divided,1,Dry,3,Free Flow,1,No Defects,O10,O4,41.8946457,-87.7816315,41.8946228,-87.7816315,1134459.13,1904679.63
34990,26 03510,2603510,X004288942,2026-07-01,07:57:00,2026-07-01 07:57:00,2026-07-02 09:20:10,N Kenilworthave/Lake St,,N KENILWORTHAVE,LAKE ST,0,0,0,0,Property Damage,No Injuries,Car,12,Sideswipe - Same Direction,2,2,0,5,"Over $1,500",1,0,0,0,0,0,0,04,Improper Overtaking/Passing,15,Driving Skills/Knowledge/Experience,3,Traffic Signal,4,Functioning Properly,1,Clear,1,Daylight,15,T-Intersection,1,Dry,2,Stopped,1,No Defects,O40,O9,41.8886948,-87.7971268,41.8886986,-87.7975082,1130254.25,1902484.38
34991,26 03515,2603515,X004288940,2026-07-01,12:30:00,2026-07-01 12:30:00,2026-07-02 09:26:24,Madison St/Ridgeland,,MADISON ST,RIDGELAND,0,0,0,0,Property Damage,No Injuries,Car,10,Turning (At Least One Vehicle),2,2,0,5,"Over $1,500",1,0,0,0,0,0,0,02,Failing To Yield Right-Of-Way,99,Not Applicable,1,No Controls,1,No Controls,1,Clear,1,Daylight,1,Not Divided,1,Dry,3,Free Flow,1,No Defects,O80,O13,41.8799019,-87.7844620,41.8799324,-87.7844620,1133723.63,1899302.88
34995,26 03525,2603525,X004288935,2026-07-01,16:08:00,2026-07-01 16:08:00,2026-07-02 09:20:11,1114 W Lake St,1114,W LAKE ST,,0,0,0,0,Property Damage,No Injuries,Car,12,Sideswipe - Same Direction,2,2,0,5,"Over $1,500",1,0,0,0,0,0,0,20,Improper Lane Usage,28,Failing To Reduce Speed To Avoid Crash,1,No Controls,1,No Controls,1,Clear,1,Daylight,2,"Divided, No Median Barrier",1,Dry,3,Free Flow,1,No Defects,O40,O9,41.8886566,-87.8032761,41.8887253,-87.8034668,1128579.75,1902460.13
34994,26 03524,2603524,X004288936,2026-07-01,16:23:00,2026-07-01 16:23:00,2026-07-02 09:26:25,N Ridgeland/Augusta,,N RIDGELAND,AUGUSTA,0,0,0,0,Property Damage,No Injuries,Car,11,Front To Rear,2,2,0,3,$500 or less,1,0,0,0,0,0,0,28,Failing To Reduce Speed To Avoid Crash,28,Failing To Reduce Speed To Avoid Crash,3,Traffic Signal,4,Functioning Properly,1,Clear,1,Daylight,1,Not Divided,1,Dry,3,Free Flow,1,No Defects,O20,O5,41.8982162,-87.7850418,41.8982239,-87.7850037,1133522.63,1905974.50
34988,26 03527,2603527,X004288948,2026-07-01,17:26:00,2026-07-01 17:26:00,2026-07-02 09:20:09,328 S East Ave,328,S EAST AVE,,0,0,0,0,Property Damage,No Injuries,Car,12,Sideswipe - Same Direction,2,2,0,5,"Over $1,500",1,0,0,0,0,0,0,28,Failing To Reduce Speed To Avoid Crash,99,Not Applicable,1,No Controls,1,No Controls,1,Clear,1,Daylight,2,"Divided, No Median Barrier",1,Dry,3,Free Flow,1,No Defects,O60,O11,41.8823814,-87.7894745,41.8824081,-87.7892075,1132352.38,1900196.63
34996,26 03526,2603526,X004288933,2026-07-01,18:57:00,2026-07-01 18:57:00,2026-07-02 09:26:26,N Harlem Ave/Lake St,,N HARLEM AVE,LAKE ST,1,1,0,1,Property Damage,No Injuries,Car,10,Turning (At Least One Vehicle),2,2,0,4,"$501 to $1,500",1,0,0,0,0,0,0,06,Improper Turning/No Signal,28,Failing To Reduce Speed To Avoid Crash,1,No Controls,1,No Controls,1,Clear,1,Daylight,1,Not Divided,1,Dry,1,Slow,1,No Defects,R83,RFPD,41.8885765,-87.8050919,41.8885841,-87.8050537,1128084.88,1902427.75
35004,26 03535,2603535,X004293740,2026-07-02,08:31:00,2026-07-02 08:31:00,2026-07-06 17:19:51,N Scoville/Lake St,,N SCOVILLE,LAKE ST,0,0,0,0,Property Damage,No Injuries,Car,9,Parked Motor Vehicle,2,2,0,3,$500 or less,1,0,0,0,0,0,0,06,Improper Turning/No Signal,15,Driving Skills/Knowledge/Experience,1,No Controls,1,No Controls,1,Clear,5,"Darkness, Lighted Road",2,"Divided, No Median Barrier",1,Dry,3,Free Flow,1,No Defects,O30,O8,41.8884277,-87.7880020,41.8884315,-87.7879639,1132739.13,1902402.38
34997,26 03540,2603540,X004293735,2026-07-02,14:10:00,2026-07-02 14:10:00,2026-07-06 17:19:48,S Austin Blvd/Garfield St,,S AUSTIN BLVD,GARFIELD ST,1,1,0,0,Property Damage,No Injuries,Car,15,Angle,2,2,0,5,"Over $1,500",1,0,0,0,0,0,0,02,Failing To Yield Right-Of-Way,99,Not Applicable,2,Stop Sign,4,Functioning Properly,1,Clear,1,Daylight,14,Four-Way Intersection,1,Dry,3,Free Flow,1,No Defects,O90,O16,41.8704185,-87.7743530,41.8704224,-87.7743149,1136497.13,1895864.88
35016,26 03542,2603542,X004293749,2026-07-02,14:45:00,2026-07-02 14:45:00,2026-07-06 17:19:55,131 Harvey Ave,131,HARVEY AVE,,0,0,0,0,Property Damage,No Injuries,Car,10,Turning (At Least One Vehicle),2,2,0,5,"Over $1,500",1,0,0,0,0,0,0,02,Failing To Yield Right-Of-Way,15,Driving Skills/Knowledge/Experience,3,Traffic Signal,4,Functioning Properly,1,Clear,1,Daylight,15,T-Intersection,1,Dry,1,Slow,1,No Defects,O30,O7,41.8874550,-87.7814484,41.8858299,-87.7816773,1134526.75,1902059.75
35081,26 03545,2603545,X004304709,2026-07-02,15:00:00,2026-07-02 15:00:00,2026-07-15 16:53:33,900 S Oak Park Ave,900,S OAK PARK AVE,,0,0,0,0,Property Damage,No Injuries,Car,6,Fixed Object,2,1,0,5,"Over $1,500",1,0,0,0,0,0,0,28,Failing To Reduce Speed To Avoid Crash,99,Not Applicable,3,Traffic Signal,4,Functioning Properly,1,Clear,1,Daylight,1,Not Divided,1,Dry,1,Slow,1,No Defects,O90,O18,41.8720245,-87.7940216,41.8719330,-87.7938385,1131136.25,1896414.75
35029,26 03546,2603546,X004296529,2026-07-02,17:19:00,2026-07-02 17:19:00,2026-07-08 09:24:05,Ontario St/N Austin Blvd,,ONTARIO ST,N AUSTIN BLVD,0,0,0,0,Property Damage,No Injuries,Car,10,Turning (At Least One Vehicle),2,2,0,5,"Over $1,500",1,0,0,0,0,0,0,06,Improper Turning/No Signal,15,Driving Skills/Knowledge/Experience,2,Stop Sign,4,Functioning Properly,1,Clear,1,Daylight,15,T-Intersection,1,Dry,3,Free Flow,1,No Defects,O30,O7,41.8904839,-87.7750092,41.8905106,-87.7750092,1136271.75,1903174.63
35000,26 03547,2603547,X004293738,2026-07-02,17:29:00,2026-07-02 17:29:00,2026-07-06 17:19:50,Madison St/Home Ave,,MADISON ST,HOME AVE,1,0,0,1,Property Damage,No Injuries,Car,11,Front To Rear,2,2,0,4,"$501 to $1,500",1,0,0,0,0,0,0,28,Failing To Reduce Speed To Avoid Crash,18,Unable To Determine,3,Traffic Signal,4,Functioning Properly,1,Clear,1,Daylight,1,Not Divided,1,Dry,2,Stopped,1,No Defects,O60,O15,41.8796501,-87.7998657,41.8796806,-87.7998657,1129528.50,1899183.75
35002,26 03564,2603564,X004293739,2026-07-03,15:13:00,2026-07-03 15:13:00,2026-07-06 17:19:50,6300 Roosevelt Road,6300,ROOSEVELT ROAD,,0,0,0,0,Property Damage,No Injuries,Car,11,Front To Rear,2,2,0,4,"$501 to $1,500",1,0,0,0,0,0,0,28,Failing To Reduce Speed To Avoid Crash,18,Unable To Determine,3,Traffic Signal,4,Functioning Properly,8,Cloudy/Overcast,1,Daylight,3,Divided With Median Barrier,2,Wet,2,Stopped,1,No Defects,O90,O16,41.8654060,-87.7808380,41.8655624,-87.7817230,1134744.88,1894025.50
35006,26 03576,2603576,X004293741,2026-07-04,09:54:00,2026-07-04 09:54:00,2026-07-06 17:19:52,345 S Cuyler Ave,345,S CUYLER AVE,,0,0,0,0,Property Damage,No Injuries,Car,9,Parked Motor Vehicle,2,2,0,4,"$501 to $1,500",1,0,0,0,0,0,0,28,Failing To Reduce Speed To Avoid Crash,99,Not Applicable,1,No Controls,1,No Controls,1,Clear,1,Daylight,1,Not Divided,1,Dry,1,Slow,1,No Defects,O50,O10,41.8819046,-87.7828522,41.8820229,-87.7830505,1134157.88,1900034.38
35007,26 03577,2603577,X004293743,2026-07-04,10:22:00,2026-07-04 10:22:00,2026-07-06 17:19:52,Chicago Ave/N Lombard Ave,,CHICAGO AVE,N LOMBARD AVE,1,1,0,0,Injury,B Injury Crash,Car,15,Angle,2,2,0,5,"Over $1,500",0,1,0,0,2,0,2,02,Failing To Yield Right-Of-Way,99,Not Applicable,2,Stop Sign,4,Functioning Properly,8,Cloudy/Overcast,1,Daylight,2,"Divided, No Median Barrier",1,Dry,3,Free Flow,1,No Defects,O30,O7,41.8946152,-87.7799988,41.8946495,-87.7800064,1134903.13,1904671.63
35008,26 03580,2603580,X004293744,2026-07-04,12:36:00,2026-07-04 12:36:00,2026-07-06 17:19:53,S Austin Blvd/I290,,S AUSTIN BLVD,I290,1,1,0,0,Property Damage,No Injuries,Car,10,Turning (At Least One Vehicle),2,2,0,4,"$501 to $1,500",1,0,0,0,0,0,0,15,Driving Skills/Knowledge/Experience,28,Failing To Reduce Speed To Avoid Crash,3,Traffic Signal,4,Functioning Properly,1,Clear,1,Daylight,14,Four-Way Intersection,1,Dry,1,Slow,1,No Defects,O80,O13,41.8712502,-87.7743759,41.8710709,-87.7743301,1136490.13,1896166.00
35028,26 03607,2603607,X004295303,2026-07-04,17:19:00,2026-07-04 17:19:00,2026-07-08 09:12:03,N Austin Blvd/Augusta Blvd,,N AUSTIN BLVD,AUGUSTA BLVD,1,0,0,1,Property Damage,No Injuries,Car,11,Front To Rear,2,2,0,5,"Over $1,500",1,0,0,0,0,0,0,03,Following Too Closely,15,Driving Skills/Knowledge/Experience,3,Traffic Signal,4,Functioning Properly,1,Clear,5,"Darkness, Lighted Road",1,Not Divided,1,Dry,2,Stopped,1,No Defects,,,41.8983650,-87.7752228,41.8983650,-87.7752533,1136195.75,1906045.00
35012,26 03587,2603587,X004294468,2026-07-04,21:21:00,2026-07-04 21:21:00,2026-07-06 17:19:54,N Austin Blvd/Madison St,,N AUSTIN BLVD,MADISON ST,1,0,0,0,Property Damage,No Injuries,Car,18,Rear To Front,2,2,0,5,"Over $1,500",1,0,0,0,0,0,0,30,Improper Backing,15,Driving Skills/Knowledge/Experience,3,Traffic Signal,4,Functioning Properly,1,Clear,5,"Darkness, Lighted Road",4,Two-Way Continuous Left-Turn Lane,1,Dry,3,Free Flow,1,No Defects,,,41.8800926,-87.7746201,41.8800888,-87.7746582,1136401.50,1899388.00
35010,26 03589,2603589,X004293745,2026-07-04,21:49:00,2026-07-04 21:49:00,2026-07-06 17:19:53,Holley Ct/N Marion St,,HOLLEY CT,N MARION ST,1,1,0,0,Property Damage,No Injuries,Car,10,Turning (At Least One Vehicle),2,2,0,5,"Over $1,500",1,0,0,0,0,0,0,28,Failing To Reduce Speed To Avoid Crash,06,Improper Turning/No Signal,1,No Controls,1,No Controls,1,Clear,4,Darkness,1,Not Divided,1,Dry,3,Free Flow,1,No Defects,O40,O9,41.8897591,-87.8026810,41.8897362,-87.8026733,1128739.88,1902862.88
35026,26 03660,2603660,X004295306,2026-07-06,02:37:00,2026-07-06 02:37:00,2026-07-08 09:06:04,1125 Ontario St,1125,ONTARIO ST,,0,0,0,0,Property Damage,No Injuries,Car,14,Front To Front,2,2,0,4,"$501 to $1,500",1,0,0,0,0,0,0,18,Unable To Determine,18,Unable To Determine,1,No Controls,1,No Controls,1,Clear,1,Daylight,7,Parking Lot,1,Dry,3,Free Flow,1,No Defects,O40,O9,41.8905373,-87.8039322,41.8897705,-87.8039246,1128396.75,1903143.13
35015,26 03610,2603610,X004293747,2026-07-06,07:16:00,2026-07-06 07:16:00,2026-07-06 17:19:55,430 S Elmwood Ave,430,S ELMWOOD AVE,,0,0,0,1,Property Damage,No Injuries,Car,7,Other Object,2,1,0,5,"Over $1,500",1,0,0,0,0,0,0,26,Disregarding Road Markings,15,Driving Skills/Knowledge/Experience,1,No Controls,1,No Controls,1,Clear,1,Daylight,18,,1,Dry,3,Free Flow,1,No Defects,O60,O11,41.8816910,-87.7861786,41.8805084,-87.7859039,1133250.63,1899950.88
35030,26 03614,2603614,X004295305,2026-07-06,08:30:00,2026-07-06 08:30:00,2026-07-08 09:30:11,Madison St/N Harlem Ave,,MADISON ST,N HARLEM AVE,0,0,0,0,Injury,B Injury Crash,Car,11,Front To Rear,2,2,0,5,"Over $1,500",0,1,0,0,1,0,1,28,Failing To Reduce Speed To Avoid Crash,03,Following Too Closely,3,Traffic Signal,4,Functioning Properly,1,Clear,1,Daylight,14,Four-Way Intersection,1,Dry,2,Stopped,1,No Defects,O60,O15,41.8796349,-87.8047333,41.8796654,-87.8047333,1128202.63,1899169.38
35014,26 03615,2603615,X004293746,2026-07-06,10:36:00,2026-07-06 10:36:00,2026-07-06 17:19:54,S Lombard Ave/Washington Blvd,,S LOMBARD AVE,WASHINGTON BLVD,1,1,0,0,Property Damage,No Injuries,Car,12,Sideswipe - Same Direction,2,2,0,5,"Over $1,500",1,0,0,0,0,0,0,02,Failing To Yield Right-Of-Way,18,Unable To Determine,3,Traffic Signal,4,Functioning Properly,1,Clear,1,Daylight,1,Not Divided,1,Dry,1,Slow,1,No Defects,O50,O10,41.8819313,-87.7795868,41.8819237,-87.7796173,1135046.75,1900049.63
35017,26 03622,2603622,X004293750,2026-07-06,11:59:00,2026-07-06 11:59:00,2026-07-06 17:19:55,N Elmwood Ave/Division St,,N ELMWOOD AVE,DIVISION ST,1,0,0,0,Property Damage,No Injuries,Car,15,Angle,2,2,0,5,"Over $1,500",0,1,0,0,0,0,0,02,Failing To Yield Right-Of-Way,28,Failing To Reduce Speed To Avoid Crash,2,Stop Sign,4,Functioning Properly,1,Clear,1,Daylight,2,"Divided, No Median Barrier",1,Dry,3,Free Flow,1,No Defects,O20,O5,41.9018402,-87.7867889,41.9018402,-87.7867508,1133037.63,1907291.63
35018,26 03625,2603625,X004293751,2026-07-06,12:42:00,2026-07-06 12:42:00,2026-07-06 17:19:56,6412 Roosevelt Rd,6412,ROOSEVELT RD,,0,0,0,0,Property Damage,No Injuries,Car,15,Angle,2,2,0,3,$500 or less,1,0,0,0,0,0,0,02,Failing To Yield Right-Of-Way,28,Failing To Reduce Speed To Avoid Crash,1,No Controls,1,No Controls,1,Clear,1,Daylight,1,Not Divided,1,Dry,3,Free Flow,1,No Defects,O90,O17,41.8653526,-87.7845764,41.8654442,-87.7845993,1133724.88,1893999.38
34999,26 03626,2603626,X004293737,2026-07-06,14:09:00,2026-07-06 14:09:00,2026-07-06 17:19:49,938 Lake St,938,LAKE ST,,0,0,0,0,Property Damage,No Injuries,Car,6,Fixed Object,2,1,0,5,"Over $1,500",1,0,0,0,0,0,0,14,"Vision Obscured (Signs, Tree Limbs, Buildings",99,Not Applicable,1,No Controls,1,No Controls,1,Clear,1,Daylight,7,Parking Lot,1,Dry,3,Free Flow,1,No Defects,O40,O9,41.8887176,-87.7992401,41.8887444,-87.7992477,1129678.75,1902488.00