record_id,report_number,crash_id,idot_crash_number,date,time,occurred_at,record_added_at,location,street_number,street_name,cross_street,at_intersection,intersection_related,private_property,hit_and_run,crash_severity,crash_injury_severity,crash_mode,crash_type_code,crash_type,total_units,num_motor_vehicles,dooring_pedalcyclist,damage_code,damage,no_injury_drive_away,injury_or_towed,fatalities,a_injuries,b_injuries,c_injuries,total_injured,cause1_code,cause1,cause2_code,cause2,traffic_control_code,traffic_control,device_condition_code,device_condition,weather_code,weather,lighting_code,lighting,trafficway_code,trafficway,road_surface_code,road_surface,flow_condition_code,flow_condition,road_defects_code,road_defects,beat_zone,post_district,latitude,longitude,latitude_geocoded,longitude_geocoded,state_plane_x,state_plane_y
35019,26 03631,2603631,X004294498,2026-07-06,15:43:00,2026-07-06 15:43:00,2026-07-07 09:25:06,Washington Blvd/Kenilworth Ave,,WASHINGTON BLVD,KENILWORTH AVE,1,1,0,0,Property Damage,No Injuries,Car,15,Angle,2,2,0,4,"$501 to $1,500",1,0,0,0,0,0,0,02,Failing To Yield Right-Of-Way,24,Disregarding Other Traffic Signs,2,Stop Sign,4,Functioning Properly,1,Clear,1,Daylight,14,Four-Way Intersection,1,Dry,3,Free Flow,1,No Defects,O70,O12,41.8815270,-87.7969742,41.8815537,-87.7969742,1130311.88,1899872.13
35020,26 03630,2603630,X004294491,2026-07-06,16:00:00,2026-07-06 16:00:00,2026-07-07 09:25:06,Chicago Ave/N Lombard Ave,,CHICAGO AVE,N LOMBARD AVE,1,1,0,0,Property Damage,No Injuries,Car,15,Angle,2,2,0,5,"Over $1,500",1,0,0,0,0,0,0,02,Failing To Yield Right-Of-Way,28,Failing To Reduce Speed To Avoid Crash,2,Stop Sign,4,Functioning Properly,1,Clear,1,Daylight,2,"Divided, No Median Barrier",1,Dry,3,Free Flow,1,No Defects,O30,O7,41.8946152,-87.7799988,41.8946495,-87.7800064,1134903.13,1904671.63
35022,26 03640,2603640,X004294494,2026-07-07,09:23:00,2026-07-07 09:23:00,2026-07-07 10:42:34,338 S East Ave,338,S EAST AVE,,0,0,0,0,Property Damage,No Injuries,Car,9,Parked Motor Vehicle,2,2,0,5,"Over $1,500",1,0,0,0,0,0,0,20,Improper Lane Usage,18,Unable To Determine,1,No Controls,1,No Controls,1,Clear,1,Daylight,1,Not Divided,1,Dry,3,Free Flow,1,No Defects,O60,O11,41.8822441,-87.7894669,41.8820686,-87.7892609,1132353.75,1900146.13
35023,26 03641,2603641,X004294495,2026-07-07,09:38:00,2026-07-07 09:38:00,2026-07-07 14:34:53,N Kenilworth/Lake St,,N KENILWORTH,LAKE ST,0,0,0,1,Property Damage,No Injuries,Car,9,Parked Motor Vehicle,2,2,0,5,"Over $1,500",1,0,0,0,0,0,0,50,"Oper. Veh. In Erratic,Reckless,Careless Manne",15,Driving Skills/Knowledge/Experience,3,Traffic Signal,4,Functioning Properly,1,Clear,1,Daylight,1,Not Divided,1,Dry,3,Free Flow,1,No Defects,O40,O9,41.8886948,-87.7971268,41.8886986,-87.7975082,1130254.25,1902484.38
35031,26 03642,2603642,X004295259,2026-07-07,09:49:00,2026-07-07 09:49:00,2026-07-08 09:24:05,Roosevelt Rd/Euclid Ave,,ROOSEVELT RD,EUCLID AVE,0,0,0,0,Property Damage,No Injuries,Car,11,Front To Rear,2,2,0,4,"$501 to $1,500",1,0,0,0,0,0,0,03,Following Too Closely,28,Failing To Reduce Speed To Avoid Crash,1,No Controls,1,No Controls,1,Clear,1,Daylight,4,Two-Way Continuous Left-Turn Lane,1,Dry,2,Stopped,1,No Defects,O90,O17,41.8652153,-87.7925339,41.8651848,-87.7925415,1131557.50,1893935.13
35027,26 03649,2603649,X004295275,2026-07-07,12:52:00,2026-07-07 12:52:00,2026-07-08 09:06:04,North Ave/Belleforte Ave,,NORTH AVE,BELLEFORTE AVE,1,1,0,0,Property Damage,No Injuries,Car,10,Turning (At Least One Vehicle),2,2,0,4,"$501 to $1,500",1,0,0,0,0,0,0,15,Driving Skills/Knowledge/Experience,20,Improper Lane Usage,1,No Controls,1,No Controls,1,Clear,1,Daylight,2,"Divided, No Median Barrier",1,Dry,3,Free Flow,1,No Defects,O20,O3,41.9088898,-87.8026810,41.9089127,-87.8026886,1128695.50,1909833.25
35024,26 03653,2603653,X004294508,2026-07-07,14:51:00,2026-07-07 14:51:00,2026-07-07 16:04:02,Washington Blvd/S Lombard Ave,,WASHINGTON BLVD,S LOMBARD AVE,0,0,0,0,Property Damage,No Injuries,Car,9,Parked Motor Vehicle,2,2,0,5,"Over $1,500",1,0,0,0,0,0,0,28,Failing To Reduce Speed To Avoid Crash,28,Failing To Reduce Speed To Avoid Crash,1,No Controls,1,No Controls,1,Clear,1,Daylight,1,Not Divided,1,Dry,3,Free Flow,1,No Defects,O50,O10,41.8819084,-87.7795944,41.8819237,-87.7796173,1135044.50,1900041.50
35025,26 03658,2603658,X004295276,2026-07-07,17:50:00,2026-07-07 17:50:00,2026-07-08 08:54:04,409 S Maple Ave,409,S MAPLE AVE,,0,0,0,1,Property Damage,No Injuries,Car,9,Parked Motor Vehicle,2,2,0,4,"$501 to $1,500",1,0,0,0,0,0,0,28,Failing To Reduce Speed To Avoid Crash,99,Not Applicable,1,No Controls,1,No Controls,1,Clear,9,Unknown,1,Not Divided,1,Dry,1,Slow,1,No Defects,O70,O12,41.8810615,-87.8038788,41.8810043,-87.8040848,1128432.13,1899690.00
35034,26 03661,2603661,X004295278,2026-07-07,19:20:00,2026-07-07 19:20:00,2026-07-08 09:30:12,Clarence Ave/Harvard,,CLARENCE AVE,HARVARD,0,0,0,1,Property Damage,No Injuries,Car,6,Fixed Object,2,1,0,5,"Over $1,500",1,0,0,0,0,0,0,18,Unable To Determine,99,Not Applicable,1,No Controls,1,No Controls,1,Clear,1,Daylight,1,Not Divided,1,Dry,3,Free Flow,1,No Defects,O90,O17,41.8688812,-87.7901840,41.8688736,-87.7902145,1132190.50,1895275.13
35033,26 03665,2603665,X004295280,2026-07-07,23:41:00,2026-07-07 23:41:00,2026-07-08 09:30:12,N Austin Blvd/Augusta St,,N AUSTIN BLVD,AUGUSTA ST,1,0,0,0,Property Damage,No Injuries,Car,11,Front To Rear,2,2,0,4,"$501 to $1,500",0,1,0,0,0,0,0,28,Failing To Reduce Speed To Avoid Crash,15,Driving Skills/Knowledge/Experience,3,Traffic Signal,4,Functioning Properly,1,Clear,5,"Darkness, Lighted Road",1,Not Divided,1,Dry,1,Slow,1,No Defects,,,41.8983650,-87.7752228,41.8983650,-87.7752533,1136195.75,1906045.00
35039,26 03667,2603667,X004296907,2026-07-08,07:29:00,2026-07-08 07:29:00,2026-07-09 09:45:58,Greenfield St/N Humphrey Ave,,GREENFIELD ST,N HUMPHREY AVE,1,1,0,0,Injury,B Injury Crash,Car,15,Angle,2,2,0,5,"Over $1,500",0,1,0,0,1,0,1,23,Disregarding Stop Sign,99,Not Applicable,2,Stop Sign,4,Functioning Properly,1,Clear,1,Daylight,14,Four-Way Intersection,1,Dry,3,Free Flow,1,No Defects,O10,O1,41.9058456,-87.7767487,41.9058723,-87.7767563,1135761.00,1908769.13
35040,26 03672,2603672,X004296921,2026-07-08,09:00:00,2026-07-08 09:00:00,2026-07-09 09:45:58,733 Madison St,733,MADISON ST,,0,0,0,0,Property Damage,No Injuries,Car,10,Turning (At Least One Vehicle),2,2,0,5,"Over $1,500",1,0,0,0,0,0,0,13,Road Construction/Maintenance,04,Improper Overtaking/Passing,3,Traffic Signal,4,Functioning Properly,1,Clear,1,Daylight,1,Not Divided,1,Dry,1,Slow,1,No Defects,O60,O14,41.8797493,-87.7936020,41.8796082,-87.7934647,1131233.25,1899230.00
35041,26 03675,2603675,X004296931,2026-07-08,09:40:00,2026-07-08 09:40:00,2026-07-09 09:45:59,520 S Maple Ave,520,S MAPLE AVE,,0,0,0,0,Property Damage,No Injuries,Car,17,Rear To Rear,2,2,0,5,"Over $1,500",1,0,0,0,0,0,0,28,Failing To Reduce Speed To Avoid Crash,30,Improper Backing,1,No Controls,1,No Controls,1,Clear,1,Daylight,7,Parking Lot,1,Dry,3,Free Flow,1,No Defects,O60,O15,41.8790283,-87.8038864,41.8782425,-87.8033371,1128435.25,1898950.63
35035,26 03674,2603674,X004296925,2026-07-08,10:10:00,2026-07-08 10:10:00,2026-07-09 09:45:56,438 Madison St,438,MADISON ST,,0,0,0,1,Injury,C Injury Crash,Car,15,Angle,2,2,0,5,"Over $1,500",0,1,0,0,0,1,1,18,Unable To Determine,02,Failing To Yield Right-Of-Way,1,No Controls,1,No Controls,1,Clear,1,Daylight,1,Not Divided,1,Dry,3,Free Flow,1,No Defects,O60,O11,41.8799248,-87.7863770,41.8800697,-87.7867050,1133201.50,1899307.38
35042,26 03681,2603681,X004296934,2026-07-08,14:56:00,2026-07-08 14:56:00,2026-07-09 09:39:18,Chicago Ave/N Grove Ave,,CHICAGO AVE,N GROVE AVE,1,1,0,0,Property Damage,No Injuries,Car,15,Angle,2,2,0,5,"Over $1,500",0,1,0,0,0,0,0,02,Failing To Yield Right-Of-Way,99,Not Applicable,2,Stop Sign,4,Functioning Properly,1,Clear,1,Daylight,14,Four-Way Intersection,1,Dry,3,Free Flow,1,No Defects,O20,O6,41.8944092,-87.7961731,41.8943787,-87.7961731,1130500.50,1904567.88
35037,26 03685,2603685,X004296939,2026-07-08,17:16:00,2026-07-08 17:16:00,2026-07-09 09:45:57,S East Ave/Madison St,,S EAST AVE,MADISON ST,0,0,0,0,Property Damage,No Injuries,Car,11,Front To Rear,2,2,0,4,"$501 to $1,500",1,0,0,0,0,0,0,28,Failing To Reduce Speed To Avoid Crash,03,Following Too Closely,1,No Controls,1,No Controls,1,Clear,1,Daylight,1,Not Divided,1,Dry,1,Slow,1,No Defects,O60,O11,41.8798485,-87.7893219,41.8798523,-87.7893600,1132398.25,1899274.88
35036,26 03692,2603692,X004296955,2026-07-08,23:54:00,2026-07-08 23:54:00,2026-07-09 09:45:57,N Harlem Ave/Erie St,,N HARLEM AVE,ERIE ST,1,0,0,0,Property Damage,No Injuries,Car,12,Sideswipe - Same Direction,2,2,0,4,"$501 to $1,500",1,0,0,0,0,0,0,20,Improper Lane Usage,99,Not Applicable,3,Traffic Signal,4,Functioning Properly,1,Clear,5,"Darkness, Lighted Road",1,Not Divided,1,Dry,3,Free Flow,1,No Defects,R82,RFPD,41.8918190,-87.8051910,41.8918228,-87.8051529,1128050.25,1903609.13
35038,26 03694,2603694,X004297217,2026-07-09,07:25:00,2026-07-09 07:25:00,2026-07-09 09:45:57,N Harlem Ave/Lake St,,N HARLEM AVE,LAKE ST,0,0,0,0,Property Damage,No Injuries,Car,12,Sideswipe - Same Direction,3,3,0,5,"Over $1,500",1,0,0,0,0,0,0,02,Failing To Yield Right-Of-Way,28,Failing To Reduce Speed To Avoid Crash,3,Traffic Signal,4,Functioning Properly,1,Clear,1,Daylight,2,"Divided, No Median Barrier",1,Dry,3,Free Flow,1,No Defects,R83,RFPD,41.8885765,-87.8050919,41.8885841,-87.8050537,1128084.88,1902427.75
35044,26 03702,2603702,X004298034,2026-07-09,11:09:00,2026-07-09 11:09:00,2026-07-10 08:02:21,Garfield St/S Oak Park Ave,,GARFIELD ST,S OAK PARK AVE,1,1,0,0,Injury,B Injury Crash,Car,15,Angle,2,2,0,5,"Over $1,500",0,1,0,0,2,0,2,25,Disregarding Traffic Signals,99,Not Applicable,3,Traffic Signal,4,Functioning Properly,8,Cloudy/Overcast,1,Daylight,1,Not Divided,1,Dry,3,Free Flow,1,No Defects,O90,O18,41.8719978,-87.7939911,41.8720245,-87.7939911,1131146.25,1896404.88
35046,26 03704,2603704,X004298035,2026-07-09,12:01:00,2026-07-09 12:01:00,2026-07-10 08:02:22,500 N Marion St,500,N MARION ST,,0,0,0,0,Property Damage,No Injuries,Car,17,Rear To Rear,2,2,0,3,$500 or less,1,0,0,0,0,0,0,18,Unable To Determine,99,Not Applicable,1,No Controls,1,No Controls,1,Clear,1,Daylight,7,Parking Lot,1,Dry,3,Free Flow,1,No Defects,O20,O6,41.8942566,-87.8032303,41.8943138,-87.8031921,1128579.25,1904500.00
35043,26 03705,2603705,X004298036,2026-07-09,13:06:00,2026-07-09 13:06:00,2026-07-10 07:56:16,Washington Blvd/S Kenilworth Ave,,WASHINGTON BLVD,S KENILWORTH AVE,1,1,0,0,Property Damage,No Injuries,Car,11,Front To Rear,2,2,0,5,"Over $1,500",1,0,0,0,0,0,0,03,Following Too Closely,28,Failing To Reduce Speed To Avoid Crash,1,No Controls,1,No Controls,1,Clear,1,Daylight,2,"Divided, No Median Barrier",1,Dry,3,Free Flow,1,No Defects,O70,O12,41.8815270,-87.7969742,41.8815537,-87.7969742,1130311.88,1899872.13
35078,26 03707,2603707,X004303712,2026-07-09,15:53:00,2026-07-09 15:53:00,2026-07-15 10:03:41,1130 Chicago Ave,1130,CHICAGO AVE,,0,0,0,0,Injury,B Injury Crash,Car,12,Sideswipe - Same Direction,4,4,0,5,"Over $1,500",0,1,0,0,1,0,1,28,Failing To Reduce Speed To Avoid Crash,99,Not Applicable,3,Traffic Signal,4,Functioning Properly,1,Clear,1,Daylight,3,Divided With Median Barrier,1,Dry,3,Free Flow,1,No Defects,O40,O9,41.8942490,-87.8021088,41.8943329,-87.8047180,1128884.50,1904499.25
35045,26 03708,2603708,X004298037,2026-07-09,16:29:00,2026-07-09 16:29:00,2026-07-10 08:02:22,Roosevelt Rd/S Cuyler Ave,,ROOSEVELT RD,S CUYLER AVE,0,0,0,0,Property Damage,No Injuries,Car,11,Front To Rear,2,2,0,5,"Over $1,500",1,0,0,0,0,0,0,28,Failing To Reduce Speed To Avoid Crash,03,Following Too Closely,1,No Controls,1,No Controls,8,Cloudy/Overcast,1,Daylight,4,Two-Way Continuous Left-Turn Lane,1,Dry,2,Stopped,1,No Defects,O90,O16,41.8653831,-87.7827148,41.8653526,-87.7827148,1134233.00,1894014.50
35055,26 03715,2603715,X004301453,2026-07-10,08:37:00,2026-07-10 08:37:00,2026-07-13 09:43:25,S Ridgeland Ave/Harrison,,S RIDGELAND AVE,HARRISON,0,0,0,0,Property Damage,No Injuries,Car,12,Sideswipe - Same Direction,2,2,0,5,"Over $1,500",1,0,0,0,0,0,0,04,Improper Overtaking/Passing,28,Failing To Reduce Speed To Avoid Crash,3,Traffic Signal,4,Functioning Properly,1,Clear,1,Daylight,2,"Divided, No Median Barrier",1,Dry,3,Free Flow,1,No Defects,O80,O13,41.8726311,-87.7841797,41.8726349,-87.7842178,1133816.00,1896653.38
35056,26 03721,2603721,X004301464,2026-07-10,14:54:00,2026-07-10 14:54:00,2026-07-13 09:43:26,Roosevelt/S Kenilworth Ave,,ROOSEVELT,S KENILWORTH AVE,0,0,0,0,Injury,B Injury Crash,Car,18,Rear To Front,2,2,0,5,"Over $1,500",0,1,0,0,2,0,2,28,Failing To Reduce Speed To Avoid Crash,03,Following Too Closely,1,No Controls,1,No Controls,1,Clear,1,Daylight,1,Not Divided,1,Dry,1,Slow,1,No Defects,O90,O18,41.8651428,-87.7963638,41.8651199,-87.7963715,1130514.50,1893903.50
35047,26 03722,2603722,X004299049,2026-07-10,15:04:00,2026-07-10 15:04:00,2026-07-10 16:51:45,1031 Lake St,1031,LAKE ST,,0,0,0,1,Property Damage,No Injuries,Car,9,Parked Motor Vehicle,2,2,0,3,$500 or less,1,0,0,0,0,0,0,18,Unable To Determine,18,Unable To Determine,1,No Controls,1,No Controls,1,Clear,1,Daylight,12,Alley,1,Dry,1,Slow,1,No Defects,O40,O9,41.8886299,-87.8016968,41.8885651,-87.8016434,1129009.50,1902452.63
35058,26 03726,2603726,X004301474,2026-07-10,18:19:00,2026-07-10 18:19:00,2026-07-13 09:35:30,824 S Oak Park Ave,824,S OAK PARK AVE,,0,0,0,1,Property Damage,No Injuries,Car,9,Parked Motor Vehicle,2,2,0,5,"Over $1,500",1,0,0,0,0,0,0,15,Driving Skills/Knowledge/Experience,18,Unable To Determine,1,No Controls,1,No Controls,1,Clear,1,Daylight,7,Parking Lot,1,Dry,3,Free Flow,1,No Defects,O60,O15,41.8734932,-87.7940750,41.8733025,-87.7938995,1131119.25,1896950.50
35080,26 03727,2603727,X004303713,2026-07-10,19:46:00,2026-07-10 19:46:00,2026-07-15 10:03:42,Madison St/Harlem Ave,,MADISON ST,HARLEM AVE,1,1,0,1,Property Damage,No Injuries,Car,12,Sideswipe - Same Direction,2,2,0,5,"Over $1,500",1,0,0,0,0,0,0,02,Failing To Yield Right-Of-Way,28,Failing To Reduce Speed To Avoid Crash,3,Traffic Signal,4,Functioning Properly,1,Clear,1,Daylight,2,"Divided, No Median Barrier",1,Dry,3,Free Flow,1,No Defects,O60,O15,41.8796349,-87.8047333,41.8796654,-87.8047333,1128202.63,1899169.38
35061,26 03737,2603737,X004301475,2026-07-11,14:58:00,2026-07-11 14:58:00,2026-07-13 09:43:29,Randolph St/Home Ave,,RANDOLPH ST,HOME AVE,0,0,0,1,Property Damage,No Injuries,Car,6,Fixed Object,2,1,0,4,"$501 to $1,500",1,0,0,0,0,0,0,18,Unable To Determine,18,Unable To Determine,2,Stop Sign,4,Functioning Properly,9,Unknown,9,Unknown,1,Not Divided,9,Unknown,3,Free Flow,99,Unknown,O70,O12,41.8832932,-87.8000031,41.8833275,-87.8000031,1129483.88,1900511.75
35060,26 03740,2603740,X004301494,2026-07-11,17:30:00,2026-07-11 17:30:00,2026-07-13 09:43:29,Roosevelt Rd/Harlem Ave,,ROOSEVELT RD,HARLEM AVE,0,0,0,1,Property Damage,No Injuries,Car,11,Front To Rear,2,2,0,4,"$501 to $1,500",1,0,0,0,0,0,0,04,Improper Overtaking/Passing,03,Following Too Closely,3,Traffic Signal,4,Functioning Properly,1,Clear,1,Daylight,14,Four-Way Intersection,1,Dry,3,Free Flow,1,No Defects,O90,O18,41.8650131,-87.8041992,41.8649864,-87.8042068,1128380.25,1893842.88
35143,26 03743,2603743,X004317548,2026-07-12,00:01:00,2026-07-12 00:01:00,2026-07-27 09:59:53,Ridgeland/Division,,RIDGELAND,DIVISION,0,0,0,0,Injury,C Injury Crash,Car,11,Front To Rear,2,2,0,5,"Over $1,500",0,1,0,0,0,1,1,03,Following Too Closely,28,Failing To Reduce Speed To Avoid Crash,3,Traffic Signal,4,Functioning Properly,1,Clear,4,Darkness,2,"Divided, No Median Barrier",1,Dry,1,Slow,1,No Defects,O20,O2,41.9018860,-87.7849121,41.9018860,-87.7848740,1133548.63,1907311.13
35057,26 03752,2603752,X004301500,2026-07-12,11:58:00,2026-07-12 11:58:00,2026-07-13 09:43:27,Roosevelt Rd/Ridgeland Ave,,ROOSEVELT RD,RIDGELAND AVE,0,0,0,0,Injury,B Injury Crash,Car,10,Turning (At Least One Vehicle),2,2,0,5,"Over $1,500",0,1,0,0,1,0,1,06,Improper Turning/No Signal,15,Driving Skills/Knowledge/Experience,3,Traffic Signal,4,Functioning Properly,1,Clear,1,Daylight,14,Four-Way Intersection,1,Dry,3,Free Flow,1,No Defects,O90,O16,41.8653641,-87.7839661,41.8653374,-87.7839661,1133892.13,1894004.13
35059,26 03755,2603755,X004302155,2026-07-12,13:41:00,2026-07-12 13:41:00,2026-07-13 09:43:28,N Austin Blvd/Chicago Ave,,N AUSTIN BLVD,CHICAGO AVE,0,0,0,0,Injury,B Injury Crash,Car,15,Angle,2,2,0,5,"Over $1,500",0,1,0,0,1,0,1,02,Failing To Yield Right-Of-Way,28,Failing To Reduce Speed To Avoid Crash,1,No Controls,1,No Controls,1,Clear,1,Daylight,2,"Divided, No Median Barrier",1,Dry,3,Free Flow,1,No Defects,,,41.8947105,-87.7751083,41.8947105,-87.7751389,1136235.63,1904714.63
35054,26 03761,2603761,X004302154,2026-07-13,02:28:00,2026-07-13 02:28:00,2026-07-13 09:43:24,644 Washington Blvd,644,WASHINGTON BLVD,,0,0,0,0,Property Damage,No Injuries,Car,9,Parked Motor Vehicle,3,3,0,5,"Over $1,500",0,1,0,0,0,0,0,28,Failing To Reduce Speed To Avoid Crash,20,Improper Lane Usage,1,No Controls,1,No Controls,1,Clear,4,Darkness,2,"Divided, No Median Barrier",1,Dry,3,Free Flow,1,No Defects,O60,O11,41.8816261,-87.7916489,41.8817787,-87.7914810,1131762.38,1899917.13
35063,26 03764,2603764,X004302392,2026-07-13,09:18:00,2026-07-13 09:18:00,2026-07-14 09:15:44,Harvard St/S Ridgeland Ave,,HARVARD ST,S RIDGELAND AVE,1,1,0,0,Property Damage,No Injuries,Car,15,Angle,2,2,0,5,"Over $1,500",0,1,0,0,0,0,0,41,Distraction - From Inside Vehicle,28,Failing To Reduce Speed To Avoid Crash,3,Traffic Signal,4,Functioning Properly,1,Clear,1,Daylight,15,T-Intersection,1,Dry,3,Free Flow,1,No Defects,O90,O16,41.8689537,-87.7840881,41.8689804,-87.7840881,1133850.25,1895312.50
35065,26 03765,2603765,X004302393,2026-07-13,09:23:00,2026-07-13 09:23:00,2026-07-14 09:15:46,N Harlem Ave/Madison St,,N HARLEM AVE,MADISON ST,0,0,0,0,Property Damage,No Injuries,Car,11,Front To Rear,2,2,0,3,$500 or less,1,0,0,0,0,0,0,18,Unable To Determine,18,Unable To Determine,3,Traffic Signal,4,Functioning Properly,1,Clear,1,Daylight,2,"Divided, No Median Barrier",1,Dry,1,Slow,1,No Defects,F2,FPPD,41.8796730,-87.8047714,41.8796654,-87.8047333,1128192.88,1899183.13
35066,26 03770,2603770,X004303458,2026-07-13,12:39:00,2026-07-13 12:39:00,2026-07-14 09:23:45,Madison St/S Oak Park Ave,,MADISON ST,S OAK PARK AVE,1,1,0,1,Injury,B Injury Crash,Pedalcyclist,2,Pedalcyclist,2,1,0,3,$500 or less,0,1,0,0,1,0,1,02,Failing To Yield Right-Of-Way,28,Failing To Reduce Speed To Avoid Crash,3,Traffic Signal,4,Functioning Properly,1,Clear,1,Daylight,2,"Divided, No Median Barrier",1,Dry,3,Free Flow,1,No Defects,O60,O14,41.8797417,-87.7942505,41.8797722,-87.7942581,1131056.50,1899226.38
35064,26 03772,2603772,X004302395,2026-07-13,13:58:00,2026-07-13 13:58:00,2026-07-14 09:15:45,Roosevelt Rd/S Harlem Ave,,ROOSEVELT RD,S HARLEM AVE,0,1,0,0,Property Damage,No Injuries,Car,15,Angle,2,2,0,4,"$501 to $1,500",1,0,0,0,0,0,0,02,Failing To Yield Right-Of-Way,14,"Vision Obscured (Signs, Tree Limbs, Buildings",1,No Controls,1,No Controls,1,Clear,1,Daylight,2,"Divided, No Median Barrier",1,Dry,1,Slow,1,No Defects,O90,O18,41.8650131,-87.8041992,41.8649864,-87.8042068,1128380.25,1893842.88
35067,26 03774,2603774,X004302399,2026-07-13,15:21:00,2026-07-13 15:21:00,2026-07-14 09:23:45,Chicago Ave/N East Ave,,CHICAGO AVE,N EAST AVE,1,1,0,0,Injury,B Injury Crash,Car,15,Angle,2,2,0,5,"Over $1,500",0,1,0,0,1,0,1,18,Unable To Determine,18,Unable To Determine,2,Stop Sign,4,Functioning Properly,1,Clear,1,Daylight,2,"Divided, No Median Barrier",1,Dry,1,Slow,1,No Defects,O30,O8,41.8944626,-87.7897720,41.8944855,-87.7897720,1132242.63,1904598.50
35068,26 03775,2603775,X004302423,2026-07-13,15:32:00,2026-07-13 15:32:00,2026-07-14 09:23:46,N Harlem Ave/Westgate St,,N HARLEM AVE,WESTGATE ST,0,0,0,0,Property Damage,No Injuries,Car,12,Sideswipe - Same Direction,2,2,0,4,"$501 to $1,500",1,0,0,0,0,0,0,20,Improper Lane Usage,28,Failing To Reduce Speed To Avoid Crash,3,Traffic Signal,4,Functioning Properly,1,Clear,1,Daylight,1,Not Divided,1,Dry,1,Slow,1,No Defects,R83,RFPD,41.8878517,-87.8050537,41.8878555,-87.8050232,1128096.13,1902163.25
35075,26 03784,2603784,X004303716,2026-07-13,19:04:00,2026-07-13 19:04:00,2026-07-15 09:45:18,111 N Kenilworth,111,N KENILWORTH,,0,0,0,0,Property Damage,No Injuries,Car,9,Parked Motor Vehicle,2,2,0,4,"$501 to $1,500",1,0,0,0,0,0,0,20,Improper Lane Usage,15,Driving Skills/Knowledge/Experience,1,No Controls,1,No Controls,1,Clear,2,Dawn,1,Not Divided,1,Dry,3,Free Flow,1,No Defects,O20,O3,41.9016914,-87.7978134,41.8877563,-87.7972641,1130036.38,1907219.13
35069,26 03782,2603782,X004302425,2026-07-13,19:09:00,2026-07-13 19:09:00,2026-07-14 09:23:47,426 N Harvey Ave,426,N HARVEY AVE,,0,0,0,1,Property Damage,No Injuries,Car,9,Parked Motor Vehicle,2,2,0,5,"Over $1,500",1,0,0,0,0,0,0,28,Failing To Reduce Speed To Avoid Crash,99,Not Applicable,1,No Controls,1,No Controls,9,Unknown,9,Unknown,1,Not Divided,9,Unknown,1,Slow,99,Unknown,O30,O7,41.8940315,-87.7815781,41.8942871,-87.7814178,1134474.63,1904455.75
35076,26 03793,2603793,X004303725,2026-07-14,12:16:00,2026-07-14 12:16:00,2026-07-15 09:51:29,Augusta St/N Ridgeland Ave,,AUGUSTA ST,N RIDGELAND AVE,1,1,0,0,Injury,C Injury Crash,Car,10,Turning (At Least One Vehicle),2,2,0,5,"Over $1,500",0,1,0,0,0,1,1,02,Failing To Yield Right-Of-Way,28,Failing To Reduce Speed To Avoid Crash,3,Traffic Signal,4,Functioning Properly,1,Clear,1,Daylight,15,T-Intersection,1,Dry,3,Free Flow,1,No Defects,O10,O4,41.8981934,-87.7849960,41.8982239,-87.7850037,1133534.25,1905966.00
35077,26 03796,2603796,X004303728,2026-07-14,13:07:00,2026-07-14 13:07:00,2026-07-15 09:57:35,Division St/N Lombard Ave,,DIVISION ST,N LOMBARD AVE,1,1,0,0,Property Damage,No Injuries,Car,15,Angle,2,2,0,5,"Over $1,500",0,1,0,0,0,0,0,02,Failing To Yield Right-Of-Way,28,Failing To Reduce Speed To Avoid Crash,2,Stop Sign,4,Functioning Properly,1,Clear,1,Daylight,1,Not Divided,1,Dry,3,Free Flow,1,No Defects,O10,O4,41.9019089,-87.7802353,41.9019394,-87.7802429,1134821.13,1907328.75
35079,26 03806,2603806,X004303753,2026-07-14,16:22:00,2026-07-14 16:22:00,2026-07-15 09:57:35,185 N Marion St,185,N MARION ST,,0,0,0,0,Property Damage,No Injuries,Car,9,Parked Motor Vehicle,2,2,0,5,"Over $1,500",1,0,0,0,0,0,0,18,Unable To Determine,15,Driving Skills/Knowledge/Experience,1,No Controls,1,No Controls,9,Unknown,1,Daylight,1,Not Divided,1,Dry,3,Free Flow,1,No Defects,O40,O9,41.8901558,-87.8027344,41.8901215,-87.8027954,1128724.63,1903007.88
35073,26 03804,2603804,X004303746,2026-07-14,17:04:00,2026-07-14 17:04:00,2026-07-15 09:45:17,901 Madison St,901,MADISON ST,,0,0,0,1,Property Damage,No Injuries,Car,9,Parked Motor Vehicle,2,2,0,5,"Over $1,500",0,1,0,0,0,0,0,28,Failing To Reduce Speed To Avoid Crash,15,Driving Skills/Knowledge/Experience,1,No Controls,1,No Controls,1,Clear,1,Daylight,1,Not Divided,1,Dry,3,Free Flow,1,No Defects,O60,O15,41.8796921,-87.7973709,41.8794937,-87.7977982,1130208.63,1899203.38
35084,26 03812,2603812,X004305037,2026-07-15,07:56:00,2026-07-15 07:56:00,2026-07-16 09:32:55,S Ridgeland Ave/Washington Blvd,,S RIDGELAND AVE,WASHINGTON BLVD,0,0,0,0,Property Damage,No Injuries,Car,10,Turning (At Least One Vehicle),2,2,0,5,"Over $1,500",1,0,0,0,0,0,0,02,Failing To Yield Right-Of-Way,18,Unable To Determine,1,No Controls,1,No Controls,1,Clear,1,Daylight,1,Not Divided,1,Dry,3,Free Flow,1,No Defects,O50,O10,41.8817215,-87.7844772,41.8817253,-87.7845154,1133714.00,1899965.25