record_id,report_number,crash_id,idot_crash_number,date,time,occurred_at,record_added_at,location,street_number,street_name,cross_street,at_intersection,intersection_related,private_property,hit_and_run,crash_severity,crash_injury_severity,crash_mode,crash_type_code,crash_type,total_units,num_motor_vehicles,dooring_pedalcyclist,damage_code,damage,no_injury_drive_away,injury_or_towed,fatalities,a_injuries,b_injuries,c_injuries,total_injured,cause1_code,cause1,cause2_code,cause2,traffic_control_code,traffic_control,device_condition_code,device_condition,weather_code,weather,lighting_code,lighting,trafficway_code,trafficway,road_surface_code,road_surface,flow_condition_code,flow_condition,road_defects_code,road_defects,beat_zone,post_district,latitude,longitude,latitude_geocoded,longitude_geocoded,state_plane_x,state_plane_y
35072,26 03813,2603813,X004303755,2026-07-15,08:37:00,2026-07-15 08:37:00,2026-07-15 09:45:18,Lombard Ave/Chicago Ave,,LOMBARD AVE,CHICAGO AVE,0,0,0,0,Property Damage,No Injuries,Car,9,Parked Motor Vehicle,2,2,0,4,"$501 to $1,500",1,0,0,0,0,0,0,28,Failing To Reduce Speed To Avoid Crash,99,Not Applicable,1,No Controls,1,No Controls,1,Clear,1,Daylight,1,Not Divided,1,Dry,1,Slow,1,No Defects,O30,O7,41.8946419,-87.7800446,41.8946495,-87.7800064,1134891.50,1904680.63
35085,26 03821,2603821,X004305969,2026-07-15,12:12:00,2026-07-15 12:12:00,2026-07-16 09:39:07,Madison St/Home Ave,,MADISON ST,HOME AVE,1,0,0,0,Property Damage,No Injuries,Car,10,Turning (At Least One Vehicle),20,2,0,5,"Over $1,500",0,1,0,0,0,0,0,06,Improper Turning/No Signal,28,Failing To Reduce Speed To Avoid Crash,3,Traffic Signal,4,Functioning Properly,1,Clear,1,Daylight,14,Four-Way Intersection,1,Dry,3,Free Flow,1,No Defects,O60,O15,41.8796501,-87.7998657,41.8796806,-87.7998657,1129528.50,1899183.75
35082,26 03824,2603824,X004305968,2026-07-15,14:01:00,2026-07-15 14:01:00,2026-07-16 08:14:21,Augusta St/N Austin Blvd,,AUGUSTA ST,N AUSTIN BLVD,1,1,0,0,Property Damage,No Injuries,Car,10,Turning (At Least One Vehicle),2,2,0,4,"$501 to $1,500",0,1,0,0,0,0,0,04,Improper Overtaking/Passing,28,Failing To Reduce Speed To Avoid Crash,3,Traffic Signal,4,Functioning Properly,1,Clear,1,Daylight,14,Four-Way Intersection,1,Dry,1,Slow,1,No Defects,O10,O4,41.8983345,-87.7752533,41.8983650,-87.7752533,1136186.13,1906035.63
35083,26 03825,2603825,X004305040,2026-07-15,15:23:00,2026-07-15 15:23:00,2026-07-16 09:32:55,Roosevelt Rd/S Harlem Ave,,ROOSEVELT RD,S HARLEM AVE,0,0,0,1,Property Damage,No Injuries,Car,11,Front To Rear,2,2,0,5,"Over $1,500",1,0,0,0,0,0,0,28,Failing To Reduce Speed To Avoid Crash,18,Unable To Determine,1,No Controls,1,No Controls,1,Clear,1,Daylight,1,Not Divided,1,Dry,2,Stopped,1,No Defects,O90,O18,41.8650131,-87.8041992,41.8649864,-87.8042068,1128380.25,1893842.88
35107,26 03826,2603826,X004310215,2026-07-15,15:33:00,2026-07-15 15:33:00,2026-07-20 11:34:42,Clinton Ave/Madison St,,CLINTON AVE,MADISON ST,0,0,0,0,Injury,C Injury Crash,Pedalcyclist,2,Pedalcyclist,2,1,0,5,"Over $1,500",0,1,0,0,0,1,1,20,Improper Lane Usage,28,Failing To Reduce Speed To Avoid Crash,1,No Controls,1,No Controls,1,Clear,1,Daylight,15,T-Intersection,1,Dry,3,Free Flow,1,No Defects,O70,O12,41.8797073,-87.7983475,41.8796921,-87.7988281,1129941.00,1899206.63
35086,26 03828,2603828,X004305042,2026-07-15,17:12:00,2026-07-15 17:12:00,2026-07-16 09:39:07,S Oak Park Ave/Madison St,,S OAK PARK AVE,MADISON ST,1,1,0,0,Property Damage,No Injuries,Car,12,Sideswipe - Same Direction,2,2,0,5,"Over $1,500",1,0,0,0,0,0,0,02,Failing To Yield Right-Of-Way,20,Improper Lane Usage,3,Traffic Signal,4,Functioning Properly,1,Clear,1,Daylight,1,Not Divided,1,Dry,3,Free Flow,1,No Defects,O60,O11,41.8797722,-87.7942200,41.8797722,-87.7942581,1131065.38,1899237.25
35087,26 03835,2603835,X004326605,2026-07-15,21:18:00,2026-07-15 21:18:00,2026-07-16 09:32:56,Greenfield St/N Oak Park Ave,,GREENFIELD ST,N OAK PARK AVE,1,1,0,0,Injury,B Injury Crash,Pedestrian,1,Pedestrian,3,1,0,4,"$501 to $1,500",0,1,0,0,2,0,2,02,Failing To Yield Right-Of-Way,28,Failing To Reduce Speed To Avoid Crash,1,No Controls,1,No Controls,1,Clear,5,"Darkness, Lighted Road",1,Not Divided,1,Dry,3,Free Flow,1,No Defects,O20,O2,41.9055443,-87.7949600,41.9055748,-87.7949677,1130804.38,1908627.88
35090,26 03838,2603838,X004306040,2026-07-16,09:53:00,2026-07-16 09:53:00,2026-07-17 07:39:10,N Cuyler Ave/Lake St,,N CUYLER AVE,LAKE ST,0,0,0,0,Property Damage,No Injuries,Car,15,Angle,2,2,0,5,"Over $1,500",1,0,0,0,0,0,0,02,Failing To Yield Right-Of-Way,28,Failing To Reduce Speed To Avoid Crash,1,No Controls,1,No Controls,1,Clear,1,Daylight,1,Not Divided,1,Dry,3,Free Flow,1,No Defects,O30,O7,41.8882713,-87.7830963,41.8882751,-87.7830582,1134074.50,1902354.00
35089,26 03843,2603843,X004306042,2026-07-16,10:37:00,2026-07-16 10:37:00,2026-07-17 07:39:09,Chicago Ave/N East Ave,,CHICAGO AVE,N EAST AVE,0,0,0,0,Property Damage,No Injuries,Car,10,Turning (At Least One Vehicle),2,2,0,3,$500 or less,1,0,0,0,0,0,0,02,Failing To Yield Right-Of-Way,28,Failing To Reduce Speed To Avoid Crash,1,No Controls,1,No Controls,1,Clear,1,Daylight,2,"Divided, No Median Barrier",1,Dry,3,Free Flow,1,No Defects,O30,O8,41.8944626,-87.7897720,41.8944855,-87.7897720,1132242.63,1904598.50
35093,26 03844,2603844,X004306045,2026-07-16,12:27:00,2026-07-16 12:27:00,2026-07-17 07:39:12,N Austin Blvd/N Chicago Ave Alley,,N AUSTIN BLVD,N CHICAGO AVE ALLEY,1,1,0,0,Injury,B Injury Crash,Car,10,Turning (At Least One Vehicle),6,3,0,5,"Over $1,500",0,1,0,0,2,0,2,02,Failing To Yield Right-Of-Way,28,Failing To Reduce Speed To Avoid Crash,1,No Controls,1,No Controls,4,Fog/Smoke/Haze,1,Daylight,15,T-Intersection,1,Dry,1,Slow,1,No Defects,,,41.8947105,-87.7751083,41.8947105,-87.7751389,1136235.63,1904714.63
35091,26 03845,2603845,X004306047,2026-07-16,12:54:00,2026-07-16 12:54:00,2026-07-17 07:39:10,944 Madison St,944,MADISON ST,,0,0,0,0,Property Damage,No Injuries,Car,11,Front To Rear,2,2,0,5,"Over $1,500",1,0,0,0,0,0,0,28,Failing To Reduce Speed To Avoid Crash,28,Failing To Reduce Speed To Avoid Crash,3,Traffic Signal,4,Functioning Properly,1,Clear,1,Daylight,1,Not Divided,1,Dry,2,Stopped,1,No Defects,O70,O12,41.8797188,-87.7990646,41.8798180,-87.7990494,1129746.00,1899209.50
35088,26 03853,2603853,X004305970,2026-07-16,20:19:00,2026-07-16 20:19:00,2026-07-17 00:24:39,132 Madison St,132,MADISON ST,,0,0,0,1,Property Damage,No Injuries,Car,12,Sideswipe - Same Direction,2,2,0,4,"$501 to $1,500",1,0,0,0,0,0,0,18,Unable To Determine,99,Not Applicable,1,No Controls,4,Functioning Properly,1,Clear,1,Daylight,1,Not Divided,1,Dry,3,Free Flow,1,No Defects,O80,O13,41.8800507,-87.7793503,41.8801956,-87.7794037,1135114.63,1899365.63
35101,26 03858,2603858,X004309712,2026-07-17,13:49:00,2026-07-17 13:49:00,2026-07-20 11:28:32,Harvard St/S Ridgeland Ave,,HARVARD ST,S RIDGELAND AVE,1,0,0,0,Injury,B Injury Crash,Car,15,Angle,3,3,0,5,"Over $1,500",0,1,0,0,1,0,1,25,Disregarding Traffic Signals,28,Failing To Reduce Speed To Avoid Crash,3,Traffic Signal,4,Functioning Properly,1,Clear,1,Daylight,14,Four-Way Intersection,1,Dry,3,Free Flow,1,No Defects,O90,O16,41.8689537,-87.7840881,41.8689804,-87.7840881,1133850.25,1895312.50
35104,26 03859,2603859,X004309707,2026-07-17,13:59:00,2026-07-17 13:59:00,2026-07-20 11:28:32,N Harlem Ave/South Blvd,,N HARLEM AVE,SOUTH BLVD,0,0,0,0,Property Damage,No Injuries,Car,11,Front To Rear,2,2,0,5,"Over $1,500",1,0,0,0,0,0,0,28,Failing To Reduce Speed To Avoid Crash,99,Not Applicable,1,No Controls,1,No Controls,1,Clear,1,Daylight,1,Not Divided,1,Dry,3,Free Flow,1,No Defects,F1,FPPD,41.8866921,-87.8050156,41.8867111,-87.8049927,1128109.63,1901740.13
35102,26 03861,2603861,X004309704,2026-07-17,14:32:00,2026-07-17 14:32:00,2026-07-20 11:34:40,S Cuyler Ave/Roosevelt Rd,,S CUYLER AVE,ROOSEVELT RD,0,0,0,0,Property Damage,No Injuries,Car,12,Sideswipe - Same Direction,2,2,0,4,"$501 to $1,500",1,0,0,0,0,0,0,02,Failing To Yield Right-Of-Way,99,Not Applicable,1,No Controls,1,No Controls,8,Cloudy/Overcast,1,Daylight,1,Not Divided,1,Dry,3,Free Flow,1,No Defects,O90,O16,41.8653679,-87.7826843,41.8653526,-87.7827148,1134241.38,1894008.13
35103,26 03864,2603864,X004309701,2026-07-17,15:45:00,2026-07-17 15:45:00,2026-07-20 11:34:40,S Oak Park Ave/Garfield St,,S OAK PARK AVE,GARFIELD ST,0,0,0,0,Property Damage,No Injuries,Car,12,Sideswipe - Same Direction,2,2,0,4,"$501 to $1,500",1,0,0,0,0,0,0,28,Failing To Reduce Speed To Avoid Crash,99,Not Applicable,3,Traffic Signal,4,Functioning Properly,1,Clear,1,Daylight,1,Not Divided,1,Dry,2,Stopped,1,No Defects,O90,O17,41.8720245,-87.7939529,41.8720245,-87.7939911,1131156.25,1896415.88
35115,26 03866,2603866,X004309699,2026-07-17,18:05:00,2026-07-17 18:05:00,2026-07-20 11:40:55,1144 N Austin Blvd,1144,N AUSTIN BLVD,,0,0,0,0,Property Damage,No Injuries,Car,11,Front To Rear,2,2,0,4,"$501 to $1,500",1,0,0,0,0,0,0,28,Failing To Reduce Speed To Avoid Crash,99,Not Applicable,1,No Controls,1,No Controls,1,Clear,1,Daylight,1,Not Divided,9,Unknown,3,Free Flow,99,Unknown,,,41.9017105,-87.7753220,41.9017410,-87.7755051,1136159.88,1907264.25
35100,26 03871,2603871,X004309696,2026-07-18,08:40:00,2026-07-18 08:40:00,2026-07-20 11:16:39,Fillmore St/S Euclid Ave,,FILLMORE ST,S EUCLID AVE,0,0,0,0,Property Damage,No Injuries,Car,12,Sideswipe - Same Direction,2,2,0,5,"Over $1,500",0,1,0,0,0,0,0,02,Failing To Yield Right-Of-Way,28,Failing To Reduce Speed To Avoid Crash,1,No Controls,1,No Controls,1,Clear,1,Daylight,1,Not Divided,1,Dry,3,Free Flow,1,No Defects,O90,O17,41.8669777,-87.7926025,41.8670082,-87.7926025,1131535.63,1894578.38
35111,26 03878,2603878,X004309694,2026-07-18,12:23:00,2026-07-18 12:23:00,2026-07-20 11:40:53,Lake St/Marion St,,LAKE ST,MARION ST,1,0,0,0,Property Damage,No Injuries,Car,11,Front To Rear,2,2,0,4,"$501 to $1,500",1,0,0,0,0,0,0,28,Failing To Reduce Speed To Avoid Crash,03,Following Too Closely,1,No Controls,1,No Controls,1,Clear,1,Daylight,3,Divided With Median Barrier,1,Dry,3,Free Flow,1,No Defects,O40,O9,41.8886185,-87.8026276,41.8886452,-87.8026276,1128756.38,1902446.75
35105,26 03882,2603882,X004309691,2026-07-18,16:25:00,2026-07-18 16:25:00,2026-07-20 11:34:41,N Harlem Ave/South Blvd,,N HARLEM AVE,SOUTH BLVD,1,0,0,1,Property Damage,No Injuries,Car,10,Turning (At Least One Vehicle),2,2,0,5,"Over $1,500",1,0,0,0,0,0,0,02,Failing To Yield Right-Of-Way,28,Failing To Reduce Speed To Avoid Crash,3,Traffic Signal,4,Functioning Properly,1,Clear,1,Daylight,15,T-Intersection,1,Dry,3,Free Flow,1,No Defects,F1,FPPD,41.8866921,-87.8050156,41.8867111,-87.8049927,1128109.63,1901740.13
35113,26 03893,2603893,X004309688,2026-07-19,01:07:00,2026-07-19 01:07:00,2026-07-20 11:40:54,6942 Roosevelt Rd,6942,ROOSEVELT RD,,0,0,0,0,Property Damage,No Injuries,Car,10,Turning (At Least One Vehicle),2,2,0,5,"Over $1,500",0,1,0,0,0,0,0,04,Improper Overtaking/Passing,28,Failing To Reduce Speed To Avoid Crash,1,No Controls,1,No Controls,1,Clear,5,"Darkness, Lighted Road",1,Not Divided,1,Dry,3,Free Flow,1,No Defects,O90,O18,41.8651428,-87.7963715,41.8651733,-87.7985001,1130513.88,1893903.50
35112,26 03894,2603894,X004309682,2026-07-19,02:36:00,2026-07-19 02:36:00,2026-07-20 11:40:53,700 S Oak Park Ave,700,S OAK PARK AVE,,0,1,0,1,Property Damage,No Injuries,Car,13,Sideswipe - Opposite Direction,2,2,0,5,"Over $1,500",0,1,0,0,0,0,0,18,Unable To Determine,15,Driving Skills/Knowledge/Experience,3,Traffic Signal,4,Functioning Properly,1,Clear,5,"Darkness, Lighted Road",2,"Divided, No Median Barrier",1,Dry,3,Free Flow,1,No Defects,O60,O15,41.8761139,-87.7941742,41.8759918,-87.7939453,1131087.63,1897904.50
35151,26 03895,2603895,X004317547,2026-07-19,04:38:00,2026-07-19 04:38:00,2026-07-27 10:05:59,S Austin Blvd/I290 Expy W,,S AUSTIN BLVD,I290 EXPY W,1,0,0,1,Property Damage,No Injuries,Car,7,Other Object,2,1,0,5,"Over $1,500",0,1,0,0,0,0,0,15,Driving Skills/Knowledge/Experience,18,Unable To Determine,3,Traffic Signal,4,Functioning Properly,1,Clear,1,Daylight,4,Two-Way Continuous Left-Turn Lane,1,Dry,3,Free Flow,1,No Defects,O80,O13,41.8712502,-87.7743759,41.8712502,-87.7743378,1136490.13,1896166.00
35108,26 03905,2603905,X004309679,2026-07-19,19:41:00,2026-07-19 19:41:00,2026-07-20 11:40:51,720 Lake St,720,LAKE ST,,0,0,0,0,Property Damage,No Injuries,Pedalcyclist,2,Pedalcyclist,2,1,0,4,"$501 to $1,500",1,0,0,0,0,0,0,02,Failing To Yield Right-Of-Way,99,Not Applicable,1,No Controls,1,No Controls,1,Clear,1,Daylight,1,Not Divided,1,Dry,3,Free Flow,1,No Defects,O30,O8,41.8885841,-87.7936020,41.8887253,-87.7937012,1131213.75,1902450.25
35114,26 03909,2603909,X004309677,2026-07-19,20:43:00,2026-07-19 20:43:00,2026-07-20 11:40:54,Lake St/N Harlem Ave,,LAKE ST,N HARLEM AVE,1,0,0,0,Property Damage,No Injuries,Car,12,Sideswipe - Same Direction,2,2,0,4,"$501 to $1,500",1,0,0,0,0,0,0,20,Improper Lane Usage,99,Not Applicable,3,Traffic Signal,4,Functioning Properly,1,Clear,3,Dusk,1,Not Divided,1,Dry,1,Slow,1,No Defects,O40,O9,41.8885536,-87.8050537,41.8885841,-87.8050537,1128096.13,1902419.63
35117,26 03912,2603912,X004310738,2026-07-20,08:53:00,2026-07-20 08:53:00,2026-07-21 10:24:56,1116 Garfield St,1116,GARFIELD ST,,0,0,0,1,Property Damage,No Injuries,Car,17,Rear To Rear,2,2,0,4,"$501 to $1,500",1,0,0,0,0,0,0,30,Improper Backing,99,Not Applicable,1,No Controls,1,No Controls,1,Clear,1,Daylight,7,Parking Lot,1,Dry,3,Free Flow,1,No Defects,O90,O18,41.8723373,-87.8027649,41.8724365,-87.8027649,1128756.13,1896514.63
35122,26 03918,2603918,X004310731,2026-07-20,12:32:00,2026-07-20 12:32:00,2026-07-21 10:24:58,333 Harrison St,333,HARRISON ST,,0,0,0,0,Property Damage,No Injuries,Car,9,Parked Motor Vehicle,3,3,0,5,"Over $1,500",1,0,0,0,0,0,0,28,Failing To Reduce Speed To Avoid Crash,15,Driving Skills/Knowledge/Experience,1,No Controls,1,No Controls,1,Clear,1,Daylight,2,"Divided, No Median Barrier",1,Dry,3,Free Flow,1,No Defects,O80,O13,41.8726196,-87.7832870,41.8725548,-87.7833481,1134059.50,1896650.75
35121,26 03919,2603919,X004310729,2026-07-20,12:55:00,2026-07-20 12:55:00,2026-07-21 10:24:58,511 S Ridgeland Ave,511,S RIDGELAND AVE,,0,0,0,1,Property Damage,No Injuries,Car,6,Fixed Object,2,1,0,5,"Over $1,500",1,0,0,0,0,0,0,28,Failing To Reduce Speed To Avoid Crash,18,Unable To Determine,1,No Controls,1,No Controls,1,Clear,1,Daylight,7,Parking Lot,1,Dry,3,Free Flow,1,No Defects,O80,O13,41.8793984,-87.7844086,41.8793564,-87.7846375,1133738.13,1899118.63
35118,26 03923,2603923,X004310728,2026-07-20,16:05:00,2026-07-20 16:05:00,2026-07-21 10:24:57,Randolph St/S Oak Park Ave,,RANDOLPH ST,S OAK PARK AVE,0,0,0,1,Property Damage,No Injuries,Car,9,Parked Motor Vehicle,2,2,0,5,"Over $1,500",1,0,0,0,0,0,0,03,Following Too Closely,15,Driving Skills/Knowledge/Experience,3,Traffic Signal,4,Functioning Properly,1,Clear,1,Daylight,1,Not Divided,1,Dry,3,Free Flow,1,No Defects,O60,O11,41.8832703,-87.7943573,41.8834534,-87.7943649,1131020.00,1900511.75
35120,26 03924,2603924,X004310727,2026-07-20,18:52:00,2026-07-20 18:52:00,2026-07-21 10:24:58,Madison St/S Kenilworth Ave,,MADISON ST,S KENILWORTH AVE,1,1,0,1,Property Damage,No Injuries,Car,10,Turning (At Least One Vehicle),2,2,0,5,"Over $1,500",0,1,0,0,0,0,0,28,Failing To Reduce Speed To Avoid Crash,08,Under The Influence Of Alc/Drugs-Use For Dui,1,No Controls,1,No Controls,1,Clear,1,Daylight,1,Not Divided,1,Dry,1,Slow,1,No Defects,O70,O12,41.8797531,-87.7969131,41.8797264,-87.7969208,1130331.13,1899226.75
35119,26 03926,2603926,X004310724,2026-07-20,19:27:00,2026-07-20 19:27:00,2026-07-21 10:18:50,Lake St/N Harlem Ave,,LAKE ST,N HARLEM AVE,0,0,0,0,Property Damage,No Injuries,Car,6,Fixed Object,2,1,0,5,"Over $1,500",0,1,0,0,0,0,0,28,Failing To Reduce Speed To Avoid Crash,15,Driving Skills/Knowledge/Experience,3,Traffic Signal,4,Functioning Properly,1,Clear,1,Daylight,2,"Divided, No Median Barrier",1,Dry,3,Free Flow,1,No Defects,O40,O9,41.8885536,-87.8050537,41.8885841,-87.8050537,1128096.13,1902419.63
35127,26 03940,2603940,X004311742,2026-07-21,17:40:00,2026-07-21 17:40:00,2026-07-22 09:51:02,S Oak Park Ave/Harvard St,,S OAK PARK AVE,HARVARD ST,1,1,0,0,Injury,B Injury Crash,Pedalcyclist,2,Pedalcyclist,2,1,0,4,"$501 to $1,500",0,1,0,0,1,0,1,02,Failing To Yield Right-Of-Way,15,Driving Skills/Knowledge/Experience,3,Traffic Signal,4,Functioning Properly,1,Clear,1,Daylight,14,Four-Way Intersection,1,Dry,3,Free Flow,1,No Defects,O90,O17,41.8688164,-87.7938461,41.8688087,-87.7938767,1131193.50,1895245.88
35128,26 03942,2603942,X004311735,2026-07-21,18:38:00,2026-07-21 18:38:00,2026-07-22 09:51:02,S Ridgeland Ave/Madison St,,S RIDGELAND AVE,MADISON ST,0,0,0,0,Property Damage,No Injuries,Car,11,Front To Rear,2,2,0,5,"Over $1,500",1,0,0,0,0,0,0,03,Following Too Closely,15,Driving Skills/Knowledge/Experience,3,Traffic Signal,4,Functioning Properly,1,Clear,1,Daylight,14,Four-Way Intersection,1,Dry,1,Slow,1,No Defects,O80,O13,41.8799324,-87.7844238,41.8799324,-87.7844620,1133732.63,1899313.88
35129,26 03943,2603943,X004311724,2026-07-21,19:15:00,2026-07-21 19:15:00,2026-07-22 09:51:03,1105 Holley Ct,1105,HOLLEY CT,,0,0,0,0,Property Damage,No Injuries,Car,12,Sideswipe - Same Direction,2,2,0,4,"$501 to $1,500",1,0,0,0,0,0,0,04,Improper Overtaking/Passing,18,Unable To Determine,1,No Controls,1,No Controls,1,Clear,1,Daylight,7,Parking Lot,1,Dry,3,Free Flow,1,No Defects,O40,O9,41.8897057,-87.8027039,41.8895912,-87.8030548,1128733.25,1902842.50
35132,26 03952,2603952,X004312985,2026-07-22,11:49:00,2026-07-22 11:49:00,2026-07-23 09:27:52,Chicago Ave/N Marion St,,CHICAGO AVE,N MARION ST,1,1,0,0,Injury,C Injury Crash,Pedalcyclist,2,Pedalcyclist,2,1,0,5,"Over $1,500",0,1,0,0,0,1,1,02,Failing To Yield Right-Of-Way,28,Failing To Reduce Speed To Avoid Crash,1,No Controls,1,No Controls,1,Clear,1,Daylight,2,"Divided, No Median Barrier",1,Dry,3,Free Flow,1,No Defects,O40,O9,41.8942337,-87.8028259,41.8942528,-87.8032684,1128690.13,1904493.25
35133,26 03957,2603957,X004312981,2026-07-22,13:15:00,2026-07-22 13:15:00,2026-07-23 09:34:14,1120 Pleasant St,1120,PLEASANT ST,,0,1,0,0,Property Damage,No Injuries,Car,12,Sideswipe - Same Direction,2,2,0,4,"$501 to $1,500",1,0,0,0,0,0,0,02,Failing To Yield Right-Of-Way,28,Failing To Reduce Speed To Avoid Crash,1,No Controls,1,No Controls,1,Clear,1,Daylight,1,Not Divided,1,Dry,3,Free Flow,1,No Defects,O70,O12,41.8854637,-87.8032913,41.8855934,-87.8031769,1128582.25,1901296.38
35131,26 03959,2603959,X004313147,2026-07-22,15:20:00,2026-07-22 15:20:00,2026-07-23 09:27:51,134 Home Ave,134,HOME AVE,,0,0,0,0,Property Damage,No Injuries,Car,9,Parked Motor Vehicle,2,2,0,3,$500 or less,1,0,0,0,0,0,0,28,Failing To Reduce Speed To Avoid Crash,20,Improper Lane Usage,1,No Controls,1,No Controls,1,Clear,1,Daylight,1,Not Divided,1,Dry,1,Slow,1,No Defects,O70,O12,41.8855400,-87.8001251,41.8855934,-87.7998733,1129445.88,1901329.13
35154,26 03962,2603962,X004319401,2026-07-22,16:46:00,2026-07-22 16:46:00,2026-07-28 09:38:02,N Harlem Ave/Lake St,,N HARLEM AVE,LAKE ST,1,1,0,0,Property Damage,No Injuries,Car,12,Sideswipe - Same Direction,2,2,0,4,"$501 to $1,500",1,0,0,0,0,0,0,04,Improper Overtaking/Passing,15,Driving Skills/Knowledge/Experience,3,Traffic Signal,4,Functioning Properly,1,Clear,1,Daylight,15,T-Intersection,1,Dry,1,Slow,1,No Defects,R83,RFPD,41.8885765,-87.8050919,41.8885841,-87.8050537,1128084.88,1902427.75
35134,26 03969,2603969,X004313884,2026-07-22,22:30:00,2026-07-22 22:30:00,2026-07-23 09:27:52,213 Washington Blvd,213,WASHINGTON BLVD,,0,0,0,1,Property Damage,No Injuries,Car,7,Other Object,2,1,0,5,"Over $1,500",0,1,0,0,0,0,0,05,Driving On Wrong Side/Wrong Way,08,Under The Influence Of Alc/Drugs-Use For Dui,3,Traffic Signal,4,Functioning Properly,1,Clear,4,Darkness,1,Not Divided,1,Dry,3,Free Flow,1,No Defects,O50,O10,41.8821144,-87.7762146,41.8816185,-87.7803650,1135963.13,1900122.00
35384,26 03973,2603973,X004357315,2026-07-23,00:45:00,2026-07-23 00:45:00,2026-08-31 09:45:27,S Harlem Ave/Garfield St,,S HARLEM AVE,GARFIELD ST,1,0,0,1,Injury,B Injury Crash,Car,12,Sideswipe - Same Direction,2,2,0,3,$500 or less,0,1,0,0,1,0,1,06,Improper Turning/No Signal,15,Driving Skills/Knowledge/Experience,1,No Controls,1,No Controls,1,Clear,1,Daylight,1,Not Divided,1,Dry,3,Free Flow,1,No Defects,O90,O18,41.8723068,-87.8044357,41.8723183,-87.8044663,1128300.88,1896500.75
35136,26 03986,2603986,X004314018,2026-07-23,14:32:00,2026-07-23 14:32:00,2026-07-24 07:27:41,34 N Austin Blvd,34,N AUSTIN BLVD,,0,0,0,0,Property Damage,No Injuries,Car,11,Front To Rear,3,3,0,4,"$501 to $1,500",1,0,0,0,0,0,0,28,Failing To Reduce Speed To Avoid Crash,99,Not Applicable,1,No Controls,1,No Controls,1,Clear,1,Daylight,1,Not Divided,1,Dry,2,Stopped,1,No Defects,,,41.8811646,-87.7746658,41.8810959,-87.7749023,1136388.50,1899778.63
35148,26 03999,2603999,X004316929,2026-07-24,08:19:00,2026-07-24 08:19:00,2026-07-27 10:05:57,Ontario St/N Kenilworth Ave,,ONTARIO ST,N KENILWORTH AVE,1,1,0,0,Injury,C Injury Crash,Pedalcyclist,2,Pedalcyclist,2,1,0,3,$500 or less,0,1,0,0,0,1,1,02,Failing To Yield Right-Of-Way,28,Failing To Reduce Speed To Avoid Crash,2,Stop Sign,4,Functioning Properly,1,Clear,1,Daylight,1,Not Divided,9,Unknown,3,Free Flow,99,Unknown,O40,O9,41.8901482,-87.7975464,41.8901749,-87.7975540,1130135.38,1903013.75
35150,26 04003,2604003,X004316932,2026-07-24,10:57:00,2026-07-24 10:57:00,2026-07-27 10:05:58,826 North Blvd,826,NORTH BLVD,,0,0,0,0,Property Damage,No Injuries,Car,10,Turning (At Least One Vehicle),2,2,0,5,"Over $1,500",1,0,0,0,0,0,0,04,Improper Overtaking/Passing,03,Following Too Closely,13,Other,4,Functioning Properly,1,Clear,1,Daylight,10,One-Way,1,Dry,3,Free Flow,1,No Defects,O40,O9,41.8872833,-87.7957764,41.8873405,-87.7957459,1130625.88,1901971.50
35144,26 04004,2604004,X004316940,2026-07-24,11:53:00,2026-07-24 11:53:00,2026-07-27 09:53:54,Madison St/Carpenter Ave,,MADISON ST,CARPENTER AVE,1,1,0,0,Injury,B Injury Crash,Pedalcyclist,2,Pedalcyclist,2,1,0,4,"$501 to $1,500",0,1,0,0,1,0,1,02,Failing To Yield Right-Of-Way,28,Failing To Reduce Speed To Avoid Crash,1,No Controls,1,No Controls,1,Clear,1,Daylight,2,"Divided, No Median Barrier",1,Dry,3,Free Flow,1,No Defects,O60,O15,41.8797111,-87.7962799,41.8797378,-87.7962875,1130504.50,1899211.75
35147,26 04018,2604018,X004316943,2026-07-25,02:58:00,2026-07-25 02:58:00,2026-07-27 10:05:57,Randolph St/Home Ave,,RANDOLPH ST,HOME AVE,0,0,0,0,Property Damage,No Injuries,Car,11,Front To Rear,3,3,0,4,"$501 to $1,500",1,0,0,0,0,0,0,17,Physical Condition Of Driver,18,Unable To Determine,1,No Controls,1,No Controls,1,Clear,5,"Darkness, Lighted Road",1,Not Divided,1,Dry,3,Free Flow,1,No Defects,O70,O12,41.8832932,-87.8000031,41.8833275,-87.8000031,1129483.88,1900511.75
35139,26 04020,2604020,X004315670,2026-07-25,09:46:00,2026-07-25 09:46:00,2026-07-25 10:41:05,N Scoville Ave/Lake St,,N SCOVILLE AVE,LAKE ST,0,0,0,0,Property Damage,No Injuries,Car,6,Fixed Object,1,1,0,3,$500 or less,1,0,0,0,0,0,0,02,Failing To Yield Right-Of-Way,15,Driving Skills/Knowledge/Experience,1,No Controls,1,No Controls,1,Clear,1,Daylight,7,Parking Lot,1,Dry,3,Free Flow,1,No Defects,O30,O8,41.8884277,-87.7880020,41.8884315,-87.7879639,1132739.13,1902402.38