record_id,report_number,crash_id,idot_crash_number,date,time,occurred_at,record_added_at,location,street_number,street_name,cross_street,at_intersection,intersection_related,private_property,hit_and_run,crash_severity,crash_injury_severity,crash_mode,crash_type_code,crash_type,total_units,num_motor_vehicles,dooring_pedalcyclist,damage_code,damage,no_injury_drive_away,injury_or_towed,fatalities,a_injuries,b_injuries,c_injuries,total_injured,cause1_code,cause1,cause2_code,cause2,traffic_control_code,traffic_control,device_condition_code,device_condition,weather_code,weather,lighting_code,lighting,trafficway_code,trafficway,road_surface_code,road_surface,flow_condition_code,flow_condition,road_defects_code,road_defects,beat_zone,post_district,latitude,longitude,latitude_geocoded,longitude_geocoded,state_plane_x,state_plane_y
35152,26 04022,2604022,X004316944,2026-07-25,16:55:00,2026-07-25 16:55:00,2026-07-27 10:05:59,S Lombard Ave/Washing Blvd,,S LOMBARD AVE,WASHING BLVD,0,0,0,0,Injury,C Injury Crash,Car,15,Angle,2,2,0,5,"Over $1,500",0,1,0,0,0,1,1,02,Failing To Yield Right-Of-Way,28,Failing To Reduce Speed To Avoid Crash,1,No Controls,1,No Controls,1,Clear,1,Daylight,2,"Divided, No Median Barrier",1,Dry,3,Free Flow,1,No Defects,O50,O10,41.8819313,-87.7795868,41.8729668,-87.7793121,1135046.75,1900049.63
35145,26 04028,2604028,X004316946,2026-07-25,23:24:00,2026-07-25 23:24:00,2026-07-27 09:59:54,Madison St/S Maple Ave,,MADISON ST,S MAPLE AVE,0,0,0,0,Property Damage,No Injuries,Car,11,Front To Rear,2,2,0,5,"Over $1,500",1,0,0,0,0,0,0,03,Following Too Closely,15,Driving Skills/Knowledge/Experience,1,No Controls,1,No Controls,1,Clear,5,"Darkness, Lighted Road",2,"Divided, No Median Barrier",1,Dry,3,Free Flow,1,No Defects,O60,O15,41.8795929,-87.8038635,41.8796196,-87.8038635,1128439.38,1899156.50
35158,26 04068,2604068,X004319402,2026-07-26,13:51:00,2026-07-26 13:51:00,2026-07-28 14:59:59,Ontario/Oak Park Ave,,ONTARIO,OAK PARK AVE,0,0,0,1,Property Damage,No Injuries,Car,9,Parked Motor Vehicle,2,2,0,3,$500 or less,1,0,0,0,0,0,0,18,Unable To Determine,18,Unable To Determine,1,No Controls,1,No Controls,1,Clear,1,Daylight,2,"Divided, No Median Barrier",1,Dry,1,Slow,1,No Defects,O30,O8,41.8901749,-87.7945557,41.8902016,-87.7945557,1130949.88,1903028.13
35182,26 04034,2604034,X004322962,2026-07-26,18:57:00,2026-07-26 18:57:00,2026-07-31 07:44:23,18 Chicago Ave,18,CHICAGO AVE,,0,0,0,0,Injury,B Injury Crash,Car,6,Fixed Object,1,1,0,5,"Over $1,500",0,1,0,0,1,0,1,20,Improper Lane Usage,99,Not Applicable,1,No Controls,1,No Controls,1,Clear,1,Daylight,1,Not Divided,1,Dry,3,Free Flow,1,No Defects,O10,O4,41.8947296,-87.7759781,41.8948097,-87.7760239,1135998.13,1904719.00
35140,26 04036,2604036,X004316514,2026-07-26,20:18:00,2026-07-26 20:18:00,2026-07-26 23:10:49,401 Madison St,401,MADISON ST,,0,0,0,1,Property Damage,No Injuries,Car,9,Parked Motor Vehicle,2,2,0,4,"$501 to $1,500",1,0,0,0,0,0,0,18,Unable To Determine,99,Not Applicable,1,No Controls,1,No Controls,1,Clear,5,"Darkness, Lighted Road",7,Parking Lot,1,Dry,3,Free Flow,1,No Defects,O60,O14,41.8799057,-87.7845306,41.8795738,-87.7848740,1133704.00,1899302.25
35156,26 04041,2604041,X004318324,2026-07-27,09:41:00,2026-07-27 09:41:00,2026-07-28 09:44:01,N Austin Blv/Lake,,N AUSTIN BLV,LAKE,1,1,0,1,Property Damage,No Injuries,Car,11,Front To Rear,3,3,0,5,"Over $1,500",1,0,0,0,0,0,0,18,Unable To Determine,18,Unable To Determine,3,Traffic Signal,4,Functioning Properly,1,Clear,1,Daylight,2,"Divided, No Median Barrier",1,Dry,1,Slow,1,No Defects,,,41.8880272,-87.7748947,41.8880234,-87.7749329,1136309.00,1902279.13
35157,26 04044,2604044,X004318323,2026-07-27,13:28:00,2026-07-27 13:28:00,2026-07-28 09:44:01,South Blvd/S Ridgeland Ave,,SOUTH BLVD,S RIDGELAND AVE,0,0,0,0,Injury,C Injury Crash,Car,14,Front To Front,3,3,0,5,"Over $1,500",0,1,0,0,0,2,2,28,Failing To Reduce Speed To Avoid Crash,15,Driving Skills/Knowledge/Experience,3,Traffic Signal,4,Functioning Properly,2,Rain,1,Daylight,1,Not Divided,2,Wet,3,Free Flow,1,No Defects,O50,O10,41.8869286,-87.7846527,41.8869553,-87.7846603,1133653.50,1901862.13
35161,26 04049,2604049,X004319664,2026-07-27,15:12:00,2026-07-27 15:12:00,2026-07-29 09:45:22,N Austin Blvd/Chicago Ave,,N AUSTIN BLVD,CHICAGO AVE,0,0,0,0,Injury,C Injury Crash,Car,11,Front To Rear,2,2,0,4,"$501 to $1,500",0,1,0,0,0,1,1,28,Failing To Reduce Speed To Avoid Crash,03,Following Too Closely,3,Traffic Signal,4,Functioning Properly,8,Cloudy/Overcast,1,Daylight,1,Not Divided,2,Wet,1,Slow,1,No Defects,,,41.8947105,-87.7751083,41.8947105,-87.7751389,1136235.63,1904714.63
35163,26 04071,2604071,X004319659,2026-07-28,14:50:00,2026-07-28 14:50:00,2026-07-29 09:45:22,Lake St/East Ave,,LAKE ST,EAST AVE,0,0,0,0,Property Damage,No Injuries,Pedalcyclist,2,Pedalcyclist,2,1,0,3,$500 or less,1,0,0,0,0,0,0,04,Improper Overtaking/Passing,18,Unable To Determine,1,No Controls,1,No Controls,1,Clear,1,Daylight,2,"Divided, No Median Barrier",1,Dry,1,Slow,1,No Defects,O30,O8,41.8884582,-87.7895889,41.8884849,-87.7895889,1132306.13,1902410.38
35159,26 04072,2604072,X004319657,2026-07-28,15:10:00,2026-07-28 15:10:00,2026-07-29 09:45:21,Roosevelt Rd/Grove Ave,,ROOSEVELT RD,GROVE AVE,1,1,0,0,Injury,B Injury Crash,Car,10,Turning (At Least One Vehicle),4,3,0,5,"Over $1,500",0,1,0,0,1,0,1,02,Failing To Yield Right-Of-Way,06,Improper Turning/No Signal,1,No Controls,1,No Controls,1,Clear,1,Daylight,2,"Divided, No Median Barrier",1,Dry,3,Free Flow,1,No Defects,O90,O18,41.8651695,-87.7950668,41.8651390,-87.7950668,1130868.88,1893914.13
35164,26 04073,2604073,X004319655,2026-07-28,15:57:00,2026-07-28 15:57:00,2026-07-29 09:39:16,Harvard St/S Ridgeland Ave,,HARVARD ST,S RIDGELAND AVE,1,1,0,0,Property Damage,No Injuries,Car,10,Turning (At Least One Vehicle),2,2,0,5,"Over $1,500",1,0,0,0,0,0,0,28,Failing To Reduce Speed To Avoid Crash,06,Improper Turning/No Signal,3,Traffic Signal,4,Functioning Properly,1,Clear,1,Daylight,1,Not Divided,1,Dry,3,Free Flow,1,No Defects,O90,O16,41.8689537,-87.7840881,41.8689804,-87.7840881,1133850.25,1895312.50
35199,26 04161,2604161,X004325857,2026-07-29,08:00:00,2026-07-29 08:00:00,2026-08-03 10:42:40,Augusta St/N Harlem Ave,,AUGUSTA ST,N HARLEM AVE,1,0,0,0,Property Damage,No Injuries,Car,11,Front To Rear,2,2,0,3,$500 or less,1,0,0,0,0,0,0,28,Failing To Reduce Speed To Avoid Crash,41,Distraction - From Inside Vehicle,3,Traffic Signal,4,Functioning Properly,1,Clear,1,Daylight,2,"Divided, No Median Barrier",1,Dry,2,Stopped,1,No Defects,R82,RFPD,41.8978691,-87.8053894,41.8978996,-87.8053818,1127983.50,1905813.38
35167,26 04092,2604092,X004320876,2026-07-29,12:29:00,2026-07-29 12:29:00,2026-07-30 10:07:13,Ontario St/Forest Ave,,ONTARIO ST,FOREST AVE,0,0,0,0,Property Damage,No Injuries,Car,9,Parked Motor Vehicle,2,2,0,5,"Over $1,500",1,0,0,0,0,0,0,30,Improper Backing,15,Driving Skills/Knowledge/Experience,17,Pedestrian Crossing Sign,4,Functioning Properly,1,Clear,1,Daylight,1,Not Divided,1,Dry,3,Free Flow,1,No Defects,O40,O9,41.8901062,-87.8002243,41.8901405,-87.8002319,1129406.75,1902993.88
35168,26 04093,2604093,X004320872,2026-07-29,12:33:00,2026-07-29 12:33:00,2026-07-30 10:13:15,N Harlem Ave/North Blvd,,N HARLEM AVE,NORTH BLVD,0,1,0,0,Property Damage,No Injuries,Car,11,Front To Rear,2,2,0,4,"$501 to $1,500",1,0,0,0,0,0,0,18,Unable To Determine,18,Unable To Determine,1,No Controls,1,No Controls,1,Clear,1,Daylight,2,"Divided, No Median Barrier",1,Dry,1,Slow,1,No Defects,R83,RFPD,41.8871231,-87.8050308,41.8871231,-87.8049927,1128104.38,1901898.38
35222,26 04097,2604097,X004328659,2026-07-29,14:10:00,2026-07-29 14:10:00,2026-08-06 09:45:19,N Lombard Ave/Chicago Ave,,N LOMBARD AVE,CHICAGO AVE,0,0,0,0,Property Damage,No Injuries,Car,12,Sideswipe - Same Direction,2,2,0,5,"Over $1,500",1,0,0,0,0,0,0,28,Failing To Reduce Speed To Avoid Crash,02,Failing To Yield Right-Of-Way,1,No Controls,1,No Controls,1,Clear,1,Daylight,2,"Divided, No Median Barrier",1,Dry,3,Free Flow,1,No Defects,O30,O7,41.8946419,-87.7800446,41.8946495,-87.7800064,1134891.50,1904680.63
35170,26 04101,2604101,X004320870,2026-07-29,15:35:00,2026-07-29 15:35:00,2026-07-30 10:13:16,Washington Blvd/N Austin Blvd,,WASHINGTON BLVD,N AUSTIN BLVD,1,1,0,0,Property Damage,No Injuries,Car,10,Turning (At Least One Vehicle),2,2,0,5,"Over $1,500",1,0,0,0,0,0,0,28,Failing To Reduce Speed To Avoid Crash,28,Failing To Reduce Speed To Avoid Crash,3,Traffic Signal,4,Functioning Properly,1,Clear,1,Daylight,1,Not Divided,1,Dry,1,Slow,1,No Defects,O50,O10,41.8820839,-87.7747345,41.8821106,-87.7747269,1136367.88,1900113.38
35169,26 04103,2604103,X004320868,2026-07-29,16:46:00,2026-07-29 16:46:00,2026-07-30 10:13:15,Madison St/Ridgeland Ave,,MADISON ST,RIDGELAND AVE,1,1,0,0,Property Damage,No Injuries,Car,12,Sideswipe - Same Direction,2,2,0,4,"$501 to $1,500",1,0,0,0,0,0,0,02,Failing To Yield Right-Of-Way,20,Improper Lane Usage,3,Traffic Signal,4,Functioning Properly,1,Clear,1,Daylight,4,Two-Way Continuous Left-Turn Lane,1,Dry,1,Slow,1,No Defects,O80,O13,41.8799019,-87.7844620,41.8799324,-87.7844620,1133723.63,1899302.88
35172,26 04104,2604104,X004320879,2026-07-29,18:27:00,2026-07-29 18:27:00,2026-07-30 10:07:13,Oak Park Ave/Chicago Ave,,OAK PARK AVE,CHICAGO AVE,0,0,0,0,Property Damage,No Injuries,Car,12,Sideswipe - Same Direction,2,2,0,3,$500 or less,1,0,0,0,0,0,0,03,Following Too Closely,15,Driving Skills/Knowledge/Experience,3,Traffic Signal,4,Functioning Properly,1,Clear,1,Daylight,2,"Divided, No Median Barrier",1,Dry,1,Slow,1,No Defects,O40,O9,41.8944054,-87.7947082,41.8944054,-87.7946777,1130898.00,1904568.63
35171,26 04110,2604110,X004321780,2026-07-29,23:39:00,2026-07-29 23:39:00,2026-07-30 10:13:16,330 S Taylor Ave,330,S TAYLOR AVE,,0,0,0,1,Property Damage,No Injuries,Car,7,Other Object,2,1,0,4,"$501 to $1,500",1,0,0,0,0,0,0,28,Failing To Reduce Speed To Avoid Crash,05,Driving On Wrong Side/Wrong Way,1,No Controls,1,No Controls,1,Clear,4,Darkness,8,Other,9,Unknown,3,Free Flow,99,Unknown,O50,O10,41.8829002,-87.7780533,41.8826790,-87.7777481,1135461.63,1900405.50
35174,26 04112,2604112,X004321832,2026-07-30,09:29:00,2026-07-30 09:29:00,2026-07-31 07:32:24,S Maple Ave/Jackson Blvd,,S MAPLE AVE,JACKSON BLVD,0,0,0,1,Property Damage,No Injuries,Car,9,Parked Motor Vehicle,2,2,0,3,$500 or less,1,0,0,0,0,0,0,28,Failing To Reduce Speed To Avoid Crash,18,Unable To Determine,1,No Controls,1,No Controls,9,Unknown,9,Unknown,7,Parking Lot,9,Unknown,3,Free Flow,99,Unknown,O60,O15,41.8753815,-87.8036118,41.8760185,-87.8037415,1128517.13,1897621.25
35186,26 04116,2604116,X004322003,2026-07-30,11:35:00,2026-07-30 11:35:00,2026-07-31 09:41:03,202 N Austin Blvd,202,N AUSTIN BLVD,,0,1,0,0,Property Damage,No Injuries,Car,11,Front To Rear,2,2,0,5,"Over $1,500",0,1,0,0,0,0,0,28,Failing To Reduce Speed To Avoid Crash,18,Unable To Determine,1,No Controls,1,No Controls,1,Clear,1,Daylight,1,Not Divided,1,Dry,3,Free Flow,1,No Defects,,,41.8841362,-87.7747574,41.8842468,-87.7748718,1136355.88,1900861.50
35181,26 04117,2604117,X004321843,2026-07-30,11:46:00,2026-07-30 11:46:00,2026-07-31 07:44:23,Madison St/Wenonah Ave,,MADISON ST,WENONAH AVE,1,0,0,0,Injury,B Injury Crash,Car,10,Turning (At Least One Vehicle),2,2,0,5,"Over $1,500",0,1,0,0,1,0,1,02,Failing To Yield Right-Of-Way,28,Failing To Reduce Speed To Avoid Crash,1,No Controls,1,No Controls,1,Clear,1,Daylight,2,"Divided, No Median Barrier",1,Dry,3,Free Flow,1,No Defects,O60,O15,41.8796272,-87.8010864,41.8796539,-87.8010864,1129196.63,1899173.88
35175,26 04120,2604120,X004321844,2026-07-30,13:03:00,2026-07-30 13:03:00,2026-07-31 07:38:19,Wenonah Ave/Madison St,,WENONAH AVE,MADISON ST,0,0,0,0,Property Damage,No Injuries,Car,9,Parked Motor Vehicle,2,2,0,5,"Over $1,500",1,0,0,0,0,0,0,30,Improper Backing,28,Failing To Reduce Speed To Avoid Crash,1,No Controls,1,No Controls,1,Clear,1,Daylight,1,Not Divided,1,Dry,3,Free Flow,1,No Defects,O60,O15,41.8796539,-87.8011246,41.8796539,-87.8010864,1129185.50,1899183.38
35173,26 04123,2604123,X004321845,2026-07-30,15:19:00,2026-07-30 15:19:00,2026-07-31 07:32:24,S Scoville Ave/Madison St,,S SCOVILLE AVE,MADISON ST,1,1,0,0,Property Damage,No Injuries,Pedalcyclist,2,Pedalcyclist,2,1,0,4,"$501 to $1,500",1,0,0,0,0,0,0,02,Failing To Yield Right-Of-Way,18,Unable To Determine,2,Stop Sign,4,Functioning Properly,1,Clear,1,Daylight,1,Not Divided,1,Dry,2,Stopped,1,No Defects,O60,O11,41.8798790,-87.7876892,41.8798714,-87.7881393,1132843.38,1899287.88
35178,26 04126,2604126,X004321851,2026-07-30,16:54:00,2026-07-30 16:54:00,2026-07-31 07:44:22,222 N Ridgeland Ave,222,N RIDGELAND AVE,,0,0,0,0,Property Damage,No Injuries,Car,11,Front To Rear,3,3,0,5,"Over $1,500",1,0,0,0,0,0,0,03,Following Too Closely,28,Failing To Reduce Speed To Avoid Crash,17,Pedestrian Crossing Sign,4,Functioning Properly,1,Clear,1,Daylight,14,Four-Way Intersection,1,Dry,1,Slow,1,No Defects,O30,O7,41.8911858,-87.7847443,41.8912468,-87.7845001,1133619.75,1903412.50
35177,26 04127,2604127,X004321853,2026-07-30,17:23:00,2026-07-30 17:23:00,2026-07-31 07:44:22,401 Madison St,401,MADISON ST,,0,0,0,0,Property Damage,No Injuries,Car,15,Angle,2,2,0,5,"Over $1,500",1,0,0,0,0,0,0,02,Failing To Yield Right-Of-Way,18,Unable To Determine,1,No Controls,1,No Controls,1,Clear,1,Daylight,1,Not Divided,1,Dry,3,Free Flow,1,No Defects,O60,O14,41.8799057,-87.7845306,41.8795738,-87.7848740,1133704.00,1899302.25
35185,26 04129,2604129,X004322004,2026-07-30,18:45:00,2026-07-30 18:45:00,2026-07-31 09:46:55,30 W Washington,30,W WASHINGTON,,0,0,0,0,Property Damage,No Injuries,Car,9,Parked Motor Vehicle,2,2,0,5,"Over $1,500",1,0,0,0,0,0,0,28,Failing To Reduce Speed To Avoid Crash,20,Improper Lane Usage,1,No Controls,1,No Controls,1,Clear,1,Daylight,2,"Divided, No Median Barrier",1,Dry,3,Free Flow,1,No Defects,O50,O10,41.8821144,-87.7761154,41.8824463,-87.7760391,1135989.25,1900122.75
35179,26 04130,2604130,X004321854,2026-07-30,19:14:00,2026-07-30 19:14:00,2026-07-31 07:44:22,Randolph St/Wisconsin Ave,,RANDOLPH ST,WISCONSIN AVE,0,0,0,0,Property Damage,No Injuries,Car,9,Parked Motor Vehicle,2,2,0,5,"Over $1,500",1,0,0,0,0,0,0,30,Improper Backing,28,Failing To Reduce Speed To Avoid Crash,1,No Controls,1,No Controls,1,Clear,1,Daylight,2,"Divided, No Median Barrier",1,Dry,3,Free Flow,1,No Defects,O70,O12,41.8832359,-87.8024368,41.8832626,-87.8024368,1128820.13,1900485.88
35180,26 04131,2604131,X004321857,2026-07-30,20:23:00,2026-07-30 20:23:00,2026-07-31 07:38:20,Lexington St/S Euclid Ave,,LEXINGTON ST,S EUCLID AVE,1,1,0,0,Injury,B Injury Crash,Pedalcyclist,2,Pedalcyclist,2,1,0,5,"Over $1,500",0,1,0,0,1,0,1,02,Failing To Yield Right-Of-Way,18,Unable To Determine,2,Stop Sign,4,Functioning Properly,1,Clear,5,"Darkness, Lighted Road",2,"Divided, No Median Barrier",1,Dry,3,Free Flow,1,No Defects,O90,O17,41.8706322,-87.7927246,41.8706627,-87.7927322,1131493.25,1895909.63
35192,26 04144,2604144,X004325850,2026-07-31,13:28:00,2026-07-31 13:28:00,2026-08-03 09:55:19,1130 South Blvd,1130,SOUTH BLVD,,0,0,0,0,Property Damage,No Injuries,Car,12,Sideswipe - Same Direction,2,2,0,4,"$501 to $1,500",1,0,0,0,0,0,0,04,Improper Overtaking/Passing,28,Failing To Reduce Speed To Avoid Crash,1,No Controls,1,No Controls,8,Cloudy/Overcast,1,Daylight,1,Not Divided,1,Dry,1,Slow,1,No Defects,O70,O12,41.8867454,-87.8040237,41.8867760,-87.8040237,1128379.13,1901762.50
35193,26 04148,2604148,X004325851,2026-07-31,14:16:00,2026-07-31 14:16:00,2026-08-03 09:55:20,N Ridgeland Ave/Lake St,,N RIDGELAND AVE,LAKE ST,0,0,0,0,Property Damage,No Injuries,Car,11,Front To Rear,2,2,0,3,$500 or less,1,0,0,0,0,0,0,28,Failing To Reduce Speed To Avoid Crash,99,Not Applicable,3,Traffic Signal,4,Functioning Properly,2,Rain,1,Daylight,2,"Divided, No Median Barrier",2,Wet,1,Slow,1,No Defects,O30,O8,41.8883209,-87.7847366,41.8883209,-87.7846985,1133628.00,1902369.13
35195,26 04149,2604149,X004325853,2026-07-31,15:20:00,2026-07-31 15:20:00,2026-08-03 09:55:20,221 Harrison St,221,HARRISON ST,,0,0,0,0,Property Damage,No Injuries,Car,15,Angle,2,2,0,3,$500 or less,1,0,0,0,0,0,0,02,Failing To Yield Right-Of-Way,20,Improper Lane Usage,1,No Controls,1,No Controls,1,Clear,1,Daylight,1,Not Divided,1,Dry,3,Free Flow,1,No Defects,O80,O13,41.8727150,-87.7805939,41.8726006,-87.7804184,1134792.63,1896689.25
35242,26 04326,2604326,X004333774,2026-08-01,00:00:00,2026-08-01 00:00:00,2026-08-10 09:33:52,11 N Harlem Ave,11,N HARLEM AVE,,0,0,0,0,Property Damage,No Injuries,Car,12,Sideswipe - Same Direction,2,2,0,5,"Over $1,500",1,0,0,0,0,0,0,06,Improper Turning/No Signal,18,Unable To Determine,1,No Controls,1,No Controls,1,Clear,1,Daylight,1,Not Divided,1,Dry,3,Free Flow,1,No Defects,O70,O12,41.8800278,-87.8047256,41.8799248,-87.8043976,1128203.75,1899313.50
35201,26 04162,2604162,X004325859,2026-08-01,10:58:00,2026-08-01 10:58:00,2026-08-03 10:42:41,S Oak Park Ave/Washington Blvd,,S OAK PARK AVE,WASHINGTON BLVD,1,1,0,0,Property Damage,No Injuries,Car,10,Turning (At Least One Vehicle),2,2,0,4,"$501 to $1,500",1,0,0,0,0,0,0,06,Improper Turning/No Signal,99,Not Applicable,1,No Controls,4,Functioning Properly,2,Rain,5,"Darkness, Lighted Road",1,Not Divided,2,Wet,3,Free Flow,1,No Defects,O60,O11,41.8815651,-87.7942734,41.8815613,-87.7943115,1131046.38,1899891.13
35197,26 04166,2604166,X004325855,2026-08-01,17:28:00,2026-08-01 17:28:00,2026-08-03 10:36:40,N Harlem Ave/Madison St,,N HARLEM AVE,MADISON ST,0,0,0,0,Property Damage,No Injuries,Car,15,Angle,2,2,0,4,"$501 to $1,500",1,0,0,0,0,0,0,02,Failing To Yield Right-Of-Way,15,Driving Skills/Knowledge/Experience,3,Traffic Signal,4,Functioning Properly,1,Clear,1,Daylight,15,T-Intersection,1,Dry,3,Free Flow,1,No Defects,F2,FPPD,41.8796730,-87.8047714,41.8796654,-87.8047333,1128192.88,1899183.13
35227,26 04167,2604167,X004328658,2026-08-01,19:42:00,2026-08-01 19:42:00,2026-08-06 09:39:07,S Harlem Ave/I290 E,,S HARLEM AVE,I290 E,1,0,0,1,Property Damage,No Injuries,Car,12,Sideswipe - Same Direction,2,2,0,4,"$501 to $1,500",1,0,0,0,0,0,0,04,Improper Overtaking/Passing,50,"Oper. Veh. In Erratic,Reckless,Careless Manne",3,Traffic Signal,4,Functioning Properly,1,Clear,1,Daylight,14,Four-Way Intersection,1,Dry,1,Slow,1,No Defects,O90,O18,41.8735123,-87.8044891,41.8736153,-87.8045197,1128283.25,1896939.50
35200,26 04171,2604171,X004325858,2026-08-02,01:12:00,2026-08-02 01:12:00,2026-08-03 10:42:40,521 S Home Ave,521 S,HOME AVE,,0,0,0,0,Property Damage,No Injuries,Car,9,Parked Motor Vehicle,2,2,0,5,"Over $1,500",0,1,0,0,0,0,0,41,Distraction - From Inside Vehicle,28,Failing To Reduce Speed To Avoid Crash,1,No Controls,1,No Controls,1,Clear,5,"Darkness, Lighted Road",1,Not Divided,1,Dry,3,Free Flow,1,No Defects,O60,O15,41.8788605,-87.7998047,41.8788910,-87.8000183,1129547.63,1898895.00
35196,26 04175,2604175,X004325854,2026-08-02,10:54:00,2026-08-02 10:54:00,2026-08-03 10:36:40,Austin/Harrison,,AUSTIN,HARRISON,0,0,0,0,Property Damage,No Injuries,Car,12,Sideswipe - Same Direction,2,2,0,5,"Over $1,500",0,1,0,0,0,0,0,20,Improper Lane Usage,99,Not Applicable,1,No Controls,1,No Controls,8,Cloudy/Overcast,1,Daylight,1,Not Divided,1,Dry,3,Free Flow,1,No Defects,O80,O13,41.8727799,-87.7744522,41.8727799,-87.7744141,1136465.25,1896723.75
35211,26 04180,2604180,X004328239,2026-08-02,19:08:00,2026-08-02 19:08:00,2026-08-04 09:52:35,S Austin Blvd/Madison St,,S AUSTIN BLVD,MADISON ST,0,1,0,1,Injury,C Injury Crash,Car,11,Front To Rear,2,2,0,5,"Over $1,500",0,1,0,0,0,1,1,04,Improper Overtaking/Passing,28,Failing To Reduce Speed To Avoid Crash,3,Traffic Signal,4,Functioning Properly,1,Clear,1,Daylight,1,Not Divided,1,Dry,1,Slow,1,No Defects,O80,O13,41.8800888,-87.7746963,41.8800888,-87.7746582,1136381.50,1899387.00
35198,26 04182,2604182,X004325856,2026-08-02,21:54:00,2026-08-02 21:54:00,2026-08-03 10:42:39,N Austin Blvd/Augusta Blvd,,N AUSTIN BLVD,AUGUSTA BLVD,1,1,0,0,Injury,C Injury Crash,Car,12,Sideswipe - Same Direction,2,2,0,5,"Over $1,500",0,1,0,0,0,1,1,02,Failing To Yield Right-Of-Way,99,Not Applicable,3,Traffic Signal,4,Functioning Properly,1,Clear,5,"Darkness, Lighted Road",1,Not Divided,1,Dry,3,Free Flow,1,No Defects,,,41.8983650,-87.7752228,41.8983650,-87.7752533,1136195.75,1906045.00
35204,26 04190,2604190,X004326288,2026-08-03,07:56:00,2026-08-03 07:56:00,2026-08-04 09:34:46,Wisconsin Ave/Washington Blvd,,WISCONSIN AVE,WASHINGTON BLVD,0,0,0,0,Property Damage,No Injuries,Car,9,Parked Motor Vehicle,2,2,0,5,"Over $1,500",1,0,0,0,0,0,0,30,Improper Backing,28,Failing To Reduce Speed To Avoid Crash,1,No Controls,1,No Controls,1,Clear,1,Daylight,2,"Divided, No Median Barrier",1,Dry,3,Free Flow,1,No Defects,O70,O12,41.8814430,-87.8023376,41.8814468,-87.8023682,1128851.50,1899832.88
35212,26 04191,2604191,X004326299,2026-08-03,08:37:00,2026-08-03 08:37:00,2026-08-04 09:52:35,432 N Austin Blvd,432,N AUSTIN BLVD,,0,0,0,1,Property Damage,No Injuries,Car,9,Parked Motor Vehicle,2,2,0,4,"$501 to $1,500",1,0,0,0,0,0,0,18,Unable To Determine,99,Not Applicable,1,No Controls,1,No Controls,1,Clear,1,Daylight,7,Parking Lot,1,Dry,1,Slow,1,No Defects,,,41.8886490,-87.7749176,41.8887444,-87.7752151,1136300.13,1902505.13
35205,26 04192,2604192,X004326300,2026-08-03,10:39:00,2026-08-03 10:39:00,2026-08-04 09:34:47,108 S East Ave,108,S EAST AVE,,0,0,0,0,Property Damage,No Injuries,Car,9,Parked Motor Vehicle,2,2,0,4,"$501 to $1,500",1,0,0,0,0,0,0,02,Failing To Yield Right-Of-Way,18,Unable To Determine,1,No Controls,1,No Controls,1,Clear,1,Daylight,1,Not Divided,1,Dry,3,Free Flow,1,No Defects,O60,O11,41.8865318,-87.7895889,41.8865318,-87.7891159,1132311.50,1901708.63
35208,26 04199,2604199,X004326308,2026-08-03,14:32:00,2026-08-03 14:32:00,2026-08-04 09:52:34,Lake St/N Humphrey Ave,,LAKE ST,N HUMPHREY AVE,0,0,0,0,Property Damage,No Injuries,Car,9,Parked Motor Vehicle,2,2,0,3,$500 or less,1,0,0,0,0,0,0,28,Failing To Reduce Speed To Avoid Crash,15,Driving Skills/Knowledge/Experience,1,No Controls,1,No Controls,1,Clear,1,Daylight,2,"Divided, No Median Barrier",1,Dry,3,Free Flow,1,No Defects,O30,O7,41.8880501,-87.7765503,41.8880806,-87.7765579,1135857.63,1902285.38
35206,26 04204,2604204,X004326324,2026-08-03,16:32:00,2026-08-03 16:32:00,2026-08-04 09:34:47,Division St/N Elmwood Ave,,DIVISION ST,N ELMWOOD AVE,1,1,0,0,Property Damage,No Injuries,Car,15,Angle,2,2,0,5,"Over $1,500",0,1,0,0,0,0,0,02,Failing To Yield Right-Of-Way,28,Failing To Reduce Speed To Avoid Crash,2,Stop Sign,4,Functioning Properly,1,Clear,1,Daylight,2,"Divided, No Median Barrier",1,Dry,3,Free Flow,1,No Defects,O20,O5,41.9018135,-87.7867508,41.9018402,-87.7867508,1133048.88,1907282.63
35209,26 04205,2604205,X004326326,2026-08-03,16:36:00,2026-08-03 16:36:00,2026-08-04 09:52:34,720 North Blvd,720,NORTH BLVD,,0,0,0,0,Property Damage,No Injuries,Car,6,Fixed Object,2,1,0,5,"Over $1,500",1,0,0,0,0,0,0,18,Unable To Determine,99,Not Applicable,13,Other,4,Functioning Properly,1,Clear,1,Daylight,7,Parking Lot,1,Dry,1,Slow,1,No Defects,O30,O8,41.8873520,-87.7937622,41.8874664,-87.7937241,1131172.13,1902000.50
35210,26 04213,2604213,X004326338,2026-08-04,03:20:00,2026-08-04 03:20:00,2026-08-04 09:52:34,Jackson Blvd/S Ridgeland Ave,,JACKSON BLVD,S RIDGELAND AVE,1,1,0,1,Property Damage,No Injuries,Car,15,Angle,2,2,0,5,"Over $1,500",0,1,0,0,0,0,0,02,Failing To Yield Right-Of-Way,99,Not Applicable,3,Traffic Signal,4,Functioning Properly,1,Clear,4,Darkness,1,Not Divided,1,Dry,3,Free Flow,1,No Defects,O80,O13,41.8762550,-87.7843399,41.8762817,-87.7843475,1133765.00,1897972.88