record_id,report_number,crash_id,idot_crash_number,date,time,occurred_at,record_added_at,location,street_number,street_name,cross_street,at_intersection,intersection_related,private_property,hit_and_run,crash_severity,crash_injury_severity,crash_mode,crash_type_code,crash_type,total_units,num_motor_vehicles,dooring_pedalcyclist,damage_code,damage,no_injury_drive_away,injury_or_towed,fatalities,a_injuries,b_injuries,c_injuries,total_injured,cause1_code,cause1,cause2_code,cause2,traffic_control_code,traffic_control,device_condition_code,device_condition,weather_code,weather,lighting_code,lighting,trafficway_code,trafficway,road_surface_code,road_surface,flow_condition_code,flow_condition,road_defects_code,road_defects,beat_zone,post_district,latitude,longitude,latitude_geocoded,longitude_geocoded,state_plane_x,state_plane_y
35214,26 04215,2604215,X004327683,2026-08-04,08:13:00,2026-08-04 08:13:00,2026-08-05 10:29:10,Erie St/N Harvey Ave,,ERIE ST,N HARVEY AVE,0,0,0,0,Property Damage,No Injuries,Car,7,Other Object,2,1,0,5,"Over $1,500",0,1,0,0,0,0,0,28,Failing To Reduce Speed To Avoid Crash,13,Road Construction/Maintenance,13,Other,4,Functioning Properly,1,Clear,1,Daylight,12,Alley,1,Dry,3,Free Flow,1,No Defects,O30,O7,41.8917389,-87.7815475,41.8917694,-87.7815475,1134489.75,1903620.25
35215,26 04216,2604216,X004327682,2026-08-04,08:21:00,2026-08-04 08:21:00,2026-08-05 10:29:11,25 Chicago Ave,25,CHICAGO AVE,,0,0,0,0,Property Damage,No Injuries,Car,11,Front To Rear,2,2,0,3,$500 or less,1,0,0,0,0,0,0,28,Failing To Reduce Speed To Avoid Crash,99,Not Applicable,1,No Controls,1,No Controls,1,Clear,1,Daylight,1,Not Divided,1,Dry,1,Slow,1,No Defects,O30,O7,41.8946686,-87.7763214,41.8945694,-87.7761688,1135905.38,1904696.00
35236,26 04290,2604290,X004330523,2026-08-04,12:50:00,2026-08-04 12:50:00,2026-08-07 09:09:55,Lake St/Marion St,,LAKE ST,MARION ST,1,0,0,0,Property Damage,No Injuries,Car,12,Sideswipe - Same Direction,2,2,0,4,"$501 to $1,500",1,0,0,0,0,0,0,03,Following Too Closely,18,Unable To Determine,3,Traffic Signal,4,Functioning Properly,1,Clear,1,Daylight,2,"Divided, No Median Barrier",1,Dry,3,Free Flow,1,No Defects,O40,O9,41.8886185,-87.8026276,41.8886452,-87.8026276,1128756.38,1902446.75
35226,26 04233,2604233,X004328653,2026-08-04,16:49:00,2026-08-04 16:49:00,2026-08-06 09:39:07,Randolph St/S Oak Park Ave,,RANDOLPH ST,S OAK PARK AVE,0,0,0,0,Injury,A Injury Crash,Pedalcyclist,2,Pedalcyclist,2,1,0,4,"$501 to $1,500",0,1,0,1,0,0,1,28,Failing To Reduce Speed To Avoid Crash,02,Failing To Yield Right-Of-Way,2,Stop Sign,4,Functioning Properly,1,Clear,1,Daylight,2,"Divided, No Median Barrier",1,Dry,3,Free Flow,1,No Defects,O60,O11,41.8832703,-87.7943573,41.8834534,-87.7943649,1131020.00,1900511.75
35216,26 04237,2604237,X004327681,2026-08-04,18:59:00,2026-08-04 18:59:00,2026-08-05 10:29:11,North Ave/Forest Ave,,NORTH AVE,FOREST AVE,0,0,0,0,Property Damage,No Injuries,Car,15,Angle,2,2,0,3,$500 or less,1,0,0,0,0,0,0,02,Failing To Yield Right-Of-Way,28,Failing To Reduce Speed To Avoid Crash,1,No Controls,1,No Controls,1,Clear,1,Daylight,12,Alley,1,Dry,3,Free Flow,1,No Defects,O20,O3,41.9089165,-87.8011856,41.9089394,-87.8011856,1129103.25,1909845.50
35217,26 04245,2604245,X004328240,2026-08-04,20:12:00,2026-08-04 20:12:00,2026-08-05 10:29:11,S Harlem Ave/Roosevelt Rd,,S HARLEM AVE,ROOSEVELT RD,1,0,0,0,Property Damage,No Injuries,Car,12,Sideswipe - Same Direction,2,2,0,5,"Over $1,500",1,0,0,0,0,0,0,18,Unable To Determine,99,Not Applicable,1,No Controls,4,Functioning Properly,1,Clear,3,Dusk,1,Not Divided,1,Dry,3,Free Flow,1,No Defects,O90,O18,41.8649864,-87.8041687,41.8649864,-87.8042068,1128389.25,1893832.00
35218,26 04252,2604252,X004327680,2026-08-05,00:12:00,2026-08-05 00:12:00,2026-08-05 10:29:12,1000 N Austin Blvd,1000,N AUSTIN BLVD,,0,1,0,1,Property Damage,No Injuries,Car,15,Angle,2,2,0,5,"Over $1,500",0,1,0,0,0,0,0,25,Disregarding Traffic Signals,50,"Oper. Veh. In Erratic,Reckless,Careless Manne",3,Traffic Signal,4,Functioning Properly,1,Clear,5,"Darkness, Lighted Road",1,Not Divided,1,Dry,3,Free Flow,1,No Defects,O10,O4,41.8983650,-87.7752228,41.8984909,-87.7754059,1136195.75,1906045.88
35225,26 04268,2604268,X004328635,2026-08-05,14:25:00,2026-08-05 14:25:00,2026-08-06 09:45:19,425 N Harlem Ave,425,N HARLEM AVE,,0,0,0,0,Property Damage,No Injuries,Car,10,Turning (At Least One Vehicle),2,2,0,5,"Over $1,500",1,0,0,0,0,0,0,02,Failing To Yield Right-Of-Way,28,Failing To Reduce Speed To Avoid Crash,2,Stop Sign,4,Functioning Properly,8,Cloudy/Overcast,1,Daylight,2,"Divided, No Median Barrier",1,Dry,3,Free Flow,1,No Defects,R83,RFPD,41.8879547,-87.8050613,41.8880806,-87.8048630,1128094.50,1902201.88
35322,26 04260,2604260,X004349769,2026-08-05,15:00:00,2026-08-05 15:00:00,2026-08-24 09:45:31,511 N Harlem,511,N HARLEM,,0,0,0,1,Property Damage,No Injuries,Car,15,Angle,2,2,0,5,"Over $1,500",1,0,0,0,0,0,0,28,Failing To Reduce Speed To Avoid Crash,18,Unable To Determine,1,No Controls,1,No Controls,1,Clear,1,Daylight,1,Not Divided,1,Dry,3,Free Flow,1,No Defects,O40,O9,41.8905563,-87.8042374,41.8909416,-87.8049698,1128313.63,1903150.88
35228,26 04269,2604269,X004328627,2026-08-05,15:24:00,2026-08-05 15:24:00,2026-08-06 09:39:08,Wisconsin Ave/Madison St,,WISCONSIN AVE,MADISON ST,1,1,0,0,Property Damage,No Injuries,Pedestrian,1,Pedestrian,2,1,0,3,$500 or less,1,0,0,0,0,0,0,02,Failing To Yield Right-Of-Way,15,Driving Skills/Knowledge/Experience,3,Traffic Signal,4,Functioning Properly,1,Clear,1,Daylight,15,T-Intersection,1,Dry,1,Slow,1,No Defects,O70,O12,41.8796387,-87.8022842,41.8796387,-87.8023148,1128870.63,1899175.13
35224,26 04270,2604270,X004328623,2026-08-05,16:27:00,2026-08-05 16:27:00,2026-08-06 09:45:19,N Ridgeland Ave/Superior St,,N RIDGELAND AVE,SUPERIOR ST,1,1,0,0,Property Damage,No Injuries,Car,11,Front To Rear,2,2,0,3,$500 or less,1,0,0,0,0,0,0,03,Following Too Closely,18,Unable To Determine,1,No Controls,1,No Controls,2,Rain,1,Daylight,2,"Divided, No Median Barrier",2,Wet,1,Slow,1,No Defects,O30,O8,41.8930931,-87.7848740,41.8931007,-87.7848358,1133580.25,1904108.25
35220,26 04271,2604271,X004328621,2026-08-05,17:08:00,2026-08-05 17:08:00,2026-08-06 07:29:20,N Ridgeland Ave/Superior St,,N RIDGELAND AVE,SUPERIOR ST,1,1,0,0,Property Damage,No Injuries,Car,11,Front To Rear,2,2,0,3,$500 or less,1,0,0,0,0,0,0,03,Following Too Closely,18,Unable To Determine,1,No Controls,1,No Controls,2,Rain,1,Daylight,2,"Divided, No Median Barrier",2,Wet,1,Slow,1,No Defects,O30,O8,41.8930931,-87.7848740,41.8931007,-87.7848358,1133580.25,1904108.25
35223,26 04275,2604275,X004328636,2026-08-05,20:16:00,2026-08-05 20:16:00,2026-08-06 09:39:06,222 Washington Blvd,222,WASHINGTON BLVD,,0,0,0,1,Property Damage,No Injuries,Car,9,Parked Motor Vehicle,3,3,0,5,"Over $1,500",0,1,0,0,0,0,0,18,Unable To Determine,18,Unable To Determine,1,No Controls,4,Functioning Properly,1,Clear,5,"Darkness, Lighted Road",1,Not Divided,1,Dry,3,Free Flow,1,No Defects,O50,O10,41.8818054,-87.7806778,41.8819237,-87.7806778,1134749.38,1900002.50
35241,26 04314,2604314,X004333773,2026-08-06,00:00:00,2026-08-06 00:00:00,2026-08-10 09:33:52,N Ridgeland Ave/Augusta St,,N RIDGELAND AVE,AUGUSTA ST,1,1,0,0,Property Damage,No Injuries,Car,12,Sideswipe - Same Direction,2,2,0,4,"$501 to $1,500",1,0,0,0,0,0,0,02,Failing To Yield Right-Of-Way,28,Failing To Reduce Speed To Avoid Crash,3,Traffic Signal,4,Functioning Properly,8,Cloudy/Overcast,1,Daylight,14,Four-Way Intersection,1,Dry,1,Slow,1,No Defects,O20,O5,41.8982162,-87.7850418,41.8982239,-87.7850037,1133522.63,1905974.50
35230,26 04283,2604283,X004329453,2026-08-06,07:07:00,2026-08-06 07:07:00,2026-08-06 13:05:02,206 Washington Blvd,206,WASHINGTON BLVD,,0,0,0,1,Property Damage,No Injuries,Car,9,Parked Motor Vehicle,2,2,0,5,"Over $1,500",1,0,0,0,0,0,0,28,Failing To Reduce Speed To Avoid Crash,18,Unable To Determine,3,Traffic Signal,4,Functioning Properly,1,Clear,1,Daylight,1,Not Divided,9,Unknown,3,Free Flow,1,No Defects,O50,O10,41.8817673,-87.7799683,41.8819313,-87.7799759,1134942.25,1899989.13
35231,26 04286,2604286,X004329454,2026-08-06,08:29:00,2026-08-06 08:29:00,2026-08-06 13:05:03,6144 North Ave,6144,NORTH AVE,,0,0,0,0,Property Damage,No Injuries,Car,7,Other Object,1,1,0,3,$500 or less,1,0,0,0,0,0,0,18,Unable To Determine,18,Unable To Determine,17,Pedestrian Crossing Sign,4,Functioning Properly,1,Clear,1,Daylight,2,"Divided, No Median Barrier",1,Dry,1,Slow,1,No Defects,O10,O1,41.9091759,-87.7799912,41.9092522,-87.7804871,1134870.38,1909977.38
35229,26 04284,2604284,X004329452,2026-08-06,08:51:00,2026-08-06 08:51:00,2026-08-06 12:29:45,S East Ave/Randolph St,,S EAST AVE,RANDOLPH ST,1,1,0,0,Injury,C Injury Crash,Car,15,Angle,2,2,0,5,"Over $1,500",0,1,0,0,0,1,1,02,Failing To Yield Right-Of-Way,28,Failing To Reduce Speed To Avoid Crash,2,Stop Sign,4,Functioning Properly,8,Cloudy/Overcast,1,Daylight,14,Four-Way Intersection,1,Dry,3,Free Flow,1,No Defects,O60,O11,41.8833504,-87.7894211,41.8833542,-87.7894592,1132363.00,1900550.88
35235,26 04288,2604288,X004330522,2026-08-06,12:01:00,2026-08-06 12:01:00,2026-08-07 09:09:55,16 S Austin Blvd,16,S AUSTIN BLVD,,0,0,0,0,Property Damage,No Injuries,Car,11,Front To Rear,2,2,0,5,"Over $1,500",0,1,0,0,0,0,0,41,Distraction - From Inside Vehicle,18,Unable To Determine,1,No Controls,1,No Controls,8,Cloudy/Overcast,1,Daylight,1,Not Divided,1,Dry,3,Free Flow,1,No Defects,O80,O13,41.8794212,-87.7746811,41.8794136,-87.7748261,1136388.25,1899143.50
35233,26 04293,2604293,X004330520,2026-08-06,17:00:00,2026-08-06 17:00:00,2026-08-07 09:03:42,Randolph St/S Ridgeland Ave,,RANDOLPH ST,S RIDGELAND AVE,0,1,0,0,Injury,C Injury Crash,Pedestrian,1,Pedestrian,2,1,0,3,$500 or less,0,1,0,0,0,1,1,18,Unable To Determine,99,Not Applicable,2,Stop Sign,4,Functioning Properly,9,Unknown,1,Daylight,1,Not Divided,9,Unknown,,,1,No Defects,O50,O10,41.8834267,-87.7845535,41.8834534,-87.7845612,1133689.63,1900585.25
35234,26 04296,2604296,X004330521,2026-08-06,19:49:00,2026-08-06 19:49:00,2026-08-07 09:09:55,922 Madison St,922,MADISON ST,,0,0,0,0,Property Damage,No Injuries,Car,15,Angle,2,2,0,5,"Over $1,500",1,0,0,0,0,0,0,02,Failing To Yield Right-Of-Way,28,Failing To Reduce Speed To Avoid Crash,1,No Controls,1,No Controls,1,Clear,1,Daylight,2,"Divided, No Median Barrier",1,Dry,3,Free Flow,1,No Defects,O70,O12,41.8797340,-87.7981491,41.8798180,-87.7979889,1129996.00,1899217.25
35261,26 04299,2604299,X004335383,2026-08-06,20:39:00,2026-08-06 20:39:00,2026-08-12 09:15:57,6226 Roosevelt Rd,6226,ROOSEVELT RD,,0,1,0,0,Injury,C Injury Crash,Car,10,Turning (At Least One Vehicle),2,2,0,5,"Over $1,500",0,1,0,0,0,1,1,02,Failing To Yield Right-Of-Way,28,Failing To Reduce Speed To Avoid Crash,1,No Controls,1,No Controls,1,Clear,5,"Darkness, Lighted Road",4,Two-Way Continuous Left-Turn Lane,1,Dry,3,Free Flow,1,No Defects,O90,O16,41.8654060,-87.7808380,41.8654785,-87.7806473,1134744.88,1894025.50
35245,26 04307,2604307,X004333777,2026-08-07,09:50:00,2026-08-07 09:50:00,2026-08-10 09:39:47,26 Madison St,26,MADISON ST,,0,0,0,0,Property Damage,No Injuries,Car,9,Parked Motor Vehicle,2,2,0,5,"Over $1,500",1,0,0,0,0,0,0,04,Improper Overtaking/Passing,15,Driving Skills/Knowledge/Experience,17,Pedestrian Crossing Sign,4,Functioning Properly,1,Clear,1,Daylight,3,Divided With Median Barrier,1,Dry,3,Free Flow,1,No Defects,O80,O13,41.8800926,-87.7758942,41.8802414,-87.7759323,1136056.50,1899386.00
35269,26 04319,2604319,X004337068,2026-08-07,15:56:00,2026-08-07 15:56:00,2026-08-13 09:36:39,Madison St/S Maple Ave,,MADISON ST,S MAPLE AVE,1,1,0,0,Property Damage,No Injuries,Car,15,Angle,2,2,0,5,"Over $1,500",1,0,0,0,0,0,0,02,Failing To Yield Right-Of-Way,18,Unable To Determine,1,No Controls,1,No Controls,1,Clear,1,Daylight,1,Not Divided,1,Dry,3,Free Flow,1,No Defects,O60,O15,41.8795929,-87.8038635,41.8796196,-87.8038635,1128439.38,1899156.50
35246,26 04323,2604323,X004333778,2026-08-07,18:25:00,2026-08-07 18:25:00,2026-08-10 09:39:48,N Austin Blvd/Augusta Blvd,,N AUSTIN BLVD,AUGUSTA BLVD,0,0,0,0,Property Damage,No Injuries,Car,12,Sideswipe - Same Direction,2,2,0,4,"$501 to $1,500",1,0,0,0,0,0,0,28,Failing To Reduce Speed To Avoid Crash,99,Not Applicable,3,Traffic Signal,4,Functioning Properly,1,Clear,1,Daylight,1,Not Divided,1,Dry,1,Slow,1,No Defects,O10,O4,41.8983650,-87.7752228,41.8983650,-87.7752533,1136195.75,1906045.00
35252,26 04325,2604325,X004333783,2026-08-07,19:31:00,2026-08-07 19:31:00,2026-08-10 09:51:38,Augusta St/N Austin Blvd,,AUGUSTA ST,N AUSTIN BLVD,1,1,0,1,Property Damage,No Injuries,Pedestrian,1,Pedestrian,2,1,0,3,$500 or less,1,0,0,0,0,0,0,25,Disregarding Traffic Signals,28,Failing To Reduce Speed To Avoid Crash,3,Traffic Signal,4,Functioning Properly,1,Clear,1,Daylight,1,Not Divided,1,Dry,1,Slow,1,No Defects,O10,O4,41.8983345,-87.7752533,41.8983650,-87.7752533,1136186.13,1906035.63
35239,26 04333,2604333,X004331359,2026-08-08,10:49:00,2026-08-08 10:49:00,2026-08-08 15:27:19,1122 Madison St,1122,MADISON ST,,0,0,0,0,Property Damage,No Injuries,Car,7,Other Object,2,1,0,5,"Over $1,500",0,1,0,0,0,0,0,17,Physical Condition Of Driver,30,Improper Backing,1,No Controls,1,No Controls,1,Clear,1,Daylight,1,Not Divided,1,Dry,3,Free Flow,1,No Defects,O70,O12,41.8796425,-87.8034973,41.8797455,-87.8032989,1128540.25,1899174.00
35249,26 04334,2604334,X004333781,2026-08-08,11:46:00,2026-08-08 11:46:00,2026-08-10 09:45:43,6142 Roosevelt Rd,6142,ROOSEVELT RD,,0,0,0,0,Property Damage,No Injuries,Car,10,Turning (At Least One Vehicle),2,2,0,5,"Over $1,500",0,1,0,0,0,0,0,02,Failing To Yield Right-Of-Way,18,Unable To Determine,1,No Controls,1,No Controls,1,Clear,1,Daylight,3,Divided With Median Barrier,1,Dry,3,Free Flow,1,No Defects,O90,O16,41.8654327,-87.7786102,41.8654976,-87.7787857,1135350.63,1894039.13
35255,26 04369,2604369,X004334294,2026-08-08,12:15:00,2026-08-08 12:15:00,2026-08-11 09:24:03,Lake St/N Oak Park Ave,,LAKE ST,N OAK PARK AVE,0,0,0,1,Property Damage,No Injuries,Car,15,Angle,2,2,0,4,"$501 to $1,500",1,0,0,0,0,0,0,02,Failing To Yield Right-Of-Way,28,Failing To Reduce Speed To Avoid Crash,3,Traffic Signal,4,Functioning Properly,1,Clear,1,Daylight,1,Not Divided,1,Dry,3,Free Flow,1,No Defects,O40,O9,41.8886185,-87.7945175,41.8886452,-87.7945251,1130963.00,1902460.13
35253,26 04335,2604335,X004333784,2026-08-08,13:33:00,2026-08-08 13:33:00,2026-08-10 09:57:36,Madison St/S Grove Ave,,MADISON ST,S GROVE AVE,0,0,0,1,Injury,B Injury Crash,Car,11,Front To Rear,2,2,0,5,"Over $1,500",0,1,0,0,1,0,1,02,Failing To Yield Right-Of-Way,15,Driving Skills/Knowledge/Experience,17,Pedestrian Crossing Sign,4,Functioning Properly,1,Clear,1,Daylight,14,Four-Way Intersection,1,Dry,1,Slow,1,No Defects,O60,O15,41.8797226,-87.7955780,41.8797531,-87.7954559,1130695.00,1899217.25
35250,26 04336,2604336,,2026-08-08,13:47:00,2026-08-08 13:47:00,2026-08-10 09:45:44,35 Lake St,35,LAKE ST,,0,0,0,0,Property Damage,No Injuries,Car,11,Front To Rear,2,2,0,5,"Over $1,500",0,1,0,0,0,0,0,03,Following Too Closely,28,Failing To Reduce Speed To Avoid Crash,1,No Controls,1,No Controls,1,Clear,1,Daylight,2,"Divided, No Median Barrier",1,Dry,3,Free Flow,1,No Defects,O30,O7,41.8880501,-87.7765503,41.8880196,-87.7764816,1135857.63,1902285.38
35243,26 04337,2604337,X004333775,2026-08-08,16:50:00,2026-08-08 16:50:00,2026-08-10 09:33:53,Chicago Ave/N Humphrey Ave,,CHICAGO AVE,N HUMPHREY AVE,0,0,0,0,Property Damage,No Injuries,Car,11,Front To Rear,2,2,0,5,"Over $1,500",1,0,0,0,0,0,0,28,Failing To Reduce Speed To Avoid Crash,03,Following Too Closely,16,Railroad Crossing Sign,4,Functioning Properly,1,Clear,1,Daylight,14,Four-Way Intersection,1,Dry,1,Slow,1,No Defects,O10,O4,41.8947144,-87.7767563,41.8946838,-87.7767563,1135785.50,1904712.25
35248,26 04340,2604340,X004333780,2026-08-08,18:13:00,2026-08-08 18:13:00,2026-08-10 09:33:53,Adams St/Highland,,ADAMS ST,HIGHLAND,0,0,0,0,Property Damage,No Injuries,Car,12,Sideswipe - Same Direction,2,2,0,5,"Over $1,500",1,0,0,0,0,0,0,02,Failing To Yield Right-Of-Way,99,Not Applicable,1,No Controls,1,No Controls,1,Clear,1,Daylight,1,Not Divided,1,Dry,3,Free Flow,1,No Defects,O80,O13,41.8780899,-87.7819443,41.8781166,-87.7819443,1134412.88,1898645.50
35251,26 04342,2604342,X004333782,2026-08-08,19:17:00,2026-08-08 19:17:00,2026-08-10 09:57:35,Superior St/N Taylor Ave,,SUPERIOR ST,N TAYLOR AVE,1,1,0,1,Injury,C Injury Crash,Car,15,Angle,2,2,0,4,"$501 to $1,500",0,1,0,0,0,2,2,23,Disregarding Stop Sign,28,Failing To Reduce Speed To Avoid Crash,2,Stop Sign,1,No Controls,1,Clear,1,Daylight,1,Not Divided,1,Dry,1,Slow,1,No Defects,O30,O7,41.8931618,-87.7783356,41.8931923,-87.7783356,1135360.50,1904144.88
35244,26 04345,2604345,X004333776,2026-08-08,23:47:00,2026-08-08 23:47:00,2026-08-10 09:33:54,Garfield St/Harlem Ave,,GARFIELD ST,HARLEM AVE,1,1,0,1,Property Damage,No Injuries,Car,11,Front To Rear,2,2,0,5,"Over $1,500",1,0,0,0,0,0,0,18,Unable To Determine,99,Not Applicable,3,Traffic Signal,4,Functioning Properly,1,Clear,5,"Darkness, Lighted Road",1,Not Divided,1,Dry,3,Free Flow,1,No Defects,O92,O18,41.8722877,-87.8044739,41.8723183,-87.8044663,1128289.00,1896492.88
35254,26 04354,2604354,X004333785,2026-08-09,11:34:00,2026-08-09 11:34:00,2026-08-10 09:57:36,N Harlem Ave/Lake St,,N HARLEM AVE,LAKE ST,0,0,0,1,Property Damage,No Injuries,Car,12,Sideswipe - Same Direction,3,3,0,5,"Over $1,500",1,0,0,0,0,0,0,20,Improper Lane Usage,28,Failing To Reduce Speed To Avoid Crash,3,Traffic Signal,4,Functioning Properly,1,Clear,1,Daylight,2,"Divided, No Median Barrier",1,Dry,3,Free Flow,1,No Defects,O40,O9,41.8885765,-87.8050919,41.8885841,-87.8050537,1128084.88,1902427.75
35272,26 04374,2604374,X004338301,2026-08-09,14:20:00,2026-08-09 14:20:00,2026-08-14 07:30:44,Madison St/S Oak Park Ave,,MADISON ST,S OAK PARK AVE,1,1,0,1,Injury,B Injury Crash,Pedalcyclist,2,Pedalcyclist,2,1,0,5,"Over $1,500",0,1,0,0,1,0,1,25,Disregarding Traffic Signals,02,Failing To Yield Right-Of-Way,3,Traffic Signal,4,Functioning Properly,1,Clear,1,Daylight,2,"Divided, No Median Barrier",2,Wet,2,Stopped,1,No Defects,O60,O14,41.8797417,-87.7942505,41.8797722,-87.7942581,1131056.50,1899226.38
35258,26 04366,2604366,X004334292,2026-08-10,09:50:00,2026-08-10 09:50:00,2026-08-11 09:24:04,N Ridgeland Ave/Le Moyne Pkwy,,N RIDGELAND AVE,LE MOYNE PKWY,1,1,0,0,Property Damage,No Injuries,Car,15,Angle,2,2,0,5,"Over $1,500",0,1,0,0,0,0,0,02,Failing To Yield Right-Of-Way,28,Failing To Reduce Speed To Avoid Crash,2,Stop Sign,4,Functioning Properly,1,Clear,1,Daylight,1,Not Divided,1,Dry,3,Free Flow,1,No Defects,O20,O2,41.9073372,-87.7833481,41.9073372,-87.7833099,1133961.88,1909300.50
35259,26 04372,2604372,X004334295,2026-08-10,13:47:00,2026-08-10 13:47:00,2026-08-11 09:29:56,N Ridgeland Ave/Berkshire St,,N RIDGELAND AVE,BERKSHIRE ST,0,0,0,0,Property Damage,No Injuries,Car,11,Front To Rear,2,2,0,4,"$501 to $1,500",1,0,0,0,0,0,0,03,Following Too Closely,28,Failing To Reduce Speed To Avoid Crash,1,No Controls,1,No Controls,1,Clear,1,Daylight,2,"Divided, No Median Barrier",1,Dry,2,Stopped,1,No Defects,O20,O2,41.9038010,-87.7842178,41.9038010,-87.7841873,1133732.13,1908011.13
35262,26 04391,2604391,X004335381,2026-08-11,13:44:00,2026-08-11 13:44:00,2026-08-12 09:15:58,Madison St/Harvey Ave,,MADISON ST,HARVEY AVE,0,0,0,0,Property Damage,No Injuries,Car,11,Front To Rear,3,3,0,5,"Over $1,500",0,1,0,0,0,0,0,28,Failing To Reduce Speed To Avoid Crash,15,Driving Skills/Knowledge/Experience,17,Pedestrian Crossing Sign,4,Functioning Properly,1,Clear,1,Daylight,1,Not Divided,1,Dry,1,Slow,1,No Defects,O80,O13,41.8799553,-87.7811890,41.8799896,-87.7807999,1134614.75,1899326.50
35291,26 04398,2604398,X004361228,2026-08-11,17:38:00,2026-08-11 17:38:00,2026-08-17 10:37:55,S Austin Blvd/Division St,,S AUSTIN BLVD,DIVISION ST,1,1,0,0,Injury,B Injury Crash,Car,12,Sideswipe - Same Direction,3,2,0,5,"Over $1,500",0,1,0,0,1,0,1,28,Failing To Reduce Speed To Avoid Crash,18,Unable To Determine,3,Traffic Signal,4,Functioning Properly,1,Clear,1,Daylight,2,"Divided, No Median Barrier",1,Dry,2,Stopped,1,No Defects,O30,O7,41.9019966,-87.7753296,41.9020004,-87.7753677,1136156.75,1907368.88
35274,26 04410,2604410,X004338302,2026-08-12,16:14:00,2026-08-12 16:14:00,2026-08-14 10:44:23,209 S Oak Park Ave,209,S OAK PARK AVE,,0,0,0,0,Injury,B Injury Crash,Car,15,Angle,2,2,0,5,"Over $1,500",0,1,0,0,1,0,1,28,Failing To Reduce Speed To Avoid Crash,02,Failing To Yield Right-Of-Way,1,No Controls,1,No Controls,1,Clear,1,Daylight,1,Not Divided,1,Dry,3,Free Flow,1,No Defects,O60,O11,41.8847351,-87.7943726,41.8849640,-87.7945938,1131013.38,1901046.63
35267,26 04411,2604411,X004336411,2026-08-12,16:39:00,2026-08-12 16:39:00,2026-08-13 09:36:39,North Ave/Belleforte Ave,,NORTH AVE,BELLEFORTE AVE,0,0,0,0,Property Damage,No Injuries,Car,12,Sideswipe - Same Direction,2,2,0,4,"$501 to $1,500",1,0,0,0,0,0,0,02,Failing To Yield Right-Of-Way,06,Improper Turning/No Signal,2,Stop Sign,4,Functioning Properly,1,Clear,1,Daylight,2,"Divided, No Median Barrier",1,Dry,3,Free Flow,1,No Defects,O20,O3,41.9088898,-87.8026810,41.9089127,-87.8026886,1128695.50,1909833.25
35316,26 04413,2604413,X004349762,2026-08-12,17:27:00,2026-08-12 17:27:00,2026-08-24 09:39:22,Lake St/N Ridgeland Ave,,LAKE ST,N RIDGELAND AVE,1,1,0,0,Property Damage,No Injuries,Car,10,Turning (At Least One Vehicle),2,2,0,5,"Over $1,500",0,1,0,0,0,0,0,02,Failing To Yield Right-Of-Way,28,Failing To Reduce Speed To Avoid Crash,3,Traffic Signal,4,Functioning Properly,1,Clear,1,Daylight,2,"Divided, No Median Barrier",1,Dry,3,Free Flow,1,No Defects,O30,O7,41.8882980,-87.7846985,41.8883209,-87.7846985,1133638.38,1902360.50
35268,26 04417,2604417,X004336413,2026-08-12,22:07:00,2026-08-12 22:07:00,2026-08-13 09:36:39,S Harlem Ave/Jackson Blvd,,S HARLEM AVE,JACKSON BLVD,0,0,0,0,Property Damage,No Injuries,Car,11,Front To Rear,2,2,0,3,$500 or less,1,0,0,0,0,0,0,28,Failing To Reduce Speed To Avoid Crash,99,Not Applicable,3,Traffic Signal,4,Functioning Properly,1,Clear,5,"Darkness, Lighted Road",1,Not Divided,1,Dry,1,Slow,1,No Defects,O60,O15,41.8759766,-87.8045654,41.8759842,-87.8046036,1128256.50,1897837.00
35271,26 04430,2604430,X004337149,2026-08-13,15:10:00,2026-08-13 15:10:00,2026-08-14 07:36:38,S Harlem Ave/I290 E,,S HARLEM AVE,I290 E,1,1,0,1,Property Damage,No Injuries,Car,15,Angle,20,2,0,5,"Over $1,500",1,0,0,0,0,0,0,02,Failing To Yield Right-Of-Way,28,Failing To Reduce Speed To Avoid Crash,3,Traffic Signal,4,Functioning Properly,2,Rain,1,Daylight,1,Not Divided,2,Wet,3,Free Flow,1,No Defects,O90,O18,41.8735123,-87.8044891,41.8736153,-87.8045197,1128283.25,1896939.50
35332,26 04433,2604433,X004349782,2026-08-13,17:05:00,2026-08-13 17:05:00,2026-08-24 09:57:52,661 South Blvd,661,SOUTH BLVD,,0,0,0,0,Property Damage,No Injuries,Car,10,Turning (At Least One Vehicle),2,2,0,5,"Over $1,500",1,0,0,0,0,0,0,02,Failing To Yield Right-Of-Way,15,Driving Skills/Knowledge/Experience,2,Stop Sign,4,Functioning Properly,2,Rain,1,Daylight,14,Four-Way Intersection,2,Wet,3,Free Flow,1,No Defects,O60,O11,41.8868790,-87.7925415,41.8867454,-87.7924118,1131505.00,1901830.50