record_id,report_number,crash_id,idot_crash_number,date,time,occurred_at,record_added_at,location,street_number,street_name,cross_street,at_intersection,intersection_related,private_property,hit_and_run,crash_severity,crash_injury_severity,crash_mode,crash_type_code,crash_type,total_units,num_motor_vehicles,dooring_pedalcyclist,damage_code,damage,no_injury_drive_away,injury_or_towed,fatalities,a_injuries,b_injuries,c_injuries,total_injured,cause1_code,cause1,cause2_code,cause2,traffic_control_code,traffic_control,device_condition_code,device_condition,weather_code,weather,lighting_code,lighting,trafficway_code,trafficway,road_surface_code,road_surface,flow_condition_code,flow_condition,road_defects_code,road_defects,beat_zone,post_district,latitude,longitude,latitude_geocoded,longitude_geocoded,state_plane_x,state_plane_y
35270,26 04435,2604435,X004337154,2026-08-13,18:43:00,2026-08-13 18:43:00,2026-08-14 07:36:38,S Oak Park Ave/Adams St,,S OAK PARK AVE,ADAMS ST,1,1,0,1,Property Damage,No Injuries,Car,15,Angle,2,2,0,5,"Over $1,500",0,1,0,0,0,0,0,23,Disregarding Stop Sign,28,Failing To Reduce Speed To Avoid Crash,2,Stop Sign,4,Functioning Properly,2,Rain,1,Daylight,1,Not Divided,2,Wet,1,Slow,1,No Defects,O60,O14,41.8779449,-87.7941589,41.8779373,-87.7941971,1131086.38,1898571.25
35275,26 04443,2604443,X004338303,2026-08-14,08:38:00,2026-08-14 08:38:00,2026-08-14 15:06:53,1135 Westgate St,1135,WESTGATE ST,,0,0,0,1,Property Damage,No Injuries,Car,9,Parked Motor Vehicle,2,2,0,4,"$501 to $1,500",1,0,0,0,0,0,0,18,Unable To Determine,18,Unable To Determine,1,No Controls,1,No Controls,9,Unknown,9,Unknown,7,Parking Lot,1,Dry,1,Slow,1,No Defects,O40,O9,41.8878593,-87.8037796,41.8877563,-87.8037643,1128444.38,1902168.00
35283,26 04451,2604451,X004341361,2026-08-14,15:03:00,2026-08-14 15:03:00,2026-08-17 10:25:54,443 S Scoville,443,S SCOVILLE,,0,0,0,1,Property Damage,No Injuries,Car,9,Parked Motor Vehicle,2,2,0,4,"$501 to $1,500",1,0,0,0,0,0,0,18,Unable To Determine,99,Not Applicable,1,No Controls,1,No Controls,9,Unknown,1,Daylight,1,Not Divided,1,Dry,,,1,No Defects,O60,O11,41.8803406,-87.7877045,41.8801689,-87.7878876,1132839.00,1899456.63
35285,26 04453,2604453,X004341363,2026-08-14,16:30:00,2026-08-14 16:30:00,2026-08-17 10:25:53,South Blvd/N Austin Blvd,,SOUTH BLVD,N AUSTIN BLVD,0,1,0,0,Property Damage,No Injuries,Car,11,Front To Rear,2,2,0,3,$500 or less,1,0,0,0,0,0,0,28,Failing To Reduce Speed To Avoid Crash,99,Not Applicable,3,Traffic Signal,4,Functioning Properly,8,Cloudy/Overcast,1,Daylight,1,Not Divided,1,Dry,2,Stopped,1,No Defects,O50,O10,41.8871040,-87.7748947,41.8870812,-87.7748947,1136310.00,1901943.88
35307,26 04452,2604452,X004346508,2026-08-14,16:33:00,2026-08-14 16:33:00,2026-08-21 07:53:38,Lake St/N Lombard Ave,,LAKE ST,N LOMBARD AVE,1,0,0,0,Injury,B Injury Crash,Car,11,Front To Rear,2,2,0,5,"Over $1,500",0,1,0,0,2,0,2,28,Failing To Reduce Speed To Avoid Crash,99,Not Applicable,1,No Controls,1,No Controls,8,Cloudy/Overcast,1,Daylight,2,"Divided, No Median Barrier",1,Dry,3,Free Flow,1,No Defects,O30,O7,41.8881493,-87.7798080,41.8881798,-87.7798080,1134970.38,1902315.25
35289,26 04457,2604457,X004341367,2026-08-14,17:50:00,2026-08-14 17:50:00,2026-08-17 10:31:59,14 Madison St,14,MADISON ST,,0,0,0,1,Property Damage,No Injuries,Car,12,Sideswipe - Same Direction,2,2,0,4,"$501 to $1,500",1,0,0,0,0,0,0,20,Improper Lane Usage,28,Failing To Reduce Speed To Avoid Crash,1,No Controls,1,No Controls,8,Cloudy/Overcast,1,Daylight,1,Not Divided,1,Dry,3,Free Flow,1,No Defects,O80,O13,41.8801002,-87.7753296,41.8802490,-87.7753448,1136209.75,1899390.88
35276,26 04459,2604459,X004338304,2026-08-14,19:45:00,2026-08-14 19:45:00,2026-08-15 05:45:15,South Blvd/S Harvey Ave,,SOUTH BLVD,S HARVEY AVE,1,1,0,0,Injury,C Injury Crash,Pedalcyclist,2,Pedalcyclist,2,1,0,3,$500 or less,0,1,0,0,0,1,1,18,Unable To Determine,99,Not Applicable,1,No Controls,1,No Controls,1,Clear,1,Daylight,1,Not Divided,1,Dry,3,Free Flow,1,No Defects,O50,O10,41.8870125,-87.7813797,41.8870430,-87.7813797,1134546.88,1901898.00
35287,26 04462,2604462,X004341365,2026-08-14,21:43:00,2026-08-14 21:43:00,2026-08-17 10:31:58,N Oak Park Ave/Lake St,,N OAK PARK AVE,LAKE ST,1,1,0,1,Property Damage,No Injuries,Car,11,Front To Rear,2,2,0,4,"$501 to $1,500",1,0,0,0,0,0,0,03,Following Too Closely,99,Not Applicable,3,Traffic Signal,4,Functioning Properly,1,Clear,5,"Darkness, Lighted Road",14,Four-Way Intersection,1,Dry,1,Slow,1,No Defects,O40,O9,41.8886414,-87.7945633,41.8886452,-87.7945251,1130952.25,1902468.88
35292,26 04463,2604463,X004341369,2026-08-14,22:22:00,2026-08-14 22:22:00,2026-08-17 10:37:56,Washington Blvd/N Harlem Ave,,WASHINGTON BLVD,N HARLEM AVE,1,1,0,0,Property Damage,No Injuries,Car,10,Turning (At Least One Vehicle),2,2,0,5,"Over $1,500",1,0,0,0,0,0,0,02,Failing To Yield Right-Of-Way,02,Failing To Yield Right-Of-Way,3,Traffic Signal,4,Functioning Properly,1,Clear,5,"Darkness, Lighted Road",14,Four-Way Intersection,1,Dry,3,Free Flow,1,No Defects,F1,FPPD,41.8813782,-87.8047943,41.8814087,-87.8047943,1128181.38,1899805.25
35288,26 04464,2604464,X004341366,2026-08-14,22:37:00,2026-08-14 22:37:00,2026-08-17 10:31:58,Washington Blvd/S Lombard Ave,,WASHINGTON BLVD,S LOMBARD AVE,1,1,0,0,Property Damage,No Injuries,Car,14,Front To Front,2,2,0,5,"Over $1,500",0,1,0,0,0,0,0,02,Failing To Yield Right-Of-Way,99,Not Applicable,3,Traffic Signal,4,Functioning Properly,1,Clear,5,"Darkness, Lighted Road",1,Not Divided,1,Dry,3,Free Flow,1,No Defects,O50,O10,41.8819084,-87.7795944,41.8819237,-87.7796173,1135044.50,1900041.50
35294,26 04465,2604465,X004342034,2026-08-14,23:23:00,2026-08-14 23:23:00,2026-08-18 09:21:58,826 S Kenilworth Ave,826,S KENILWORTH AVE,,0,0,0,0,Property Damage,No Injuries,Car,9,Parked Motor Vehicle,2,2,0,5,"Over $1,500",1,0,0,0,0,0,0,30,Improper Backing,99,Not Applicable,1,No Controls,1,No Controls,1,Clear,5,"Darkness, Lighted Road",1,Not Divided,1,Dry,3,Free Flow,1,No Defects,O60,O15,41.8745232,-87.7972488,41.8744621,-87.7969971,1130252.13,1897320.88
35399,26 04808,2604808,X004360983,2026-08-15,08:32:00,2026-08-15 08:32:00,2026-09-02 09:27:17,Madison/Welsey,,MADISON,WELSEY,1,1,0,0,Property Damage,No Injuries,Car,11,Front To Rear,2,2,0,5,"Over $1,500",1,0,0,0,0,0,0,28,Failing To Reduce Speed To Avoid Crash,99,Not Applicable,1,No Controls,1,No Controls,1,Clear,1,Daylight,1,Not Divided,1,Dry,2,Stopped,1,No Defects,O60,O14,41.8797798,-87.7918091,41.8798065,-87.7918091,1131722.38,1899244.13
35290,26 04473,2604473,X004341368,2026-08-15,10:29:00,2026-08-15 10:29:00,2026-08-17 10:31:59,Lake St/Oak Park Ave,,LAKE ST,OAK PARK AVE,0,0,0,0,Property Damage,No Injuries,Car,12,Sideswipe - Same Direction,2,2,0,4,"$501 to $1,500",1,0,0,0,0,0,0,10,Equipment - Vehicle Condition,99,Not Applicable,1,No Controls,1,No Controls,2,Rain,1,Daylight,1,Not Divided,2,Wet,3,Free Flow,1,No Defects,O40,O9,41.8886185,-87.7945175,41.8886452,-87.7945251,1130963.00,1902460.13
35284,26 04485,2604485,X004341362,2026-08-16,01:38:00,2026-08-16 01:38:00,2026-08-17 10:31:57,328 S Ridgeland Ave,328,S RIDGELAND AVE,,0,0,0,1,Property Damage,No Injuries,Car,9,Parked Motor Vehicle,2,2,0,5,"Over $1,500",0,1,0,0,0,0,0,28,Failing To Reduce Speed To Avoid Crash,20,Improper Lane Usage,1,No Controls,1,No Controls,2,Rain,4,Darkness,2,"Divided, No Median Barrier",2,Wet,1,Slow,1,No Defects,O50,O10,41.8825912,-87.7845001,41.8823547,-87.7843094,1133705.25,1900281.75
35293,26 04493,2604493,X004342046,2026-08-16,16:57:00,2026-08-16 16:57:00,2026-08-18 09:21:57,306 Washington Blvd,306,WASHINGTON BLVD,,0,0,0,0,Property Damage,No Injuries,Car,9,Parked Motor Vehicle,2,2,0,5,"Over $1,500",1,0,0,0,0,0,0,28,Failing To Reduce Speed To Avoid Crash,15,Driving Skills/Knowledge/Experience,1,No Controls,1,No Controls,1,Clear,1,Daylight,1,Not Divided,1,Dry,3,Free Flow,1,No Defects,O50,O10,41.8817673,-87.7831573,41.8820839,-87.7833710,1134073.25,1899984.25
35295,26 04498,2604498,X004342048,2026-08-17,06:53:00,2026-08-17 06:53:00,2026-08-18 09:21:58,N Austin Blvd/Augusta Blvd,,N AUSTIN BLVD,AUGUSTA BLVD,1,1,0,0,Property Damage,No Injuries,Car,11,Front To Rear,2,2,0,5,"Over $1,500",0,1,0,0,0,0,0,28,Failing To Reduce Speed To Avoid Crash,99,Not Applicable,3,Traffic Signal,4,Functioning Properly,8,Cloudy/Overcast,1,Daylight,14,Four-Way Intersection,1,Dry,1,Slow,1,No Defects,,,41.8983650,-87.7752228,41.8983650,-87.7752533,1136195.75,1906045.00
35303,26 04500,2604500,X004346506,2026-08-17,09:55:00,2026-08-17 09:55:00,2026-08-21 07:18:18,Washington Blvd/S Lombard Ave,,WASHINGTON BLVD,S LOMBARD AVE,0,0,0,0,Property Damage,No Injuries,Car,9,Parked Motor Vehicle,2,2,0,5,"Over $1,500",1,0,0,0,0,0,0,28,Failing To Reduce Speed To Avoid Crash,15,Driving Skills/Knowledge/Experience,1,No Controls,1,No Controls,1,Clear,1,Daylight,1,Not Divided,1,Dry,3,Free Flow,1,No Defects,O50,O10,41.8819084,-87.7795944,41.8819237,-87.7796173,1135044.50,1900041.50
35296,26 04521,2604521,X004343238,2026-08-18,08:12:00,2026-08-18 08:12:00,2026-08-19 09:28:43,1140 Garfield St,1140,GARFIELD ST,,0,0,0,0,Property Damage,No Injuries,Car,11,Front To Rear,2,2,0,3,$500 or less,1,0,0,0,0,0,0,99,Not Applicable,99,Not Applicable,3,Traffic Signal,4,Functioning Properly,1,Clear,1,Daylight,1,Not Divided,1,Dry,2,Stopped,1,No Defects,O90,O18,41.8723144,-87.8041077,41.8726807,-87.8039703,1128389.00,1896503.88
35320,26 04536,2604536,X004349767,2026-08-18,19:48:00,2026-08-18 19:48:00,2026-08-24 09:51:48,N Harlem Ave/Randolph St,,N HARLEM AVE,RANDOLPH ST,0,1,0,0,Property Damage,No Injuries,Car,11,Front To Rear,2,2,0,3,$500 or less,1,0,0,0,0,0,0,28,Failing To Reduce Speed To Avoid Crash,15,Driving Skills/Knowledge/Experience,10,Other Regulatory Sign,4,Functioning Properly,1,Clear,5,"Darkness, Lighted Road",2,"Divided, No Median Barrier",1,Dry,3,Free Flow,1,No Defects,O70,O12,41.8832092,-87.8048935,41.8832283,-87.8048630,1128150.63,1900472.25
35300,26 04540,2604540,X004344439,2026-08-19,08:40:00,2026-08-19 08:40:00,2026-08-20 09:47:18,408 S Oak Park Ave,408,S OAK PARK AVE,,0,0,0,0,Injury,B Injury Crash,Pedestrian,1,Pedestrian,3,2,0,3,$500 or less,0,1,0,0,1,1,2,28,Failing To Reduce Speed To Avoid Crash,99,Not Applicable,1,No Controls,1,No Controls,1,Clear,1,Daylight,13,Driveway,1,Dry,2,Stopped,1,No Defects,O70,O12,41.8814697,-87.7943497,41.8812218,-87.7941437,1131027.38,1899856.50
35301,26 04543,2604543,X004357164,2026-08-19,11:14:00,2026-08-19 11:14:00,2026-08-20 09:41:15,Maple Ave/Monroe Ave,,MAPLE AVE,MONROE AVE,1,0,0,0,Property Damage,No Injuries,Car,9,Parked Motor Vehicle,2,2,0,3,$500 or less,1,0,0,0,0,0,0,41,Distraction - From Inside Vehicle,99,Not Applicable,1,No Controls,1,No Controls,1,Clear,1,Daylight,2,"Divided, No Median Barrier",1,Dry,3,Free Flow,1,No Defects,O60,O15,41.8781815,-87.8037796,41.8781776,-87.8038177,1128465.25,1898641.75
35346,26 04547,2604547,X004351924,2026-08-19,16:59:00,2026-08-19 16:59:00,2026-08-26 09:53:40,Austin Blvd/Harrison St,,AUSTIN BLVD,HARRISON ST,0,0,0,1,Property Damage,No Injuries,Car,12,Sideswipe - Same Direction,2,2,0,5,"Over $1,500",1,0,0,0,0,0,0,28,Failing To Reduce Speed To Avoid Crash,50,"Oper. Veh. In Erratic,Reckless,Careless Manne",1,No Controls,1,No Controls,1,Clear,1,Daylight,1,Not Divided,1,Dry,2,Stopped,1,No Defects,O80,O13,41.8727799,-87.7744522,41.8727799,-87.7744141,1136465.25,1896723.75
35302,26 04551,2604551,X004344431,2026-08-19,19:36:00,2026-08-19 19:36:00,2026-08-20 09:41:15,N Oak Park Ave/Chicago Ave,,N OAK PARK AVE,CHICAGO AVE,0,1,0,0,Property Damage,No Injuries,Car,11,Front To Rear,2,2,0,5,"Over $1,500",1,0,0,0,0,0,0,28,Failing To Reduce Speed To Avoid Crash,03,Following Too Closely,3,Traffic Signal,4,Functioning Properly,1,Clear,5,"Darkness, Lighted Road",1,Not Divided,1,Dry,,,1,No Defects,O40,O9,41.8944054,-87.7947082,41.8944054,-87.7946777,1130898.00,1904568.63
35304,26 04555,2604555,X004346507,2026-08-19,20:29:00,2026-08-19 20:29:00,2026-08-21 07:30:10,6235 North Ave,6235,NORTH AVE,,0,0,0,0,Property Damage,No Injuries,Car,10,Turning (At Least One Vehicle),2,2,0,5,"Over $1,500",0,1,0,0,0,0,0,02,Failing To Yield Right-Of-Way,99,Not Applicable,1,No Controls,1,No Controls,1,Clear,4,Darkness,1,Not Divided,9,Unknown,3,Free Flow,1,No Defects,O10,O1,41.9091492,-87.7824249,41.9089966,-87.7823715,1134209.38,1909962.25
35362,26 04583,2604583,X004353852,2026-08-20,00:00:00,2026-08-20 00:00:00,2026-08-27 09:48:49,Chicago Ave/N Harvey Ave,,CHICAGO AVE,N HARVEY AVE,0,0,0,1,Property Damage,No Injuries,Car,9,Parked Motor Vehicle,2,2,0,4,"$501 to $1,500",1,0,0,0,0,0,0,28,Failing To Reduce Speed To Avoid Crash,99,Not Applicable,1,No Controls,1,No Controls,1,Clear,1,Daylight,7,Parking Lot,1,Dry,1,Slow,1,No Defects,O10,O4,41.8946457,-87.7816315,41.8946228,-87.7816315,1134459.13,1904679.63
35347,26 04562,2604562,X004352500,2026-08-20,07:12:00,2026-08-20 07:12:00,2026-08-26 09:53:41,North Ave/Woodbine Ave,,NORTH AVE,WOODBINE AVE,0,0,0,1,Property Damage,No Injuries,Car,9,Parked Motor Vehicle,2,2,0,4,"$501 to $1,500",1,0,0,0,0,0,0,20,Improper Lane Usage,28,Failing To Reduce Speed To Avoid Crash,2,Stop Sign,4,Functioning Properly,1,Clear,1,Daylight,4,Two-Way Continuous Left-Turn Lane,1,Dry,3,Free Flow,1,No Defects,O20,O3,41.9089356,-87.7996063,41.9089699,-87.7996063,1129533.50,1909855.38
35306,26 04563,2604563,X004345449,2026-08-20,10:31:00,2026-08-20 10:31:00,2026-08-21 07:53:38,S Ridgeland Ave/Harrison St,,S RIDGELAND AVE,HARRISON ST,1,1,0,0,Property Damage,No Injuries,Car,11,Front To Rear,2,2,0,3,$500 or less,1,0,0,0,0,0,0,28,Failing To Reduce Speed To Avoid Crash,99,Not Applicable,3,Traffic Signal,4,Functioning Properly,1,Clear,1,Daylight,2,"Divided, No Median Barrier",1,Dry,2,Stopped,1,No Defects,O80,O13,41.8726311,-87.7841797,41.8726349,-87.7842178,1133816.00,1896653.38
35327,26 04566,2604566,X004349775,2026-08-20,10:56:00,2026-08-20 10:56:00,2026-08-24 09:51:51,2 S Austin Blvd,2,S AUSTIN BLVD,,0,0,0,0,Injury,C Injury Crash,Car,7,Other Object,1,1,0,5,"Over $1,500",0,1,0,0,0,1,1,50,"Oper. Veh. In Erratic,Reckless,Careless Manne",99,Not Applicable,1,No Controls,1,No Controls,1,Clear,1,Daylight,1,Not Divided,1,Dry,3,Free Flow,1,No Defects,O80,O13,41.8800888,-87.7746963,41.8800278,-87.7747345,1136381.50,1899387.13
35305,26 04565,2604565,X004345452,2026-08-20,14:42:00,2026-08-20 14:42:00,2026-08-21 07:47:39,N Euclid Ave/Chicago Ave,,N EUCLID AVE,CHICAGO AVE,1,1,0,0,Property Damage,No Injuries,Car,15,Angle,2,2,0,4,"$501 to $1,500",1,0,0,0,0,0,0,02,Failing To Yield Right-Of-Way,28,Failing To Reduce Speed To Avoid Crash,2,Stop Sign,4,Functioning Properly,1,Clear,1,Daylight,2,"Divided, No Median Barrier",1,Dry,3,Free Flow,1,No Defects,O30,O8,41.8944321,-87.7928925,41.8944435,-87.7928543,1131393.13,1904582.88
35315,26 04568,2604568,X004349761,2026-08-20,17:40:00,2026-08-20 17:40:00,2026-08-24 09:39:22,Fillmore St/Highland Ave,,FILLMORE ST,HIGHLAND AVE,0,0,0,0,Injury,B Injury Crash,Pedalcyclist,2,Pedalcyclist,2,1,0,5,"Over $1,500",0,1,0,0,1,0,1,02,Failing To Yield Right-Of-Way,28,Failing To Reduce Speed To Avoid Crash,1,No Controls,1,No Controls,1,Clear,3,Dusk,1,Not Divided,1,Dry,3,Free Flow,1,No Defects,O90,O16,41.8671646,-87.7815704,41.8671913,-87.7815704,1134540.75,1894665.00
35341,26 04569,2604569,X004351294,2026-08-20,17:48:00,2026-08-20 17:48:00,2026-08-25 09:15:17,461 Harvard St,461,HARVARD ST,,0,0,0,0,Injury,C Injury Crash,Pedalcyclist,2,Pedalcyclist,2,1,0,4,"$501 to $1,500",0,1,0,0,0,1,1,28,Failing To Reduce Speed To Avoid Crash,03,Following Too Closely,1,No Controls,1,No Controls,1,Clear,1,Daylight,10,One-Way,1,Dry,3,Free Flow,1,No Defects,O90,O18,41.8686981,-87.8019180,41.8688927,-87.7858200,1128994.88,1895189.88
35309,26 04573,2604573,X004346509,2026-08-20,19:42:00,2026-08-20 19:42:00,2026-08-21 08:52:23,S Harlem Ave/Roosevelt Rd,,S HARLEM AVE,ROOSEVELT RD,0,0,0,0,Injury,C Injury Crash,Car,10,Turning (At Least One Vehicle),2,2,0,5,"Over $1,500",0,1,0,0,0,2,2,02,Failing To Yield Right-Of-Way,99,Not Applicable,1,No Controls,1,No Controls,1,Clear,1,Daylight,1,Not Divided,1,Dry,3,Free Flow,1,No Defects,,,41.8649864,-87.8041687,41.8649864,-87.8042068,1128389.25,1893832.00
35318,26 04581,2604581,X004349765,2026-08-21,10:32:00,2026-08-21 10:32:00,2026-08-24 09:39:23,Chicago Ave/N Humphrey Ave,,CHICAGO AVE,N HUMPHREY AVE,1,0,0,1,Property Damage,No Injuries,Car,15,Angle,2,2,0,5,"Over $1,500",1,0,0,0,0,0,0,02,Failing To Yield Right-Of-Way,28,Failing To Reduce Speed To Avoid Crash,2,Stop Sign,4,Functioning Properly,1,Clear,1,Daylight,2,"Divided, No Median Barrier",1,Dry,3,Free Flow,1,No Defects,O10,O4,41.8947144,-87.7767563,41.8946838,-87.7767563,1135785.50,1904712.25
35321,26 04609,2604609,X004349768,2026-08-21,12:44:00,2026-08-21 12:44:00,2026-08-24 09:51:49,8 N Austin Blvd,8,N AUSTIN BLVD,,0,0,0,0,Property Damage,No Injuries,Car,15,Angle,2,2,0,5,"Over $1,500",1,0,0,0,0,0,0,28,Failing To Reduce Speed To Avoid Crash,18,Unable To Determine,1,No Controls,1,No Controls,1,Clear,1,Daylight,1,Not Divided,1,Dry,2,Stopped,1,No Defects,,,41.8803673,-87.7746353,41.8804550,-87.7748337,1136397.50,1899488.13
35319,26 04587,2604587,X004349766,2026-08-21,13:17:00,2026-08-21 13:17:00,2026-08-24 09:45:32,Chicago Ave/N Ridgeland Ave,,CHICAGO AVE,N RIDGELAND AVE,1,1,0,1,Property Damage,No Injuries,Car,11,Front To Rear,2,2,0,4,"$501 to $1,500",1,0,0,0,0,0,0,28,Failing To Reduce Speed To Avoid Crash,03,Following Too Closely,3,Traffic Signal,4,Functioning Properly,8,Cloudy/Overcast,1,Daylight,14,Four-Way Intersection,1,Dry,2,Stopped,1,No Defects,O30,O7,41.8945465,-87.7848740,41.8945770,-87.7848740,1133576.63,1904637.00
35386,26 04592,2604592,X004357868,2026-08-21,16:44:00,2026-08-21 16:44:00,2026-08-31 09:45:28,N Ridgeland Ave/Lake St,,N RIDGELAND AVE,LAKE ST,0,0,0,0,Property Damage,No Injuries,Car,6,Fixed Object,2,1,0,5,"Over $1,500",0,1,0,0,0,0,0,15,Driving Skills/Knowledge/Experience,18,Unable To Determine,1,No Controls,1,No Controls,1,Clear,1,Daylight,3,Divided With Median Barrier,1,Dry,1,Slow,1,No Defects,O30,O8,41.8883209,-87.7847366,41.8883209,-87.7846985,1133628.00,1902369.13
35317,26 04598,2604598,X004349763,2026-08-21,22:45:00,2026-08-21 22:45:00,2026-08-24 09:39:23,N Harlem Ave/South Blvd,,N HARLEM AVE,SOUTH BLVD,0,0,0,0,Property Damage,No Injuries,Car,11,Front To Rear,2,2,0,4,"$501 to $1,500",0,1,0,0,0,0,0,28,Failing To Reduce Speed To Avoid Crash,15,Driving Skills/Knowledge/Experience,3,Traffic Signal,4,Functioning Properly,2,Rain,5,"Darkness, Lighted Road",2,"Divided, No Median Barrier",2,Wet,3,Free Flow,1,No Defects,F1,FPPD,41.8866921,-87.8050156,41.8867111,-87.8049927,1128109.63,1901740.13
35328,26 04599,2604599,X004353058,2026-08-21,23:46:00,2026-08-21 23:46:00,2026-08-24 09:45:32,1146 S Taylor Ave,1146,S TAYLOR AVE,,0,0,0,0,Property Damage,No Injuries,Car,6,Fixed Object,2,1,0,5,"Over $1,500",0,1,0,0,0,0,0,28,Failing To Reduce Speed To Avoid Crash,99,Not Applicable,1,No Controls,1,No Controls,1,Clear,5,"Darkness, Lighted Road",1,Not Divided,2,Wet,1,Slow,1,No Defects,O90,O16,41.8672028,-87.7778473,41.8674049,-87.7776718,1135553.50,1894686.75
35325,26 04611,2604611,X004349772,2026-08-22,15:41:00,2026-08-22 15:41:00,2026-08-24 09:51:50,Chicago Ave/N Scoville Ave,,CHICAGO AVE,N SCOVILLE AVE,0,0,0,0,Property Damage,No Injuries,Car,11,Front To Rear,3,3,0,3,$500 or less,1,0,0,0,0,0,0,03,Following Too Closely,28,Failing To Reduce Speed To Avoid Crash,17,Pedestrian Crossing Sign,4,Functioning Properly,1,Clear,1,Daylight,2,"Divided, No Median Barrier",1,Dry,3,Free Flow,1,No Defects,O30,O8,41.8944893,-87.7881317,41.8945236,-87.7881317,1132689.25,1904611.25
35331,26 04612,2604612,X004349779,2026-08-22,16:55:00,2026-08-22 16:55:00,2026-08-24 09:57:51,North Ave/Hayes Ave,,NORTH AVE,HAYES AVE,1,1,0,0,Injury,B Injury Crash,Pedalcyclist,2,Pedalcyclist,2,1,0,5,"Over $1,500",0,1,0,0,1,0,1,02,Failing To Yield Right-Of-Way,24,Disregarding Other Traffic Signs,17,Pedestrian Crossing Sign,4,Functioning Properly,1,Clear,1,Daylight,3,Divided With Median Barrier,1,Dry,3,Free Flow,1,No Defects,O10,O1,41.9091835,-87.7795181,41.9092102,-87.7795181,1135000.50,1909980.25
35323,26 04616,2604616,X004349770,2026-08-22,21:13:00,2026-08-22 21:13:00,2026-08-24 09:45:31,Harrison St/S Austin Blvd,,HARRISON ST,S AUSTIN BLVD,0,0,0,0,Injury,C Injury Crash,Car,11,Front To Rear,2,2,0,5,"Over $1,500",0,1,0,0,0,1,1,28,Failing To Reduce Speed To Avoid Crash,03,Following Too Closely,3,Traffic Signal,4,Functioning Properly,1,Clear,4,Darkness,1,Not Divided,1,Dry,1,Slow,1,No Defects,O80,O13,41.8727493,-87.7744141,41.8727799,-87.7744141,1136475.38,1896713.50
35310,26 04622,2604622,X004348427,2026-08-23,06:37:00,2026-08-23 06:37:00,2026-08-23 09:18:28,N Ridgeland Ave/Ontario St,,N RIDGELAND AVE,ONTARIO ST,1,1,0,0,Property Damage,No Injuries,Car,15,Angle,2,2,0,5,"Over $1,500",1,0,0,0,0,0,0,02,Failing To Yield Right-Of-Way,99,Not Applicable,2,Stop Sign,4,Functioning Properly,1,Clear,1,Daylight,1,Not Divided,9,Unknown,3,Free Flow,99,Unknown,O30,O8,41.8903580,-87.7847900,41.8903656,-87.7847519,1133608.00,1903111.25
35329,26 04626,2604626,X004349777,2026-08-23,13:35:00,2026-08-23 13:35:00,2026-08-24 09:51:51,1004 S Austin Blvd,1004,S AUSTIN BLVD,,0,0,0,1,Property Damage,No Injuries,Car,9,Parked Motor Vehicle,2,2,0,5,"Over $1,500",1,0,0,0,0,0,0,28,Failing To Reduce Speed To Avoid Crash,99,Not Applicable,1,No Controls,1,No Controls,1,Clear,1,Daylight,12,Alley,1,Dry,3,Free Flow,1,No Defects,O90,O16,41.8677940,-87.7742615,41.8677559,-87.7746658,1136528.75,1894907.75
35326,26 04628,2604628,X004349774,2026-08-23,14:11:00,2026-08-23 14:11:00,2026-08-24 09:51:50,828 S East Ave,828,S EAST AVE,,0,0,0,0,Property Damage,No Injuries,Car,9,Parked Motor Vehicle,2,2,0,5,"Over $1,500",0,1,0,0,0,0,0,17,Physical Condition Of Driver,28,Failing To Reduce Speed To Avoid Crash,1,No Controls,1,No Controls,1,Clear,1,Daylight,1,Not Divided,1,Dry,3,Free Flow,1,No Defects,O60,O14,41.8743706,-87.7892151,41.8732910,-87.7889633,1132441.13,1897278.25
35324,26 04631,2604631,X004349771,2026-08-23,16:42:00,2026-08-23 16:42:00,2026-08-24 09:51:50,South Blvd/S East Ave,,SOUTH BLVD,S EAST AVE,1,1,0,0,Injury,C Injury Crash,Car,15,Angle,2,2,0,5,"Over $1,500",0,1,0,0,0,1,1,02,Failing To Yield Right-Of-Way,02,Failing To Yield Right-Of-Way,2,Stop Sign,4,Functioning Properly,1,Clear,1,Daylight,14,Four-Way Intersection,1,Dry,3,Free Flow,1,No Defects,O60,O11,41.8869133,-87.7895584,41.8869362,-87.7895584,1132319.38,1901847.25
35361,26 04632,2604632,X004353154,2026-08-23,17:30:00,2026-08-23 17:30:00,2026-08-27 09:48:48,North Ave/N Taylor Ave,,NORTH AVE,N TAYLOR AVE,1,1,0,0,Property Damage,No Injuries,Car,10,Turning (At Least One Vehicle),2,2,0,5,"Over $1,500",1,0,0,0,0,0,0,06,Improper Turning/No Signal,28,Failing To Reduce Speed To Avoid Crash,2,Stop Sign,4,Functioning Properly,1,Clear,1,Daylight,2,"Divided, No Median Barrier",1,Dry,3,Free Flow,1,No Defects,O10,O1,41.9091988,-87.7782135,41.9092293,-87.7782135,1135355.38,1909988.38
35357,26 04634,2604634,X004353155,2026-08-23,18:09:00,2026-08-23 18:09:00,2026-08-27 09:42:44,North Ave/N Oak Park Ave,,NORTH AVE,N OAK PARK AVE,1,1,0,0,Property Damage,No Injuries,Car,11,Front To Rear,2,2,0,5,"Over $1,500",1,0,0,0,0,0,0,28,Failing To Reduce Speed To Avoid Crash,99,Not Applicable,3,Traffic Signal,4,Functioning Properly,1,Clear,1,Daylight,1,Not Divided,1,Dry,3,Free Flow,1,No Defects,O20,O2,41.9089928,-87.7947922,41.9090233,-87.7950592,1130843.13,1909884.38