record_id,report_number,crash_id,idot_crash_number,date,time,occurred_at,record_added_at,location,street_number,street_name,cross_street,at_intersection,intersection_related,private_property,hit_and_run,crash_severity,crash_injury_severity,crash_mode,crash_type_code,crash_type,total_units,num_motor_vehicles,dooring_pedalcyclist,damage_code,damage,no_injury_drive_away,injury_or_towed,fatalities,a_injuries,b_injuries,c_injuries,total_injured,cause1_code,cause1,cause2_code,cause2,traffic_control_code,traffic_control,device_condition_code,device_condition,weather_code,weather,lighting_code,lighting,trafficway_code,trafficway,road_surface_code,road_surface,flow_condition_code,flow_condition,road_defects_code,road_defects,beat_zone,post_district,latitude,longitude,latitude_geocoded,longitude_geocoded,state_plane_x,state_plane_y
35363,26 04637,2604637,X004353158,2026-08-23,22:31:00,2026-08-23 22:31:00,2026-08-27 09:48:49,Division St/N Austin Blvd,,DIVISION ST,N AUSTIN BLVD,1,1,0,0,Injury,B Injury Crash,Car,10,Turning (At Least One Vehicle),2,2,0,5,"Over $1,500",0,1,0,0,1,0,1,02,Failing To Yield Right-Of-Way,28,Failing To Reduce Speed To Avoid Crash,3,Traffic Signal,4,Functioning Properly,1,Clear,4,Darkness,1,Not Divided,1,Dry,3,Free Flow,1,No Defects,O10,O4,41.9019699,-87.7753677,41.9020004,-87.7753677,1136146.63,1907359.88
35330,26 04638,2604638,X004349778,2026-08-23,23:28:00,2026-08-23 23:28:00,2026-08-24 09:57:51,1109 Lake St,1109,LAKE ST,,0,0,0,0,Property Damage,No Injuries,Car,9,Parked Motor Vehicle,2,2,0,4,"$501 to $1,500",1,0,0,0,0,0,0,17,Physical Condition Of Driver,99,Not Applicable,1,No Controls,1,No Controls,1,Clear,4,Darkness,1,Not Divided,1,Dry,3,Free Flow,1,No Defects,O40,O9,41.8886147,-87.8030395,41.8885193,-87.8029633,1128643.13,1902444.38
35376,26 04640,2604640,X004355919,2026-08-24,05:12:00,2026-08-24 05:12:00,2026-08-30 05:15:16,1138 S Grove Ave,1138,S GROVE AVE,FILLMORE ST,0,0,0,0,Property Damage,No Injuries,Car,9,Parked Motor Vehicle,2,2,0,5,"Over $1,500",0,1,0,0,0,0,0,05,Driving On Wrong Side/Wrong Way,18,Unable To Determine,1,No Controls,1,No Controls,1,Clear,5,"Darkness, Lighted Road",10,One-Way,1,Dry,1,Slow,1,No Defects,O90,O18,41.8669624,-87.7950897,41.8673706,-87.7949448,1130858.75,1894568.75
35344,26 04644,2604644,X004350499,2026-08-24,07:20:00,2026-08-24 07:20:00,2026-08-25 09:21:18,N Ridgeland Ave/Superior St,,N RIDGELAND AVE,SUPERIOR ST,1,1,0,0,Property Damage,No Injuries,Car,15,Angle,2,2,0,5,"Over $1,500",0,1,0,0,0,0,0,02,Failing To Yield Right-Of-Way,28,Failing To Reduce Speed To Avoid Crash,2,Stop Sign,4,Functioning Properly,1,Clear,1,Daylight,14,Four-Way Intersection,1,Dry,3,Free Flow,1,No Defects,O30,O8,41.8930931,-87.7848740,41.8931007,-87.7848358,1133580.25,1904108.25
35333,26 04652,2604652,X004349783,2026-08-24,12:07:00,2026-08-24 12:07:00,2026-08-24 16:44:57,Superior St/N Ridgeland Ave,,SUPERIOR ST,N RIDGELAND AVE,1,1,0,0,Injury,C Injury Crash,Pedalcyclist,2,Pedalcyclist,2,1,0,4,"$501 to $1,500",0,1,0,0,0,1,1,99,Not Applicable,99,Not Applicable,2,Stop Sign,1,No Controls,1,Clear,1,Daylight,1,Not Divided,1,Dry,3,Free Flow,1,No Defects,O30,O7,41.8930702,-87.7848282,41.8931007,-87.7848358,1133592.00,1904099.00
35340,26 04653,2604653,X004351593,2026-08-24,12:07:00,2026-08-24 12:07:00,2026-08-25 09:15:16,Madison St/S Lombard Ave,,MADISON ST,S LOMBARD AVE,0,0,0,0,Property Damage,No Injuries,Car,11,Front To Rear,2,2,0,5,"Over $1,500",1,0,0,0,0,0,0,28,Failing To Reduce Speed To Avoid Crash,18,Unable To Determine,3,Traffic Signal,4,Functioning Properly,1,Clear,1,Daylight,2,"Divided, No Median Barrier",1,Dry,2,Stopped,1,No Defects,O80,O13,41.8799973,-87.7795563,41.8800240,-87.7795563,1135058.63,1899344.50
35343,26 04655,2604655,X004350485,2026-08-24,13:37:00,2026-08-24 13:37:00,2026-08-25 09:21:18,Madison St/Oak Park,,MADISON ST,OAK PARK,0,0,0,0,Property Damage,No Injuries,Car,11,Front To Rear,2,2,0,5,"Over $1,500",1,0,0,0,0,0,0,28,Failing To Reduce Speed To Avoid Crash,28,Failing To Reduce Speed To Avoid Crash,3,Traffic Signal,4,Functioning Properly,1,Clear,1,Daylight,1,Not Divided,1,Dry,2,Stopped,1,No Defects,O60,O14,41.8797417,-87.7942505,41.8797722,-87.7942581,1131056.50,1899226.38
35338,26 04660,2604660,X004350482,2026-08-24,19:28:00,2026-08-24 19:28:00,2026-08-25 09:15:15,N Oak Park Ave/Iowa St,,N OAK PARK AVE,IOWA ST,1,1,0,0,Property Damage,No Injuries,Car,15,Angle,2,2,0,4,"$501 to $1,500",1,0,0,0,0,0,0,02,Failing To Yield Right-Of-Way,23,Disregarding Stop Sign,2,Stop Sign,4,Functioning Properly,1,Clear,5,"Darkness, Lighted Road",8,Other,1,Dry,3,Free Flow,1,No Defects,O20,O6,41.8962326,-87.7947617,41.8962402,-87.7947235,1130880.25,1905235.50
35339,26 04661,2604661,X004350474,2026-08-24,20:29:00,2026-08-24 20:29:00,2026-08-25 09:15:16,S Harlem Ave/Monroe St,,S HARLEM AVE,MONROE ST,1,0,0,0,Property Damage,No Injuries,Car,11,Front To Rear,2,2,0,5,"Over $1,500",1,0,0,0,0,0,0,03,Following Too Closely,18,Unable To Determine,3,Traffic Signal,4,Functioning Properly,1,Clear,5,"Darkness, Lighted Road",1,Not Divided,1,Dry,2,Stopped,1,No Defects,O60,O15,41.8781509,-87.8046494,41.8781700,-87.8046799,1128229.00,1898629.25
35337,26 04662,2604662,X004350473,2026-08-24,20:31:00,2026-08-24 20:31:00,2026-08-25 09:15:15,S Oak Park Ave/Van Buren St,,S OAK PARK AVE,VAN BUREN ST,0,0,0,1,Property Damage,No Injuries,Car,11,Front To Rear,2,2,0,5,"Over $1,500",1,0,0,0,0,0,0,02,Failing To Yield Right-Of-Way,04,Improper Overtaking/Passing,1,No Controls,1,No Controls,1,Clear,4,Darkness,2,"Divided, No Median Barrier",1,Dry,3,Free Flow,1,No Defects,O60,O14,41.8742905,-87.7940292,41.8742905,-87.7940674,1131129.38,1897240.63
35334,26 04663,2604663,X004349784,2026-08-24,23:00:00,2026-08-24 23:00:00,2026-08-25 04:30:15,Home Ave/Washington Blvd,,HOME AVE,WASHINGTON BLVD,1,0,0,1,Property Damage,No Injuries,Pedalcyclist,2,Pedalcyclist,2,1,0,3,$500 or less,1,0,0,0,0,0,0,03,Following Too Closely,15,Driving Skills/Knowledge/Experience,3,Traffic Signal,4,Functioning Properly,1,Clear,5,"Darkness, Lighted Road",1,Not Divided,1,Dry,3,Free Flow,1,No Defects,O70,O12,41.8814888,-87.7999039,41.8814812,-87.7999344,1129514.50,1899853.50
35349,26 04665,2604665,X004351594,2026-08-25,10:12:00,2026-08-25 10:12:00,2026-08-26 09:59:52,N Taylor Ave/Iowa St,,N TAYLOR AVE,IOWA ST,0,0,0,0,Property Damage,No Injuries,Car,9,Parked Motor Vehicle,2,2,0,3,$500 or less,1,0,0,0,0,0,0,30,Improper Backing,28,Failing To Reduce Speed To Avoid Crash,1,No Controls,1,No Controls,1,Clear,1,Daylight,1,Not Divided,1,Dry,3,Free Flow,1,No Defects,O10,O4,41.8964844,-87.7784805,41.8964958,-87.7784424,1135312.50,1905355.50
35351,26 04667,2604667,X004351597,2026-08-25,10:50:00,2026-08-25 10:50:00,2026-08-26 09:59:53,7015 North Ave,7015,NORTH AVE,,0,0,0,0,Property Damage,No Injuries,Car,9,Parked Motor Vehicle,2,2,0,4,"$501 to $1,500",1,0,0,0,0,0,0,20,Improper Lane Usage,04,Improper Overtaking/Passing,1,No Controls,1,No Controls,1,Clear,1,Daylight,2,"Divided, No Median Barrier",1,Dry,3,Free Flow,1,No Defects,O20,O3,41.9088936,-87.8024979,41.9087791,-87.8019943,1128745.63,1909835.25
35350,26 04669,2604669,X004351598,2026-08-25,11:16:00,2026-08-25 11:16:00,2026-08-26 09:59:52,6953 North Ave,6953,NORTH AVE,,0,0,0,1,Property Damage,No Injuries,Car,12,Sideswipe - Same Direction,2,2,0,5,"Over $1,500",1,0,0,0,0,0,0,18,Unable To Determine,99,Not Applicable,1,No Controls,1,No Controls,1,Clear,1,Daylight,2,"Divided, No Median Barrier",1,Dry,3,Free Flow,1,No Defects,O20,O3,41.9089203,-87.8008347,41.9086342,-87.8008194,1129199.38,1909847.38
35353,26 04673,2604673,X004351600,2026-08-25,13:21:00,2026-08-25 13:21:00,2026-08-26 09:59:54,Madison St/S Oak Park Ave,,MADISON ST,S OAK PARK AVE,1,1,0,0,Injury,B Injury Crash,Car,11,Front To Rear,2,2,0,4,"$501 to $1,500",0,1,0,0,1,0,1,03,Following Too Closely,28,Failing To Reduce Speed To Avoid Crash,3,Traffic Signal,4,Functioning Properly,1,Clear,1,Daylight,15,T-Intersection,1,Dry,3,Free Flow,1,No Defects,O60,O14,41.8797417,-87.7942505,41.8797722,-87.7942581,1131056.50,1899226.38
35354,26 04681,2604681,X004351603,2026-08-25,18:49:00,2026-08-25 18:49:00,2026-08-26 09:59:54,N Oak Park Ave/North Ave,,N OAK PARK AVE,NORTH AVE,0,0,0,1,Property Damage,No Injuries,Car,18,Rear To Front,2,2,0,4,"$501 to $1,500",1,0,0,0,0,0,0,28,Failing To Reduce Speed To Avoid Crash,99,Not Applicable,3,Traffic Signal,4,Functioning Properly,1,Clear,1,Daylight,1,Not Divided,1,Dry,1,Slow,1,No Defects,O20,O3,41.9090157,-87.7950974,41.9090233,-87.7950592,1130760.13,1909892.25
35352,26 04682,2604682,X004351604,2026-08-25,19:54:00,2026-08-25 19:54:00,2026-08-26 09:59:54,I290 Expy W/S Harlem Ave,,I290 EXPY W,S HARLEM AVE,0,0,0,0,Property Damage,No Injuries,Car,12,Sideswipe - Same Direction,2,2,0,5,"Over $1,500",1,0,0,0,0,0,0,02,Failing To Yield Right-Of-Way,28,Failing To Reduce Speed To Avoid Crash,1,No Controls,1,No Controls,1,Clear,2,Dawn,2,"Divided, No Median Barrier",1,Dry,3,Free Flow,1,No Defects,O60,O15,41.8738327,-87.8045197,41.8738136,-87.8045197,1128274.75,1897056.88
35367,26 04711,2604711,X004353962,2026-08-26,08:49:00,2026-08-26 08:49:00,2026-08-28 07:34:32,N Harvey Ave/Thomas St,,N HARVEY AVE,THOMAS ST,1,1,0,0,Property Damage,No Injuries,Car,10,Turning (At Least One Vehicle),2,2,0,4,"$501 to $1,500",1,0,0,0,0,0,0,28,Failing To Reduce Speed To Avoid Crash,99,Not Applicable,2,Stop Sign,4,Functioning Properly,1,Clear,1,Daylight,15,T-Intersection,1,Dry,1,Slow,1,No Defects,O10,O4,41.8999367,-87.7818451,41.8999329,-87.7826004,1134388.88,1906606.63
35359,26 04690,2604690,X004353159,2026-08-26,10:14:00,2026-08-26 10:14:00,2026-08-27 09:42:42,Jackson Blvd/S Lombard Ave,,JACKSON BLVD,S LOMBARD AVE,1,1,0,0,Property Damage,No Injuries,Car,15,Angle,2,2,0,5,"Over $1,500",0,1,0,0,0,0,0,02,Failing To Yield Right-Of-Way,28,Failing To Reduce Speed To Avoid Crash,2,Stop Sign,4,Functioning Properly,1,Clear,1,Daylight,15,T-Intersection,1,Dry,3,Free Flow,1,No Defects,O80,O13,41.8764229,-87.7794342,41.8763237,-87.7794342,1135099.88,1898042.50
35358,26 04691,2604691,X004353174,2026-08-26,10:26:00,2026-08-26 10:26:00,2026-08-27 09:48:48,North Ave/Humphrey,,NORTH AVE,HUMPHREY,0,0,0,0,Property Damage,No Injuries,Car,11,Front To Rear,2,2,0,4,"$501 to $1,500",1,0,0,0,0,0,0,03,Following Too Closely,18,Unable To Determine,3,Traffic Signal,4,Functioning Properly,1,Clear,1,Daylight,1,Not Divided,1,Dry,3,Free Flow,1,No Defects,O10,O1,41.9092140,-87.7769089,41.9092483,-87.7769089,1135710.63,1909996.50
35364,26 04696,2604696,X004353853,2026-08-26,16:06:00,2026-08-26 16:06:00,2026-08-27 09:48:50,Madison St/Austin,,MADISON ST,AUSTIN,0,0,0,0,Property Damage,No Injuries,Car,11,Front To Rear,3,3,0,4,"$501 to $1,500",1,0,0,0,0,0,0,03,Following Too Closely,20,Improper Lane Usage,1,No Controls,1,No Controls,1,Clear,1,Daylight,2,"Divided, No Median Barrier",1,Dry,3,Free Flow,1,No Defects,O80,O13,41.8800621,-87.7746582,41.8800888,-87.7746582,1136391.38,1899377.50
35366,26 04702,2604702,X004353937,2026-08-27,07:48:00,2026-08-27 07:48:00,2026-08-28 07:34:31,S Harlem Ave/I290 W,,S HARLEM AVE,I290 W,1,1,0,0,Property Damage,No Injuries,Car,10,Turning (At Least One Vehicle),2,2,0,5,"Over $1,500",1,0,0,0,0,0,0,18,Unable To Determine,28,Failing To Reduce Speed To Avoid Crash,3,Traffic Signal,4,Functioning Properly,1,Clear,1,Daylight,3,Divided With Median Barrier,1,Dry,3,Free Flow,1,No Defects,O60,O15,41.8737946,-87.8044968,41.8738136,-87.8045197,1128281.50,1897042.00
35371,26 04705,2604705,X004353938,2026-08-27,08:24:00,2026-08-27 08:24:00,2026-08-28 07:46:38,Chicago Ave/Lombard Ave,,CHICAGO AVE,LOMBARD AVE,1,1,0,0,Property Damage,No Injuries,Car,15,Angle,2,2,0,4,"$501 to $1,500",1,0,0,0,0,0,0,02,Failing To Yield Right-Of-Way,28,Failing To Reduce Speed To Avoid Crash,2,Stop Sign,4,Functioning Properly,1,Clear,1,Daylight,14,Four-Way Intersection,1,Dry,1,Slow,1,No Defects,O30,O7,41.8946152,-87.7799988,41.8946495,-87.7800064,1134903.13,1904671.63
35372,26 04707,2604707,X004353940,2026-08-27,08:39:00,2026-08-27 08:39:00,2026-08-28 07:46:38,N Harlem Ave/Ontario St,,N HARLEM AVE,ONTARIO ST,1,1,0,1,Property Damage,No Injuries,Car,12,Sideswipe - Same Direction,2,2,0,5,"Over $1,500",1,0,0,0,0,0,0,28,Failing To Reduce Speed To Avoid Crash,04,Improper Overtaking/Passing,3,Traffic Signal,4,Functioning Properly,1,Clear,1,Daylight,15,T-Intersection,1,Dry,3,Free Flow,1,No Defects,R82,RFPD,41.8905373,-87.8051605,41.8905449,-87.8051224,1128061.25,1903142.75
35374,26 04710,2604710,X004353943,2026-08-27,10:17:00,2026-08-27 10:17:00,2026-08-28 07:46:39,Chicago Ave/N East Ave,,CHICAGO AVE,N EAST AVE,1,1,0,0,Injury,B Injury Crash,Car,15,Angle,2,2,0,5,"Over $1,500",0,1,0,0,1,0,1,02,Failing To Yield Right-Of-Way,28,Failing To Reduce Speed To Avoid Crash,2,Stop Sign,4,Functioning Properly,1,Clear,1,Daylight,2,"Divided, No Median Barrier",1,Dry,3,Free Flow,1,No Defects,O30,O8,41.8944626,-87.7897720,41.8944855,-87.7897720,1132242.63,1904598.50
35370,26 04717,2604717,X004353944,2026-08-27,15:29:00,2026-08-27 15:29:00,2026-08-28 07:40:34,714 Lake St,714,LAKE ST,,0,0,0,0,Property Damage,No Injuries,Car,12,Sideswipe - Same Direction,2,2,0,5,"Over $1,500",1,0,0,0,0,0,0,02,Failing To Yield Right-Of-Way,15,Driving Skills/Knowledge/Experience,3,Traffic Signal,4,Functioning Properly,1,Clear,1,Daylight,1,Not Divided,1,Dry,3,Free Flow,1,No Defects,O30,O8,41.8886299,-87.7933655,41.8887711,-87.7933960,1131278.63,1902467.63
35368,26 04719,2604719,X004355067,2026-08-27,16:45:00,2026-08-27 16:45:00,2026-08-28 07:40:34,Chicago/N Ridgeland Ave,,CHICAGO,N RIDGELAND AVE,1,1,0,0,Property Damage,No Injuries,Car,11,Front To Rear,2,2,0,4,"$501 to $1,500",1,0,0,0,0,0,0,03,Following Too Closely,28,Failing To Reduce Speed To Avoid Crash,3,Traffic Signal,4,Functioning Properly,1,Clear,1,Daylight,1,Not Divided,1,Dry,3,Free Flow,1,No Defects,O30,O7,41.8945465,-87.7848740,41.8945770,-87.7848740,1133576.63,1904637.00
35373,26 04722,2604722,X004353948,2026-08-27,17:21:00,2026-08-27 17:21:00,2026-08-28 07:46:39,Oak Park Ave/Chicago Ave,,OAK PARK AVE,CHICAGO AVE,0,0,0,0,Property Damage,No Injuries,Car,11,Front To Rear,2,2,0,5,"Over $1,500",1,0,0,0,0,0,0,28,Failing To Reduce Speed To Avoid Crash,99,Not Applicable,3,Traffic Signal,4,Functioning Properly,1,Clear,1,Daylight,1,Not Divided,1,Dry,2,Stopped,1,No Defects,O40,O9,41.8944054,-87.7947082,41.8944054,-87.7946777,1130898.00,1904568.63
35369,26 04721,2604721,X004353946,2026-08-27,17:22:00,2026-08-27 17:22:00,2026-08-28 07:40:35,N Harlem Ave/Randolph St,,N HARLEM AVE,RANDOLPH ST,0,0,0,0,Property Damage,No Injuries,Car,11,Front To Rear,2,2,0,5,"Over $1,500",1,0,0,0,0,0,0,03,Following Too Closely,15,Driving Skills/Knowledge/Experience,3,Traffic Signal,4,Functioning Properly,1,Clear,1,Daylight,14,Four-Way Intersection,1,Dry,1,Slow,1,No Defects,F1,FPPD,41.8832092,-87.8048935,41.8832283,-87.8048630,1128150.63,1900472.25
35375,26 04725,2604725,X004353949,2026-08-27,19:49:00,2026-08-27 19:49:00,2026-08-28 07:46:40,S Maple Ave/Washington Blvd,,S MAPLE AVE,WASHINGTON BLVD,1,1,0,0,Property Damage,No Injuries,Car,10,Turning (At Least One Vehicle),2,2,0,4,"$501 to $1,500",1,0,0,0,0,0,0,02,Failing To Yield Right-Of-Way,28,Failing To Reduce Speed To Avoid Crash,2,Stop Sign,4,Functioning Properly,1,Clear,3,Dusk,1,Not Divided,1,Dry,1,Slow,1,No Defects,O70,O12,41.8814201,-87.8038940,41.8814201,-87.8039246,1128428.25,1899821.25
35365,26 04727,2604727,X004353955,2026-08-27,20:49:00,2026-08-27 20:49:00,2026-08-28 07:22:42,Roosevelt Rd/Ridgeland Ave,,ROOSEVELT RD,RIDGELAND AVE,0,0,0,0,Property Damage,No Injuries,Car,10,Turning (At Least One Vehicle),2,2,0,5,"Over $1,500",1,0,0,0,0,0,0,02,Failing To Yield Right-Of-Way,28,Failing To Reduce Speed To Avoid Crash,3,Traffic Signal,4,Functioning Properly,1,Clear,4,Darkness,1,Not Divided,1,Dry,1,Slow,1,No Defects,O90,O16,41.8653641,-87.7839661,41.8653374,-87.7839661,1133892.13,1894004.13
35380,26 04734,2604734,X004357828,2026-08-28,12:11:00,2026-08-28 12:11:00,2026-08-31 09:27:17,Ontario St/N Taylor Ave,,ONTARIO ST,N TAYLOR AVE,1,1,0,0,Injury,A Injury Crash,Car,15,Angle,2,2,0,5,"Over $1,500",0,1,0,1,0,0,1,02,Failing To Yield Right-Of-Way,18,Unable To Determine,2,Stop Sign,4,Functioning Properly,1,Clear,1,Daylight,1,Not Divided,1,Dry,3,Free Flow,1,No Defects,O30,O7,41.8904266,-87.7782440,41.8904533,-87.7782517,1135390.13,1903148.00
35378,26 04739,2604739,X004357825,2026-08-28,16:53:00,2026-08-28 16:53:00,2026-08-31 09:27:16,512 S Oak Park Ave,512,S OAK PARK AVE,,0,0,0,0,Property Damage,No Injuries,Car,12,Sideswipe - Same Direction,2,2,0,4,"$501 to $1,500",1,0,0,0,0,0,0,04,Improper Overtaking/Passing,18,Unable To Determine,3,Traffic Signal,4,Functioning Properly,1,Clear,1,Daylight,3,Divided With Median Barrier,1,Dry,2,Stopped,1,No Defects,O60,O15,41.8791656,-87.7942734,41.8791962,-87.7940216,1131052.13,1899016.63
35383,26 04740,2604740,X004357823,2026-08-28,17:38:00,2026-08-28 17:38:00,2026-08-31 09:39:12,Madison St/Cuyler Ave,,MADISON ST,CUYLER AVE,0,0,0,1,Property Damage,No Injuries,Pedalcyclist,2,Pedalcyclist,2,1,0,3,$500 or less,1,0,0,0,0,0,0,02,Failing To Yield Right-Of-Way,28,Failing To Reduce Speed To Avoid Crash,17,Pedestrian Crossing Sign,4,Functioning Properly,1,Clear,1,Daylight,2,"Divided, No Median Barrier",1,Dry,1,Slow,1,No Defects,O80,O13,41.8799324,-87.7832260,41.8799591,-87.7832336,1134058.63,1899314.38
35381,26 04750,2604750,X004357816,2026-08-29,00:00:00,2026-08-29 00:00:00,2026-08-31 09:27:17,829 S Ridgeland Ave,829,S RIDGELAND AVE,,0,0,0,0,Property Damage,No Injuries,Car,9,Parked Motor Vehicle,2,2,0,5,"Over $1,500",0,1,0,0,0,0,0,20,Improper Lane Usage,08,Under The Influence Of Alc/Drugs-Use For Dui,1,No Controls,1,No Controls,1,Clear,5,"Darkness, Lighted Road",2,"Divided, No Median Barrier",1,Dry,1,Slow,1,No Defects,O60,O14,41.8735199,-87.7842865,41.8733902,-87.7844467,1133785.88,1896976.25
35411,26 04751,2604751,X004363801,2026-08-29,01:50:00,2026-08-29 01:50:00,2026-09-04 07:48:07,S Harlem Ave/I290 Ramp E,,S HARLEM AVE,I290 RAMP E,1,1,0,1,Property Damage,No Injuries,Car,10,Turning (At Least One Vehicle),2,2,0,4,"$501 to $1,500",1,0,0,0,0,0,0,28,Failing To Reduce Speed To Avoid Crash,99,Not Applicable,3,Traffic Signal,4,Functioning Properly,1,Clear,5,"Darkness, Lighted Road",1,Not Divided,1,Dry,3,Free Flow,1,No Defects,O90,O18,41.8735886,-87.8044891,41.8736153,-87.8045197,1128282.00,1896967.63
35379,26 04753,2604753,X004357810,2026-08-29,08:47:00,2026-08-29 08:47:00,2026-08-31 09:27:16,Randolph St/Home Ave,,RANDOLPH ST,HOME AVE,1,1,0,0,Property Damage,No Injuries,Car,15,Angle,2,2,0,4,"$501 to $1,500",1,0,0,0,0,0,0,28,Failing To Reduce Speed To Avoid Crash,15,Driving Skills/Knowledge/Experience,2,Stop Sign,4,Functioning Properly,1,Clear,1,Daylight,15,T-Intersection,1,Dry,1,Slow,1,No Defects,O70,O12,41.8832932,-87.8000031,41.8833275,-87.8000031,1129483.88,1900511.75
35382,26 04755,2604755,X004357804,2026-08-29,11:11:00,2026-08-29 11:11:00,2026-08-31 09:33:17,Harrison St/Lyman Ave,,HARRISON ST,LYMAN AVE,0,0,0,0,Property Damage,No Injuries,Car,12,Sideswipe - Same Direction,2,2,0,5,"Over $1,500",1,0,0,0,0,0,0,02,Failing To Yield Right-Of-Way,28,Failing To Reduce Speed To Avoid Crash,1,No Controls,1,No Controls,1,Clear,1,Daylight,2,"Divided, No Median Barrier",1,Dry,3,Free Flow,1,No Defects,O80,O13,41.8727226,-87.7768478,41.8727531,-87.7768478,1135813.13,1896698.00
35385,26 04766,2604766,X004357808,2026-08-29,20:14:00,2026-08-29 20:14:00,2026-08-31 09:45:28,S Ridgeland Ave/Randolph,,S RIDGELAND AVE,RANDOLPH,0,0,0,0,Property Damage,No Injuries,Car,9,Parked Motor Vehicle,2,2,0,5,"Over $1,500",0,1,0,0,0,0,0,32,"Evasive Action Due To Animal, Object, Non-Mot",02,Failing To Yield Right-Of-Way,1,No Controls,1,No Controls,1,Clear,5,"Darkness, Lighted Road",1,Not Divided,1,Dry,3,Free Flow,1,No Defects,O50,O10,41.8834534,-87.7845306,41.8834534,-87.7845612,1133696.75,1900596.25
35387,26 04771,2604771,X004357891,2026-08-29,22:38:00,2026-08-29 22:38:00,2026-08-31 09:51:33,34 N Austin Blvd,34,N AUSTIN BLVD,,0,0,0,0,Property Damage,No Injuries,Car,9,Parked Motor Vehicle,3,3,0,5,"Over $1,500",0,1,0,0,0,0,0,02,Failing To Yield Right-Of-Way,20,Improper Lane Usage,1,No Controls,1,No Controls,1,Clear,5,"Darkness, Lighted Road",1,Not Divided,1,Dry,1,Slow,1,No Defects,O50,O10,41.8811646,-87.7746658,41.8810959,-87.7749023,1136388.50,1899778.63
35389,26 04794,2604794,X004358912,2026-08-30,13:50:00,2026-08-30 13:50:00,2026-09-01 09:29:10,6602 Roosevelt Rd,6602,ROOSEVELT RD,,0,0,0,0,Property Damage,No Injuries,Car,11,Front To Rear,2,2,0,4,"$501 to $1,500",1,0,0,0,0,0,0,28,Failing To Reduce Speed To Avoid Crash,18,Unable To Determine,3,Traffic Signal,4,Functioning Properly,9,Unknown,9,Unknown,2,"Divided, No Median Barrier",9,Unknown,3,Free Flow,1,No Defects,O90,O17,41.8652763,-87.7888641,41.8653374,-87.7891312,1132557.13,1893964.75
35400,26 04783,2604783,X004360339,2026-08-31,06:32:00,2026-08-31 06:32:00,2026-09-02 09:27:18,438 S Maple Ave,438,S MAPLE AVE,,0,0,0,1,Property Damage,No Injuries,Car,9,Parked Motor Vehicle,2,2,0,3,$500 or less,1,0,0,0,0,0,0,15,Driving Skills/Knowledge/Experience,28,Failing To Reduce Speed To Avoid Crash,1,No Controls,1,No Controls,1,Clear,9,Unknown,1,Not Divided,1,Dry,1,Slow,1,No Defects,O70,O12,41.8802071,-87.8039169,41.8800163,-87.8037415,1128423.00,1899379.38
35398,26 04805,2604805,X004360340,2026-08-31,07:32:00,2026-08-31 07:32:00,2026-09-02 09:27:16,N Humphrey Ave/Chicago Ave,,N HUMPHREY AVE,CHICAGO AVE,0,0,0,1,Property Damage,No Injuries,Car,9,Parked Motor Vehicle,2,2,0,5,"Over $1,500",1,0,0,0,0,0,0,28,Failing To Reduce Speed To Avoid Crash,18,Unable To Determine,1,No Controls,1,No Controls,7,Other,9,Unknown,1,Not Divided,9,Unknown,3,Free Flow,99,Unknown,O30,O7,41.8946800,-87.7767944,41.8946838,-87.7767563,1135775.25,1904700.63
35390,26 04789,2604789,X004358908,2026-08-31,10:35:00,2026-08-31 10:35:00,2026-09-01 09:29:10,409 S Taylor Ave,409,S TAYLOR AVE,,0,0,0,0,Property Damage,No Injuries,Car,9,Parked Motor Vehicle,2,2,0,5,"Over $1,500",1,0,0,0,0,0,0,14,"Vision Obscured (Signs, Tree Limbs, Buildings",18,Unable To Determine,1,No Controls,1,No Controls,1,Clear,1,Daylight,1,Not Divided,1,Dry,3,Free Flow,1,No Defects,O50,O10,41.8813934,-87.7779312,41.8816338,-87.7781296,1135497.00,1899856.50
35391,26 04797,2604797,X004358915,2026-08-31,16:24:00,2026-08-31 16:24:00,2026-09-01 09:29:11,701 N Taylor Ave,701,N TAYLOR AVE,,0,0,0,0,Property Damage,No Injuries,Car,9,Parked Motor Vehicle,2,2,0,4,"$501 to $1,500",1,0,0,0,0,0,0,28,Failing To Reduce Speed To Avoid Crash,99,Not Applicable,1,No Controls,1,No Controls,8,Cloudy/Overcast,1,Daylight,7,Parking Lot,1,Dry,1,Slow,1,No Defects,O10,O4,41.8983574,-87.7777252,41.8984566,-87.7778702,1135513.38,1906038.50
35392,26 04799,2604799,X004358919,2026-08-31,18:49:00,2026-08-31 18:49:00,2026-09-01 09:29:12,615 Ridgeland Ave,615,RIDGELAND AVE,,0,0,0,0,Property Damage,No Injuries,Car,11,Front To Rear,3,3,0,4,"$501 to $1,500",1,0,0,0,0,0,0,28,Failing To Reduce Speed To Avoid Crash,99,Not Applicable,1,No Controls,1,No Controls,8,Cloudy/Overcast,3,Dusk,1,Not Divided,2,Wet,2,Stopped,1,No Defects,O20,O5,41.8966713,-87.7849884,41.8969803,-87.7852097,1133540.88,1905411.63